instancia,tipo,n,m,obj_value,n_buckets,tiempo,buckets
00068-00000001.soi,soi,10,23,15.633208962109215,4,0.9882717999862507,"[[1], [2, 4, 5, 7, 8, 10], [3], [6, 9]]"
00068-00000002.soi,soi,14,15,34.13672438672439,4,5.084502300014719,"[[1, 2, 3, 5, 6, 7, 8, 9, 10, 12, 14], [4], [11], [13]]"
00068-00000003.soi,soi,9,15,12.285714285714285,4,0.052869000006467104,"[[1, 3, 8, 9], [2, 4, 6], [5], [7]]"
00068-00000004.soi,soi,17,15,29.77777777777778,3,2.6120758000179194,"[[1], [2], [3, 4, 5, 6, 7, 8, 9, 10, 11, 12, 13, 14, 15, 16, 17]]"
00068-00000005.soi,soi,5,15,3.935803085803086,1,0.012112600030377507,"[[1, 2, 3, 4, 5]]"
00068-00000006.soi,soi,9,15,11.25,3,0.04467050003586337,"[[1, 2, 3, 5, 7, 8, 9], [4], [6]]"
00068-00000007.soi,soi,13,15,25.734343434343437,3,0.1641195000265725,"[[1, 13], [2, 4, 5, 6, 7, 8, 11, 12], [3, 9, 10]]"
00068-00000008.soi,soi,7,15,6.383333333333333,3,0.016150499985087663,"[[1, 3, 6, 7], [2], [4, 5]]"
00068-00000009.soi,soi,10,21,6.986466165413539,7,0.04901869996683672,"[[1], [2], [3], [4], [5, 6, 10], [7, 8], [9]]"
00068-00000010.soi,soi,7,15,4.966666666666667,2,0.020224999985657632,"[[1, 4, 5, 6], [2, 3, 7]]"
00068-00000011.soi,soi,5,15,2.6812742812742814,1,0.013692500011529773,"[[1, 2, 3, 4, 5]]"
00068-00000012.soi,soi,11,15,19.339316239316236,4,0.09794110001530498,"[[1, 2, 3, 6, 7, 10], [4, 5, 9], [8], [11]]"
00068-00000013.soi,soi,7,15,9.116522366522366,3,0.0456393999629654,"[[1], [2, 5, 7], [3, 4, 6]]"
00068-00000014.soi,soi,6,15,5.175824175824175,3,0.014136799960397184,"[[1, 5], [2, 4, 6], [3]]"
00068-00000015.soi,soi,7,15,5.219047619047619,3,0.018128500028979033,"[[1, 2, 5, 6, 7], [3], [4]]"
00068-00000016.soi,soi,10,21,12.06984126984127,3,0.051893799973186105,"[[1, 2, 8, 9, 10], [3, 6, 7], [4, 5]]"
00068-00000017.soi,soi,8,15,6.022222222222222,4,0.02995489997556433,"[[1, 2, 4, 7], [3], [5, 6], [8]]"
00068-00000018.soi,soi,7,15,6.6,4,0.020904399978462607,"[[1, 2, 5, 6], [3], [4], [7]]"
00068-00000019.soi,soi,7,15,7.095804195804195,4,0.02368179999757558,"[[1, 7], [2, 5], [3, 6], [4]]"
00068-00000020.soi,soi,11,15,21.216666666666665,4,0.07723870000336319,"[[1], [2, 5, 6, 10, 11], [3, 4, 9], [7, 8]]"
00068-00000021.soi,soi,5,15,2.2444444444444445,3,0.008441300014965236,"[[1, 2, 3], [4], [5]]"
00068-00000022.soi,soi,13,21,24.234140859140858,4,0.35393449995899573,"[[1, 2, 6, 8, 9, 12, 13], [3, 4, 7, 11], [5], [10]]"
00068-00000023.soi,soi,8,15,11.084920634920636,5,0.03410230000736192,"[[1, 4, 7, 8], [2], [3], [5], [6]]"
00068-00000024.soi,soi,7,15,7.73888888888889,2,0.04011760000139475,"[[1, 4], [2, 3, 5, 6, 7]]"
00068-00000025.soi,soi,13,15,22.696825396825396,3,2.3962024999782443,"[[1, 2, 4, 5, 6, 7, 8, 9, 10, 13], [3], [11, 12]]"
00068-00000026.soi,soi,5,15,3.857575757575757,2,0.012643000052776188,"[[1, 3], [2, 4, 5]]"
00068-00000027.soi,soi,7,21,5.529004329004328,3,0.06602889997884631,"[[1, 5, 7], [2], [3, 4, 6]]"
00068-00000028.soi,soi,14,15,35.98124098124098,4,7.573994499980472,"[[1, 2, 3, 5, 6, 7, 9, 10, 11, 13], [4], [8], [12, 14]]"
00068-00000029.soi,soi,11,15,17.066666666666666,6,2.269525000010617,"[[1, 2, 3, 4, 7, 8], [5], [6], [9], [10], [11]]"
00068-00000030.soi,soi,8,15,7.662587412587412,4,0.03378490003524348,"[[1, 2, 3, 8], [4, 6], [5], [7]]"
00068-00000031.soi,soi,7,15,8.173015873015872,5,0.020805299980565906,"[[1, 3], [2], [4, 5], [6], [7]]"
00068-00000032.soi,soi,12,21,27.223495785260496,2,0.2271578999934718,"[[1], [2, 3, 4, 5, 6, 7, 8, 9, 10, 11, 12]]"
00068-00000033.soi,soi,9,15,12.238095238095239,4,0.07769459998235106,"[[1, 3, 6, 9], [2, 8], [4, 7], [5]]"
00068-00000034.soi,soi,10,23,7.907608695652172,6,0.04470169998239726,"[[1, 9], [2, 8], [3], [4, 5, 6], [7], [10]]"
00068-00000035.soi,soi,4,15,1.4190476189833134,4,0.0053168999729678035,"[[1], [2], [3], [4]]"
00068-00000036.soi,soi,11,15,19.04935064935065,3,0.07892790000187233,"[[1, 2, 3, 4, 5, 6, 7, 11], [8], [9, 10]]"
00068-00000037.soi,soi,12,15,21.363636363636367,3,0.10984150000149384,"[[1, 2, 3, 4, 5, 6, 8, 9, 10, 11], [7], [12]]"
00068-00000038.soi,soi,8,15,9.64102564102564,6,0.11236700002336875,"[[1], [2, 6], [3], [4], [5], [7, 8]]"
00068-00000039.soi,soi,7,15,7.267399267399267,4,0.025923300010617822,"[[1, 2, 4], [3], [5], [6, 7]]"
00068-00000040.soi,soi,8,15,11.21025641025641,3,0.06871690001571551,"[[1, 2, 3, 5], [4, 7], [6, 8]]"
00068-00000041.soi,soi,8,15,10.0,2,0.028958600014448166,"[[1, 2, 3, 4, 5, 7, 8], [6]]"
00068-00000042.soi,soi,20,15,48.88412698412698,3,10.647041300020646,"[[1, 2, 3, 4, 6, 7, 8, 10, 11, 12, 13, 14, 15, 16, 17, 18, 19], [5, 9], [20]]"
00068-00000043.soi,soi,7,15,8.05,2,0.18398179998621345,"[[1, 2, 3, 5, 6], [4, 7]]"
00068-00000044.soi,soi,8,15,10.866810966810965,6,0.06695760000729933,"[[1], [2], [3, 6], [4, 7], [5], [8]]"
00068-00000045.soi,soi,10,15,15.689682539682536,5,0.11087749997386709,"[[1, 2, 3, 10], [4, 7], [5], [6, 8], [9]]"
00068-00000046.soi,soi,12,15,25.864646464646466,3,1.626800199970603,"[[1, 2, 3, 5, 7, 8, 9, 10, 11, 12], [4], [6]]"
00068-00000047.soi,soi,8,15,10.802197802197803,1,0.028255899960640818,"[[1, 2, 3, 4, 5, 6, 7, 8]]"
00068-00000048.soi,soi,9,15,14.352380952380951,6,0.22398809995502234,"[[1, 4, 5, 7], [2], [3], [6], [8], [9]]"
00068-00000049.soi,soi,12,15,23.09285714285714,2,0.0916406000033021,"[[1, 2, 3, 5, 6, 7, 8, 9, 10, 11, 12], [4]]"
00068-00000050.soi,soi,7,15,7.423443223443224,2,0.016510199988260865,"[[1, 2, 5, 6], [3, 4, 7]]"
00068-00000051.soi,soi,9,21,8.964614298670027,6,0.03315590001875535,"[[1], [2], [3, 4, 7, 9], [5], [6], [8]]"
00068-00000052.soi,soi,7,15,5.885314685314686,2,0.017715999973006546,"[[1, 4, 7], [2, 3, 5, 6]]"
00068-00000053.soi,soi,9,15,11.653968253968253,3,0.06148969999048859,"[[1, 5, 7, 8, 9], [2, 3, 6], [4]]"
00068-00000054.soi,soi,12,15,20.095670995670996,2,0.09314990002894774,"[[1, 2, 3, 4, 5, 6, 7, 8, 9, 10, 12], [11]]"
00068-00000055.soi,soi,5,15,2.5466200466200464,3,0.007187600014731288,"[[1, 3, 4], [2], [5]]"
00068-00000056.soi,soi,6,15,5.97991452991453,4,0.01780460000736639,"[[1, 3, 6], [2], [4], [5]]"
00068-00000057.soi,soi,8,15,8.198051948051948,3,0.032491100020706654,"[[1, 3, 6, 8], [2, 5, 7], [4]]"
00068-00000058.soi,soi,10,15,13.689682539682542,1,0.06287179997889325,"[[1, 2, 3, 4, 5, 6, 7, 8, 9, 10]]"
00068-00000059.soi,soi,4,15,2.0785714286379515,3,0.008370800002012402,"[[1, 3], [2], [4]]"
00068-00000060.soi,soi,8,15,6.881257631257633,6,0.02852519997395575,"[[1], [2], [3, 6], [4, 5], [7], [8]]"
00068-00000061.soi,soi,6,15,3.2793650793650793,3,0.015043099992908537,"[[1, 4], [2], [3, 5, 6]]"
00068-00000062.soi,soi,11,15,17.566666666666666,2,0.06883469998138025,"[[1, 8], [2, 3, 4, 5, 6, 7, 9, 10, 11]]"
00068-00000063.soi,soi,10,21,16.848300237773923,7,1.6664421999594197,"[[1, 7], [2], [3], [4, 5, 8], [6], [9], [10]]"
00068-00000064.soi,soi,11,15,21.711111111111112,2,1.1553507999633439,"[[1, 2, 3, 4, 5, 6, 8, 9, 10, 11], [7]]"
00068-00000065.soi,soi,21,15,55.292568542568524,2,30.807777599955443,"[[1, 2, 3, 4, 5, 6, 7, 8, 9, 10, 11, 12, 13, 14, 15, 16, 17, 19, 20], [18, 21]]"
00068-00000066.soi,soi,10,15,15.144455544455543,7,0.09293829998932779,"[[1], [2, 3, 5], [4], [6, 10], [7], [8], [9]]"
00068-00000067.soi,soi,7,15,7.785914085914086,2,0.022373200044967234,"[[1], [2, 3, 4, 5, 6, 7]]"
00068-00000068.soi,soi,8,15,10.546536796536797,2,0.03435679996619001,"[[1, 3, 4, 5, 6, 7, 8], [2]]"
00068-00000069.soi,soi,8,23,8.88560432702309,4,0.028416600020136684,"[[1, 4, 7, 8], [2, 6], [3], [5]]"
00068-00000070.soi,soi,11,15,16.055555555555557,2,0.06852160004200414,"[[1, 2, 3, 5, 7, 8, 9, 10, 11], [4, 6]]"
00068-00000071.soi,soi,7,15,8.707142857142857,5,0.03625070000998676,"[[1, 3, 5], [2], [4], [6], [7]]"
00068-00000072.soi,soi,9,15,10.666666666666666,5,0.03710219997446984,"[[1, 2, 6, 9], [3, 8], [4], [5], [7]]"
00068-00000073.soi,soi,6,15,5.265279165279165,3,0.015626800013706088,"[[1, 2, 5, 6], [3], [4]]"
00068-00000074.soi,soi,10,21,16.36941946941947,2,0.0909580999868922,"[[1, 3, 4, 5, 6, 7, 8, 9, 10], [2]]"
00068-00000075.soi,soi,6,15,5.977922077922079,2,0.017745900026056916,"[[1, 4, 6], [2, 3, 5]]"
00068-00000076.soi,soi,5,15,2.3145743145743145,2,0.006537600012961775,"[[1, 2, 5], [3, 4]]"
00068-00000077.soi,soi,6,15,6.53023643023643,2,0.017222599999513477,"[[1, 3, 4, 5, 6], [2]]"
00068-00000078.soi,soi,6,15,5.4493894993895,1,0.012763499980792403,"[[1, 2, 3, 4, 5, 6]]"
00068-00000079.soi,soi,15,15,41.30822510822511,3,1.5916846999898553,"[[1, 11], [2, 3, 4, 5, 6, 7, 8, 9, 12, 13, 14], [10, 15]]"
00068-00000080.soi,soi,13,21,19.522791828054988,6,0.1059366999543272,"[[1], [2, 4], [3, 7, 8, 9], [5, 10, 12, 13], [6], [11]]"
00068-00000081.soi,soi,6,15,4.468253968253968,2,0.015195799991488457,"[[1, 2, 3, 4, 6], [5]]"
00068-00000082.soi,soi,8,15,7.915906315906314,3,0.025894299964420497,"[[1], [2, 3, 5, 6, 7, 8], [4]]"
00068-00000083.soi,soi,10,15,19.31465201465201,1,1.2889531999826431,"[[1, 2, 3, 4, 5, 6, 7, 8, 9, 10]]"
00068-00000084.soi,soi,15,15,35.542568542568546,4,7.305894699995406,"[[1, 11], [2, 3, 5, 10, 15], [4, 7, 8, 9, 12], [6, 13, 14]]"
00068-00000085.soi,soi,10,15,13.565367965367965,2,0.10778750001918525,"[[1, 2, 3, 5, 8], [4, 6, 7, 9, 10]]"
00068-00000086.soi,soi,14,23,23.55607683734282,6,0.12552150001283735,"[[1], [2, 4, 5, 8, 9, 12], [3, 7, 14], [6, 13], [10], [11]]"
00068-00000087.soi,soi,12,15,24.78333333333333,2,0.9072875999845564,"[[1, 2, 3, 4, 6, 7, 8, 9, 10, 11, 12], [5]]"
00068-00000088.soi,soi,14,15,42.07142857142857,4,9.562990400008857,"[[1, 3, 4, 6, 7, 8, 13], [2, 10], [5, 9], [11, 12, 14]]"
00068-00000089.soi,soi,14,15,35.48943833943832,4,6.035043399955612,"[[1, 2, 3, 4, 5, 6, 8, 9, 10, 11, 14], [7], [12], [13]]"
00068-00000090.soi,soi,7,15,5.755555555555555,2,0.025090299954172224,"[[1, 2, 3, 5, 6, 7], [4]]"
00068-00000091.soi,soi,10,21,13.27877854000145,4,0.06410769996000454,"[[1, 2, 3, 5, 8, 10], [4, 6], [7], [9]]"
00068-00000092.soi,soi,8,15,6.9369408369408365,5,0.02746030001435429,"[[1], [2], [3, 4, 7, 8], [5], [6]]"
00068-00000093.soi,soi,10,15,13.470279720279718,3,0.0809187000268139,"[[1, 3, 4, 7], [2], [5, 6, 8, 9, 10]]"
00068-00000094.soi,soi,9,15,11.59963924963925,5,0.04138130001956597,"[[1, 6, 7, 9], [2, 8], [3], [4], [5]]"
00068-00000095.soi,soi,10,21,16.245310245310243,5,1.4319234999711625,"[[1], [2], [3, 4, 7, 8, 10], [5, 6], [9]]"
00068-00000096.soi,soi,7,21,7.657758031442241,6,0.033825599995907396,"[[1, 6], [2], [3], [4], [5], [7]]"
00068-00000097.soi,soi,7,21,5.974342814048696,3,0.0173244999605231,"[[1, 2, 3, 4, 6], [5], [7]]"
00068-00000098.soi,soi,12,21,23.74585283997049,5,0.7305548999574967,"[[1, 2, 7, 8, 11, 12], [3], [4, 5], [6, 10], [9]]"
00068-00000099.soi,soi,9,21,12.53665648077413,2,0.047989999991841614,"[[1], [2, 3, 4, 5, 6, 7, 8, 9]]"
00068-00000100.soi,soi,8,15,7.561904761904762,4,0.029778400028590113,"[[1, 3, 8], [2], [4], [5, 6, 7]]"
00068-00000101.soi,soi,9,15,11.454545454545455,5,0.03881529998034239,"[[1, 7], [2, 4], [3, 5], [6], [8, 9]]"
00068-00000102.soi,soi,9,21,9.280649699457749,3,0.029299299989361316,"[[1, 4], [2, 3, 5, 6, 9], [7, 8]]"
00068-00000103.soi,soi,8,15,5.8996336996337,6,0.024058600014541298,"[[1, 2, 7], [3], [4], [5], [6], [8]]"
00068-00000104.soi,soi,8,15,9.038095238095238,2,0.0302320999908261,"[[1, 3, 4, 5, 6, 7, 8], [2]]"
00068-00000105.soi,soi,14,15,24.011904761904763,2,0.28278140001930296,"[[1, 2, 3, 4, 5, 6, 7, 8, 9, 10, 11, 12, 13], [14]]"
00068-00000106.soi,soi,7,15,5.3181818181818175,4,0.021387599990703166,"[[1], [2, 4, 5], [3], [6, 7]]"
00068-00000107.soi,soi,9,20,14.508986928104575,2,0.13078740000491962,"[[1, 2, 3, 4, 5, 9], [6, 7, 8]]"
00068-00000108.soi,soi,7,15,8.914285714285715,3,0.025958799989894032,"[[1], [2, 4, 6], [3, 5, 7]]"
00068-00000109.soi,soi,11,15,20.834798534798537,2,0.15781760000390932,"[[1], [2, 3, 4, 5, 6, 7, 8, 9, 10, 11]]"
00068-00000110.soi,soi,9,15,14.181818181818183,5,0.8209079999942333,"[[1, 9], [2, 5, 7], [3, 6], [4], [8]]"
00068-00000111.soi,soi,8,15,7.665151515151515,4,0.026000200014095753,"[[1, 3, 6], [2, 4, 7], [5], [8]]"
00068-00000112.soi,soi,7,21,7.1761904761904765,4,0.018698900006711483,"[[1, 3, 4, 7], [2], [5], [6]]"
00068-00000113.soi,soi,19,21,47.49946524064171,3,7.272759200015571,"[[1, 2, 3, 4, 5, 6, 7, 9, 10, 11, 12, 13, 14, 16, 17, 18, 19], [8], [15]]"
00068-00000114.soi,soi,11,15,19.133333333333333,4,1.0276067999657243,"[[1, 7], [2, 5], [3, 4, 6, 8, 10, 11], [9]]"
00068-00000115.soi,soi,5,15,2.0,2,0.0098854000098072,"[[1, 2, 4, 5], [3]]"
00068-00000116.soi,soi,7,15,7.315367965367965,4,0.014955799968447536,"[[1], [2, 3, 4, 5], [6], [7]]"
00068-00000117.soi,soi,6,15,4.423465423465423,4,0.015360399964265525,"[[1, 5], [2, 3], [4], [6]]"
00068-00000118.soi,soi,6,15,5.961904761904761,3,0.023841599992010742,"[[1, 3, 4, 5], [2], [6]]"
00068-00000119.soi,soi,5,15,0.7472527472527473,4,0.008174900023732334,"[[1, 4], [2], [3], [5]]"
00068-00000120.soi,soi,5,15,2.194871794871794,3,0.009119900001678616,"[[1, 2], [3, 5], [4]]"
00068-00000121.soi,soi,6,15,5.3238095238095235,3,0.0239278000080958,"[[1, 3, 4, 5], [2], [6]]"
00068-00000122.soi,soi,10,15,17.65284715284715,3,0.11765089997788891,"[[1], [2, 3, 4, 5, 6, 8, 9, 10], [7]]"
00068-00000123.soi,soi,10,15,13.516666666666667,4,0.17065459996229038,"[[1, 3, 4, 8, 9, 10], [2, 7], [5], [6]]"
00068-00000124.soi,soi,5,15,2.8901098901098905,5,0.013271900010295212,"[[1], [2], [3], [4], [5]]"
00068-00000125.soi,soi,6,15,4.7206682206682204,2,0.014068899967242032,"[[1, 3], [2, 4, 5, 6]]"
00068-00000126.soi,soi,7,15,7.83030303030303,4,0.021075099997688085,"[[1, 6], [2, 5], [3], [4, 7]]"
00068-00000127.soi,soi,9,15,12.55978465978466,4,0.1399288999964483,"[[1, 2, 7], [3, 6, 8, 9], [4], [5]]"
00068-00000128.soi,soi,8,21,8.521619556913675,4,0.08179199998266995,"[[1], [2, 4, 8], [3, 6, 7], [5]]"
00068-00000129.soi,soi,8,15,11.10955710955711,4,0.029889500001445413,"[[1, 3, 8], [2], [4, 5, 6], [7]]"
00068-00000130.soi,soi,8,21,8.555020796197267,2,0.025678500009234995,"[[1, 2, 4, 5, 6, 7, 8], [3]]"
00068-00000131.soi,soi,9,15,11.533333333333333,4,0.031003599986433983,"[[1, 3, 6, 7, 9], [2], [4, 5], [8]]"
00068-00000132.soi,soi,9,15,10.34848484848485,4,0.03891329996986315,"[[1, 3, 5], [2, 4], [6, 8, 9], [7]]"
00068-00000133.soi,soi,7,15,9.924603174603174,3,0.023695599986240268,"[[1, 3], [2, 6], [4, 5, 7]]"
00068-00000134.soi,soi,9,21,15.648930481283422,2,0.550720100000035,"[[1, 2, 3, 4, 5, 7, 8, 9], [6]]"
00068-00000135.soi,soi,12,21,18.617338217338222,3,0.1810037000104785,"[[1, 10], [2, 6, 7, 8, 9, 11, 12], [3, 4, 5]]"
00068-00000136.soi,soi,6,15,2.0666666666666664,5,0.010849200014490634,"[[1], [2, 4], [3], [5], [6]]"
00068-00000137.soi,soi,4,21,2.3399711399288075,1,0.00700939999660477,"[[1, 2, 3, 4]]"
00068-00000138.soi,soi,10,15,15.358585858585858,4,0.049750100006349385,"[[1, 4, 8, 9], [2, 3, 7], [5, 6], [10]]"
00068-00000139.soi,soi,6,15,4.965750915750915,3,0.015161800023633987,"[[1, 3, 5, 6], [2], [4]]"
00068-00000140.soi,soi,7,15,5.835986235986236,4,0.01426490000449121,"[[1], [2, 3, 6, 7], [4], [5]]"
00068-00000141.soi,soi,10,15,18.45128205128205,5,0.615057600021828,"[[1, 5], [2, 4, 7, 10], [3], [6, 9], [8]]"
00068-00000142.soi,soi,10,15,16.35021645021645,8,0.13958209997508675,"[[1], [2], [3], [4], [5, 9], [6], [7, 8], [10]]"
00068-00000143.soi,soi,18,15,54.60634920634921,2,29.722520699957386,"[[1, 2, 3, 4, 5, 6, 7, 8, 9, 10, 12, 13, 14, 16, 18], [11, 15, 17]]"
00068-00000144.soi,soi,12,21,20.093781785809647,8,0.12632700003450736,"[[1], [2, 3, 10], [4, 9], [5, 11], [6], [7], [8], [12]]"
00068-00000145.soi,soi,5,21,3.3132832080200503,2,0.00850729999365285,"[[1, 2, 3, 5], [4]]"
00068-00000146.soi,soi,11,21,17.182173382173385,5,0.11842750001233071,"[[1], [2, 3, 4, 5, 9, 10, 11], [6], [7], [8]]"
00068-00000147.soi,soi,9,21,12.267435342435343,3,0.038528099947143346,"[[1, 2, 3, 5], [4, 6, 7], [8, 9]]"
00068-00000148.soi,soi,8,15,11.75924075924076,5,0.668851199967321,"[[1], [2, 5, 7], [3], [4, 8], [6]]"
00068-00000149.soi,soi,6,21,2.2857142857142856,4,0.012349899974651635,"[[1], [2, 4], [3], [5, 6]]"
00068-00000150.soi,soi,9,15,17.036263736263734,1,1.1827745999908075,"[[1, 2, 3, 4, 5, 6, 7, 8, 9]]"
00068-00000151.soi,soi,10,15,13.378571428571428,7,0.05956320004770532,"[[1], [2, 4], [3], [5, 6, 7], [8], [9], [10]]"
00068-00000152.soi,soi,5,15,3.162337662337662,2,0.012059000029694289,"[[1], [2, 3, 4, 5]]"
00068-00000153.soi,soi,9,15,14.048107448107446,3,0.16154689999530092,"[[1], [2, 3, 5, 6, 8, 9], [4, 7]]"
00068-00000154.soi,soi,4,15,1.8470862471041571,1,0.00882160000037402,"[[1, 2, 3, 4]]"
00068-00000155.soi,soi,10,15,16.28888888888889,1,0.06489749997854233,"[[1, 2, 3, 4, 5, 6, 7, 8, 9, 10]]"
00068-00000156.soi,soi,11,15,21.778205128205126,4,0.06676260003587231,"[[1, 7], [2, 3, 5, 6, 8, 9, 10], [4], [11]]"
00068-00000157.soi,soi,5,15,3.4190476190476184,2,0.009704899974167347,"[[1, 5], [2, 3, 4]]"
00068-00000158.soi,soi,9,15,12.592207792207793,3,0.7755786000052467,"[[1, 3, 4, 5, 8, 9], [2, 6], [7]]"
00068-00000159.soi,soi,9,15,7.872710622710622,6,0.034415600006468594,"[[1, 2], [3, 6], [4], [5, 9], [7], [8]]"
00068-00000160.soi,soi,5,15,1.9047619047619042,3,0.01245730003574863,"[[1], [2], [3, 4, 5]]"
00068-00000161.soi,soi,6,15,5.078787878787879,4,0.019512000028043985,"[[1, 3], [2], [4], [5, 6]]"
00068-00000162.soi,soi,7,15,9.304473304473305,2,0.023534500040113926,"[[1, 3, 4, 5, 7], [2, 6]]"
00068-00000163.soi,soi,6,15,2.415850815850816,2,0.015070300025399774,"[[1, 2, 4, 5, 6], [3]]"
00068-00000164.soi,soi,9,15,12.346320346320347,4,0.1525155000272207,"[[1, 5, 6, 7, 9], [2, 3], [4], [8]]"
00068-00000165.soi,soi,4,15,1.641414141590528,1,0.004158600000664592,"[[1, 2, 3, 4]]"
00068-00000166.soi,soi,6,15,3.942857142857142,2,0.015528100018855184,"[[1, 5, 6], [2, 3, 4]]"
00068-00000167.soi,soi,9,21,10.062383230804286,3,0.0340373000362888,"[[1], [2, 3, 5, 6, 7, 8, 9], [4]]"
00068-00000168.soi,soi,6,15,5.3232323232323235,4,0.015405100013595074,"[[1], [2, 3, 4], [5], [6]]"
00068-00000169.soi,soi,4,21,0.9047619048173408,3,0.010924599948339164,"[[1], [2, 3], [4]]"
00068-00000170.soi,soi,6,15,2.981573981573982,4,0.01052240002900362,"[[1], [2, 5, 6], [3], [4]]"
00068-00000171.soi,soi,5,15,3.078366078366078,1,0.00707609998062253,"[[1, 2, 3, 4, 5]]"
00068-00000172.soi,soi,6,15,6.403030303030302,3,0.01401599997188896,"[[1, 4, 5, 6], [2], [3]]"
00068-00000173.soi,soi,6,15,4.238888888888889,4,0.011290399997960776,"[[1, 3, 5], [2], [4], [6]]"
00068-00000174.soi,soi,7,21,6.557894736842105,4,0.014713399985339493,"[[1, 4], [2, 6], [3, 5], [7]]"
00068-00000175.soi,soi,6,15,2.94908424908425,3,0.014351200021337718,"[[1, 2, 3], [4, 5], [6]]"
00068-00000176.soi,soi,8,21,5.479120879120879,3,0.02541260002180934,"[[1, 3, 4, 5, 6, 8], [2], [7]]"
00068-00000177.soi,soi,9,23,9.507359307359307,4,0.03796940000029281,"[[1, 3, 6, 9], [2], [4, 8], [5, 7]]"
00068-00000178.soi,soi,7,15,5.5417748917748915,3,0.019389200024306774,"[[1], [2, 5], [3, 4, 6, 7]]"
00068-00000179.soi,soi,6,15,3.396464646464646,2,0.012070299999322742,"[[1], [2, 3, 4, 5, 6]]"
00068-00000180.soi,soi,7,15,7.029059829059829,5,0.017763299983926117,"[[1], [2], [3, 5], [4], [6, 7]]"
00068-00000181.soi,soi,11,21,19.715789473684207,6,0.969155500002671,"[[1, 3, 7, 9, 10], [2, 11], [4], [5], [6], [8]]"
00068-00000182.soi,soi,8,15,8.517338217338217,5,0.03041880001546815,"[[1], [2, 4], [3], [5, 6], [7, 8]]"
00068-00000183.soi,soi,8,15,14.237606837606837,5,0.5473354000132531,"[[1], [2, 3, 6], [4, 5], [7], [8]]"
00068-00000184.soi,soi,8,15,5.492673992673993,3,0.028367799997795373,"[[1, 4, 7, 8], [2, 3, 6], [5]]"
00068-00000185.soi,soi,5,15,1.709090909090909,3,0.007424800016451627,"[[1, 5], [2, 4], [3]]"
00068-00000186.soi,soi,5,15,3.647619047619047,2,0.011645800026599318,"[[1, 3, 5], [2, 4]]"
00068-00000187.soi,soi,10,15,15.734798534798534,2,0.8658205000101589,"[[1, 2, 3, 5, 6, 8, 9, 10], [4, 7]]"
00068-00000188.soi,soi,5,15,3.4139194139194142,4,0.008010199991986156,"[[1], [2, 3], [4], [5]]"
00068-00000189.soi,soi,5,15,3.3791208791208787,5,0.010096399986650795,"[[1], [2], [3], [4], [5]]"
00068-00000190.soi,soi,8,15,9.38015873015873,3,0.028107300051487982,"[[1, 2, 4, 5, 6, 8], [3], [7]]"
00068-00000191.soi,soi,9,15,11.094444444444445,3,0.03911569999763742,"[[1, 2, 4, 6, 7, 8, 9], [3], [5]]"
00068-00000192.soi,soi,5,15,1.0499999999999998,5,0.009537899983115494,"[[1], [2], [3], [4], [5]]"
00068-00000193.soi,soi,7,15,7.854834054834055,4,0.02215030003571883,"[[1, 5], [2, 3, 7], [4], [6]]"
00068-00000194.soi,soi,8,15,10.116666666666667,3,0.03320270002586767,"[[1], [2, 4, 7], [3, 5, 6, 8]]"
00068-00000195.soi,soi,8,15,9.870773670773671,4,0.03571100003318861,"[[1, 3, 6, 7], [2], [4, 8], [5]]"
00068-00000196.soi,soi,11,15,16.27799422799422,7,0.11564770003315061,"[[1], [2, 3, 4, 6], [5], [7], [8, 10], [9], [11]]"
00068-00000197.soi,soi,8,15,8.7,4,0.03591289999894798,"[[1, 2, 3, 8], [4], [5], [6, 7]]"
00068-00000198.soi,soi,7,15,4.583333333333333,4,0.01830220001284033,"[[1, 2, 3, 6], [4], [5], [7]]"
00068-00000199.soi,soi,9,15,10.60929070929071,4,0.0418610000051558,"[[1, 2, 3, 5], [4, 7], [6, 8], [9]]"
00068-00000200.soi,soi,9,21,9.87805878332194,4,0.037221500009763986,"[[1, 4], [2], [3, 5, 6, 7, 9], [8]]"
00068-00000201.soi,soi,6,15,2.8441558441558445,4,0.009525600005872548,"[[1, 3], [2], [4], [5, 6]]"
00068-00000202.soi,soi,6,15,2.410261960261961,4,0.015834700025152415,"[[1, 2, 3], [4], [5], [6]]"
00068-00000203.soi,soi,8,21,7.8603896103896105,3,0.02261099999304861,"[[1, 6, 7, 8], [2], [3, 4, 5]]"
00068-00000204.soi,soi,7,15,6.654545454545454,3,0.01918689999729395,"[[1, 2, 6, 7], [3, 4], [5]]"
00068-00000205.soi,soi,15,15,37.24688644688644,4,7.257014300033916,"[[1], [2, 5, 6, 7, 8, 9, 10, 11, 12, 14, 15], [3], [4, 13]]"
00068-00000206.soi,soi,5,15,2.614285714285714,4,0.010524599987547845,"[[1], [2], [3, 4], [5]]"
00068-00000207.soi,soi,9,15,13.133333333333333,4,0.04757150000659749,"[[1, 2, 5, 7], [3], [4, 6, 9], [8]]"
00068-00000208.soi,soi,7,15,8.617388167388167,5,0.021709599997848272,"[[1, 2], [3], [4], [5, 7], [6]]"
00068-00000209.soi,soi,13,21,31.306319171025052,3,5.212249899981543,"[[1, 7], [2, 3, 4, 5, 6, 8, 9, 10, 11, 12], [13]]"
00068-00000210.soi,soi,12,15,27.961904761904755,2,1.1500085999723524,"[[1, 2, 3, 4, 5, 6, 7, 8, 10, 11, 12], [9]]"
00068-00000211.soi,soi,5,15,3.1610722610722606,3,0.012413499993272126,"[[1, 3], [2], [4, 5]]"
00068-00000212.soi,soi,16,23,32.166666666666664,3,2.8085213000304066,"[[1, 2, 3, 5, 6, 7, 8, 9, 11, 12, 13, 14, 15, 16], [4], [10]]"
00068-00000213.soi,soi,19,15,63.51002886002886,1,40.81839009997202,"[[1, 2, 3, 4, 5, 6, 7, 8, 9, 10, 11, 12, 13, 14, 15, 16, 17, 18, 19]]"
00068-00000214.soi,soi,18,15,51.300000000000004,2,10.055141699966043,"[[1, 2, 3, 4, 5, 6, 7, 9, 10, 11, 12, 13, 14, 15, 16, 17, 18], [8]]"
00068-00000215.soi,soi,18,15,43.57142857142853,3,4.9475034000352025,"[[1, 2, 3, 4, 5, 6, 7, 8, 9, 10, 11, 12, 13, 14, 15, 16], [17], [18]]"
00068-00000216.soi,soi,9,15,11.933333333333334,5,0.04761129996040836,"[[1], [2, 5, 7, 8], [3, 9], [4], [6]]"
00068-00000217.soi,soi,7,15,6.8111222111222105,2,0.02223159995628521,"[[1], [2, 3, 4, 5, 6, 7]]"
00068-00000218.soi,soi,6,15,4.142191142191142,4,0.010978900012560189,"[[1], [2], [3, 5, 6], [4]]"
00068-00000219.soi,soi,6,15,4.219047619047619,4,0.014385699992999434,"[[1], [2, 3, 4], [5], [6]]"
00068-00000220.soi,soi,10,15,16.45067155067155,3,0.11252060002880171,"[[1], [2, 4, 6, 7], [3, 5, 8, 9, 10]]"
00068-00000221.soi,soi,5,15,2.5809523809523816,2,0.008330599986948073,"[[1, 2, 3, 5], [4]]"
00068-00000222.soi,soi,6,15,3.1692307692307686,4,0.01054449996445328,"[[1, 5], [2, 3], [4], [6]]"
00068-00000223.soi,soi,6,15,5.513419913419913,3,0.01657909998903051,"[[1], [2], [3, 4, 5, 6]]"
00068-00000224.soi,soi,7,15,6.766666666666666,4,0.101643200032413,"[[1, 3], [2], [4, 5, 6], [7]]"
00068-00000225.soi,soi,8,15,10.699145299145298,3,0.033919300010893494,"[[1, 3, 4, 8], [2, 5], [6, 7]]"
00068-00000226.soi,soi,6,15,4.587301587301588,2,0.014925799972843379,"[[1, 2, 3, 4, 5], [6]]"
00068-00000227.soi,soi,5,15,3.3666666666666667,1,0.01678359997458756,"[[1, 2, 3, 4, 5]]"
00068-00000228.soi,soi,8,21,5.578210678210677,5,0.02478739997604862,"[[1, 5, 6], [2, 8], [3], [4], [7]]"
00068-00000229.soi,soi,4,15,1.099999999953434,2,0.010260500013828278,"[[1, 2, 4], [3]]"
00068-00000230.soi,soi,6,15,5.7839160839160835,3,0.015509100048802793,"[[1, 4, 6], [2, 5], [3]]"
00068-00000231.soi,soi,7,15,4.529004329004328,5,0.014673599973320961,"[[1, 4, 6], [2], [3], [5], [7]]"
00068-00000232.soi,soi,6,15,3.1909090909090905,4,0.014829499996267259,"[[1, 3], [2], [4, 6], [5]]"
00068-00000233.soi,soi,7,15,6.535897435897436,4,0.021691200032364577,"[[1], [2, 6], [3], [4, 5, 7]]"
00068-00000234.soi,soi,8,15,6.134615384615385,2,0.017738899972755462,"[[1, 2, 4, 6, 8], [3, 5, 7]]"
00068-00000235.soi,soi,11,21,20.965884115884116,4,0.08413339999970049,"[[1, 6, 9, 11], [2], [3, 4, 7, 8, 10], [5]]"
00068-00000236.soi,soi,10,15,16.394444444444442,2,1.126393599959556,"[[1, 2, 3, 6, 8, 9, 10], [4, 5, 7]]"
00068-00000237.soi,soi,8,15,12.376190476190477,2,0.13544050004566088,"[[1, 2, 3, 4, 6, 7], [5, 8]]"
00068-00000238.soi,soi,7,15,9.15064935064935,2,0.028843000007327646,"[[1, 2, 3, 5, 6, 7], [4]]"
00068-00000239.soi,soi,11,21,17.592170694802274,4,0.07964799995534122,"[[1, 5], [2, 6, 7, 8, 9, 10, 11], [3], [4]]"
00068-00000240.soi,soi,11,15,22.164590964590964,3,0.6012355000129901,"[[1, 2, 6, 7, 10], [3, 4, 5, 9], [8, 11]]"
00068-00000241.soi,soi,12,15,24.769841269841272,3,0.17231190000893548,"[[1, 2, 3, 4, 5, 6, 7, 8, 9, 10], [11], [12]]"
00068-00000242.soi,soi,6,15,4.329587079587079,2,0.013606199994683266,"[[1, 2, 3, 4, 5], [6]]"
00068-00000243.soi,soi,9,15,11.137218337218336,5,0.045023599988780916,"[[1], [2], [3], [4, 6, 7, 8], [5, 9]]"
00068-00000244.soi,soi,7,15,4.288888888888888,3,0.020519800018519163,"[[1, 6, 7], [2, 3, 4], [5]]"
00068-00000245.soi,soi,12,15,22.872222222222224,5,2.0821133999852464,"[[1, 2, 9, 10], [3, 12], [4], [5, 6, 8], [7, 11]]"
00068-00000246.soi,soi,11,15,19.39047619047619,2,0.06835420004790649,"[[1, 2, 3, 4, 5, 7, 8, 10, 11], [6, 9]]"
00068-00000247.soi,soi,10,21,13.278431372549019,4,0.06270169996423647,"[[1], [2, 6], [3, 5, 7], [4, 8, 9, 10]]"
00068-00000248.soi,soi,9,15,12.540259740259737,5,0.03744769998593256,"[[1, 4], [2], [3, 7], [5, 6], [8, 9]]"
00068-00000249.soi,soi,10,15,16.91969696969697,4,0.5026047000428662,"[[1, 7, 9, 10], [2, 3, 5], [4, 8], [6]]"
00068-00000250.soi,soi,17,21,38.97329453312425,4,22.286767800047528,"[[1, 6, 7, 9, 10, 11, 13, 14, 17], [2, 3, 4, 5, 12, 16], [8], [15]]"
00068-00000251.soi,soi,13,15,35.186796536796535,4,8.62245389999589,"[[1, 2, 6, 7, 9, 10, 11, 12, 13], [3, 8], [4], [5]]"
00068-00000252.soi,soi,10,15,17.01111111111111,3,1.1115434000384994,"[[1, 3, 4, 6, 7, 9, 10], [2, 5], [8]]"
00068-00000253.soi,soi,6,15,2.688888888888889,3,0.01654670003335923,"[[1, 2], [3], [4, 5, 6]]"
00068-00000254.soi,soi,5,15,3.273593073593074,2,0.01587259996449575,"[[1, 3, 4, 5], [2]]"
00068-00000255.soi,soi,6,15,4.426839826839828,2,0.013910200039390475,"[[1, 2, 4, 5, 6], [3]]"
00068-00000256.soi,soi,8,21,6.83982683982684,3,0.026319600001443177,"[[1, 2, 7, 8], [3, 6], [4, 5]]"
00068-00000257.soi,soi,11,21,12.999053724053724,3,0.07966099999612197,"[[1, 2, 3, 10, 11], [4, 5, 6, 7, 9], [8]]"
00068-00000258.soi,soi,15,23,32.6346909540408,6,6.328342199965846,"[[1], [2, 4, 5, 6, 10, 11, 12, 14], [3, 9, 13], [7], [8], [15]]"
00068-00000259.soi,soi,11,15,13.266666666666666,2,0.05443550000200048,"[[1, 2, 3, 4, 5, 6, 7, 9, 10], [8, 11]]"
00068-00000260.soi,soi,8,15,4.983333333333334,2,0.02140760002657771,"[[1, 5], [2, 3, 4, 6, 7, 8]]"
00068-00000261.soi,soi,13,15,20.126984126984127,2,0.12188450002577156,"[[1, 2, 4, 5, 6, 7, 8, 9, 10, 11, 12, 13], [3]]"
00068-00000262.soi,soi,7,15,5.6,6,0.020534000010229647,"[[1], [2], [3], [4, 5], [6], [7]]"
00068-00000263.soi,soi,8,15,8.277777777777779,3,0.02453570003854111,"[[1, 3, 5, 6, 7], [2], [4, 8]]"
00068-00000264.soi,soi,10,15,18.782828282828284,2,0.058033800043631345,"[[1, 2, 3, 4, 5, 6, 7, 8, 9], [10]]"
00068-00000265.soi,soi,16,15,30.910533910533914,2,2.8428865000023507,"[[1, 2, 3, 4, 5, 6, 7, 8, 9, 10, 11, 13, 14, 15, 16], [12]]"
00068-00000266.soi,soi,6,15,3.9203296703296706,2,0.01741040003253147,"[[1, 3, 6], [2, 4, 5]]"
00068-00000267.soi,soi,8,15,6.935897435897436,3,0.024497099977452308,"[[1], [2], [3, 4, 5, 6, 7, 8]]"
00068-00000268.soi,soi,5,15,1.7995337995337994,4,0.01375220000045374,"[[1, 2], [3], [4], [5]]"
00068-00000269.soi,soi,13,15,31.083988233988233,3,3.5899674000102095,"[[1], [2, 5, 6], [3, 4, 7, 8, 9, 10, 11, 12, 13]]"
00068-00000270.soi,soi,8,15,9.228571428571428,2,0.09932929999195039,"[[1, 3, 4, 7], [2, 5, 6, 8]]"
00068-00000271.soi,soi,9,15,16.4031746031746,4,0.09672740002861246,"[[1], [2, 3, 4, 7, 8], [5], [6, 9]]"
00068-00000272.soi,soi,9,21,11.923876123876125,4,0.07872449996648356,"[[1, 4, 9], [2], [3, 6, 7], [5, 8]]"
00068-00000273.soi,soi,9,15,12.892857142857142,2,0.060980600013863295,"[[1, 2, 3, 5, 6, 9], [4, 7, 8]]"
00068-00000274.soi,soi,6,15,2.158008658008658,5,0.014039200032129884,"[[1], [2], [3], [4], [5, 6]]"
00068-00000275.soi,soi,4,15,2.1594516594654345,2,0.01319810003042221,"[[1, 2], [3, 4]]"
00068-00000276.soi,soi,22,15,65.26587301587301,3,86.48114699998405,"[[1, 2, 3, 4, 5, 6, 7, 9, 10, 11, 13, 14, 15, 16, 17, 18, 19, 20, 21, 22], [8], [12]]"
00068-00000277.soi,soi,8,15,7.410256410256411,2,0.035121999972034246,"[[1, 5, 8], [2, 3, 4, 6, 7]]"
00068-00000278.soi,soi,10,21,13.985631499563386,9,0.631417499971576,"[[1, 9], [2], [3], [4], [5], [6], [7], [8], [10]]"
00068-00000279.soi,soi,11,23,15.802868146346404,3,0.33580169995548204,"[[1, 3, 4, 5, 7, 8, 10, 11], [2], [6, 9]]"
00068-00000280.soi,soi,15,21,31.804761904761904,3,1.2843561000190675,"[[1, 3, 4, 5, 6, 7, 8, 9, 11, 12, 14, 15], [2, 13], [10]]"
00068-00000281.soi,soi,8,15,6.397502497502496,3,0.024149700009729713,"[[1, 2, 3, 4, 7, 8], [5], [6]]"
00068-00000282.soi,soi,6,21,3.8575605680868836,3,0.012309999961871654,"[[1, 2, 4, 5], [3], [6]]"
00068-00000283.soi,soi,13,15,27.996703296703295,5,0.4245115999947302,"[[1, 2, 6, 8, 12, 13], [3, 10], [4, 5, 9], [7], [11]]"
00068-00000284.soi,soi,7,15,4.352380952380952,3,0.014484500046819448,"[[1, 3, 4], [2, 7], [5, 6]]"
00068-00000285.soi,soi,8,15,9.214896214896216,4,0.02710569999180734,"[[1, 2], [3, 4, 8], [5], [6, 7]]"
00068-00000286.soi,soi,13,15,28.505050505050498,3,2.5763531000120565,"[[1, 2, 3, 4, 6, 7, 8, 10, 11, 12], [5, 9], [13]]"
00068-00000287.soi,soi,8,15,13.05086580086581,3,0.24244739999994636,"[[1, 3, 5, 7], [2, 6, 8], [4]]"
00068-00000288.soi,soi,5,15,3.6553224553224553,3,0.01395240001147613,"[[1, 4], [2, 5], [3]]"
00068-00000289.soi,soi,10,21,14.346520146520145,4,0.475497399980668,"[[1, 2, 5], [3, 10], [4, 6, 7, 9], [8]]"
00068-00000290.soi,soi,13,15,31.69177489177489,5,3.3910927000106312,"[[1, 2, 4, 7, 8, 12, 13], [3], [5, 6], [9, 10], [11]]"
00068-00000291.soi,soi,8,15,9.10213675213675,3,0.029693800024688244,"[[1], [2, 5, 6, 7], [3, 4, 8]]"
00068-00000292.soi,soi,7,15,8.288888888888888,4,0.020627800025977194,"[[1, 3], [2, 7], [4, 6], [5]]"
00068-00000293.soi,soi,8,15,9.236363636363636,4,0.031096699996851385,"[[1, 3, 4, 5], [2], [6, 7], [8]]"
00068-00000294.soi,soi,8,15,10.472360972360972,2,0.039081100025214255,"[[1, 3, 4, 5, 6, 7, 8], [2]]"
00068-00000295.soi,soi,14,15,37.28459873459874,5,7.496746100019664,"[[1, 5, 6, 8, 9, 11, 12, 13, 14], [2], [3, 10], [4], [7]]"
00068-00000296.soi,soi,7,15,6.4523809523809526,5,0.014289800019469112,"[[1], [2], [3, 5], [4, 7], [6]]"
00068-00000297.soi,soi,8,15,9.552447552447553,4,0.029607999953441322,"[[1, 2, 5, 6], [3, 4], [7], [8]]"
00068-00000298.soi,soi,11,15,19.837545787545785,5,0.36180970002897084,"[[1, 3, 5, 6, 10], [2], [4, 8], [7, 9], [11]]"
00068-00000299.soi,soi,8,15,4.161538461538461,3,0.02248479996342212,"[[1, 2, 6, 7, 8], [3, 5], [4]]"
00068-00000300.soi,soi,8,15,6.291758241758242,5,0.02218709996668622,"[[1, 4, 6, 8], [2], [3], [5], [7]]"
00068-00000301.soi,soi,15,15,31.976190476190474,5,0.5125019000261091,"[[1, 2, 3, 5, 6, 9, 10, 13, 14], [4], [7], [8, 11, 15], [12]]"
00068-00000302.soi,soi,18,15,41.004273504273506,4,0.5622247999999672,"[[1, 2, 3, 4, 5, 6, 7, 8, 10, 11, 12, 13, 16, 17], [9, 14], [15], [18]]"
00068-00000303.soi,soi,9,15,14.32026862026862,4,0.04067439999198541,"[[1], [2, 4, 5, 6, 7, 8], [3], [9]]"
00068-00000304.soi,soi,5,15,3.3972527472527467,2,0.013117399998009205,"[[1, 2, 4], [3, 5]]"
00068-00000305.soi,soi,9,15,13.305905205905207,3,0.29544289998011664,"[[1, 5], [2, 4], [3, 6, 7, 8, 9]]"
00068-00000306.soi,soi,5,15,2.1904761904761902,2,0.010711500013712794,"[[1, 3], [2, 4, 5]]"
00068-00000307.soi,soi,10,15,18.73939393939394,5,0.932446799997706,"[[1, 2, 3, 8, 9], [4, 5], [6], [7], [10]]"
00068-00000308.soi,soi,10,15,16.113636363636363,4,0.045920000004116446,"[[1, 6, 7, 9], [2, 3, 4], [5, 8], [10]]"
00068-00000309.soi,soi,14,15,22.333699633699634,5,0.10976650001248345,"[[1, 4, 7, 9, 11, 12], [2, 3, 6, 10, 13], [5], [8], [14]]"
00068-00000310.soi,soi,9,15,6.942035742035742,5,0.029033099999651313,"[[1, 4, 9], [2, 5, 8], [3], [6], [7]]"
00068-00000311.soi,soi,5,15,3.3435897435897433,4,0.007752300007268786,"[[1], [2], [3, 5], [4]]"
00068-00000312.soi,soi,7,15,9.240909090909092,3,0.304284900019411,"[[1, 2, 3, 4, 6], [5], [7]]"
00068-00000313.soi,soi,11,15,17.522222222222222,4,0.09839659999124706,"[[1, 6, 11], [2, 3, 4, 7, 8, 9], [5], [10]]"
00068-00000314.soi,soi,11,15,21.77777777777778,3,0.0787636999739334,"[[1, 2, 3, 4, 5, 6, 7, 9], [8], [10, 11]]"
00068-00000315.soi,soi,7,21,5.554212454212454,2,0.015545099973678589,"[[1, 5, 7], [2, 3, 4, 6]]"
00068-00000316.soi,soi,6,15,7.006837606837607,1,0.1831248999806121,"[[1, 2, 3, 4, 5, 6]]"
00068-00000317.soi,soi,8,15,7.7333333333333325,4,0.02983369998401031,"[[1, 2, 4], [3, 6, 7], [5], [8]]"
00068-00000318.soi,soi,6,15,2.5151515151515147,3,0.015859699982684106,"[[1], [2, 4], [3, 5, 6]]"
00068-00000319.soi,soi,7,15,4.404761904761905,6,0.016111599979922175,"[[1], [2], [3], [4], [5, 6], [7]]"
00068-00000320.soi,soi,10,15,14.368686868686869,2,0.06295089999912307,"[[1, 2, 3, 4, 5, 6, 7, 9, 10], [8]]"
00068-00000321.soi,soi,6,15,3.5605061605061605,2,0.014564900018740445,"[[1, 2, 4, 5, 6], [3]]"
00068-00000322.soi,soi,7,15,7.0606227106227095,2,0.01699079998070374,"[[1, 2, 6, 7], [3, 4, 5]]"
00068-00000323.soi,soi,8,15,10.96067821067821,3,0.033073300030082464,"[[1, 2, 3, 5], [4], [6, 7, 8]]"
00068-00000324.soi,soi,9,15,10.201282051282051,5,0.04746859997976571,"[[1, 6, 7, 8, 9], [2], [3], [4], [5]]"
00068-00000325.soi,soi,12,21,24.810622710622713,3,3.571919000009075,"[[1, 3, 5, 6, 7, 8, 9, 10, 11, 12], [2], [4]]"
00068-00000326.soi,soi,16,15,42.60952380952381,2,13.416821299993899,"[[1, 3, 4, 5, 6, 7, 8, 9, 10, 11, 13, 14, 15, 16], [2, 12]]"
00068-00000327.soi,soi,8,15,8.821367521367522,2,0.05560890003107488,"[[1, 4, 5], [2, 3, 6, 7, 8]]"
00068-00000328.soi,soi,10,15,19.54444444444444,4,0.5141103999922052,"[[1], [2], [3, 4, 5, 6, 7, 8, 10], [9]]"
00068-00000329.soi,soi,9,21,11.371277698909278,3,0.09770590002881363,"[[1, 3, 4, 5, 6, 7, 8], [2], [9]]"
00068-00000330.soi,soi,10,15,20.006349206349206,3,1.254881499975454,"[[1, 2, 7, 10], [3, 5, 8, 9], [4, 6]]"
00068-00000331.soi,soi,7,15,7.47985347985348,3,0.02815790002932772,"[[1], [2, 4, 6, 7], [3, 5]]"
00068-00000332.soi,soi,7,15,9.066666666666666,3,0.020891399995889515,"[[1, 3, 5], [2, 6, 7], [4]]"
00068-00000333.soi,soi,5,15,3.928571428571429,3,0.010182400001212955,"[[1], [2, 3, 4], [5]]"
00068-00000334.soi,soi,7,21,6.477655677655678,6,0.020108100026845932,"[[1], [2], [3], [4], [5], [6, 7]]"
00068-00000335.soi,soi,7,21,5.756769374416433,3,0.01703689998248592,"[[1, 5, 6], [2, 3, 7], [4]]"
00068-00000336.soi,soi,4,21,1.4571428571095955,3,0.009207299968693405,"[[1], [2, 4], [3]]"
00068-00000337.soi,soi,17,15,59.46062271062271,5,24.848461899964605,"[[1], [2, 6, 9, 15, 16], [3, 5, 10, 11, 12, 13, 17], [4], [7, 8, 14]]"
00068-00000338.soi,soi,8,15,10.653968253968253,2,0.03324740001698956,"[[1, 2, 3, 5, 6, 7, 8], [4]]"
00068-00000339.soi,soi,7,15,8.7,3,0.018462000007275492,"[[1, 2], [3, 4, 5, 7], [6]]"
00068-00000340.soi,soi,12,15,23.622222222222224,1,0.07725920004304498,"[[1, 2, 3, 4, 5, 6, 7, 8, 9, 10, 11, 12]]"
00068-00000341.soi,soi,12,21,28.258471499260963,5,2.1189412999665365,"[[1, 2, 4, 9, 11], [3, 6, 7, 8], [5], [10], [12]]"
00068-00000342.soi,soi,13,15,32.52237762237762,2,5.32690939999884,"[[1, 7, 13], [2, 3, 4, 5, 6, 8, 9, 10, 11, 12]]"
00068-00000343.soi,soi,9,23,10.021209149355602,6,0.043475700018461794,"[[1, 2, 6], [3], [4, 7], [5], [8], [9]]"
00068-00000344.soi,soi,9,15,9.53333333333333,3,0.04060350003419444,"[[1, 2, 3, 5, 6, 8], [4, 9], [7]]"
00068-00000345.soi,soi,9,15,11.015151515151516,5,0.03493759996490553,"[[1, 6], [2, 4, 9], [3, 8], [5], [7]]"
00068-00000346.soi,soi,13,21,23.064046737576145,6,1.5200681000133045,"[[1], [2], [3, 5, 6, 9, 12, 13], [4, 10], [7], [8, 11]]"
00068-00000347.soi,soi,9,15,13.987518037518036,2,0.10586020001210272,"[[1, 4, 5, 6, 7, 8], [2, 3, 9]]"
00068-00000348.soi,soi,6,15,3.374125874125874,4,0.016825400001835078,"[[1, 3, 6], [2], [4], [5]]"
00068-00000349.soi,soi,6,15,3.0205128205128204,5,0.010233999986667186,"[[1], [2], [3], [4, 6], [5]]"
00068-00000350.soi,soi,8,15,4.805361305361306,3,0.02130690001649782,"[[1, 2, 4, 7, 8], [3], [5, 6]]"
00068-00000351.soi,soi,5,15,3.4346320346320347,1,0.011305099993478507,"[[1, 2, 3, 4, 5]]"
00068-00000352.soi,soi,4,15,0.8822510823611478,2,0.006239700014702976,"[[1], [2, 3, 4]]"
00068-00000353.soi,soi,5,15,3.2303030303030305,1,0.006130699999630451,"[[1, 2, 3, 4, 5]]"
00068-00000354.soi,soi,16,21,33.66000563763721,5,5.739040600019507,"[[1, 2, 6, 8, 10, 11, 12], [3, 13, 16], [4, 9], [5, 14, 15], [7]]"
00068-00000355.soi,soi,10,15,16.86190476190476,4,0.05052690004231408,"[[1, 2, 3, 4, 6, 7], [5, 10], [8], [9]]"
00068-00000356.soi,soi,7,15,8.004761904761905,2,0.030985600023996085,"[[1, 3, 6, 7], [2, 4, 5]]"
00068-00000357.soi,soi,9,15,14.958874458874456,2,0.059188100043684244,"[[1, 3, 4, 5, 6, 7, 8, 9], [2]]"
00068-00000358.soi,soi,10,21,14.170046620046618,3,0.059872200014069676,"[[1, 3, 7], [2, 5, 6, 8], [4, 9, 10]]"
00068-00000359.soi,soi,9,15,9.986507936507937,5,0.040684000006876886,"[[1, 5], [2, 3], [4], [6, 7, 8], [9]]"
00068-00000360.soi,soi,7,15,6.8658730158730155,2,0.02698289998807013,"[[1, 2, 3, 4, 6], [5, 7]]"
00068-00000361.soi,soi,10,21,15.561904761904763,6,0.06702140002744272,"[[1, 6], [2, 4, 5], [3], [7], [8, 10], [9]]"
00068-00000362.soi,soi,15,23,41.952178660692596,5,13.831387199985329,"[[1], [2, 4, 7, 11, 12, 13, 14], [3, 10], [5, 8], [6, 9, 15]]"
00068-00000363.soi,soi,6,15,4.645665445665445,4,0.016924900002777576,"[[1, 5, 6], [2], [3], [4]]"
00068-00000364.soi,soi,6,15,6.771062271062271,2,0.01624879997689277,"[[1], [2, 3, 4, 5, 6]]"
00068-00000365.soi,soi,9,21,13.888015493278651,2,0.04057379998266697,"[[1, 2, 4, 5, 6, 7, 8, 9], [3]]"
00068-00000366.soi,soi,8,21,6.749206349206348,3,0.02396230003796518,"[[1, 3, 6, 8], [2, 4, 7], [5]]"
00068-00000367.soi,soi,12,15,20.23968253968254,4,0.13796119997277856,"[[1], [2], [3, 4, 5, 6, 7, 8, 11], [9, 10, 12]]"
00068-00000368.soi,soi,4,15,0.865079365027625,2,0.009118299989495426,"[[1, 2], [3, 4]]"
00068-00000369.soi,soi,14,21,35.61452142628613,3,6.767144699988421,"[[1, 4, 7, 8, 9, 10, 11, 12, 13], [2, 6], [3, 5, 14]]"
00068-00000370.soi,soi,5,15,2.177777777777778,3,0.008764699974562973,"[[1, 5], [2], [3, 4]]"
00068-00000371.soi,soi,9,15,12.115079365079364,2,0.040162699995562434,"[[1, 2, 3, 4, 6, 7, 8, 9], [5]]"
00068-00000372.soi,soi,9,21,14.806202131202133,3,1.0924545000307262,"[[1, 2, 6, 9], [3, 4, 7, 8], [5]]"
00068-00000373.soi,soi,10,15,17.833333333333336,4,0.09712250001030043,"[[1, 2, 6, 7, 8, 10], [3], [4], [5, 9]]"
00068-00000374.soi,soi,15,23,41.86621282428255,4,17.58244490000652,"[[1, 7, 9], [2, 3, 4, 8, 13, 14, 15], [5, 10, 11, 12], [6]]"
00068-00000375.soi,soi,11,15,20.55793650793651,5,0.10725090000778437,"[[1], [2, 3, 6, 9, 11], [4, 7], [5], [8, 10]]"
00068-00000376.soi,soi,4,15,2.299783549794637,1,0.005289499997161329,"[[1, 2, 3, 4]]"
00068-00000377.soi,soi,6,15,2.11965811965812,3,0.01098299998557195,"[[1, 2], [3, 6], [4, 5]]"
00068-00000378.soi,soi,6,15,6.746031746031746,4,0.018916100030764937,"[[1, 3], [2], [4], [5, 6]]"
00068-00000379.soi,soi,15,15,36.133333333333326,1,2.3655792999779806,"[[1, 2, 3, 4, 5, 6, 7, 8, 9, 10, 11, 12, 13, 14, 15]]"
00068-00000380.soi,soi,8,15,13.07121212121212,1,0.03286779997870326,"[[1, 2, 3, 4, 5, 6, 7, 8]]"
00068-00000381.soi,soi,9,15,12.852380952380955,3,0.05097129999194294,"[[1, 2, 4, 5, 7, 8, 9], [3], [6]]"
00068-00000382.soi,soi,7,15,5.936507936507937,6,0.019225699943490326,"[[1], [2, 4], [3], [5], [6], [7]]"
00068-00000383.soi,soi,6,15,3.4727272727272727,2,0.012663999979849905,"[[1, 2], [3, 4, 5, 6]]"
00068-00000384.soi,soi,12,15,22.370573870573867,4,3.2441890999907628,"[[1, 2, 5, 7, 9, 11, 12], [3, 4, 8], [6], [10]]"
00068-00000385.soi,soi,10,15,15.041630591630593,4,0.12809859996195883,"[[1, 2, 3, 5, 6, 7, 9], [4], [8], [10]]"
00068-00000386.soi,soi,6,15,3.134199134199134,4,0.010786600003484637,"[[1], [2], [3, 5], [4, 6]]"
00068-00000387.soi,soi,6,15,4.575541125541125,2,0.011897100019268692,"[[1, 2, 3, 4, 5], [6]]"
00068-00000388.soi,soi,9,21,10.434165834165833,2,0.03650129999732599,"[[1, 4, 5], [2, 3, 6, 7, 8, 9]]"
00068-00000389.soi,soi,9,21,9.092074592074592,2,0.035531100002117455,"[[1, 2, 3, 4, 5, 7, 8, 9], [6]]"
00068-00000390.soi,soi,7,15,8.394444444444444,3,0.03635290003148839,"[[1, 2, 3, 4], [5], [6, 7]]"
00068-00000391.soi,soi,7,15,8.832251082251082,3,0.04152930004056543,"[[1, 2, 4], [3, 6, 7], [5]]"
00068-00000392.soi,soi,8,15,7.904040404040403,4,0.03040119999786839,"[[1, 2, 7, 8], [3], [4], [5, 6]]"
00068-00000393.soi,soi,10,21,22.059263448969332,4,1.8159200999652967,"[[1], [2, 3, 7, 9], [4, 6, 8, 10], [5]]"
00068-00000394.soi,soi,5,15,2.4952380952380953,2,0.008461999997962266,"[[1, 3, 5], [2, 4]]"
00068-00000395.soi,soi,5,15,2.8569208569208566,3,0.011947899998631328,"[[1], [2, 4, 5], [3]]"
00068-00000396.soi,soi,10,21,11.91228723976402,3,0.048704200016800314,"[[1, 2, 3, 4, 6, 7, 8], [5, 10], [9]]"
00068-00000397.soi,soi,8,15,11.472893772893771,3,0.17821320000803098,"[[1], [2, 3, 7, 8], [4, 5, 6]]"
00068-00000398.soi,soi,16,21,43.65242257742258,5,15.92518870002823,"[[1, 9], [2, 5, 14, 16], [3, 12, 15], [4], [6, 7, 8, 10, 11, 13]]"
00068-00000399.soi,soi,8,15,11.147619047619045,3,0.10258880001492798,"[[1, 3, 8], [2, 4, 7], [5, 6]]"
00068-00000400.soi,soi,11,15,21.204040404040406,2,0.10931210004491732,"[[1, 2, 4, 5, 6, 7, 8, 9, 11], [3, 10]]"
00068-00000401.soi,soi,9,15,14.807692307692307,6,0.09364310000091791,"[[1, 3], [2], [4], [5], [6, 8, 9], [7]]"
00068-00000402.soi,soi,8,15,9.46904761904762,2,0.03365559998201206,"[[1, 5, 7], [2, 3, 4, 6, 8]]"
00068-00000403.soi,soi,9,15,14.226573426573427,8,0.07035550003638491,"[[1, 7], [2], [3], [4], [5], [6], [8], [9]]"
00068-00000404.soi,soi,7,21,4.67300740195477,3,0.014476499985903502,"[[1, 3, 6, 7], [2, 4], [5]]"
00068-00000405.soi,soi,9,15,15.361904761904759,4,0.14805210003396496,"[[1, 5, 6, 7, 8], [2, 4], [3], [9]]"
00068-00000406.soi,soi,11,15,14.67032967032967,2,0.04773990000830963,"[[1, 2, 3, 4, 5, 6, 7, 9, 10], [8, 11]]"
00068-00000407.soi,soi,14,15,23.685314685314687,3,0.35255439998582006,"[[1, 3, 4, 5, 6, 8, 9, 10, 12, 13, 14], [2, 11], [7]]"
00068-00000408.soi,soi,6,15,5.124025974025974,2,0.013490299985278398,"[[1, 4, 5], [2, 3, 6]]"
00068-00000409.soi,soi,10,15,9.298373848373846,6,0.041359900031238794,"[[1], [2], [3, 8, 10], [4, 5, 7], [6], [9]]"
00068-00000410.soi,soi,5,15,2.25,4,0.00905849999981001,"[[1], [2], [3, 5], [4]]"
00068-00000411.soi,soi,6,15,5.010389610389611,5,0.012425500026438385,"[[1], [2], [3, 6], [4], [5]]"
00068-00000412.soi,soi,10,15,17.52698412698413,3,0.21903500001644716,"[[1, 2, 3, 4, 5, 8, 9, 10], [6], [7]]"
00068-00000413.soi,soi,7,15,6.15091575091575,2,0.021633900003507733,"[[1, 2, 7], [3, 4, 5, 6]]"
00068-00000414.soi,soi,8,15,7.2023809523809526,4,0.03818420000607148,"[[1, 3, 6, 7], [2], [4, 8], [5]]"
00068-00000415.soi,soi,8,15,7.472222222222221,4,0.022439300024416298,"[[1, 3], [2, 7], [4], [5, 6, 8]]"
00068-00000416.soi,soi,4,15,1.5385281385614005,1,0.005822199978865683,"[[1, 2, 3, 4]]"
00068-00000417.soi,soi,8,21,11.395238095238097,3,0.4293337000417523,"[[1, 3, 5, 6], [2, 4], [7, 8]]"
00068-00000418.soi,soi,8,15,10.757581307581308,4,0.037270700035151094,"[[1, 2, 3, 4, 6], [5], [7], [8]]"
00068-00000419.soi,soi,7,15,5.283333333333334,2,0.016632899991236627,"[[1, 2, 3, 5, 6], [4, 7]]"
00068-00000420.soi,soi,10,15,12.633333333333333,3,0.08746800001244992,"[[1, 4, 5, 6, 9], [2, 7, 8, 10], [3]]"
00068-00000421.soi,soi,6,15,3.409523809523809,2,0.013440200011245906,"[[1, 4, 6], [2, 3, 5]]"
00068-00000422.soi,soi,6,21,5.104040404040404,4,0.012693100026808679,"[[1, 2, 5], [3], [4], [6]]"
00068-00000423.soi,soi,5,15,2.9333333333333327,4,0.008406100037973374,"[[1, 5], [2], [3], [4]]"
00068-00000424.soi,soi,11,23,17.871347294365194,4,3.693450100021437,"[[1, 3, 7, 9], [2, 4, 5, 8], [6, 10], [11]]"
00068-00000425.soi,soi,7,15,5.302258852258852,6,0.01957909995689988,"[[1], [2], [3], [4, 6], [5], [7]]"
00068-00000426.soi,soi,10,15,12.61025641025641,2,0.06427799997618422,"[[1, 2, 4, 7], [3, 5, 6, 8, 9, 10]]"
00068-00000427.soi,soi,7,15,5.985064935064933,6,0.01897340000141412,"[[1], [2], [3], [4, 6], [5], [7]]"
00068-00000428.soi,soi,6,15,5.9393939393939394,2,0.020925400021951646,"[[1, 2, 3, 4], [5, 6]]"
00068-00000429.soi,soi,9,21,12.20713716108453,3,0.037239500030409545,"[[1, 6], [2, 3, 8], [4, 5, 7, 9]]"
00068-00000430.soi,soi,7,15,7.362698412698412,3,0.03571299999020994,"[[1, 3, 4, 6, 7], [2], [5]]"
00068-00000431.soi,soi,6,15,4.78021978021978,4,0.019678100012242794,"[[1], [2], [3, 4, 6], [5]]"
00068-00000432.soi,soi,10,15,14.082417582417582,4,0.06897670001490042,"[[1, 2, 3, 6, 9, 10], [4], [5, 8], [7]]"
00068-00000433.soi,soi,9,15,10.865745365745365,2,0.05095710000023246,"[[1], [2, 3, 4, 5, 6, 7, 8, 9]]"
00068-00000434.soi,soi,10,15,19.03333333333333,3,1.7222967000561766,"[[1, 2, 6, 7, 8, 10], [3], [4, 5, 9]]"
00068-00000435.soi,soi,8,15,10.511111111111111,2,0.03475829999661073,"[[1, 5], [2, 3, 4, 6, 7, 8]]"
00068-00000436.soi,soi,14,15,28.69468864468866,7,4.926141600008123,"[[1, 3], [2], [4], [5, 10], [6, 8, 9, 11, 13, 14], [7], [12]]"
00068-00000437.soi,soi,6,15,3.5444444444444443,4,0.01425589999416843,"[[1], [2], [3], [4, 5, 6]]"
00068-00000438.soi,soi,5,15,0.9393939393939394,3,0.009694600012153387,"[[1, 4], [2], [3, 5]]"
00068-00000439.soi,soi,7,15,5.5658730158730165,2,0.01873619999969378,"[[1, 6, 7], [2, 3, 4, 5]]"
00068-00000440.soi,soi,8,15,7.237734487734487,3,0.04942039999878034,"[[1, 2, 7], [3], [4, 5, 6, 8]]"
00068-00000441.soi,soi,5,21,0.8064935064935064,4,0.009532500000204891,"[[1], [2], [3, 4], [5]]"
00068-00000442.soi,soi,9,21,9.522869674185461,5,0.06197370000882074,"[[1], [2, 3, 6, 9], [4, 5], [7], [8]]"
00068-00000443.soi,soi,7,15,5.628571428571428,3,0.020116699975915253,"[[1, 2, 4, 6], [3, 7], [5]]"
00068-00000444.soi,soi,4,15,0.8444444443978782,3,0.010308200027793646,"[[1, 3], [2], [4]]"
00068-00000445.soi,soi,7,15,4.9282051282051285,5,0.021739199990406632,"[[1], [2, 7], [3, 5], [4], [6]]"
00068-00000446.soi,soi,8,15,10.843589743589744,5,0.06085140001960099,"[[1, 4, 6, 8], [2], [3], [5], [7]]"
00068-00000447.soi,soi,7,15,9.0515873015873,1,0.03313180000986904,"[[1, 2, 3, 4, 5, 6, 7]]"
00068-00000448.soi,soi,10,15,15.335470085470085,5,0.08999930002028123,"[[1], [2], [3, 4, 5, 7, 8, 9], [6], [10]]"
00068-00000449.soi,soi,6,15,6.15,3,0.02140600001439452,"[[1, 2, 3, 5], [4], [6]]"
00068-00000450.soi,soi,10,15,17.48205128205128,3,0.6950218999991193,"[[1, 6], [2, 8, 9, 10], [3, 4, 5, 7]]"
00068-00000451.soi,soi,10,21,11.828021978021976,5,0.11836140003288165,"[[1], [2, 3, 6, 7, 8, 9], [4], [5], [10]]"
00068-00000452.soi,soi,5,15,3.076923076923076,2,0.015969700005371124,"[[1, 4], [2, 3, 5]]"
00068-00000453.soi,soi,11,21,17.491363211951438,4,0.4417040999978781,"[[1, 2, 3, 5, 6, 7], [4, 10], [8], [9, 11]]"
00068-00000454.soi,soi,9,23,7.77203334423014,6,0.053245400020387024,"[[1, 5, 6, 8], [2], [3], [4], [7], [9]]"
00068-00000455.soi,soi,7,15,5.795238095238094,3,0.028164699964690953,"[[1, 2], [3], [4, 5, 6, 7]]"
00068-00000456.soi,soi,10,15,11.083333333333332,3,0.038534399995114654,"[[1, 2, 9], [3], [4, 5, 6, 7, 8, 10]]"
00068-00000457.soi,soi,5,15,4.18964368964369,2,0.016537299961782992,"[[1, 3, 4, 5], [2]]"
00068-00000458.soi,soi,7,21,3.3509803921568633,4,0.02126979996683076,"[[1, 3], [2, 4, 5], [6], [7]]"
00068-00000459.soi,soi,5,15,3.8653846153846154,3,0.012501099961809814,"[[1, 2], [3], [4, 5]]"
00068-00000460.soi,soi,11,15,18.661971361971368,4,0.9878690000041388,"[[1, 7], [2, 4, 5, 6, 9, 11], [3, 8], [10]]"
00068-00000461.soi,soi,6,15,4.893106893106893,3,0.017558099993038923,"[[1], [2, 4, 5], [3, 6]]"
00068-00000462.soi,soi,6,15,5.722222222222222,3,0.016025700024329126,"[[1, 3, 4], [2, 5], [6]]"
00068-00000463.soi,soi,7,21,3.932683982683982,4,0.02471770002739504,"[[1, 2], [3, 7], [4, 5], [6]]"
00068-00000464.soi,soi,6,15,3.907936507936508,3,0.022925500001292676,"[[1], [2, 3, 4, 5], [6]]"
00068-00000465.soi,soi,4,15,1.882905982983593,1,0.007222400046885014,"[[1, 2, 3, 4]]"
00068-00000466.soi,soi,8,15,12.036496836496836,5,0.40607570001157,"[[1], [2], [3, 4, 7, 8], [5], [6]]"
00068-00000467.soi,soi,8,15,7.096830946830947,5,0.029661200009286404,"[[1], [2, 3, 6, 8], [4], [5], [7]]"
00068-00000468.soi,soi,12,15,21.146969696969695,4,0.6819356000050902,"[[1, 9], [2, 5, 6, 7, 10, 11, 12], [3], [4, 8]]"
00068-00000469.soi,soi,8,15,9.531024531024531,2,0.047524599998723716,"[[1, 2, 4, 5], [3, 6, 7, 8]]"
00068-00000470.soi,soi,6,15,4.360606060606061,4,0.016327599994838238,"[[1], [2, 4], [3, 5], [6]]"
00068-00000471.soi,soi,10,15,18.030303030303028,3,0.12035540002398193,"[[1, 4, 5, 6, 7, 8, 9], [2, 10], [3]]"
00068-00000472.soi,soi,10,21,11.321572871572872,7,0.05568180000409484,"[[1], [2], [3, 5, 6], [4], [7], [8, 10], [9]]"
00068-00000473.soi,soi,8,15,7.575757575757576,6,0.027625099988654256,"[[1], [2, 7], [3, 5], [4], [6], [8]]"
00068-00000474.soi,soi,12,15,25.302380952380954,2,2.717434999998659,"[[1, 2, 3, 4, 6, 8, 9, 10, 11, 12], [5, 7]]"
00068-00000475.soi,soi,9,15,11.028643578643578,3,0.051797799998894334,"[[1, 2, 5, 8], [3, 4, 9], [6, 7]]"
00068-00000476.soi,soi,10,15,15.02209457209457,3,0.6798974999692291,"[[1, 3, 5, 6, 8, 9], [2], [4, 7, 10]]"
00068-00000477.soi,soi,7,15,6.686202686202687,4,0.017996700014919043,"[[1], [2, 3, 4, 5], [6], [7]]"
00068-00000478.soi,soi,5,15,3.323809523809524,2,0.010170700028538704,"[[1, 2, 3, 4], [5]]"
00068-00000479.soi,soi,7,21,6.608447108447109,2,0.02684220002265647,"[[1, 3, 4, 5, 6], [2, 7]]"
00068-00000480.soi,soi,4,15,0.3004329005326847,2,0.00746290001552552,"[[1, 2], [3, 4]]"
00068-00000481.soi,soi,6,15,4.396825396825397,3,0.018952400016132742,"[[1, 3, 4], [2], [5, 6]]"
00068-00000482.soi,soi,10,21,11.17034632034632,6,0.05072369996923953,"[[1, 10], [2], [3, 8], [4, 5, 9], [6], [7]]"
00068-00000483.soi,soi,7,15,6.8047619047619055,5,0.02389519999269396,"[[1], [2, 3], [4], [5], [6, 7]]"
00068-00000484.soi,soi,9,15,14.2,3,0.12762139999540523,"[[1, 4, 5, 7], [2], [3, 6, 8, 9]]"
00068-00000485.soi,soi,8,15,9.739393939393938,3,0.03934570000274107,"[[1, 2, 4, 5, 6], [3], [7, 8]]"
00068-00000486.soi,soi,4,21,1.8107351711993989,3,0.01002310001058504,"[[1, 3], [2], [4]]"
00068-00000487.soi,soi,9,15,12.960606060606061,2,0.04544229997554794,"[[1, 2, 3, 4, 5, 6, 7], [8, 9]]"
00068-00000488.soi,soi,10,15,15.661111111111111,1,0.06277449999470264,"[[1, 2, 3, 4, 5, 6, 7, 8, 9, 10]]"
00068-00000489.soi,soi,12,15,21.668464868464874,4,0.14882000000216067,"[[1, 2, 3, 4, 5, 6, 7, 8], [9], [10], [11, 12]]"
00068-00000490.soi,soi,7,15,6.165034965034966,4,0.020552000030875206,"[[1, 3, 6, 7], [2], [4], [5]]"
00068-00000491.soi,soi,10,15,13.650000000000002,4,0.07775779999792576,"[[1, 4], [2, 8], [3, 5, 6, 7, 9], [10]]"
00068-00000492.soi,soi,7,15,8.86060606060606,3,0.022685599979013205,"[[1, 4, 5, 6, 7], [2], [3]]"
00068-00000493.soi,soi,14,15,30.488095238095237,3,6.364824999996927,"[[1, 2, 3, 5, 8, 10, 11, 12, 13, 14], [4, 6, 9], [7]]"
00068-00000494.soi,soi,5,15,1.1922077922077925,4,0.01133440004196018,"[[1, 2], [3], [4], [5]]"
00068-00000495.soi,soi,7,15,7.995238095238095,3,0.028503999987151474,"[[1, 2, 5, 6, 7], [3], [4]]"
00068-00000496.soi,soi,12,15,23.95970695970696,4,0.45683900004951283,"[[1], [2, 3, 5, 6, 7, 9, 11, 12], [4, 8], [10]]"
00068-00000497.soi,soi,7,15,8.546153846153846,3,0.033703100052662194,"[[1], [2, 3, 4, 6], [5, 7]]"
00068-00000498.soi,soi,4,15,2.166666666666667,1,0.013382999983150512,"[[1, 2, 3, 4]]"
00068-00000499.soi,soi,7,15,7.511111111111111,3,0.0365808000206016,"[[1, 2, 3, 4, 7], [5], [6]]"
00068-00000500.soi,soi,10,15,17.505527805527805,4,0.3074259999557398,"[[1, 6], [2, 5, 8, 9, 10], [3], [4, 7]]"
00068-00000501.soi,soi,5,15,2.9880341880341876,3,0.0150916000129655,"[[1], [2, 3, 4], [5]]"
00068-00000502.soi,soi,8,15,10.093373293373293,4,0.04424229997675866,"[[1, 3, 4, 5, 8], [2], [6], [7]]"
00068-00000503.soi,soi,5,15,2.8263736263736265,1,0.014015100023243576,"[[1, 2, 3, 4, 5]]"
00068-00000504.soi,soi,4,15,1.6282051283913932,1,0.00946450000628829,"[[1, 2, 3, 4]]"
00068-00000505.soi,soi,5,15,1.7402597402597397,3,0.007249499962199479,"[[1, 4], [2, 3], [5]]"
00068-00000506.soi,soi,5,15,0.8666666666666663,3,0.010460499965120107,"[[1], [2, 4], [3, 5]]"
00068-00000507.soi,soi,10,15,12.944227994227996,4,0.17127770005026832,"[[1, 4], [2, 3, 6, 7, 8, 10], [5], [9]]"
00068-00000508.soi,soi,7,15,6.202231102231102,4,0.0273340999847278,"[[1], [2, 4, 6], [3, 5], [7]]"
00068-00000509.soi,soi,9,15,16.322588522588525,3,0.6187144999857992,"[[1, 2, 3, 4, 5, 6, 8], [7], [9]]"
00068-00000510.soi,soi,7,21,4.933731954320189,3,0.016797799966298044,"[[1], [2, 4, 6, 7], [3, 5]]"
00068-00000511.soi,soi,15,15,34.91522366522366,3,3.615664499986451,"[[1, 2, 3, 5, 6, 7, 11, 14, 15], [4, 8, 10, 13], [9, 12]]"
00068-00000512.soi,soi,10,15,16.562937062937063,3,0.09142660000361502,"[[1, 2, 3, 4, 5, 6, 7, 10], [8], [9]]"
00068-00000513.soi,soi,8,15,10.473382173382173,5,0.052335300017148256,"[[1, 7], [2, 3, 8], [4], [5], [6]]"
00068-00000514.soi,soi,8,21,10.716633366633367,4,0.040490099985618144,"[[1, 5, 6, 7], [2], [3, 4], [8]]"
00068-00000515.soi,soi,5,15,2.4633699633699635,2,0.00808669999241829,"[[1, 3, 4, 5], [2]]"
00068-00000516.soi,soi,4,15,1.9056277056912048,2,0.012276800000108778,"[[1, 2], [3, 4]]"
00068-00000517.soi,soi,8,15,12.1,1,0.05819340003654361,"[[1, 2, 3, 4, 5, 6, 7, 8]]"
00068-00000518.soi,soi,8,15,7.5,6,0.029000299982726574,"[[1, 3, 5], [2], [4], [6], [7], [8]]"
00068-00000519.soi,soi,6,15,6.685714285714285,6,0.01867389999097213,"[[1], [2], [3], [4], [5], [6]]"
00068-00000520.soi,soi,11,21,18.902377155008736,4,3.3089204999851063,"[[1, 2, 5, 7, 10, 11], [3, 8], [4], [6, 9]]"
00068-00000521.soi,soi,8,15,10.92012987012987,4,0.03524190001189709,"[[1], [2, 6, 8], [3, 5, 7], [4]]"
00068-00000522.soi,soi,5,15,4.064935064935065,1,0.008477099996525794,"[[1, 2, 3, 4, 5]]"
00068-00000523.soi,soi,7,15,6.2124542124542135,4,0.0222094000200741,"[[1], [2], [3, 5, 7], [4, 6]]"
00068-00000524.soi,soi,6,21,3.5494587284060968,3,0.017578800034243613,"[[1, 3], [2], [4, 5, 6]]"
00068-00000525.soi,soi,9,21,9.077380952380953,4,0.032579899998381734,"[[1, 2], [3, 9], [4, 6, 7], [5, 8]]"
00068-00000526.soi,soi,7,15,5.1000000000000005,3,0.052393299993127584,"[[1, 4, 5], [2, 3], [6, 7]]"
00068-00000527.soi,soi,6,15,6.111904761904762,2,0.02111149998381734,"[[1, 2, 3, 5], [4, 6]]"
00068-00000528.soi,soi,7,15,6.809523809523809,3,0.019786200020462275,"[[1, 4, 6, 7], [2, 3], [5]]"
00068-00000529.soi,soi,6,15,1.5523809523809522,5,0.01437600003555417,"[[1], [2, 4], [3], [5], [6]]"
00068-00000530.soi,soi,11,23,9.66842529451225,6,0.06197729997802526,"[[1], [2, 3, 4, 7, 9], [5], [6], [8, 11], [10]]"
00068-00000531.soi,soi,6,15,5.333333333333333,2,0.016641800000797957,"[[1], [2, 3, 4, 5, 6]]"
00068-00000532.soi,soi,6,15,4.527172827172826,4,0.012953400029800832,"[[1], [2], [3, 4, 6], [5]]"
00068-00000533.soi,soi,9,21,11.704784688995215,6,0.03471679997164756,"[[1], [2, 8], [3, 5, 6], [4], [7], [9]]"
00068-00000534.soi,soi,8,15,6.5962481962481965,3,0.022253200004342943,"[[1, 6], [2, 3, 4, 5, 7], [8]]"
00068-00000535.soi,soi,7,15,6.109956709956709,3,0.018441200023517013,"[[1, 5, 6, 7], [2, 3], [4]]"
00068-00000536.soi,soi,6,21,6.283333333333333,4,0.014406499976757914,"[[1, 5, 6], [2], [3], [4]]"
00068-00000537.soi,soi,6,15,1.7948717948717947,3,0.011552800016943365,"[[1, 6], [2, 4], [3, 5]]"
00068-00000538.soi,soi,18,15,41.260606060606065,2,0.8810820000362583,"[[1, 4, 5, 6, 7, 8, 9, 10, 11, 13, 14, 15, 16, 17], [2, 3, 12, 18]]"
00068-00000539.soi,soi,15,15,43.59356199356199,9,11.857239299977664,"[[1], [2, 12], [3, 4, 8, 11, 13], [5, 14], [6], [7], [9], [10], [15]]"
00068-00000540.soi,soi,12,15,29.261038961038963,3,1.0217690999852493,"[[1, 2, 3, 4, 5, 6, 7, 8, 10, 11], [9], [12]]"
00068-00000541.soi,soi,7,15,8.303663003663004,2,0.028740600042510778,"[[1, 2, 4, 6], [3, 5, 7]]"
00068-00000542.soi,soi,11,15,25.667099567099566,2,2.0319152000010945,"[[1, 2, 3, 4, 5, 6, 7, 8, 9, 11], [10]]"
00068-00000543.soi,soi,11,15,20.449999999999996,2,0.09358649997739121,"[[1, 2, 3, 4, 5, 6, 8, 9, 10, 11], [7]]"
00068-00000544.soi,soi,9,21,12.878298241146538,3,0.06458700000075623,"[[1, 2, 3, 4, 5, 6, 9], [7], [8]]"
00068-00000545.soi,soi,12,15,23.028066378066377,3,0.23143759998492897,"[[1, 3, 4, 5, 6, 7, 9, 11], [2, 8, 10], [12]]"
00068-00000546.soi,soi,6,15,1.7999999999999998,4,0.010975499986670911,"[[1], [2, 3], [4], [5, 6]]"
00068-00000547.soi,soi,10,15,18.16190476190476,1,0.03806590003659949,"[[1, 2, 3, 4, 5, 6, 7, 8, 9, 10]]"
00068-00000548.soi,soi,15,15,34.045743145743145,4,8.830065699992701,"[[1, 2, 3, 6, 7, 9, 11, 12, 13, 15], [4], [5, 10], [8, 14]]"
00068-00000549.soi,soi,13,21,21.850182230909784,6,0.1421766999992542,"[[1, 4], [2, 3, 9], [5], [6], [7, 10], [8, 11, 12, 13]]"
00068-00000550.soi,soi,7,15,3.953846153846154,3,0.016496600001119077,"[[1, 4, 7], [2, 5], [3, 6]]"
00068-00000551.soi,soi,8,21,7.767701579466285,3,0.032643400016240776,"[[1, 3, 5], [2, 6, 7, 8], [4]]"
00068-00000552.soi,soi,13,15,25.968398268398264,2,1.6148742999648675,"[[1, 3, 4, 5, 6, 9, 10, 12, 13], [2, 7, 8, 11]]"
00068-00000553.soi,soi,9,15,13.107359307359308,4,0.12144700001226738,"[[1, 6], [2], [3, 5], [4, 7, 8, 9]]"
00068-00000554.soi,soi,12,15,25.392063492063492,5,1.381216499954462,"[[1, 3, 5, 8, 9, 11], [2, 4], [6, 7], [10], [12]]"
00068-00000555.soi,soi,12,15,24.19910644910645,3,0.382910999993328,"[[1, 3, 4, 9], [2, 5, 6, 7, 11, 12], [8, 10]]"
00068-00000556.soi,soi,5,15,3.688888888888889,2,0.007514299999456853,"[[1, 2, 3, 4], [5]]"
00068-00000557.soi,soi,7,15,6.831318681318682,3,0.01705619995482266,"[[1, 3, 5, 6, 7], [2], [4]]"
00068-00000558.soi,soi,18,15,37.58730158730166,2,5.282553699973505,"[[1, 2, 3, 4, 5, 6, 7, 8, 9, 10, 11, 12, 13, 14, 16, 17, 18], [15]]"
00068-00000559.soi,soi,8,15,8.266666666666666,4,0.033926400006748736,"[[1], [2, 3, 6, 8], [4, 5], [7]]"
00068-00000560.soi,soi,8,15,8.13888888888889,5,0.027911499957554042,"[[1, 5], [2, 6], [3], [4, 8], [7]]"
00068-00000561.soi,soi,11,15,22.33095238095238,3,0.12146780005423352,"[[1, 4, 6, 10], [2, 3, 5, 7, 8, 9], [11]]"
00068-00000562.soi,soi,7,15,3.3928571428571423,5,0.02085799997439608,"[[1], [2, 7], [3], [4], [5, 6]]"
00068-00000563.soi,soi,8,15,8.333333333333332,2,0.028684300021268427,"[[1, 3, 4, 5, 7, 8], [2, 6]]"
00068-00000564.soi,soi,9,21,13.346886446886446,6,0.3221084999968298,"[[1, 3, 4, 8], [2], [5], [6], [7], [9]]"
00068-00000565.soi,soi,6,15,4.142857142857142,4,0.01726079999934882,"[[1], [2, 5, 6], [3], [4]]"
00068-00000566.soi,soi,11,15,18.042124497011784,4,1.0214110999950208,"[[1, 4, 7], [2, 3, 5, 6, 10, 11], [8], [9]]"
00068-00000567.soi,soi,7,15,7.487878787878787,3,0.017038799996953458,"[[1], [2], [3, 4, 5, 6, 7]]"
00068-00000568.soi,soi,7,15,6.526190476190476,5,0.033561899967025965,"[[1], [2], [3, 7], [4, 6], [5]]"
00068-00000569.soi,soi,12,23,18.42857142857143,3,0.21369220002088696,"[[1, 2, 3, 4, 5, 6, 7, 9, 11, 12], [8], [10]]"
00068-00000570.soi,soi,10,15,18.45634920634921,3,0.13303610001457855,"[[1, 2, 3, 5, 6, 7, 8, 10], [4], [9]]"
00068-00000571.soi,soi,12,15,14.922077922077921,3,0.08296190004330128,"[[1, 4, 11], [2, 3, 5, 6, 7, 8, 9, 12], [10]]"
00068-00000572.soi,soi,8,15,6.529725829725829,3,0.02486150001641363,"[[1, 2], [3, 4, 6, 7, 8], [5]]"
00068-00000573.soi,soi,7,15,7.718686868686869,3,0.018548899970483035,"[[1, 5, 6], [2], [3, 4, 7]]"
00068-00000574.soi,soi,12,15,25.357142857142858,4,5.587960799981374,"[[1, 5, 6, 8, 9, 10, 12], [2], [3, 4], [7, 11]]"
00068-00000575.soi,soi,15,15,43.28333333333333,2,2.388770600024145,"[[1, 2, 3, 4, 5, 6, 7, 8, 10, 11, 12, 13, 14, 15], [9]]"
00068-00000576.soi,soi,11,15,20.464285714285715,3,1.589527599979192,"[[1, 2, 3, 4, 5, 6, 9, 10], [7, 8], [11]]"
00068-00000577.soi,soi,9,15,10.547940947940948,3,0.041501799947582185,"[[1, 2, 5, 6, 7, 9], [3, 4], [8]]"
00068-00000578.soi,soi,7,15,4.6,2,0.015636299969628453,"[[1, 3, 5, 6], [2, 4, 7]]"
00068-00000579.soi,soi,9,21,10.29992654404419,4,0.037941800022963434,"[[1], [2, 7], [3, 5, 8, 9], [4, 6]]"
00068-00000580.soi,soi,9,21,11.64453781512605,3,0.06792960001621395,"[[1, 2, 7, 9], [3, 4, 6, 8], [5]]"
00068-00000581.soi,soi,6,15,4.903030303030302,3,0.014428900030907243,"[[1], [2, 3, 6], [4, 5]]"
00068-00000582.soi,soi,17,15,50.71825396825396,2,17.799814599973615,"[[1, 2, 3, 4, 5, 6, 7, 8, 9, 10, 11, 12, 13, 14, 15, 17], [16]]"
00068-00000583.soi,soi,11,15,23.342490842490843,4,1.4803236000007018,"[[1], [2, 3, 4, 8, 9, 11], [5, 7], [6, 10]]"
00068-00000584.soi,soi,6,21,3.1658119658119657,3,0.010420999955385923,"[[1, 3, 4], [2, 5], [6]]"
00068-00000585.soi,soi,8,21,9.343604108309991,4,0.1375885999877937,"[[1], [2, 3, 4], [5, 6, 7], [8]]"
00068-00000586.soi,soi,10,15,12.394893994893994,4,0.05225800001062453,"[[1, 6, 7, 8, 9, 10], [2, 3], [4], [5]]"
00068-00000587.soi,soi,7,15,8.126495726495726,2,0.02293669997015968,"[[1, 2, 4, 5, 6, 7], [3]]"
00068-00000588.soi,soi,9,21,9.31096681096681,5,0.05398329999297857,"[[1, 2, 6, 7, 9], [3], [4], [5], [8]]"
00068-00000589.soi,soi,7,15,9.128787878787879,4,0.02131899999221787,"[[1], [2, 7], [3, 4, 6], [5]]"
00068-00000590.soi,soi,9,15,12.856060606060606,2,0.14458620001096278,"[[1, 2, 3, 7, 8, 9], [4, 5, 6]]"
00068-00000591.soi,soi,6,15,5.746969696969697,4,0.019959900004323572,"[[1], [2], [3, 4, 6], [5]]"
00068-00000592.soi,soi,8,15,8.837662337662337,3,0.039595100039150566,"[[1, 2, 3, 5, 6, 8], [4], [7]]"
00068-00000593.soi,soi,6,15,4.62985347985348,2,0.01609190000453964,"[[1, 4, 5], [2, 3, 6]]"
00068-00000594.soi,soi,8,21,8.644585823533193,4,0.03788950003217906,"[[1, 3, 5], [2], [4, 7, 8], [6]]"
00068-00000595.soi,soi,10,15,13.119047619047619,3,0.05213909997837618,"[[1, 4, 6, 7, 9, 10], [2, 5, 8], [3]]"
00068-00000596.soi,soi,5,15,4.228205128205127,3,0.009364099998492748,"[[1, 4], [2, 5], [3]]"
00068-00000597.soi,soi,10,15,15.603174603174603,2,0.06525629997486249,"[[1, 2, 3, 5, 6, 7, 8, 9, 10], [4]]"
00068-00000598.soi,soi,7,15,6.698412698412699,2,0.33750149997649714,"[[1, 2, 4, 5, 6], [3, 7]]"
00068-00000599.soi,soi,18,23,47.889254563207984,4,26.76650480000535,"[[1, 8, 14], [2, 4, 7, 13, 16, 17], [3, 5, 6, 9, 10, 11, 18], [12, 15]]"
00068-00000600.soi,soi,6,21,3.319047619047619,3,0.016261600016150624,"[[1, 4, 5], [2, 3], [6]]"
00068-00000601.soi,soi,5,15,1.3626373626373631,4,0.012385200010612607,"[[1], [2], [3, 4], [5]]"
00068-00000602.soi,soi,7,15,5.900854700854701,4,0.02907509997021407,"[[1], [2], [3, 4, 6, 7], [5]]"
00068-00000603.soi,soi,15,21,37.235929567508514,3,6.498157900001388,"[[1, 2, 5, 6, 7, 8, 9, 10, 11, 12, 13, 14, 15], [3], [4]]"
00068-00000604.soi,soi,18,15,43.94761904761905,2,6.238847900007386,"[[1, 3, 4, 5, 6, 7, 8, 9, 10, 11, 12, 13, 14, 15, 16, 17, 18], [2]]"
00068-00000605.soi,soi,11,15,21.185714285714283,5,1.5843573000165634,"[[1], [2], [3, 5, 6, 7, 8, 9, 11], [4], [10]]"
00068-00000606.soi,soi,11,15,22.13284493284493,2,0.9693127000355162,"[[1, 2, 4, 5, 6, 8, 9, 10, 11], [3, 7]]"
00068-00000607.soi,soi,7,21,3.5,4,0.012038599990773946,"[[1, 5], [2, 3, 4], [6], [7]]"
00068-00000608.soi,soi,10,15,16.273698523698524,3,0.555928000016138,"[[1, 4, 5, 7, 9, 10], [2, 3, 6], [8]]"
00068-00000609.soi,soi,10,15,12.179120879120878,3,0.06080839998321608,"[[1], [2], [3, 4, 5, 6, 7, 8, 9, 10]]"
00068-00000610.soi,soi,6,21,4.43009768009768,2,0.021937300043646246,"[[1], [2, 3, 4, 5, 6]]"
00068-00000611.soi,soi,6,15,3.3223443223443225,1,0.011658999952487648,"[[1, 2, 3, 4, 5, 6]]"
00068-00000612.soi,soi,12,15,18.711111111111112,1,0.08134999999310821,"[[1, 2, 3, 4, 5, 6, 7, 8, 9, 10, 11, 12]]"
00068-00000613.soi,soi,7,21,3.876739926739927,4,0.018015199981164187,"[[1, 2, 4, 6], [3], [5], [7]]"
00068-00000614.soi,soi,8,21,12.38809523809524,3,0.04553529998520389,"[[1, 2, 3, 4, 6, 7], [5], [8]]"
00068-00000615.soi,soi,9,15,15.2,1,0.03864129999419674,"[[1, 2, 3, 4, 5, 6, 7, 8, 9]]"
00068-00000616.soi,soi,7,15,3.217604617604618,2,0.012244499986991286,"[[1, 2, 4], [3, 5, 6, 7]]"
00068-00000617.soi,soi,10,15,14.26868686868687,3,0.05701360001694411,"[[1, 2, 4, 6, 9, 10], [3, 5, 7], [8]]"
00068-00000618.soi,soi,6,21,2.704761904761904,4,0.0138071000110358,"[[1, 3], [2], [4, 6], [5]]"
00068-00000619.soi,soi,6,15,4.742857142857142,4,0.018032000050880015,"[[1, 3], [2], [4, 5], [6]]"
00068-00000620.soi,soi,10,15,12.183488733488733,6,0.05575850000604987,"[[1, 4, 5, 6], [2], [3], [7, 10], [8], [9]]"
00068-00000621.soi,soi,5,15,3.1406926406926408,2,0.011123200005386025,"[[1, 2, 4, 5], [3]]"
00068-00000622.soi,soi,9,21,9.328066378066376,4,0.03051970002707094,"[[1], [2, 3, 5, 9], [4, 6, 7], [8]]"
00068-00000623.soi,soi,5,15,3.6666666666666665,3,0.009237300022505224,"[[1, 2, 5], [3], [4]]"
00068-00000624.soi,soi,5,15,3.308441558441559,1,0.012527099985163659,"[[1, 2, 3, 4, 5]]"
00068-00000625.soi,soi,11,21,16.065101565101564,4,0.06029280001530424,"[[1, 4, 6], [2, 3, 5, 7, 8, 10], [9], [11]]"
00068-00000626.soi,soi,10,21,15.895066045066045,5,0.08607420005137101,"[[1, 5, 7, 8, 10], [2, 9], [3], [4], [6]]"
00068-00000627.soi,soi,20,15,51.73463203463203,3,43.25971579999896,"[[1, 2, 3, 4, 5, 6, 7, 8, 9, 11, 12, 14, 15, 16, 18, 19, 20], [10], [13, 17]]"
00068-00000628.soi,soi,5,21,1.8571428571428574,3,0.011961199983488768,"[[1], [2, 5], [3, 4]]"
00068-00000629.soi,soi,9,15,9.878371628371628,4,0.04104360000928864,"[[1, 2, 3, 5, 8], [4, 6], [7], [9]]"
00068-00000630.soi,soi,6,15,5.305500055500055,3,0.017048300011083484,"[[1, 2, 5], [3, 6], [4]]"
00068-00000631.soi,soi,9,15,16.197302697302696,3,0.5934416000382043,"[[1, 3, 4, 5, 6, 7, 8], [2], [9]]"
00068-00000632.soi,soi,11,15,15.422222222222222,3,0.053215400024782866,"[[1, 4, 5, 6, 7, 8, 9, 10, 11], [2], [3]]"
00068-00000633.soi,soi,6,15,4.801864801864802,5,0.014646700001321733,"[[1], [2], [3, 6], [4], [5]]"
00068-00000634.soi,soi,19,21,62.992729930887826,5,29.6696113999933,"[[1, 2, 3, 4, 5, 7, 9, 11, 12, 13, 14, 15, 16, 18, 19], [6], [8], [10], [17]]"
00068-00000635.soi,soi,8,15,7.3999999999999995,3,0.02541240002028644,"[[1], [2, 3], [4, 5, 6, 7, 8]]"
00068-00000636.soi,soi,11,15,23.020634920634922,2,2.924849800008815,"[[1, 8, 10], [2, 3, 4, 5, 6, 7, 9, 11]]"
00068-00000637.soi,soi,8,21,8.60999614420667,5,0.027712500013876706,"[[1], [2], [3, 4, 6, 7], [5], [8]]"
00068-00000638.soi,soi,5,15,4.628571428571428,3,0.008732800022698939,"[[1, 2, 5], [3], [4]]"
00068-00000639.soi,soi,4,15,1.8542124542900642,2,0.009195299993734807,"[[1, 2, 3], [4]]"
00068-00000640.soi,soi,6,15,5.280375180375181,1,0.020635399967432022,"[[1, 2, 3, 4, 5, 6]]"
00068-00000641.soi,soi,7,15,5.857142857142858,7,0.01463379996130243,"[[1], [2], [3], [4], [5], [6], [7]]"
00068-00000642.soi,soi,7,15,6.118903318903319,4,0.025202500051818788,"[[1, 2, 4], [3, 6], [5], [7]]"
00068-00000643.soi,soi,11,15,16.519813519813518,5,0.19321920000948012,"[[1, 5, 6], [2, 11], [3], [4, 7, 8, 10], [9]]"
00068-00000644.soi,soi,12,15,31.716483516483517,7,4.523274700040929,"[[1], [2, 5, 6], [3, 8, 10], [4], [7], [9, 12], [11]]"
00068-00000645.soi,soi,5,15,1.7523809523809524,2,0.007926299993414432,"[[1, 2, 3, 5], [4]]"
00068-00000646.soi,soi,9,15,9.856926406926407,3,0.030431599996518344,"[[1, 5, 6, 9], [2, 3], [4, 7, 8]]"
00068-00000647.soi,soi,5,15,1.1736263736263735,2,0.008480500022415072,"[[1], [2, 3, 4, 5]]"
00068-00000648.soi,soi,7,15,7.967032967032967,3,0.03304559999378398,"[[1], [2, 3, 5, 7], [4, 6]]"
00068-00000649.soi,soi,8,15,7.528205128205128,6,0.026652100030332804,"[[1], [2], [3, 7], [4], [5, 6], [8]]"
00068-00000650.soi,soi,9,15,13.359124209124209,2,0.05376169999362901,"[[1, 2, 3, 5, 6, 7, 8, 9], [4]]"
00068-00000651.soi,soi,18,15,44.36410256410256,3,4.737149299995508,"[[1, 2, 3, 4, 5, 6, 7, 8, 10, 11, 12, 13, 14, 15, 16, 17], [9], [18]]"
00068-00000652.soi,soi,9,15,10.613308913308913,5,0.036837899999227375,"[[1, 4, 6], [2, 9], [3, 5], [7], [8]]"
00068-00000653.soi,soi,6,15,2.333333333333333,5,0.00968369998736307,"[[1], [2], [3, 4], [5], [6]]"
00068-00000654.soi,soi,12,15,16.066666666666666,2,0.11966190004022792,"[[1, 2, 3, 4, 5, 6, 8, 9, 10, 11], [7, 12]]"
00068-00000655.soi,soi,5,15,2.516938616938617,1,0.006893999991007149,"[[1, 2, 3, 4, 5]]"
00068-00000656.soi,soi,8,15,9.32153402153402,3,0.034255300008226186,"[[1], [2, 6, 8], [3, 4, 5, 7]]"
00068-00000657.soi,soi,13,15,28.083333333333332,3,1.010955700010527,"[[1, 2, 3, 4, 6, 7, 9, 10, 11, 12, 13], [5], [8]]"
00068-00000658.soi,soi,6,15,2.695970695970696,3,0.010176299954764545,"[[1, 6], [2, 4, 5], [3]]"
00068-00000659.soi,soi,6,21,3.7142857142857135,3,0.015409499988891184,"[[1, 6], [2], [3, 4, 5]]"
00068-00000660.soi,soi,4,15,1.0023310022273413,3,0.008535400032997131,"[[1, 3], [2], [4]]"
00068-00000661.soi,soi,7,15,8.711111111111112,2,0.0464598000398837,"[[1, 2, 4, 5, 6, 7], [3]]"
00068-00000662.soi,soi,5,15,1.9555555555555557,4,0.007663800031878054,"[[1], [2, 5], [3], [4]]"
00068-00000663.soi,soi,20,15,39.252525252525245,3,4.539442099980079,"[[1, 2, 3, 4, 5, 6, 8, 9, 10, 12, 14, 15, 16, 17, 18, 19, 20], [7], [11, 13]]"
00068-00000664.soi,soi,4,15,1.9435897436864575,2,0.009140699985437095,"[[1, 2, 4], [3]]"
00068-00000665.soi,soi,11,23,17.412573104644714,9,0.1044485000311397,"[[1], [2, 5], [3], [4, 9], [6], [7], [8], [10], [11]]"
00068-00000666.soi,soi,10,15,17.185858585858586,4,0.39821980003034696,"[[1, 3], [2, 4, 5, 8], [6, 9, 10], [7]]"
00068-00000667.soi,soi,16,15,37.99090909090909,2,6.92801790003432,"[[1, 2, 3, 4, 5, 7, 8, 9, 10, 11, 12, 13, 14, 15, 16], [6]]"
00068-00000668.soi,soi,15,15,44.41197691197691,2,6.840520300029311,"[[1, 2, 3, 4, 5, 6, 7, 8, 10, 11, 12, 13, 14, 15], [9]]"
00068-00000669.soi,soi,8,21,6.85686274509804,4,0.0361764999688603,"[[1], [2, 3, 5, 7, 8], [4], [6]]"
00068-00000670.soi,soi,7,21,5.201298701298701,6,0.018316500005312264,"[[1], [2, 3], [4], [5], [6], [7]]"
00068-00000671.soi,soi,7,15,4.2303030303030305,5,0.018281899974681437,"[[1, 7], [2, 3], [4], [5], [6]]"
00068-00000672.soi,soi,13,15,29.474891774891773,5,5.385575300024357,"[[1, 2, 6, 7, 8, 9, 11, 12], [3, 13], [4], [5], [10]]"
00068-00000673.soi,soi,6,15,3.5570318570318573,4,0.013985199970193207,"[[1, 4], [2, 3], [5], [6]]"
00068-00000674.soi,soi,7,15,6.753496503496504,3,0.02346419997047633,"[[1], [2], [3, 4, 5, 6, 7]]"
00068-00000675.soi,soi,5,15,2.1166666666666667,5,0.006611599994357675,"[[1], [2], [3], [4], [5]]"
00068-00000676.soi,soi,6,15,4.695238095238095,3,0.014766099979169667,"[[1, 3, 5], [2], [4, 6]]"
00068-00000677.soi,soi,12,15,26.247619047619047,3,1.0592764999601059,"[[1, 4, 5, 7, 9], [2, 8, 10, 11], [3, 6, 12]]"
00068-00000678.soi,soi,10,21,13.923653539443013,3,0.04891349998069927,"[[1, 4, 5, 6, 7, 8, 10], [2, 3], [9]]"
00068-00000679.soi,soi,8,15,11.685930735930736,4,0.06498269998701289,"[[1, 3], [2, 7, 8], [4, 6], [5]]"
00068-00000680.soi,soi,12,21,15.281818181818181,3,0.06337079999502748,"[[1, 2, 3, 4, 6, 7, 9, 10, 11, 12], [5], [8]]"
00068-00000681.soi,soi,14,21,22.13325563325563,3,0.1907257999991998,"[[1, 12], [2, 3, 4, 5, 6, 7, 8, 10, 11, 13, 14], [9]]"
00068-00000682.soi,soi,15,15,31.416666666666664,2,2.0108662999700755,"[[1, 2, 3, 4, 5, 6, 7, 8, 9, 10, 11, 13, 14, 15], [12]]"
00068-00000683.soi,soi,7,15,4.1499999999999995,1,0.018874600005801767,"[[1, 2, 3, 4, 5, 6, 7]]"
00068-00000684.soi,soi,8,15,9.045787545787546,5,0.032621500024106354,"[[1, 4, 5], [2], [3, 6], [7], [8]]"
00068-00000685.soi,soi,9,15,13.07813852813853,3,0.0997808999964036,"[[1, 2, 3, 4, 8], [5, 6, 7], [9]]"
00068-00000686.soi,soi,6,15,2.182539682539683,4,0.010412000003270805,"[[1], [2, 5], [3], [4, 6]]"
00068-00000687.soi,soi,7,15,3.939682539682539,2,0.020641400013118982,"[[1, 2, 3], [4, 5, 6, 7]]"
00068-00000688.soi,soi,10,21,16.37107843137255,3,0.8368958999635652,"[[1, 2, 3, 4, 5, 6, 9, 10], [7], [8]]"
00068-00000689.soi,soi,12,15,23.30584415584415,4,6.007389700040221,"[[1, 3, 7, 10, 11, 12], [2, 8], [4, 6, 9], [5]]"
00068-00000690.soi,soi,10,21,14.673019086176978,5,0.07813270000042394,"[[1, 4, 7], [2, 3], [5, 8, 9], [6], [10]]"
00068-00000691.soi,soi,13,21,27.10458130620669,6,2.379995900031645,"[[1, 10, 13], [2, 6], [3, 4, 7, 11], [5, 12], [8], [9]]"
00068-00000692.soi,soi,7,15,6.514102564102563,5,0.025660599989350885,"[[1, 4, 6], [2], [3], [5], [7]]"
00068-00000693.soi,soi,7,15,6.933333333333334,2,0.019117899995762855,"[[1, 3, 4, 5, 6, 7], [2]]"
00068-00000694.soi,soi,13,15,22.63030303030303,3,0.3851464000181295,"[[1, 12], [2, 3, 4, 5, 7, 8, 9, 10, 11, 13], [6]]"
00068-00000695.soi,soi,10,15,12.103463203463203,6,0.04157880001002923,"[[1, 2, 7, 8], [3], [4, 6], [5], [9], [10]]"
00068-00000696.soi,soi,10,15,15.380663780663783,3,0.9430419999989681,"[[1, 5, 7, 8], [2, 9], [3, 4, 6, 10]]"
00068-00000697.soi,soi,16,23,42.13777916270176,4,12.089574499987066,"[[1], [2, 3, 4, 5, 6, 7, 8, 10, 13, 16], [9, 11, 14, 15], [12]]"
00068-00000698.soi,soi,14,21,32.74047619047619,7,6.659970999986399,"[[1], [2, 14], [3], [4, 8, 10], [5, 9, 12, 13], [6], [7, 11]]"
00068-00000699.soi,soi,10,15,17.783333333333335,5,0.30057800002396107,"[[1, 2, 3, 7, 8, 10], [4], [5], [6], [9]]"
00068-00000700.soi,soi,5,15,1.6538461538461537,3,0.0074699000106193125,"[[1, 2, 4], [3], [5]]"
00068-00000701.soi,soi,7,15,7.33939393939394,2,0.02458430000115186,"[[1, 2, 3, 5, 6, 7], [4]]"
00068-00000702.soi,soi,4,15,1.6307692306796804,2,0.010442500002682209,"[[1, 2], [3, 4]]"
00068-00000703.soi,soi,8,15,11.073443223443224,2,0.03538860002299771,"[[1, 2, 3, 5, 6, 7, 8], [4]]"
00068-00000704.soi,soi,5,15,3.6134754134754137,2,0.009288499946705997,"[[1, 4, 5], [2, 3]]"
00068-00000705.soi,soi,8,21,7.8068181818181825,3,0.017610999988391995,"[[1, 2, 3, 5, 6], [4, 8], [7]]"
00068-00000706.soi,soi,7,15,2.9833333333333325,3,0.019453799992334098,"[[1], [2, 3, 5], [4, 6, 7]]"
00068-00000707.soi,soi,5,15,3.726984126984127,3,0.009966299985535443,"[[1, 5], [2], [3, 4]]"
00068-00000708.soi,soi,9,21,11.177616501145915,4,0.03858250001212582,"[[1, 5, 8], [2, 3, 6, 7], [4], [9]]"
00068-00000709.soi,soi,5,15,2.12008547008547,3,0.006160599994473159,"[[1, 3, 4], [2], [5]]"
00068-00000710.soi,soi,7,15,4.7333333333333325,5,0.018878300033975393,"[[1, 2], [3], [4, 5], [6], [7]]"
00068-00000711.soi,soi,5,15,3.3376623376623376,2,0.00729249999858439,"[[1, 2, 3, 5], [4]]"
00068-00000712.soi,soi,4,15,1.8222222223774422,1,0.009088399994652718,"[[1, 2, 3, 4]]"
00068-00000713.soi,soi,7,15,4.943956043956044,5,0.014468599983956665,"[[1], [2, 5], [3, 7], [4], [6]]"
00068-00000714.soi,soi,5,15,3.0282828282828285,2,0.007614700007252395,"[[1, 3, 4, 5], [2]]"
00068-00000715.soi,soi,7,15,4.984737484737485,2,0.018598199996631593,"[[1, 2, 4, 6, 7], [3, 5]]"
00068-00000716.soi,soi,9,21,12.251692751692753,3,0.07321049994789064,"[[1, 2, 3, 4, 5, 6, 8], [7], [9]]"
00068-00000717.soi,soi,6,15,4.024481074481076,4,0.014283100026659667,"[[1, 3], [2, 5], [4], [6]]"
00068-00000718.soi,soi,8,15,8.71996336996337,4,0.03691079997224733,"[[1, 2, 3, 5], [4], [6, 8], [7]]"
00068-00000719.soi,soi,12,15,25.646176046176045,3,0.7609528999892063,"[[1, 5, 12], [2, 3, 7, 8, 9, 10, 11], [4, 6]]"
00068-00000720.soi,soi,11,15,24.42101232101232,5,1.124633300001733,"[[1, 2, 8], [3, 5, 9, 11], [4, 10], [6], [7]]"
00068-00000721.soi,soi,11,15,21.25127095127095,3,1.305253400001675,"[[1, 3, 7, 8, 9], [2, 4, 5, 6, 11], [10]]"
00068-00000722.soi,soi,19,15,59.11506826506827,5,31.978042100032326,"[[1, 9, 15, 19], [2, 3], [4, 5, 11, 14], [6, 7, 8, 10, 13, 16, 17, 18], [12]]"
00068-00000723.soi,soi,6,15,2.25,5,0.014729499991517514,"[[1], [2], [3], [4], [5, 6]]"
00068-00000724.soi,soi,5,15,5.366666666666667,1,0.008659299986902624,"[[1, 2, 3, 4, 5]]"
00068-00000725.soi,soi,9,15,13.516666666666666,4,0.13160640001296997,"[[1], [2, 3, 4, 5, 6, 7], [8], [9]]"
00068-00000726.soi,soi,17,15,38.01587301587301,2,14.40743790002307,"[[1, 2, 4, 5, 6, 7, 8, 9, 10, 11, 12, 13, 14, 15, 16, 17], [3]]"
00068-00000727.soi,soi,9,15,15.583760683760683,3,0.5411067000241019,"[[1, 2, 3, 4, 5, 7, 9], [6], [8]]"
00068-00000728.soi,soi,10,15,12.624025974025972,3,0.08121729997219518,"[[1, 2, 4, 5, 6, 8, 9, 10], [3], [7]]"
00068-00000729.soi,soi,12,21,23.782921464500426,2,0.7113462999695912,"[[1, 3, 5, 7, 8, 10, 11, 12], [2, 4, 6, 9]]"
00068-00000730.soi,soi,7,15,8.231746031746033,3,0.023555500025395304,"[[1, 4, 6, 7], [2, 5], [3]]"
00068-00000731.soi,soi,7,15,4.728205128205127,4,0.015562499989755452,"[[1, 7], [2, 4, 5], [3], [6]]"
00068-00000732.soi,soi,7,15,6.492207792207792,3,0.018760800012387335,"[[1, 3], [2, 4, 5, 6], [7]]"
00068-00000733.soi,soi,11,21,18.999245525716116,5,2.5050485000247136,"[[1], [2, 8], [3, 5, 7, 9, 10, 11], [4], [6]]"
00068-00000734.soi,soi,5,15,2.778643578643579,4,0.006999499979428947,"[[1], [2, 4], [3], [5]]"
00068-00000735.soi,soi,6,15,3.656043956043956,2,0.05259300000034273,"[[1, 2, 3, 4, 6], [5]]"
00068-00000736.soi,soi,8,15,9.146031746031749,5,0.03365309996297583,"[[1, 5, 7], [2], [3], [4, 8], [6]]"
00068-00000737.soi,soi,8,15,7.493839493839493,3,0.025918099971022457,"[[1, 5], [2, 8], [3, 4, 6, 7]]"
00068-00000738.soi,soi,6,15,5.611655011655012,4,0.014357800013385713,"[[1, 4, 6], [2], [3], [5]]"
00068-00000739.soi,soi,16,15,51.237734487734485,4,11.508337699982803,"[[1, 2, 3, 4, 6, 7, 9, 11, 12, 13], [5, 10, 15], [8], [14, 16]]"
00068-00000740.soi,soi,5,15,3.523376623376623,2,0.010993200005032122,"[[1, 3, 5], [2, 4]]"
00068-00000741.soi,soi,7,21,7.3862581862581855,3,0.02629710000474006,"[[1, 2, 5, 6, 7], [3], [4]]"
00068-00000742.soi,soi,8,21,12.485714285714284,2,0.9131237000110559,"[[1, 3, 4], [2, 5, 6, 7, 8]]"
00068-00000743.soi,soi,12,15,23.924170274170272,10,8.936313999991398,"[[1, 9], [2], [3], [4], [5], [6, 11], [7], [8], [10], [12]]"
00068-00000744.soi,soi,10,21,12.722780143832773,3,0.18234410003060475,"[[1], [2, 6, 9], [3, 4, 5, 7, 8, 10]]"
00068-00000745.soi,soi,11,15,21.25079365079365,2,0.12556360004236922,"[[1, 2, 3, 4, 5, 6, 7, 8, 10, 11], [9]]"
00068-00000746.soi,soi,9,15,15.571428571428571,3,0.2079420000081882,"[[1, 2, 3, 4, 7, 8], [5], [6, 9]]"
00068-00000747.soi,soi,9,15,16.846825396825395,3,0.6609949999838136,"[[1, 2, 3, 5, 7, 8, 9], [4], [6]]"
00068-00000748.soi,soi,13,15,27.692857142857143,3,0.8470190999796614,"[[1, 3, 4, 6, 7, 8, 9, 10, 11, 12, 13], [2], [5]]"
00068-00000749.soi,soi,6,15,3.299267399267398,2,0.01509889995213598,"[[1, 3, 5, 6], [2, 4]]"
00068-00000750.soi,soi,6,15,5.2146464646464645,5,0.011520400003064424,"[[1, 5], [2], [3], [4], [6]]"
00068-00000751.soi,soi,14,15,32.01060606060606,2,10.105994199984707,"[[1, 2, 3, 5, 6, 7, 8, 9, 12, 13, 14], [4, 10, 11]]"
00068-00000752.soi,soi,10,15,12.833699633699634,9,0.2854708000086248,"[[1, 10], [2], [3], [4], [5], [6], [7], [8], [9]]"
00068-00000753.soi,soi,16,23,41.695238095238096,7,13.763187600008678,"[[1, 11], [2, 4, 8, 10, 12, 16], [3, 5, 9, 13], [6], [7], [14], [15]]"
00068-00000754.soi,soi,9,21,14.102380952380953,3,0.4869116999907419,"[[1, 2, 4, 5, 7, 8, 9], [3], [6]]"
00068-00000755.soi,soi,9,15,13.660317460317462,3,0.04833850002614781,"[[1, 2, 3, 4, 6, 7, 9], [5], [8]]"
00068-00000756.soi,soi,6,23,1.7666666666666657,5,0.008288500015623868,"[[1, 4], [2], [3], [5], [6]]"
00068-00000757.soi,soi,6,15,5.3929792429792425,3,0.012384000001475215,"[[1], [2, 3, 4, 6], [5]]"
00068-00000758.soi,soi,9,15,17.71746031746032,2,2.250002900022082,"[[1], [2, 3, 4, 5, 6, 7, 8, 9]]"
00068-00000759.soi,soi,8,15,10.7,6,0.2186189999920316,"[[1], [2, 7], [3], [4, 5], [6], [8]]"
00068-00000760.soi,soi,9,15,12.467099567099567,4,0.06325060001108795,"[[1, 6], [2, 3, 4, 7, 9], [5], [8]]"
00068-00000761.soi,soi,9,15,11.620879120879124,5,0.03312829998321831,"[[1], [2], [3, 4, 5, 6], [7], [8, 9]]"
00068-00000762.soi,soi,6,15,6.389177489177489,2,0.020412700017914176,"[[1, 2, 3, 6], [4, 5]]"
00068-00000763.soi,soi,8,15,8.613492063492064,2,0.03699009999400005,"[[1, 3, 4, 6], [2, 5, 7, 8]]"
00068-00000764.soi,soi,8,15,9.634920634920634,3,0.02920659998198971,"[[1, 2, 3, 5, 7, 8], [4], [6]]"
00068-00000765.soi,soi,5,21,4.192460317460318,2,0.01356099999975413,"[[1, 2, 5], [3, 4]]"
00068-00000766.soi,soi,10,21,11.816544566544568,4,0.10001269995700568,"[[1, 3], [2, 4, 5, 7, 8, 10], [6], [9]]"
00068-00000767.soi,soi,6,21,5.412842059900884,3,0.014920899993740022,"[[1, 2, 4, 6], [3], [5]]"
00068-00000768.soi,soi,13,15,27.244444444444447,6,1.6561156999669038,"[[1], [2], [3], [4, 5, 6, 7, 8, 9, 11, 13], [10], [12]]"
00068-00000769.soi,soi,18,23,60.08193143622206,4,31.57667679997394,"[[1, 7, 9, 11, 13, 16, 17], [2, 3, 5, 6, 12, 14, 15, 18], [4, 10], [8]]"
00068-00000770.soi,soi,7,15,6.283333333333333,4,0.022098699992056936,"[[1], [2, 4], [3], [5, 6, 7]]"
00068-00000771.soi,soi,12,15,23.01654456654456,4,1.2349215999711305,"[[1, 4, 6, 7, 8, 9, 10, 12], [2], [3, 5], [11]]"
00068-00000772.soi,soi,7,15,8.033333333333333,3,0.02677400002721697,"[[1, 3], [2, 5], [4, 6, 7]]"
00068-00000773.soi,soi,16,15,33.62820512820513,2,2.2129737000213936,"[[1, 2, 3, 4, 5, 6, 7, 8, 10, 11, 12, 13, 14, 15, 16], [9]]"
00068-00000774.soi,soi,7,15,7.3076923076923075,4,0.01747570000588894,"[[1], [2, 3, 4, 5], [6], [7]]"
00068-00000775.soi,soi,9,21,10.746749226006191,3,0.036199299967847764,"[[1, 7, 9], [2, 3, 4, 6], [5, 8]]"
00068-00000776.soi,soi,5,15,3.687878787878788,1,0.018121899978723377,"[[1, 2, 3, 4, 5]]"
00068-00000777.soi,soi,5,15,2.761904761904762,2,0.008248900005128235,"[[1, 5], [2, 3, 4]]"
00068-00000778.soi,soi,10,15,19.017460317460316,3,1.0121440999791957,"[[1, 2, 4, 5, 9, 10], [3, 6], [7, 8]]"
00068-00000779.soi,soi,8,15,10.866666666666667,5,0.10826429998269305,"[[1, 3, 5, 7], [2], [4], [6], [8]]"
00068-00000780.soi,soi,6,15,5.970634920634921,2,0.017811500001698732,"[[1, 3, 5, 6], [2, 4]]"
00068-00000781.soi,soi,6,15,4.857570207570207,4,0.011136100045405328,"[[1], [2, 3, 4], [5], [6]]"
00068-00000782.soi,soi,5,15,3.2064102564102566,4,0.010241099982522428,"[[1, 4], [2], [3], [5]]"
00068-00000783.soi,soi,9,21,10.784938590820948,6,0.030570400005672127,"[[1], [2, 5, 8], [3], [4], [6], [7, 9]]"
00068-00000784.soi,soi,8,15,6.161538461538461,5,0.02351440000347793,"[[1], [2], [3, 6, 7], [4, 5], [8]]"
00068-00000785.soi,soi,12,15,18.503030303030304,7,0.3601259000133723,"[[1], [2, 8, 9, 10, 12], [3], [4], [5, 7], [6], [11]]"
00068-00000786.soi,soi,11,15,21.644733044733044,4,1.7885153999668546,"[[1, 2, 3, 4, 5, 8, 9, 11], [6], [7], [10]]"
00068-00000787.soi,soi,7,15,6.733333333333334,2,0.024210200004745275,"[[1], [2, 3, 4, 5, 6, 7]]"
00068-00000788.soi,soi,8,21,9.595054945054944,4,0.03182030003517866,"[[1], [2, 5, 7, 8], [3], [4, 6]]"
00068-00000789.soi,soi,16,15,46.899789099789096,2,22.86257720005233,"[[1, 3, 5, 10, 15], [2, 4, 6, 7, 8, 9, 11, 12, 13, 14, 16]]"
00068-00000790.soi,soi,15,15,30.607142857142858,2,3.048287799989339,"[[1, 2, 3, 4, 5, 6, 7, 8, 9, 10, 11, 12, 13, 14], [15]]"
00068-00000791.soi,soi,16,15,35.05050505050505,1,4.101715299999341,"[[1, 2, 3, 4, 5, 6, 7, 8, 9, 10, 11, 12, 13, 14, 15, 16]]"
00068-00000792.soi,soi,10,15,15.043956043956044,2,0.11920949997147545,"[[1, 2, 3, 4, 5, 6, 7, 8, 9], [10]]"
00068-00000793.soi,soi,9,15,15.359956709956709,3,0.29558859998360276,"[[1, 3, 4, 8, 9], [2, 5, 7], [6]]"
00068-00000794.soi,soi,11,15,23.030952380952378,3,0.6005617000046186,"[[1, 5, 6, 7, 8, 9, 10, 11], [2, 3], [4]]"
00068-00000795.soi,soi,12,15,23.299084249084252,5,1.7568330999929458,"[[1, 7, 11], [2], [3, 12], [4, 5, 6, 8, 9], [10]]"
00068-00000796.soi,soi,9,15,14.907936507936508,6,0.4485852000070736,"[[1], [2, 4, 7, 9], [3], [5], [6], [8]]"
00068-00000797.soi,soi,8,15,8.3,4,0.021821799979079515,"[[1, 5, 7, 8], [2, 3], [4], [6]]"
00068-00000798.soi,soi,10,15,16.41819291819292,3,0.18546750000678003,"[[1, 3, 5, 10], [2, 4, 6, 7], [8, 9]]"
00068-00000799.soi,soi,8,15,10.597835497835497,2,0.031595900014508516,"[[1, 2, 3, 4, 5, 7, 8], [6]]"
00068-00000800.soi,soi,7,15,6.287373737373736,5,0.019428499974310398,"[[1], [2, 3, 5], [4], [6], [7]]"
00068-00000801.soi,soi,9,15,13.24908424908425,4,0.03462079999735579,"[[1, 3, 4, 6, 7, 9], [2], [5], [8]]"
00068-00000802.soi,soi,10,15,9.166666666666666,3,0.04762580001261085,"[[1, 2, 3, 6, 7, 8, 9], [4, 5], [10]]"
00068-00000803.soi,soi,15,15,40.03443223443223,2,6.050875400018413,"[[1, 2, 3, 5, 6, 7, 8, 9, 10, 11, 13, 15], [4, 12, 14]]"
00068-00000804.soi,soi,10,15,11.463369963369964,6,0.04191119997994974,"[[1], [2, 5, 6, 8, 10], [3], [4], [7], [9]]"
00068-00000805.soi,soi,9,15,13.007692307692306,3,0.5398754999623634,"[[1], [2, 5, 7, 9], [3, 4, 6, 8]]"
00068-00000806.soi,soi,6,15,6.1,3,0.010077200015075505,"[[1, 3], [2, 4, 6], [5]]"
00068-00000807.soi,soi,10,21,12.73790945896209,3,0.08592569996835664,"[[1, 6], [2, 3, 5, 7, 8], [4, 9, 10]]"
00068-00000808.soi,soi,8,15,10.473559773559774,3,0.08528560004197061,"[[1, 3, 5, 8], [2, 4, 7], [6]]"
00068-00000809.soi,soi,7,15,11.415079365079368,5,0.24820250004995614,"[[1], [2], [3, 6], [4, 5], [7]]"
00068-00000810.soi,soi,7,15,5.666450216450216,2,0.020208500034641474,"[[1, 2, 3, 6], [4, 5, 7]]"
00068-00000811.soi,soi,16,15,35.85973470973471,7,4.153811700001825,"[[1, 2, 4, 11, 12, 14, 16], [3], [5, 9], [6, 7], [8, 15], [10], [13]]"
00068-00000812.soi,soi,11,15,17.77252747252747,4,0.062143900024238974,"[[1, 2, 3, 5, 6, 7, 8, 11], [4], [9], [10]]"
00068-00000813.soi,soi,8,15,10.971428571428572,5,0.04658030002610758,"[[1, 6], [2], [3], [4, 7], [5, 8]]"
00068-00000814.soi,soi,11,15,19.797619047619047,5,0.22649189998628572,"[[1, 3, 5, 8, 9, 10, 11], [2], [4], [6], [7]]"
00068-00000815.soi,soi,7,15,6.793939393939395,5,0.015475100022740662,"[[1, 2, 4], [3], [5], [6], [7]]"
00068-00000816.soi,soi,12,15,22.86111111111111,4,0.2653151999693364,"[[1, 2, 6, 7, 8, 10, 11, 12], [3, 9], [4], [5]]"
00068-00000817.soi,soi,14,23,27.151317523056655,4,1.493634300015401,"[[1, 13], [2, 5], [3, 4, 6, 7, 8, 9, 10, 12, 14], [11]]"
00068-00000818.soi,soi,10,15,17.563636363636363,3,1.3914414999890141,"[[1, 3, 4, 5, 6, 7, 9, 10], [2], [8]]"
00068-00000819.soi,soi,8,15,13.235897435897435,1,0.19200520002050325,"[[1, 2, 3, 4, 5, 6, 7, 8]]"
00068-00000820.soi,soi,8,15,10.154761904761905,4,0.0629225000157021,"[[1], [2, 3, 6], [4, 5, 7], [8]]"
00068-00000821.soi,soi,8,21,11.701143885354412,4,0.07163890002993867,"[[1, 7], [2, 4], [3, 8], [5, 6]]"
00068-00000822.soi,soi,8,15,10.855555555555556,4,0.028936399961821735,"[[1, 3], [2, 5, 8], [4, 7], [6]]"
00068-00000823.soi,soi,9,21,11.533846872082169,4,0.04255950002698228,"[[1, 5], [2], [3], [4, 6, 7, 8, 9]]"
00068-00000824.soi,soi,22,15,62.75967365967366,2,46.72852880001301,"[[1, 2, 3, 4, 5, 6, 7, 8, 9, 10, 12, 13, 14, 16, 17, 18, 19, 21, 22], [11, 15, 20]]"
00068-00000825.soi,soi,12,15,25.573881673881676,4,3.511932599998545,"[[1], [2, 3, 4, 5, 7, 8, 10, 11, 12], [6], [9]]"
00068-00000826.soi,soi,7,15,7.177933177933179,3,0.021598400024231523,"[[1, 3, 5, 6], [2], [4, 7]]"
00068-00000827.soi,soi,5,15,4.458935508935509,4,0.008048899995628744,"[[1, 4], [2], [3], [5]]"
00068-00000828.soi,soi,18,21,61.45754771544245,4,26.95980640000198,"[[1, 2, 3, 4, 5, 8, 9, 10, 11, 12, 13, 14, 16, 17, 18], [6], [7], [15]]"
00068-00000829.soi,soi,8,15,8.699300699300698,4,0.032512900012079626,"[[1], [2, 3, 5], [4], [6, 7, 8]]"
00068-00000830.soi,soi,7,15,7.838095238095238,4,0.02027430001180619,"[[1], [2], [3, 4, 6, 7], [5]]"
00068-00000831.soi,soi,10,23,12.851554640301446,3,0.18346739996923134,"[[1, 2, 3, 4], [5], [6, 7, 8, 9, 10]]"
00068-00000832.soi,soi,13,15,32.91226551226551,4,2.923477499978617,"[[1, 2, 6, 9], [3, 4, 7, 13], [5, 10, 12], [8, 11]]"
00068-00000833.soi,soi,13,15,25.83827838827839,6,0.980844600009732,"[[1, 7], [2, 8], [3, 4, 9, 12, 13], [5], [6, 11], [10]]"
00068-00000834.soi,soi,10,15,13.148229548229548,6,0.06509150000056252,"[[1, 7], [2, 10], [3], [4, 6], [5], [8, 9]]"
00068-00000835.soi,soi,10,15,18.233333333333334,4,0.7885574999963865,"[[1], [2, 3, 8, 9], [4, 5, 6, 7], [10]]"
00068-00000836.soi,soi,9,15,13.864269064269065,3,1.0133917000493966,"[[1, 2, 4, 8], [3, 5], [6, 7, 9]]"
00068-00000837.soi,soi,6,15,5.261599511599512,2,0.01226790004875511,"[[1, 3, 4, 6], [2, 5]]"
00068-00000838.soi,soi,14,21,27.82300363035657,4,4.853159299993422,"[[1, 5, 9, 10, 11, 12, 13, 14], [2, 6], [3, 7, 8], [4]]"
00068-00000839.soi,soi,13,15,25.728571428571428,2,0.18536280002444983,"[[1, 3, 4, 5, 6, 7, 8, 9, 11, 12, 13], [2, 10]]"
00068-00000840.soi,soi,6,15,1.8565656565656568,4,0.017707600025460124,"[[1], [2], [3, 5, 6], [4]]"
00068-00000841.soi,soi,11,21,21.416666666666668,3,0.8923137999954633,"[[1, 2, 3, 4, 7, 8, 10, 11], [5, 6], [9]]"
00068-00000842.soi,soi,7,21,7.057530189109136,4,0.01519840001128614,"[[1], [2], [3, 4, 5, 7], [6]]"
00068-00000843.soi,soi,6,15,3.4233599733599736,1,0.012132899952121079,"[[1, 2, 3, 4, 5, 6]]"
00068-00000844.soi,soi,6,15,3.842857142857143,3,0.016243999998550862,"[[1, 5], [2, 3, 4], [6]]"
00068-00000845.soi,soi,7,15,7.576984126984128,2,0.021859999978914857,"[[1, 2, 4, 5, 7], [3, 6]]"
00068-00000846.soi,soi,8,15,9.04029304029304,3,0.031761899997945875,"[[1, 3, 4, 6, 7, 8], [2], [5]]"
00068-00000847.soi,soi,5,15,1.2999999999999998,5,0.010002899973187596,"[[1], [2], [3], [4], [5]]"
00068-00000848.soi,soi,6,15,4.275396825396825,3,0.015072799986228347,"[[1], [2, 5], [3, 4, 6]]"
00068-00000849.soi,soi,9,21,12.17065401918343,3,0.07426850002957508,"[[1, 2, 4, 6, 8, 9], [3, 7], [5]]"
00068-00000850.soi,soi,7,15,10.561976911976913,2,0.0324722999939695,"[[1, 3, 4, 7], [2, 5, 6]]"
00068-00000851.soi,soi,8,15,9.144327894327896,3,0.030745500000193715,"[[1, 2, 3, 5, 6, 8], [4], [7]]"
00068-00000852.soi,soi,10,15,12.938888888888888,3,0.07298349996563047,"[[1, 2, 4, 6, 10], [3, 5, 8, 9], [7]]"
00068-00000853.soi,soi,6,15,2.475524475524475,4,0.010732299997471273,"[[1], [2, 3], [4], [5, 6]]"
00068-00000854.soi,soi,7,15,7.435531135531135,4,0.021491400024387985,"[[1, 4, 5], [2], [3, 6], [7]]"
00068-00000855.soi,soi,14,15,26.04603174603175,2,0.19745350000448525,"[[1, 2, 3, 4, 5, 6, 7, 8, 9, 10, 11, 12, 13], [14]]"
00068-00000856.soi,soi,5,15,2.7707847707847706,2,0.007646200014278293,"[[1, 3, 5], [2, 4]]"
00068-00000857.soi,soi,4,15,1.4476190476190476,1,0.010689500020816922,"[[1, 2, 3, 4]]"
00068-00000858.soi,soi,9,15,15.306060606060607,3,0.08897360000992194,"[[1, 9], [2, 4, 5, 6, 7, 8], [3]]"
00068-00000859.soi,soi,11,23,13.640316205533594,6,0.22568700002739206,"[[1, 5, 8], [2, 3, 10], [4], [6], [7, 9], [11]]"
00068-00000860.soi,soi,11,15,20.89787434787435,3,1.6635155000258237,"[[1, 2, 3, 5, 7, 8, 10], [4, 11], [6, 9]]"
00068-00000861.soi,soi,8,15,7.134615384615385,2,0.021032500022556633,"[[1, 2, 4, 5, 6], [3, 7, 8]]"
00068-00000862.soi,soi,5,15,2.717099567099567,3,0.011230100004468113,"[[1], [2, 4, 5], [3]]"
00068-00000863.soi,soi,6,21,2.7850903997962817,4,0.013974800007417798,"[[1, 3], [2], [4, 5], [6]]"
00068-00000864.soi,soi,5,15,4.120129870129871,2,0.013474399980623275,"[[1, 2, 4, 5], [3]]"
00068-00000865.soi,soi,6,15,6.461111111111112,2,0.027589500008616596,"[[1, 2, 5, 6], [3, 4]]"
00068-00000866.soi,soi,8,21,4.643007809184279,4,0.024637199996504933,"[[1, 2, 6], [3, 8], [4], [5, 7]]"
00068-00000867.soi,soi,14,15,33.2893772893773,2,4.280200099979993,"[[1, 2, 3, 4, 5, 6, 7, 8, 11, 12, 13, 14], [9, 10]]"
00068-00000868.soi,soi,8,15,10.333333333333332,3,0.031411100004334,"[[1, 2, 3, 4, 6, 7], [5], [8]]"
00068-00000869.soi,soi,7,21,6.665013581190053,2,0.01614490000065416,"[[1, 3, 4, 6], [2, 5, 7]]"
00068-00000870.soi,soi,8,15,10.030702630702631,3,0.04435329994885251,"[[1, 8], [2, 3, 4, 6, 7], [5]]"
00068-00000871.soi,soi,6,15,3.568686868686869,3,0.018427799979690462,"[[1], [2], [3, 4, 5, 6]]"
00068-00000872.soi,soi,7,15,6.533333333333333,2,0.019688599975779653,"[[1, 2, 3, 4, 5, 7], [6]]"
00068-00000873.soi,soi,9,15,13.055555555555557,5,0.1825226999935694,"[[1, 4, 6, 9], [2], [3], [5, 8], [7]]"
00068-00000874.soi,soi,5,15,1.7388888888888885,4,0.010316199972294271,"[[1, 4], [2], [3], [5]]"
00068-00000875.soi,soi,7,15,4.648251748251748,3,0.01370169996516779,"[[1, 2, 3, 4, 5], [6], [7]]"
00068-00000876.soi,soi,10,15,15.302597402597403,4,0.0658312999876216,"[[1, 2, 3, 7], [4, 6, 8], [5, 10], [9]]"
00068-00000877.soi,soi,11,21,18.20494227994228,3,0.15126720000989735,"[[1, 5, 6, 7, 9, 10, 11], [2, 4, 8], [3]]"
00068-00000878.soi,soi,8,15,8.995238095238095,5,0.05604470003163442,"[[1, 5], [2], [3], [4], [6, 7, 8]]"
00068-00000879.soi,soi,9,15,10.878787878787879,3,0.03888179996283725,"[[1, 2, 4, 6, 7, 8, 9], [3], [5]]"
00068-00000880.soi,soi,5,15,3.3000000000000003,2,0.008527600031811744,"[[1, 2, 3, 4], [5]]"
00068-00000881.soi,soi,5,21,2.2124542124542126,2,0.008563199953641742,"[[1, 3, 4, 5], [2]]"
00068-00000882.soi,soi,8,15,6.166666666666666,4,0.02320479997433722,"[[1, 3, 8], [2], [4, 6, 7], [5]]"
00068-00000883.soi,soi,7,15,7.287179487179487,3,0.021117800031788647,"[[1, 7], [2, 3, 4, 5], [6]]"
00068-00000884.soi,soi,5,15,1.4857142857142858,3,0.010767100029624999,"[[1], [2, 3, 5], [4]]"
00068-00000885.soi,soi,4,15,0.533333333209157,4,0.004824900010135025,"[[1], [2], [3], [4]]"
00068-00000886.soi,soi,7,21,5.643850267379679,3,0.01606929994886741,"[[1, 5], [2, 4], [3, 6, 7]]"
00068-00000887.soi,soi,6,15,5.564657564657566,1,0.014619599969591945,"[[1, 2, 3, 4, 5, 6]]"
00068-00000888.soi,soi,5,15,2.3378787878787883,2,0.012664299982134253,"[[1], [2, 3, 4, 5]]"
00068-00000889.soi,soi,10,15,16.654123654123655,3,0.06085989996790886,"[[1, 3, 4, 5, 7, 10], [2, 8], [6, 9]]"
00068-00000890.soi,soi,9,15,7.033333333333333,4,0.03242609999142587,"[[1, 3, 5], [2, 8], [4, 6, 7], [9]]"
00068-00000891.soi,soi,11,15,20.57234432234432,3,0.7313109000097029,"[[1, 2, 3, 5, 6, 9, 10], [4, 7], [8, 11]]"
00068-00000892.soi,soi,5,15,2.1557886557886556,4,0.008884000009857118,"[[1], [2], [3, 4], [5]]"
00068-00000893.soi,soi,7,15,7.470956820956822,2,0.024478100007399917,"[[1, 2, 4, 5, 6, 7], [3]]"
00068-00000894.soi,soi,7,15,5.70952380952381,4,0.02177529997425154,"[[1, 2, 4, 6], [3], [5], [7]]"
00068-00000895.soi,soi,9,15,13.066666666666666,6,0.05780289997346699,"[[1, 3], [2, 9], [4], [5, 8], [6], [7]]"
00068-00000896.soi,soi,8,15,6.0887445887445875,6,0.026965800032485276,"[[1], [2, 4], [3], [5, 8], [6], [7]]"
00068-00000897.soi,soi,10,15,19.416849816849815,3,1.7348064000252634,"[[1, 3], [2, 6, 7, 9], [4, 5, 8, 10]]"
00068-00000898.soi,soi,12,15,28.064285714285713,3,2.716621399973519,"[[1, 9], [2, 3, 4, 5, 6, 7, 8, 10, 12], [11]]"
00068-00000899.soi,soi,9,21,12.61532944180003,3,0.07442810002248734,"[[1, 3, 4, 5, 6, 7, 9], [2], [8]]"
00068-00000900.soi,soi,12,15,24.044444444444437,2,0.5541605000034906,"[[1, 2, 3, 6, 7, 8, 9, 10, 11, 12], [4, 5]]"
00068-00000901.soi,soi,12,15,21.75,3,0.06413319997955114,"[[1, 2, 3, 4, 6, 7, 9, 11, 12], [5, 10], [8]]"
00068-00000902.soi,soi,6,15,5.0989010989010985,4,0.0151151999598369,"[[1], [2, 5], [3], [4, 6]]"
00068-00000903.soi,soi,9,21,11.285130718954248,7,0.04985579999629408,"[[1, 7, 8], [2], [3], [4], [5], [6], [9]]"
00068-00000904.soi,soi,8,15,8.06147186147186,4,0.06072770000901073,"[[1, 6], [2, 4, 7, 8], [3], [5]]"
00068-00000905.soi,soi,11,15,13.48614718614718,5,0.09307939995778725,"[[1], [2, 4, 6, 7, 9, 11], [3], [5], [8, 10]]"
00068-00000906.soi,soi,9,21,12.761809664363845,5,0.06878029997460544,"[[1], [2], [3, 6, 7, 8, 9], [4], [5]]"
00068-00000907.soi,soi,8,15,9.981240981240983,2,0.048261000018101186,"[[1, 2, 6, 7], [3, 4, 5, 8]]"
00068-00000908.soi,soi,11,21,19.516738816738815,2,0.35784779995447025,"[[1, 6], [2, 3, 4, 5, 7, 8, 9, 10, 11]]"
00068-00000909.soi,soi,9,15,14.8,3,0.054280799988191575,"[[1, 2, 3, 4, 5, 6], [7, 8], [9]]"
00068-00000910.soi,soi,8,15,8.995632145632145,4,0.025370399991516024,"[[1, 4, 5], [2, 3], [6], [7, 8]]"
00068-00000911.soi,soi,5,15,1.6833333333333336,4,0.006619699997827411,"[[1], [2], [3], [4, 5]]"
00068-00000912.soi,soi,8,15,10.348351648351649,5,0.03820200002519414,"[[1, 7], [2, 8], [3], [4], [5, 6]]"
00068-00000913.soi,soi,7,15,4.4495282495282495,2,0.01942969998344779,"[[1, 2, 3, 4], [5, 6, 7]]"
00068-00000914.soi,soi,7,21,6.304761904761905,4,0.0191381000331603,"[[1, 2, 3, 4], [5], [6], [7]]"
00068-00000915.soi,soi,10,15,16.228571428571428,3,0.06784570001764223,"[[1, 3, 5, 10], [2], [4, 6, 7, 8, 9]]"
00068-00000916.soi,soi,9,15,9.122544122544124,3,0.02751070004887879,"[[1, 2], [3], [4, 5, 6, 7, 8, 9]]"
00068-00000917.soi,soi,10,15,13.302164502164501,3,0.13594770000781864,"[[1, 2, 7, 9], [3, 4, 5, 8, 10], [6]]"
00068-00000918.soi,soi,5,15,4.076923076923077,3,0.008385399996768683,"[[1, 2, 3], [4], [5]]"
00068-00000919.soi,soi,7,21,7.860120435120435,7,0.017289699986577034,"[[1], [2], [3], [4], [5], [6], [7]]"
00068-00000920.soi,soi,18,23,48.46190476190476,2,15.263427399971988,"[[1, 2, 3, 4, 5, 6, 7, 8, 9, 10, 11, 12, 13, 14, 15, 17, 18], [16]]"
00068-00000921.soi,soi,8,15,4.9833333333333325,5,0.02185079996706918,"[[1, 3, 4], [2], [5, 8], [6], [7]]"
00068-00000922.soi,soi,8,15,10.576701076701077,2,0.03574379999190569,"[[1, 2, 4, 5, 6, 7, 8], [3]]"
00068-00000923.soi,soi,13,15,25.47424242424242,5,4.6267788000404835,"[[1, 5, 6, 9], [2, 3, 4, 11, 12], [7], [8, 10], [13]]"
00068-00000924.soi,soi,9,15,8.433333333333334,4,0.03323699999600649,"[[1], [2, 3, 6, 7, 8, 9], [4], [5]]"
00068-00000925.soi,soi,8,15,6.914718614718616,5,0.019786500022746623,"[[1, 5, 7], [2], [3, 4], [6], [8]]"
00068-00000926.soi,soi,8,15,7.0,4,0.026666500023566186,"[[1, 2, 6], [3, 7], [4], [5, 8]]"
00068-00000927.soi,soi,7,15,8.510606060606062,4,0.028229599993210286,"[[1, 2, 5], [3, 7], [4], [6]]"
00068-00000928.soi,soi,5,21,3.3730158730158735,4,0.007308300002478063,"[[1, 5], [2], [3], [4]]"
00068-00000929.soi,soi,5,15,1.8189588189588193,4,0.00647459999890998,"[[1], [2], [3, 5], [4]]"
00068-00000930.soi,soi,13,15,29.149999999999995,2,0.441485500021372,"[[1, 3, 4, 5, 7, 8, 9, 10, 11, 12, 13], [2, 6]]"
00068-00000931.soi,soi,10,15,10.445454545454545,2,0.037243700004182756,"[[1, 2, 3, 4, 5, 6, 7, 9, 10], [8]]"
00068-00000932.soi,soi,11,15,16.973876123876124,3,0.12478389998432249,"[[1, 3, 5, 6, 7, 9, 10, 11], [2], [4, 8]]"
00068-00000933.soi,soi,6,15,2.0034632034632036,4,0.008967900008428842,"[[1, 4], [2, 5], [3], [6]]"
00068-00000934.soi,soi,8,21,10.181673881673882,5,0.034910499991383404,"[[1], [2, 3, 5, 7], [4], [6], [8]]"
00068-00000935.soi,soi,5,15,3.3777777777777778,2,0.010905899980571121,"[[1, 3, 5], [2, 4]]"
00068-00000936.soi,soi,10,21,14.912633857370698,2,0.05735260003712028,"[[1, 2, 3, 4, 5, 6, 10], [7, 8, 9]]"
00068-00000937.soi,soi,6,15,6.011111111111111,4,0.019541600020602345,"[[1], [2, 4], [3, 6], [5]]"
00068-00000938.soi,soi,8,15,10.847702297702298,3,0.03411399998003617,"[[1, 2, 3, 5, 6], [4, 8], [7]]"
00068-00000939.soi,soi,5,15,2.7023809523809526,3,0.010919899970758706,"[[1], [2, 4], [3, 5]]"
00068-00000940.soi,soi,15,15,39.190476190476204,2,2.1400502999895252,"[[1, 2, 3, 4, 5, 6, 7, 8, 9, 10, 11, 12, 13, 15], [14]]"
00068-00000941.soi,soi,10,15,13.398756798756798,2,0.06743689998984337,"[[1, 2, 4, 5, 6, 7, 8, 9, 10], [3]]"
00068-00000942.soi,soi,14,15,30.369780219780218,3,7.182440200005658,"[[1, 4, 5, 6, 7, 8, 10, 11, 12, 14], [2, 3, 13], [9]]"
00068-00000943.soi,soi,7,15,9.730158730158731,2,0.40925319999223575,"[[1, 2, 3, 4, 5, 7], [6]]"
00068-00000944.soi,soi,14,15,30.626984126984127,3,1.364605400012806,"[[1, 2, 3, 4, 5, 6, 7, 8, 9, 10, 11, 14], [12], [13]]"
00068-00000945.soi,soi,21,15,43.72222222222223,2,22.46430799999507,"[[1, 2, 3, 4, 5, 6, 7, 8, 9, 10, 12, 13, 14, 15, 16, 17, 18, 19, 20, 21], [11]]"
00068-00000946.soi,soi,14,15,35.99372294372293,2,8.554151799995452,"[[1, 2, 3, 4, 5, 6, 7, 8, 9, 10, 11, 12, 13], [14]]"
00068-00000947.soi,soi,24,15,65.3174603174603,3,32.77000759996008,"[[1, 2, 3, 4, 5, 6, 8, 9, 10, 11, 12, 13, 14, 15, 17, 18, 19, 20, 21, 22, 23, 24], [7], [16]]"
00068-00000948.soi,soi,8,15,10.422144522144523,4,0.05556889995932579,"[[1, 2, 7, 8], [3, 4], [5], [6]]"
00068-00000949.soi,soi,11,15,20.264285714285712,4,0.09284309996291995,"[[1], [2, 3, 4, 5, 8, 10, 11], [6], [7, 9]]"
00068-00000950.soi,soi,20,15,64.43333333333332,2,33.01615999999922,"[[1, 2, 3, 4, 6, 7, 8, 9, 10, 11, 12, 13, 14, 15, 16, 17, 18, 19, 20], [5]]"
00068-00000951.soi,soi,19,15,56.1010101010101,3,18.639158600009978,"[[1, 2, 3, 4, 5, 6, 8, 9, 10, 11, 12, 13, 14, 15, 16, 18, 19], [7], [17]]"
00068-00000952.soi,soi,8,21,9.420634920634921,3,0.04191470000660047,"[[1, 6], [2, 3, 4, 7, 8], [5]]"
00068-00000953.soi,soi,7,15,4.617404817404818,3,0.0242996999877505,"[[1, 3, 4, 7], [2, 6], [5]]"
00068-00000954.soi,soi,12,15,19.246969696969696,3,0.0913349999464117,"[[1, 2, 3, 4, 5, 6, 7, 8, 9, 11], [10], [12]]"
00068-00000955.soi,soi,11,15,23.91363636363636,2,2.5277978000231087,"[[1, 2, 3, 4, 6, 7, 8, 10], [5, 9, 11]]"
00068-00000956.soi,soi,8,21,9.912155388471177,4,0.02826460002688691,"[[1, 4, 6, 7, 8], [2], [3], [5]]"
00068-00000957.soi,soi,8,15,11.212987012987012,6,0.0352514999685809,"[[1], [2], [3], [4], [5, 7, 8], [6]]"
00068-00000958.soi,soi,6,15,4.171428571428572,5,0.010569200036115944,"[[1, 2], [3], [4], [5], [6]]"
00068-00000959.soi,soi,6,15,5.031746031746032,3,0.016349899990018457,"[[1, 3, 4, 6], [2], [5]]"
00068-00000960.soi,soi,10,15,14.415873015873014,2,0.10000430000945926,"[[1, 5, 7, 8, 9], [2, 3, 4, 6, 10]]"
00068-00000961.soi,soi,9,15,14.257575757575754,8,0.17858050001086667,"[[1], [2], [3], [4, 6], [5], [7], [8], [9]]"
00068-00000962.soi,soi,8,21,9.81304643069349,2,0.061290299985557795,"[[1, 2, 3, 4, 5, 6, 8], [7]]"
00068-00000963.soi,soi,7,15,6.466666666666666,4,0.016264600038994104,"[[1, 3, 7], [2], [4, 5], [6]]"
00068-00000964.soi,soi,9,21,11.240597147950087,4,0.045729200006462634,"[[1, 3, 5, 6, 7, 8], [2], [4], [9]]"
00068-00000965.soi,soi,9,15,15.785714285714286,3,0.07227209996199235,"[[1, 2, 4, 5, 6, 9], [3, 8], [7]]"
00068-00000966.soi,soi,8,15,9.482323232323232,6,0.036575900041498244,"[[1], [2, 6], [3], [4], [5, 7], [8]]"
00068-00000967.soi,soi,17,23,45.329197252023334,5,18.848397199995816,"[[1, 6, 7, 8, 9, 12, 13, 15, 17], [2, 4, 5, 11], [3], [10], [14, 16]]"
00068-00000968.soi,soi,7,15,8.678205128205128,3,0.028769200027454644,"[[1, 4], [2], [3, 5, 6, 7]]"
00068-00000969.soi,soi,20,15,58.287229437229435,2,35.457080099964514,"[[1, 2, 4, 5, 6, 7, 8, 9, 10, 11, 12, 13, 14, 15, 17, 18, 19], [3, 16, 20]]"
00068-00000970.soi,soi,10,15,17.863869463869463,3,0.06560590001754463,"[[1, 5, 8], [2, 3, 4, 6, 7, 10], [9]]"
00068-00000971.soi,soi,5,15,3.895238095238095,2,0.015205100004095584,"[[1, 2, 3, 5], [4]]"
00068-00000972.soi,soi,6,21,5.103144894321365,3,0.016526699997484684,"[[1, 2, 4, 6], [3], [5]]"
00068-00000973.soi,soi,11,23,12.962958780350085,6,0.07832849997794256,"[[1], [2, 3, 5, 7], [4], [6], [8, 11], [9, 10]]"
00068-00000974.soi,soi,11,15,22.516810966810965,3,0.6511185999843292,"[[1, 2, 4, 8], [3, 5, 6, 9], [7, 10, 11]]"
00068-00000975.soi,soi,12,15,25.819841269841273,3,1.19343340001069,"[[1, 2, 3, 4, 6, 7, 9, 10, 11, 12], [5], [8]]"
00068-00000976.soi,soi,10,15,17.142857142857142,1,0.11443180002970621,"[[1, 2, 3, 4, 5, 6, 7, 8, 9, 10]]"
00068-00000977.soi,soi,11,15,14.765268065268065,4,0.06849159998819232,"[[1, 2, 6, 7], [3, 8, 9], [4, 10, 11], [5]]"
00068-00000978.soi,soi,10,15,16.858918858918855,4,0.07683030003681779,"[[1, 5, 9, 10], [2, 3, 4], [6, 7], [8]]"
00068-00000979.soi,soi,13,21,20.203540903540908,3,0.14855179999722168,"[[1, 2, 3, 4, 5, 6, 8, 9, 10, 11, 13], [7], [12]]"
00068-00000980.soi,soi,8,21,8.355688463583201,4,0.029056600003968924,"[[1, 5, 6], [2], [3, 8], [4, 7]]"
00068-00000981.soi,soi,5,15,3.0,5,0.009999700007028878,"[[1], [2], [3], [4], [5]]"
00068-00000982.soi,soi,7,21,6.648825684119802,5,0.027443400002084672,"[[1, 5], [2, 4], [3], [6], [7]]"
00068-00000983.soi,soi,14,21,24.09298245614035,3,0.2746332999668084,"[[1, 2, 4, 5, 6, 7, 8, 9, 10, 12, 14], [3, 11], [13]]"
00068-00000984.soi,soi,12,15,24.49157509157509,4,2.659572099975776,"[[1, 2, 3, 5, 6, 7, 9, 12], [4, 10], [8], [11]]"
00068-00000985.soi,soi,20,21,43.91945701357466,2,37.17587999999523,"[[1, 2, 3, 5, 6, 7, 8, 9, 10, 11, 12, 14, 15, 16, 17, 18, 19, 20], [4, 13]]"
00068-00000986.soi,soi,11,21,20.344555444555446,2,0.39231759996619076,"[[1, 2, 3, 4, 5, 6, 7, 8, 9, 11], [10]]"
00068-00000987.soi,soi,7,15,6.516483516483516,4,0.01849620003486052,"[[1, 3, 6], [2, 4], [5], [7]]"
00068-00000988.soi,soi,8,15,4.866666666666667,5,0.023548000026494265,"[[1, 6, 8], [2], [3, 5], [4], [7]]"
00068-00000989.soi,soi,11,21,15.904761904761905,4,0.18536590004805475,"[[1, 8], [2, 5, 7, 9, 10, 11], [3, 6], [4]]"
00068-00000990.soi,soi,11,21,12.038095238095238,3,0.04646949999732897,"[[1, 2, 3, 4, 5, 6, 7, 9, 11], [8], [10]]"
00068-00000991.soi,soi,7,15,5.616666666666666,3,0.01725319999968633,"[[1, 2, 4, 7], [3], [5, 6]]"
00068-00000992.soi,soi,11,21,16.916666666666664,2,0.5815634000464343,"[[1, 4, 5, 6, 7, 8, 10, 11], [2, 3, 9]]"
00068-00000993.soi,soi,11,15,22.347985347985347,4,2.0481186999822967,"[[1, 11], [2, 6, 7, 10], [3, 4, 5], [8, 9]]"
00068-00000994.soi,soi,7,15,9.238095238095237,2,0.03593180002644658,"[[1, 3, 4, 5, 6, 7], [2]]"
00068-00000995.soi,soi,7,15,7.286013986013986,4,0.019359400030225515,"[[1, 4, 6], [2, 7], [3], [5]]"
00068-00000996.soi,soi,5,15,3.581818181818182,1,0.01090470002964139,"[[1, 2, 3, 4, 5]]"
00068-00000997.soi,soi,6,15,4.061538461538461,2,0.015393599984236062,"[[1, 2, 4, 5, 6], [3]]"
00068-00000998.soi,soi,8,15,13.148917748917748,1,0.05212880001636222,"[[1, 2, 3, 4, 5, 6, 7, 8]]"
00068-00000999.soi,soi,11,21,15.554748029748028,6,0.12452299997676164,"[[1, 2, 5, 7], [3, 4], [6], [8], [9, 10], [11]]"
00068-00001000.soi,soi,6,15,3.4452380952380954,3,0.013976800022646785,"[[1, 3, 6], [2], [4, 5]]"
00068-00001001.soi,soi,6,15,3.801587301587302,3,0.012321699992753565,"[[1, 2, 4, 5], [3], [6]]"
00068-00001002.soi,soi,6,21,6.262019026724909,4,0.018821200006641448,"[[1], [2, 3, 5], [4], [6]]"
00068-00001003.soi,soi,4,15,2.666666666666667,1,0.009122700022999197,"[[1, 2, 3, 4]]"
00068-00001004.soi,soi,5,15,3.168831168831169,2,0.009088699996937066,"[[1, 2, 5], [3, 4]]"
00068-00001005.soi,soi,8,15,6.932828282828283,4,0.048492299974896014,"[[1, 5, 6], [2, 3], [4, 7], [8]]"
00068-00001006.soi,soi,8,21,10.931060606060605,3,0.1283753999741748,"[[1, 2, 3, 4, 6], [5, 8], [7]]"
00068-00001007.soi,soi,14,21,32.90527968763261,4,5.6921986999805085,"[[1], [2, 3, 5, 7, 8, 10, 14], [4], [6, 9, 11, 12, 13]]"
00068-00001008.soi,soi,10,15,12.654761904761905,3,0.03908620000584051,"[[1], [2, 3, 4, 5, 6, 8, 9], [7, 10]]"
00068-00001009.soi,soi,8,15,10.533333333333333,2,0.029477600008249283,"[[1, 2, 4, 5, 6, 7, 8], [3]]"
00068-00001010.soi,soi,6,15,3.6619047619047613,4,0.010993199946824461,"[[1], [2], [3, 5, 6], [4]]"
00068-00001011.soi,soi,8,15,9.08061383061383,3,0.030663800018373877,"[[1], [2], [3, 4, 5, 6, 7, 8]]"
00068-00001012.soi,soi,12,15,17.02777777777778,5,0.1208595999632962,"[[1, 2, 3, 5, 6, 8, 9, 10], [4], [7], [11], [12]]"
00068-00001013.soi,soi,9,15,11.553968253968254,4,0.04600500001106411,"[[1, 3], [2, 4, 7, 8], [5, 9], [6]]"
00068-00001014.soi,soi,8,21,7.617183985605038,4,0.031819700030609965,"[[1, 2, 3, 8], [4, 5], [6], [7]]"
00068-00001015.soi,soi,10,21,15.038031017829777,6,0.09491310000885278,"[[1], [2, 3, 5, 9, 10], [4], [6], [7], [8]]"
00068-00001016.soi,soi,7,15,6.933333333333334,4,0.025152099959086627,"[[1, 2, 6], [3, 7], [4], [5]]"
00068-00001017.soi,soi,7,15,5.414529914529915,5,0.024066199955996126,"[[1], [2], [3], [4, 5, 7], [6]]"
00068-00001018.soi,soi,7,15,5.653968253968253,2,0.018406500050332397,"[[1, 4, 5], [2, 3, 6, 7]]"
00068-00001019.soi,soi,7,21,4.033380018674137,3,0.01519679999910295,"[[1, 4, 5, 6, 7], [2], [3]]"
00068-00001020.soi,soi,6,15,4.719047619047618,6,0.01203799998620525,"[[1], [2], [3], [4], [5], [6]]"
00068-00001021.soi,soi,13,15,27.057070707070707,4,1.0283309000078589,"[[1], [2], [3, 4, 5, 6, 7, 8, 9, 10, 12], [11, 13]]"
00068-00001022.soi,soi,11,15,19.506959706959705,4,0.9270407999865711,"[[1, 4, 11], [2, 3], [5, 6, 7, 9], [8, 10]]"
00068-00001023.soi,soi,6,21,5.498608039707111,2,0.016305500001180917,"[[1, 2, 3, 5, 6], [4]]"
00068-00001024.soi,soi,7,15,3.4812409812409815,5,0.02040159999160096,"[[1], [2], [3], [4, 6, 7], [5]]"
00068-00001025.soi,soi,8,15,7.766666666666667,5,0.0347808999940753,"[[1], [2, 3, 6], [4], [5, 7], [8]]"
00068-00001026.soi,soi,8,15,12.227272727272727,3,0.027134599979035556,"[[1, 4, 6, 7, 8], [2], [3, 5]]"
00068-00001027.soi,soi,9,21,11.966666666666667,2,0.04325549997156486,"[[1, 6, 7, 8], [2, 3, 4, 5, 9]]"
00068-00001028.soi,soi,8,15,13.085137085137095,1,0.8466074000461958,"[[1, 2, 3, 4, 5, 6, 7, 8]]"
00068-00001029.soi,soi,5,15,1.5166666666666666,4,0.010185900027863681,"[[1, 5], [2], [3], [4]]"
00068-00001030.soi,soi,5,15,2.84047619047619,4,0.00752210000064224,"[[1, 2], [3], [4], [5]]"
00068-00001031.soi,soi,8,15,8.67301587301587,5,0.02774019999196753,"[[1, 5, 7], [2], [3, 4], [6], [8]]"
00068-00001032.soi,soi,6,15,5.257142857142857,4,0.010179799981415272,"[[1], [2, 4, 5], [3], [6]]"
00068-00001033.soi,soi,9,15,10.241819291819292,5,0.05230819998541847,"[[1, 4, 6, 8, 9], [2], [3], [5], [7]]"
00068-00001034.soi,soi,9,15,14.413564213564214,4,0.07731259998399764,"[[1, 2, 5], [3], [4, 7, 8, 9], [6]]"
00068-00001035.soi,soi,5,15,1.9304029304029302,2,0.0064635000308044255,"[[1, 4, 5], [2, 3]]"
00068-00001036.soi,soi,16,21,51.2079137237032,4,21.774859500001185,"[[1, 2, 4, 5, 7, 8, 9, 11, 13, 14, 16], [3], [6, 10, 12], [15]]"
00068-00001037.soi,soi,8,15,7.473076923076922,4,0.022962599992752075,"[[1], [2], [3, 4, 5, 6, 8], [7]]"
00068-00001038.soi,soi,10,21,15.385897435897434,5,0.11945639998884872,"[[1, 5], [2], [3, 8, 9, 10], [4, 6], [7]]"
00068-00001039.soi,soi,7,15,6.598412698412698,2,0.021981599973514676,"[[1, 3, 4, 5, 6, 7], [2]]"
00068-00001040.soi,soi,6,15,1.861538461538462,6,0.008866700052749366,"[[1], [2], [3], [4], [5], [6]]"
00068-00001041.soi,soi,12,21,28.431140350877193,1,0.13214940001489595,"[[1, 2, 3, 4, 5, 6, 7, 8, 9, 10, 11, 12]]"
00068-00001042.soi,soi,7,15,8.772649572649573,5,0.19151859998237342,"[[1, 4], [2], [3, 7], [5], [6]]"
00068-00001043.soi,soi,15,15,45.11190476190476,3,16.12754929997027,"[[1, 4, 10, 11, 12], [2, 3, 6, 7, 8, 9, 13, 14], [5, 15]]"
00068-00001044.soi,soi,14,15,37.48968253968254,2,7.19565710000461,"[[1, 2, 4, 5, 6, 7, 8, 9, 11, 12, 13, 14], [3, 10]]"
00068-00001045.soi,soi,7,15,5.605444555444555,3,0.0208936000126414,"[[1, 2, 3, 5], [4, 6], [7]]"
00068-00001046.soi,soi,19,21,51.766436341436346,4,34.164139100001194,"[[1, 15, 18, 19], [2, 3, 4, 5, 6, 7, 8, 9, 11, 12, 13, 14, 16], [10], [17]]"
00068-00001047.soi,soi,6,15,4.690359640359641,2,0.01427830004831776,"[[1], [2, 3, 4, 5, 6]]"
00068-00001048.soi,soi,5,15,1.6939393939393939,3,0.007272499962709844,"[[1, 2, 3], [4], [5]]"
00068-00001049.soi,soi,6,15,1.7301587301587302,4,0.013699399947654456,"[[1, 6], [2, 5], [3], [4]]"
00068-00001050.soi,soi,11,15,19.61190476190476,3,1.3806920999777503,"[[1, 2, 4, 6, 7, 9, 11], [3, 8, 10], [5]]"
00068-00001051.soi,soi,7,15,3.6743589743589737,4,0.018864800047595054,"[[1, 6], [2, 5], [3, 4], [7]]"
00068-00001052.soi,soi,8,15,7.74090909090909,3,0.023871299985330552,"[[1, 2, 3, 5, 7, 8], [4], [6]]"
00068-00001053.soi,soi,10,15,16.395670995670997,3,1.2294835000066087,"[[1, 5], [2, 6], [3, 4, 7, 8, 9, 10]]"
00068-00001054.soi,soi,13,21,23.24242424242424,8,0.1956861999933608,"[[1, 4, 8], [2, 5], [3], [6], [7, 9], [10, 11], [12], [13]]"
00068-00001055.soi,soi,6,15,3.1333333333333337,5,0.012057499960064888,"[[1, 5], [2], [3], [4], [6]]"
00068-00001056.soi,soi,7,15,7.935697635697636,3,0.02524479996645823,"[[1, 2, 3, 6], [4, 5], [7]]"
00068-00001057.soi,soi,6,15,5.771428571428571,5,0.01964780001435429,"[[1, 6], [2], [3], [4], [5]]"
00068-00001058.soi,soi,10,15,14.53968253968254,3,0.059556599997449666,"[[1, 2, 4, 6, 7, 8, 10], [3, 5], [9]]"
00068-00001059.soi,soi,8,15,8.757142857142856,6,0.025724400009494275,"[[1, 4, 6], [2], [3], [5], [7], [8]]"
00068-00001060.soi,soi,7,15,9.527272727272727,5,0.12318280001636595,"[[1], [2, 5, 6], [3], [4], [7]]"
00068-00001061.soi,soi,7,15,5.404662004662004,3,0.018250100023578852,"[[1, 2, 3, 5], [4, 6], [7]]"
00068-00001062.soi,soi,10,21,17.960927960927965,2,0.14866449998226017,"[[1, 2, 4, 6, 9, 10], [3, 5, 7, 8]]"
00068-00001063.soi,soi,10,21,16.846850208614914,4,0.11117370001738891,"[[1, 9], [2, 7], [3, 5, 6, 8, 10], [4]]"
00068-00001064.soi,soi,11,21,16.60238095238095,6,0.08800920000066981,"[[1, 8], [2], [3, 4, 9, 10, 11], [5], [6], [7]]"
00068-00001065.soi,soi,6,15,5.57979797979798,4,0.010633199999574572,"[[1, 4, 6], [2], [3], [5]]"
00068-00001066.soi,soi,7,15,7.295454545454545,1,0.017117799958214164,"[[1, 2, 3, 4, 5, 6, 7]]"
00068-00001067.soi,soi,9,15,12.796753246753248,3,0.05336249998072162,"[[1, 2, 3], [4, 6, 8], [5, 7, 9]]"
00068-00001068.soi,soi,6,15,3.2666666666666666,5,0.014582600037101656,"[[1, 3], [2], [4], [5], [6]]"
00068-00001069.soi,soi,15,15,32.149650349650344,4,0.6319360000197776,"[[1, 2, 3, 7, 13, 15], [4, 8, 9, 12], [5, 6, 10, 11], [14]]"
00068-00001070.soi,soi,6,15,4.041414141414141,4,0.011313099996186793,"[[1], [2], [3, 6], [4, 5]]"
00068-00001071.soi,soi,9,15,11.505555555555556,6,0.035882399999536574,"[[1], [2, 7], [3, 9], [4], [5, 6], [8]]"
00068-00001072.soi,soi,10,15,16.799999999999997,2,0.1577067999751307,"[[1, 3, 4, 5, 6, 7, 8, 9, 10], [2]]"
00068-00001073.soi,soi,8,15,7.592673992673996,7,0.026926000020466745,"[[1], [2], [3], [4], [5], [6], [7, 8]]"
00068-00001074.soi,soi,11,15,19.464835164835165,3,0.1327500999905169,"[[1, 3, 4, 6, 7, 8, 11], [2, 9, 10], [5]]"
00068-00001075.soi,soi,7,15,7.962481962481963,2,0.02346870000474155,"[[1, 2, 3, 4, 5, 7], [6]]"
00068-00001076.soi,soi,11,23,16.787615283267456,7,0.0573304999852553,"[[1], [2], [3, 11], [4, 7, 8, 10], [5], [6], [9]]"
00068-00001077.soi,soi,5,15,2.0333333333333337,2,0.010604499955661595,"[[1, 3, 4, 5], [2]]"
00068-00001078.soi,soi,12,15,19.935714285714287,3,0.35259760002372786,"[[1, 3, 4, 5, 7, 8], [2], [6, 9, 10, 11, 12]]"
00068-00001079.soi,soi,5,15,4.723809523809524,2,0.00742280000122264,"[[1, 2, 3, 5], [4]]"
00068-00001080.soi,soi,6,15,3.3888888888888893,4,0.015129100007470697,"[[1], [2, 3], [4, 5], [6]]"
00068-00001081.soi,soi,4,15,1.833333333333333,2,0.009571000002324581,"[[1, 3, 4], [2]]"
00068-00001082.soi,soi,7,21,6.591666666666666,3,0.039642499992623925,"[[1, 3], [2, 4, 5, 7], [6]]"
00068-00001083.soi,soi,6,15,4.042857142857143,3,0.009354300040286034,"[[1, 2, 5, 6], [3], [4]]"
00068-00001084.soi,soi,9,15,15.623565323565323,4,0.11019909998867661,"[[1, 8], [2, 4, 6, 7, 9], [3], [5]]"
00068-00001085.soi,soi,6,15,3.7967032967032965,6,0.008549899968784302,"[[1], [2], [3], [4], [5], [6]]"
00068-00001086.soi,soi,6,15,6.5553391053391055,1,0.016488099994603544,"[[1, 2, 3, 4, 5, 6]]"
00068-00001087.soi,soi,13,15,23.812026862026862,5,1.2800176999880932,"[[1], [2, 9], [3, 4, 7, 10, 11, 12, 13], [5, 6], [8]]"
00068-00001088.soi,soi,15,21,42.22568542568543,4,17.308000699966215,"[[1, 2, 8, 10, 14, 15], [3, 4, 5, 11, 12, 13], [6, 9], [7]]"
00068-00001089.soi,soi,5,15,1.3623376623376622,2,0.00714429997606203,"[[1, 2, 3, 4], [5]]"
00068-00001090.soi,soi,8,15,10.461671661671662,4,0.05612769996514544,"[[1, 7], [2, 3, 6], [4, 5], [8]]"
00068-00001091.soi,soi,5,15,1.9238095238095236,2,0.0077105999807827175,"[[1, 2, 4], [3, 5]]"
00068-00001092.soi,soi,14,15,29.52063492063492,4,6.7947607999667525,"[[1, 2, 5, 6, 8, 9, 14], [3], [4], [7, 10, 11, 12, 13]]"
00068-00001093.soi,soi,7,15,5.768154068154068,2,0.023845999967306852,"[[1, 2, 3, 4, 5, 7], [6]]"
00068-00001094.soi,soi,9,15,10.445454545454547,4,0.25658109999494627,"[[1, 2, 4, 7], [3, 8], [5, 6], [9]]"
00068-00001095.soi,soi,5,15,2.45,2,0.0073850000044330955,"[[1, 2, 5], [3, 4]]"
00068-00001096.soi,soi,5,15,3.097435897435897,2,0.010972500022035092,"[[1, 2, 5], [3, 4]]"
00068-00001097.soi,soi,4,15,1.0000000000776101,1,0.004988099972251803,"[[1, 2, 3, 4]]"
00068-00001098.soi,soi,9,15,13.38809523809524,4,0.04938450001645833,"[[1, 2, 4, 5, 6, 9], [3], [7], [8]]"
00068-00001099.soi,soi,7,15,9.063131313131311,5,0.022358199988957494,"[[1], [2], [3, 4, 6], [5], [7]]"
00068-00001100.soi,soi,8,21,10.51981613158084,1,0.04637860000366345,"[[1, 2, 3, 4, 5, 6, 7, 8]]"
00068-00001101.soi,soi,5,15,2.516594516594517,2,0.013349399960134178,"[[1, 3, 4, 5], [2]]"
00068-00001102.soi,soi,6,15,4.423809523809524,3,0.014104200003203005,"[[1, 2, 4, 6], [3], [5]]"
00068-00001103.soi,soi,22,15,79.23722943722944,4,21.108406500017736,"[[1, 3, 4, 6, 7, 9, 10, 11, 12, 13, 16, 17, 18, 19, 20, 22], [2, 8, 21], [5, 14], [15]]"
00068-00001104.soi,soi,6,21,2.3588744588744586,4,0.014118899998720735,"[[1, 3], [2], [4], [5, 6]]"
00068-00001105.soi,soi,6,15,5.546536796536797,3,0.03186210000421852,"[[1], [2, 3, 4, 5], [6]]"
00068-00001106.soi,soi,9,15,13.212121212121211,2,0.04874940001172945,"[[1, 2, 3, 4, 6, 7, 8], [5, 9]]"
00068-00001107.soi,soi,8,15,5.433333333333334,4,0.025398400030098855,"[[1, 3, 6, 8], [2, 7], [4], [5]]"
00068-00001108.soi,soi,6,15,4.950549450549451,3,0.01162459998158738,"[[1, 5, 6], [2, 3], [4]]"
00068-00001109.soi,soi,9,15,9.13968253968254,3,0.03888890001690015,"[[1, 2, 7], [3, 4, 8], [5, 6, 9]]"
00068-00001110.soi,soi,5,15,1.0615384615384613,2,0.007027700019534677,"[[1, 2], [3, 4, 5]]"
00068-00001111.soi,soi,10,15,12.932073482073482,5,0.25186519999988377,"[[1], [2, 5, 6, 8, 9, 10], [3], [4], [7]]"
00068-00001112.soi,soi,7,15,6.135148185148185,3,0.019124300044495612,"[[1, 2, 4, 6, 7], [3], [5]]"
00068-00001113.soi,soi,6,15,3.716017316017316,2,0.015741700015496463,"[[1, 2, 4, 5, 6], [3]]"
00068-00001114.soi,soi,8,23,7.668172407302843,5,0.03084259998286143,"[[1, 4], [2, 7, 8], [3], [5], [6]]"
00068-00001115.soi,soi,9,15,11.418747918747918,4,0.05442100000800565,"[[1, 3, 5, 9], [2, 8], [4, 7], [6]]"
00068-00001116.soi,soi,6,15,2.761849261849262,4,0.012016099994070828,"[[1], [2], [3, 5], [4, 6]]"
00068-00001117.soi,soi,7,15,4.749217449217449,4,0.01584740000544116,"[[1], [2, 3, 5, 7], [4], [6]]"
00068-00001118.soi,soi,10,15,19.195970695970697,2,1.8597372000222094,"[[1, 2, 3, 4, 5, 6, 8, 9], [7, 10]]"
00068-00001119.soi,soi,8,15,8.079437229437229,3,0.02335309999762103,"[[1], [2, 5, 6, 8], [3, 4, 7]]"
00068-00001120.soi,soi,8,15,8.875036075036073,4,0.028988499951083213,"[[1], [2, 3, 5, 7, 8], [4], [6]]"
00068-00001121.soi,soi,6,15,4.4,5,0.016145800007507205,"[[1, 3], [2], [4], [5], [6]]"
00068-00001122.soi,soi,6,15,5.11082251082251,4,0.009618100011721253,"[[1], [2], [3, 4, 6], [5]]"
00068-00001123.soi,soi,8,15,8.361538461538462,4,0.02289069996913895,"[[1, 3, 6], [2], [4, 5, 7], [8]]"
00068-00001124.soi,soi,7,15,5.688977688977689,5,0.021625000052154064,"[[1], [2], [3], [4, 6, 7], [5]]"
00068-00001125.soi,soi,4,15,1.8807359306935982,1,0.006762799981515855,"[[1, 2, 3, 4]]"
00068-00001126.soi,soi,6,21,5.206959706959707,3,0.012448800029233098,"[[1, 3, 5, 6], [2], [4]]"
00068-00001127.soi,soi,7,15,8.411965811965812,4,0.028204700036440045,"[[1, 3, 4, 5], [2], [6], [7]]"
00068-00001128.soi,soi,19,15,56.02142857142857,4,22.26025779999327,"[[1, 10], [2, 5, 6, 7, 8, 11, 12, 13, 14, 15, 16, 17, 18, 19], [3, 9], [4]]"
00068-00001129.soi,soi,10,15,19.13492063492064,1,0.07565320003777742,"[[1, 2, 3, 4, 5, 6, 7, 8, 9, 10]]"
00068-00001130.soi,soi,6,21,5.02529173612765,3,0.010564399999566376,"[[1, 2, 5, 6], [3], [4]]"
00068-00001131.soi,soi,7,21,5.067166167166167,4,0.01546200003940612,"[[1], [2, 5], [3, 7], [4, 6]]"
00068-00001132.soi,soi,6,15,3.2666666666666666,4,0.01366940001025796,"[[1, 6], [2, 3], [4], [5]]"
00068-00001133.soi,soi,5,15,4.298701298701299,3,0.014385499991476536,"[[1, 3], [2], [4, 5]]"
00068-00001134.soi,soi,5,15,2.8553113553113554,2,0.012027400021906942,"[[1, 2, 4], [3, 5]]"
00068-00001135.soi,soi,10,15,17.647252747252747,5,0.05808769998839125,"[[1], [2, 3, 5, 6, 7, 10], [4], [8], [9]]"
00068-00001136.soi,soi,5,15,1.912698412698413,1,0.006278800021391362,"[[1, 2, 3, 4, 5]]"
00068-00001137.soi,soi,9,15,14.761904761904763,4,0.05791269999463111,"[[1], [2, 3, 9], [4, 5, 8], [6, 7]]"
00068-00001138.soi,soi,8,15,9.135714285714286,3,0.02865419996669516,"[[1, 2, 4, 5, 7, 8], [3], [6]]"
00068-00001139.soi,soi,6,15,5.056926406926407,2,0.014557500020600855,"[[1, 3, 4, 5, 6], [2]]"
00068-00001140.soi,soi,5,15,2.8539682539682536,2,0.010661900043487549,"[[1], [2, 3, 4, 5]]"
00068-00001141.soi,soi,4,15,1.5131868132942734,1,0.005256799980998039,"[[1, 2, 3, 4]]"
00068-00001142.soi,soi,7,15,8.128571428571428,2,0.022975699976086617,"[[1, 2, 3, 4, 6, 7], [5]]"
00068-00001143.soi,soi,7,15,5.470512820512821,3,0.014638499997090548,"[[1], [2, 4, 5, 6, 7], [3]]"
00068-00001144.soi,soi,6,15,5.873015873015873,4,0.017896600009407848,"[[1, 6], [2, 3], [4], [5]]"
00068-00001145.soi,soi,5,15,2.738888888888889,3,0.007456499966792762,"[[1, 3, 5], [2], [4]]"
00068-00001146.soi,soi,11,15,17.394444444444453,2,0.2184201999916695,"[[1, 4, 5, 6, 8, 10], [2, 3, 7, 9, 11]]"
00068-00001147.soi,soi,10,15,18.81927516927517,3,0.11750380002195016,"[[1, 3, 6, 7, 8, 9], [2, 10], [4, 5]]"
00068-00001148.soi,soi,7,21,5.842980703507019,3,0.014998500002548099,"[[1, 2, 3, 5], [4, 6], [7]]"
00068-00001149.soi,soi,6,15,4.8812520812520805,2,0.012350600038189441,"[[1, 2, 4, 5], [3, 6]]"
00068-00001150.soi,soi,11,15,20.5952380952381,2,0.09360379999270663,"[[1, 2, 3, 4, 6, 7, 8, 9, 10, 11], [5]]"
00068-00001151.soi,soi,7,15,5.376190476190477,3,0.017464400036260486,"[[1, 4, 6, 7], [2, 3], [5]]"
00068-00001152.soi,soi,16,15,41.276984126984125,4,3.829285499989055,"[[1, 2], [3, 4, 5, 6, 7, 9, 10, 11, 12, 13, 15, 16], [8], [14]]"
00068-00001153.soi,soi,13,15,26.510961260961256,7,5.789530000009108,"[[1, 3, 10, 12], [2, 7, 11], [4, 9], [5], [6], [8], [13]]"
00068-00001154.soi,soi,6,15,3.541269841269841,3,0.0319391000084579,"[[1, 2, 4], [3, 6], [5]]"
00068-00001155.soi,soi,7,15,5.063492063492063,5,0.03180320002138615,"[[1, 4], [2, 6], [3], [5], [7]]"
00068-00001156.soi,soi,6,15,5.292352092352093,3,0.01814820000436157,"[[1, 2, 5, 6], [3], [4]]"
00068-00001157.soi,soi,4,15,0.6666666666045784,4,0.005683699971996248,"[[1], [2], [3], [4]]"
00068-00001158.soi,soi,9,15,14.521212121212121,2,0.038125099963508546,"[[1, 4, 6, 7, 8, 9], [2, 3, 5]]"
00068-00001159.soi,soi,8,15,6.978754578754579,6,0.02169950003735721,"[[1], [2, 8], [3, 4], [5], [6], [7]]"
00068-00001160.soi,soi,9,15,15.176129426129423,5,0.6240880000405014,"[[1], [2, 7, 8], [3, 5], [4, 6], [9]]"
00068-00001161.soi,soi,9,15,11.367765567765568,5,0.040229200036264956,"[[1, 4, 5, 6], [2], [3], [7, 9], [8]]"
00068-00001162.soi,soi,7,15,6.836063936063936,5,0.02153500000713393,"[[1, 5], [2], [3, 6], [4], [7]]"
00068-00001163.soi,soi,7,15,5.367765567765568,3,0.015243400004692376,"[[1, 2, 3, 5], [4, 7], [6]]"
00068-00001164.soi,soi,9,15,13.581818181818182,3,0.07173269998747855,"[[1, 2, 3, 6, 8, 9], [4], [5, 7]]"
00068-00001165.soi,soi,10,15,16.65042735042735,2,0.0638090000138618,"[[1, 2, 3, 4, 5, 7, 8, 9, 10], [6]]"
00068-00001166.soi,soi,5,15,4.017316017316017,1,0.013202400004956871,"[[1, 2, 3, 4, 5]]"
00068-00001167.soi,soi,13,21,30.930356408297584,1,0.154064699949231,"[[1, 2, 3, 4, 5, 6, 7, 8, 9, 10, 11, 12, 13]]"
00068-00001168.soi,soi,8,15,8.533333333333333,4,0.04035920003661886,"[[1, 4, 6], [2, 7], [3, 5], [8]]"
00068-00001169.soi,soi,5,15,1.7045177045177047,3,0.007320399978198111,"[[1], [2, 3, 5], [4]]"
00068-00001170.soi,soi,6,15,5.998845598845598,2,0.012980800005607307,"[[1], [2, 3, 4, 5, 6]]"
00068-00001171.soi,soi,6,15,4.283882783882784,6,0.019474900036584586,"[[1], [2], [3], [4], [5], [6]]"
00068-00001172.soi,soi,8,15,9.48116883116883,4,0.26577940001152456,"[[1], [2, 4, 6, 8], [3], [5, 7]]"
00068-00001173.soi,soi,5,15,2.1999999999999997,3,0.010175000003073364,"[[1, 2, 5], [3], [4]]"
00068-00001174.soi,soi,8,15,10.943145743145744,3,0.05256540002301335,"[[1, 2, 3], [4, 5, 6], [7, 8]]"
00068-00001175.soi,soi,10,21,12.152639027639028,3,0.08316589996684343,"[[1, 3, 5], [2, 4, 6, 7, 8], [9, 10]]"
00068-00001176.soi,soi,7,15,8.219047619047618,5,0.02449959999648854,"[[1, 3, 6], [2], [4], [5], [7]]"
00068-00001177.soi,soi,8,15,6.8500000000000005,3,0.02071429998613894,"[[1, 2, 3], [4, 6], [5, 7, 8]]"
00068-00001178.soi,soi,6,15,5.249206349206349,4,0.013278800004627556,"[[1], [2, 5, 6], [3], [4]]"
00068-00001179.soi,soi,5,15,2.498168498168498,3,0.008666600042488426,"[[1, 4], [2, 5], [3]]"
00068-00001180.soi,soi,9,15,10.730303030303029,6,0.03804299997864291,"[[1, 3, 7], [2], [4, 9], [5], [6], [8]]"
00068-00001181.soi,soi,5,15,1.8122377622377621,2,0.00816960004158318,"[[1, 2, 3, 4], [5]]"
00068-00001182.soi,soi,7,15,3.986075036075035,5,0.017941700003575534,"[[1], [2, 7], [3, 5], [4], [6]]"
00068-00001183.soi,soi,7,15,5.722222222222222,3,0.02815169998211786,"[[1, 3, 5], [2, 6], [4, 7]]"
00068-00001184.soi,soi,7,15,6.538461538461538,3,0.027026400028262287,"[[1, 2, 4, 5], [3, 7], [6]]"
00068-00001185.soi,soi,6,15,5.63031413031413,4,0.011466399999335408,"[[1], [2], [3, 4, 6], [5]]"
00068-00001186.soi,soi,12,15,15.816300366300368,3,0.07128800003556535,"[[1, 2, 3, 4, 5, 6, 7, 8, 10], [9, 12], [11]]"
00068-00001187.soi,soi,7,15,7.282217782217781,5,0.02050710003823042,"[[1], [2, 3], [4, 5], [6], [7]]"
00068-00001188.soi,soi,6,15,4.835786435786437,2,0.0132175000035204,"[[1, 2, 3, 4], [5, 6]]"
00068-00001189.soi,soi,5,15,3.285431235431236,2,0.007220500032417476,"[[1, 2], [3, 4, 5]]"
00068-00001190.soi,soi,5,15,4.0567765567765575,3,0.010499599971808493,"[[1], [2, 3], [4, 5]]"
00068-00001191.soi,soi,13,15,29.461904761904762,2,1.6907095999922603,"[[1, 2, 3, 4, 5, 6, 7, 8, 10, 11, 12, 13], [9]]"
00068-00001192.soi,soi,8,15,11.469047619047618,5,0.05996079999022186,"[[1], [2, 6], [3, 8], [4, 7], [5]]"
00068-00001193.soi,soi,9,15,12.475613275613274,2,0.03210500004934147,"[[1, 3, 5, 9], [2, 4, 6, 7, 8]]"
00068-00001194.soi,soi,7,15,4.125174825174826,4,0.014978900027927011,"[[1, 6, 7], [2], [3, 5], [4]]"
00068-00001195.soi,soi,11,21,18.786002886002883,5,0.348127499979455,"[[1], [2, 3, 4, 5, 6, 7, 11], [8], [9], [10]]"
00068-00001196.soi,soi,8,15,6.624442224442224,5,0.02331159997265786,"[[1, 7, 8], [2], [3, 4], [5], [6]]"
00068-00001197.soi,soi,5,15,2.911111111111111,3,0.00795759999891743,"[[1, 2], [3], [4, 5]]"
00068-00001198.soi,soi,6,15,4.63030303030303,4,0.01259070000378415,"[[1], [2, 3, 4], [5], [6]]"
00068-00001199.soi,soi,4,15,2.2089743591355493,2,0.009172199992462993,"[[1, 2], [3, 4]]"
00068-00001200.soi,soi,15,21,40.504112846218106,4,9.54534260003129,"[[1, 3, 10, 12, 13], [2, 5, 7, 9], [4, 8, 11, 14, 15], [6]]"
00068-00001201.soi,soi,5,15,3.387723387723388,3,0.010075700003653765,"[[1], [2, 4], [3, 5]]"
00068-00001202.soi,soi,7,15,4.626190476190477,5,0.01787109998986125,"[[1], [2, 5, 7], [3], [4], [6]]"
00068-00001203.soi,soi,11,15,21.854478854478852,5,0.10595759999705479,"[[1, 6, 7], [2, 4], [3, 5, 10], [8], [9, 11]]"
00068-00001204.soi,soi,4,15,2.3619047618715,3,0.00912240002071485,"[[1, 2], [3], [4]]"
00068-00001205.soi,soi,5,15,3.6444444444444444,1,0.01223349996143952,"[[1, 2, 3, 4, 5]]"
00068-00001206.soi,soi,8,15,6.976923076923077,2,0.028747899981681257,"[[1], [2, 3, 4, 5, 6, 7, 8]]"
00068-00001207.soi,soi,5,15,2.8291819291819293,2,0.006586999981664121,"[[1], [2, 3, 4, 5]]"
00068-00001208.soi,soi,6,15,5.698412698412699,6,0.013673199980985373,"[[1], [2], [3], [4], [5], [6]]"
00068-00001209.soi,soi,8,15,7.949999999999999,2,0.02486700000008568,"[[1, 3, 5, 6, 7, 8], [2, 4]]"
00068-00001210.soi,soi,9,15,12.829204129204129,3,0.07195469998987392,"[[1, 3, 5, 6, 7, 8], [2, 9], [4]]"
00068-00001211.soi,soi,9,15,13.903846153846153,2,0.08453910000389442,"[[1, 2, 3, 4, 5, 6, 7, 8], [9]]"
00068-00001212.soi,soi,5,15,3.5936507936507938,4,0.011602300044614822,"[[1], [2, 4], [3], [5]]"
00068-00001213.soi,soi,9,15,16.627705627705627,2,0.9976006000069901,"[[1, 2, 3, 4, 5, 6, 7, 9], [8]]"
00068-00001214.soi,soi,6,15,1.9777777777777779,5,0.009438699984457344,"[[1], [2], [3, 5], [4], [6]]"
00068-00001215.soi,soi,19,15,52.66053391053386,3,18.803558000014164,"[[1, 2, 3, 4, 5, 6, 7, 8, 9, 10, 11, 12, 13, 15, 16, 17, 19], [14], [18]]"
00068-00001216.soi,soi,9,15,14.533333333333333,2,0.044697700010146946,"[[1, 2, 3, 4, 6, 7, 8, 9], [5]]"
00068-00001217.soi,soi,10,15,15.675824175824172,1,0.063685400004033,"[[1, 2, 3, 4, 5, 6, 7, 8, 9, 10]]"
00068-00001218.soi,soi,11,15,22.334920634920636,3,0.8366913000354543,"[[1, 2, 5, 7, 8, 9, 10, 11], [3, 4], [6]]"
00068-00001219.soi,soi,7,15,5.833333333333333,2,0.0228225999744609,"[[1, 2, 3, 4, 5, 7], [6]]"
00068-00001220.soi,soi,9,21,11.583006535947714,2,0.08108969999011606,"[[1, 2, 3, 4, 7], [5, 6, 8, 9]]"
00068-00001221.soi,soi,11,15,18.566666666666666,1,0.06232620001537725,"[[1, 2, 3, 4, 5, 6, 7, 8, 9, 10, 11]]"
00068-00001222.soi,soi,10,21,13.677308802308803,3,0.048951599979773164,"[[1, 3, 5, 6, 7, 10], [2, 4], [8, 9]]"
00068-00001223.soi,soi,7,15,5.02991452991453,2,0.018228699977044016,"[[1], [2, 3, 4, 5, 6, 7]]"
00068-00001224.soi,soi,12,15,25.889826839826842,5,10.70802639995236,"[[1], [2], [3, 8], [4, 5, 7, 10, 11, 12], [6, 9]]"
00068-00001225.soi,soi,7,15,6.303030303030304,4,0.02033820003271103,"[[1, 2, 6], [3], [4, 5], [7]]"
00068-00001226.soi,soi,5,15,1.6725274725274724,3,0.008744099992327392,"[[1, 4], [2, 3], [5]]"
00068-00001227.soi,soi,9,15,11.16984126984127,5,0.038245300005655736,"[[1], [2, 4, 6, 7, 9], [3], [5], [8]]"
00068-00001228.soi,soi,7,15,7.43015873015873,1,0.018704399990383536,"[[1, 2, 3, 4, 5, 6, 7]]"
00068-00001229.soi,soi,7,15,3.876623376623378,4,0.01961799996206537,"[[1], [2], [3, 4, 6, 7], [5]]"
00068-00001230.soi,soi,9,15,13.21135531135531,4,0.04861190001247451,"[[1, 3, 5, 7, 8, 9], [2], [4], [6]]"
00068-00001231.soi,soi,9,15,14.704662004662007,4,0.3111376999877393,"[[1], [2, 3, 4, 5, 7, 9], [6], [8]]"
00068-00001232.soi,soi,6,15,6.515873015873016,1,0.016291100007947534,"[[1, 2, 3, 4, 5, 6]]"
00068-00001233.soi,soi,7,15,7.687229437229437,2,0.023130199988372624,"[[1, 2, 4, 5, 6, 7], [3]]"
00068-00001234.soi,soi,16,15,52.64747474747474,3,20.190969399991445,"[[1, 7, 11, 13, 14, 15, 16], [2, 3, 4, 6, 8, 9, 10], [5, 12]]"
00068-00001235.soi,soi,6,15,5.658585858585859,4,0.015667000028770417,"[[1], [2, 4], [3, 6], [5]]"
00068-00001236.soi,soi,5,15,2.1968475968475967,5,0.006584400020074099,"[[1], [2], [3], [4], [5]]"
00068-00001237.soi,soi,7,21,3.1619047619047613,4,0.017682600009720773,"[[1, 3], [2, 4], [5, 7], [6]]"
00068-00001238.soi,soi,5,15,3.433333333333333,3,0.008569099998567253,"[[1, 3, 5], [2], [4]]"
00068-00001239.soi,soi,8,15,8.171861471861472,3,0.02120790001936257,"[[1, 5], [2, 3, 4, 6, 7], [8]]"
00068-00001240.soi,soi,8,15,9.054761904761904,2,0.03128589998232201,"[[1, 2, 3, 4, 5, 7, 8], [6]]"
00068-00001241.soi,soi,7,15,7.483449883449883,3,0.047210399992763996,"[[1], [2, 3, 4, 5], [6, 7]]"
00068-00001242.soi,soi,7,15,6.25,2,0.02409659995464608,"[[1, 2, 3, 4, 5], [6, 7]]"
00068-00001243.soi,soi,6,15,4.2,4,0.016161800012923777,"[[1, 2], [3], [4, 6], [5]]"
00068-00001244.soi,soi,7,15,5.750793650793652,4,0.024038599978666753,"[[1, 3, 5, 7], [2], [4], [6]]"
00068-00001245.soi,soi,7,15,6.942857142857143,7,0.016395100043155253,"[[1], [2], [3], [4], [5], [6], [7]]"
00068-00001246.soi,soi,10,15,11.633333333333333,4,0.04117839998798445,"[[1], [2, 4, 5, 7, 8, 9, 10], [3], [6]]"
00068-00001247.soi,soi,7,21,5.117132867132867,2,0.01945909997448325,"[[1, 2, 6], [3, 4, 5, 7]]"
00068-00001248.soi,soi,11,15,20.81904761904762,5,1.265056199976243,"[[1, 4, 5, 6], [2, 7, 9, 10], [3], [8], [11]]"
00068-00001249.soi,soi,7,15,3.5858585858585865,5,0.03419939999002963,"[[1], [2, 4, 5], [3], [6], [7]]"
00068-00001250.soi,soi,13,15,27.178571428571427,2,1.0389346000156365,"[[1, 3, 4, 5, 6, 7, 8, 9, 11, 12, 13], [2, 10]]"
00068-00001251.soi,soi,11,21,17.10970206264324,3,0.0869189000222832,"[[1, 2, 3, 4, 5, 7, 8, 10, 11], [6], [9]]"
00068-00001252.soi,soi,6,15,3.9761904761904763,4,0.010340699984226376,"[[1, 2, 3], [4], [5], [6]]"
00068-00001253.soi,soi,8,15,10.3,4,0.03058159997453913,"[[1, 2, 4, 8], [3, 5], [6], [7]]"
00068-00001254.soi,soi,11,15,18.76970806970807,2,0.37159679998876527,"[[1, 4, 5, 7, 9], [2, 3, 6, 8, 10, 11]]"
00068-00001255.soi,soi,6,15,4.406132756132757,3,0.011284100008197129,"[[1, 3], [2, 5, 6], [4]]"
00068-00001256.soi,soi,8,15,7.278860028860029,4,0.02041199995437637,"[[1], [2, 6], [3, 4, 7, 8], [5]]"
00068-00001257.soi,soi,4,15,0.8952380953467496,2,0.00500940001802519,"[[1, 3, 4], [2]]"
00068-00001258.soi,soi,5,15,3.263070263070263,2,0.011589900008402765,"[[1, 4, 5], [2, 3]]"
00068-00001259.soi,soi,12,15,19.210256410256413,2,0.08749929995974526,"[[1, 2, 3, 4, 5, 6, 7, 9, 11, 12], [8, 10]]"
00068-00001260.soi,soi,9,15,11.390476190476189,5,0.035540200013201684,"[[1, 2], [3], [4, 5, 8, 9], [6], [7]]"
00068-00001261.soi,soi,8,15,12.802669552669553,4,0.22283039998728782,"[[1, 3, 8], [2], [4, 5, 6], [7]]"
00068-00001262.soi,soi,8,15,10.015079365079366,3,0.043213199998717755,"[[1, 3], [2, 5, 6, 7, 8], [4]]"
00068-00001263.soi,soi,6,15,4.533333333333333,4,0.01609450002433732,"[[1, 2, 3], [4], [5], [6]]"
00068-00001264.soi,soi,7,15,8.264285714285712,3,0.36757429997669533,"[[1, 3, 4, 6, 7], [2], [5]]"
00068-00001265.soi,soi,6,15,1.6380952380952376,5,0.013030499976594001,"[[1], [2, 4], [3], [5], [6]]"
00068-00001266.soi,soi,6,15,3.8431013431013437,3,0.013447400007862598,"[[1], [2, 3, 4, 5], [6]]"
00068-00001267.soi,soi,7,15,7.359307359307358,3,0.022160699998494238,"[[1, 2, 5, 7], [3], [4, 6]]"
00068-00001268.soi,soi,7,15,3.866666666666667,4,0.01738239999394864,"[[1, 6, 7], [2], [3, 4], [5]]"
00068-00001269.soi,soi,6,15,4.13968253968254,4,0.01539389998652041,"[[1, 3], [2, 5], [4], [6]]"
00068-00001270.soi,soi,11,15,23.019696969696973,6,2.633418600016739,"[[1], [2, 5, 10], [3, 4], [6, 9], [7, 11], [8]]"
00068-00001271.soi,soi,12,21,15.166666666666666,4,0.08142649999354035,"[[1], [2, 3, 5, 6, 7, 8, 10, 11, 12], [4], [9]]"
00068-00001272.soi,soi,12,15,23.40793650793651,3,0.09643849998246878,"[[1], [2], [3, 4, 5, 6, 7, 8, 9, 10, 11, 12]]"
00068-00001273.soi,soi,6,15,2.9904761904761905,5,0.012849499995354563,"[[1], [2], [3], [4, 5], [6]]"
00068-00001274.soi,soi,12,15,18.58809523809522,2,1.902591299964115,"[[1, 2, 4, 5, 6, 7, 8, 9, 10, 11, 12], [3]]"
00068-00001275.soi,soi,8,15,8.933333333333334,3,0.03093459998490289,"[[1, 2, 4, 6, 7, 8], [3], [5]]"
00068-00001276.soi,soi,9,15,16.038095238095238,4,1.9107210999936797,"[[1, 5, 6, 9], [2, 4], [3], [7, 8]]"
00068-00001277.soi,soi,8,15,11.412121212121212,7,0.035856999980751425,"[[1], [2], [3], [4], [5], [6, 7], [8]]"
00068-00001278.soi,soi,5,15,5.981684981684982,2,0.012185500003397465,"[[1, 2, 3, 5], [4]]"
00068-00001279.soi,soi,6,15,3.359218559218559,4,0.01075360004324466,"[[1], [2, 6], [3], [4, 5]]"
00068-00001280.soi,soi,6,15,2.177777777777777,6,0.010250899998936802,"[[1], [2], [3], [4], [5], [6]]"
00068-00001281.soi,soi,5,15,4.174025974025974,1,0.010006600001361221,"[[1, 2, 3, 4, 5]]"
00068-00001282.soi,soi,6,15,6.742579642579643,4,0.017853799974545836,"[[1, 3, 6], [2], [4], [5]]"
00068-00001283.soi,soi,7,15,5.250216450216451,3,0.01631090004229918,"[[1], [2, 4, 5, 6, 7], [3]]"
00068-00001284.soi,soi,7,15,6.109290709290709,3,0.01551689999178052,"[[1], [2, 5], [3, 4, 6, 7]]"
00068-00001285.soi,soi,9,21,14.197718621248033,3,0.04537690000142902,"[[1, 2, 3, 6, 7, 8, 9], [4], [5]]"
00068-00001286.soi,soi,5,15,1.8922077922077922,3,0.008263399999123067,"[[1, 5], [2, 3], [4]]"
00068-00001287.soi,soi,9,21,9.554385964912282,9,0.029503700032364577,"[[1], [2], [3], [4], [5], [6], [7], [8], [9]]"
00068-00001288.soi,soi,15,15,35.060317460317464,4,0.5932484000222757,"[[1, 7, 8, 14], [2, 6, 13, 15], [3, 4, 5, 9, 10], [11, 12]]"
00068-00001289.soi,soi,5,15,2.516483516483517,2,0.008586199954152107,"[[1, 3, 4, 5], [2]]"
00068-00001290.soi,soi,7,15,5.903174603174603,1,0.01635230000829324,"[[1, 2, 3, 4, 5, 6, 7]]"
00068-00001291.soi,soi,5,15,1.6952380952380952,2,0.006945499975699931,"[[1], [2, 3, 4, 5]]"
00068-00001292.soi,soi,13,15,34.87773892773893,3,6.588111800025217,"[[1, 11, 12], [2, 3, 4, 5, 7, 8, 9, 10, 13], [6]]"
00068-00001293.soi,soi,12,15,16.371805971805973,9,0.09772459999658167,"[[1], [2], [3, 10], [4, 5], [6], [7], [8, 11], [9], [12]]"
00068-00001294.soi,soi,6,15,5.773160173160173,2,0.015549699950497597,"[[1, 2, 3, 6], [4, 5]]"
00068-00001295.soi,soi,7,15,6.904761904761905,3,0.017971499997656792,"[[1, 5], [2, 4, 7], [3, 6]]"
00068-00001296.soi,soi,12,15,27.885625485625486,5,3.5022654000204057,"[[1], [2, 8], [3, 5, 10, 12], [4, 6, 11], [7, 9]]"
00068-00001297.soi,soi,7,15,7.774386724386725,3,0.022380599984899163,"[[1, 2, 3, 5], [4, 7], [6]]"
00068-00001298.soi,soi,9,15,11.492857142857144,3,0.0400804000091739,"[[1, 3, 5, 6, 7, 9], [2, 8], [4]]"
00068-00001299.soi,soi,10,21,12.376356117222993,4,0.06570490001467988,"[[1, 8], [2, 3, 4, 5, 6, 7], [9], [10]]"
00068-00001300.soi,soi,9,15,10.828282828282827,3,0.030134800006635487,"[[1, 2, 4, 5, 7, 8], [3, 9], [6]]"
00068-00001301.soi,soi,10,15,13.18427128427128,6,0.06074709998210892,"[[1], [2], [3, 4, 6, 9], [5, 7], [8], [10]]"
00068-00001302.soi,soi,13,21,37.09861429420253,1,7.582971199997701,"[[1, 2, 3, 4, 5, 6, 7, 8, 9, 10, 11, 12, 13]]"
00068-00001303.soi,soi,5,15,3.6999999999999997,4,0.008465499966405332,"[[1, 4], [2], [3], [5]]"
00068-00001304.soi,soi,6,15,4.642135642135642,5,0.011045200051739812,"[[1], [2, 5], [3], [4], [6]]"
00068-00001305.soi,soi,7,15,6.783333333333334,5,0.019864700036123395,"[[1, 3, 7], [2], [4], [5], [6]]"
00068-00001306.soi,soi,11,21,18.6239454989455,4,0.10790840000845492,"[[1, 2, 5, 7, 8, 10, 11], [3, 9], [4], [6]]"
00068-00001307.soi,soi,4,15,1.9362637363174662,2,0.011377700022421777,"[[1], [2, 3, 4]]"
00068-00001308.soi,soi,9,21,11.583044733044733,3,0.06238409999059513,"[[1, 2, 4, 5, 7, 8], [3, 9], [6]]"
00068-00001309.soi,soi,7,15,4.193284493284494,3,0.022165199974551797,"[[1, 3, 5], [2, 4, 6], [7]]"
00068-00001310.soi,soi,10,21,10.087005392268551,3,0.038506000011693686,"[[1, 7], [2, 3, 4, 6, 8, 9, 10], [5]]"
00068-00001311.soi,soi,7,15,7.403235653235654,3,0.018679400032851845,"[[1, 5], [2, 7], [3, 4, 6]]"
00068-00001312.soi,soi,7,15,4.681013431013432,2,0.020224799984134734,"[[1, 3, 4, 5, 6, 7], [2]]"
00068-00001313.soi,soi,8,15,8.576479076479076,4,0.028546400018967688,"[[1, 2], [3, 4, 8], [5, 6], [7]]"
00068-00001314.soi,soi,6,15,1.9393939393939394,2,0.010787300008814782,"[[1, 6], [2, 3, 4, 5]]"
00068-00001315.soi,soi,8,21,14.174381475078068,4,0.6866779999691062,"[[1], [2], [3, 7], [4, 5, 6, 8]]"
