instancia,tipo,n,m,obj_value,n_buckets,tiempo,buckets
00068-00000001.soi,soi,10,23,15.633208962109215,4,1.0677171000279486,"[[6, 9], [1], [2, 4, 5, 7, 8, 10], [3]]"
00068-00000002.soi,soi,14,15,34.13672438672439,4,4.339730400010012,"[[13], [11], [1, 2, 3, 5, 6, 7, 8, 9, 10, 12, 14], [4]]"
00068-00000003.soi,soi,9,15,12.285714285714285,4,0.057873699930496514,"[[1, 3, 8, 9], [7], [5], [2, 4, 6]]"
00068-00000004.soi,soi,17,15,29.77777777777778,3,2.4777045000810176,"[[1], [3, 4, 5, 6, 7, 8, 9, 10, 11, 12, 13, 14, 15, 16, 17], [2]]"
00068-00000005.soi,soi,5,15,3.935803085803086,1,0.017222900060005486,"[[1, 2, 3, 4, 5]]"
00068-00000006.soi,soi,9,15,11.25,3,0.04428030003327876,"[[4], [1, 2, 3, 5, 7, 8, 9], [6]]"
00068-00000007.soi,soi,13,15,25.734343434343437,3,0.14029110001865774,"[[1, 13], [3, 9, 10], [2, 4, 5, 6, 7, 8, 11, 12]]"
00068-00000008.soi,soi,7,15,6.383333333333333,3,0.016883600037544966,"[[1, 3, 6, 7], [2], [4, 5]]"
00068-00000009.soi,soi,10,21,6.986466165413539,7,0.05485940002836287,"[[4], [3], [9], [1], [2], [5, 6, 10], [7, 8]]"
00068-00000010.soi,soi,7,15,4.966666666666667,2,0.020414100028574467,"[[2, 3, 7], [1, 4, 5, 6]]"
00068-00000011.soi,soi,5,15,2.6812742812742814,1,0.0134723000228405,"[[1, 2, 3, 4, 5]]"
00068-00000012.soi,soi,11,15,19.339316239316236,4,0.10256619995925575,"[[1, 2, 3, 6, 7, 10], [8], [4, 5, 9], [11]]"
00068-00000013.soi,soi,7,15,9.116522366522366,3,0.05082650005351752,"[[2, 5, 7], [3, 4, 6], [1]]"
00068-00000014.soi,soi,6,15,5.175824175824175,3,0.01463380001951009,"[[1, 5], [3], [2, 4, 6]]"
00068-00000015.soi,soi,7,15,5.219047619047619,3,0.019098700024187565,"[[3], [4], [1, 2, 5, 6, 7]]"
00068-00000016.soi,soi,10,21,12.06984126984127,3,0.05232759995851666,"[[3, 6, 7], [1, 2, 8, 9, 10], [4, 5]]"
00068-00000017.soi,soi,8,15,6.022222222222222,4,0.02736069995444268,"[[3], [1, 2, 4, 7], [8], [5, 6]]"
00068-00000018.soi,soi,7,15,6.6,4,0.02247470000293106,"[[1, 2, 5, 6], [3], [7], [4]]"
00068-00000019.soi,soi,7,15,7.095804195804195,4,0.028047699946910143,"[[1, 7], [4], [2, 5], [3, 6]]"
00068-00000020.soi,soi,11,15,21.216666666666665,4,0.08193490002304316,"[[7, 8], [3, 4, 9], [2, 5, 6, 10, 11], [1]]"
00068-00000021.soi,soi,5,15,2.2444444444444445,3,0.00839169998653233,"[[5], [4], [1, 2, 3]]"
00068-00000022.soi,soi,13,21,24.234140859140858,4,0.36236919998191297,"[[3, 4, 7, 11], [1, 2, 6, 8, 9, 12, 13], [10], [5]]"
00068-00000023.soi,soi,8,15,11.084920634920636,5,0.03148460004013032,"[[2], [3], [1, 4, 7, 8], [5], [6]]"
00068-00000024.soi,soi,7,15,7.73888888888889,2,0.0398377999663353,"[[2, 3, 5, 6, 7], [1, 4]]"
00068-00000025.soi,soi,13,15,22.696825396825396,3,2.3996616000076756,"[[3], [1, 2, 4, 5, 6, 7, 8, 9, 10, 13], [11, 12]]"
00068-00000026.soi,soi,5,15,3.857575757575757,2,0.013597300043329597,"[[2, 4, 5], [1, 3]]"
00068-00000027.soi,soi,7,21,5.529004329004328,3,0.029656699975021183,"[[3, 4, 6], [1, 5, 7], [2]]"
00068-00000028.soi,soi,14,15,35.98124098124098,4,8.334648000076413,"[[4], [1, 2, 3, 5, 6, 7, 9, 10, 11, 13], [12, 14], [8]]"
00068-00000029.soi,soi,11,15,17.066666666666666,6,2.346691400045529,"[[1, 2, 3, 4, 7, 8], [11], [9], [10], [5], [6]]"
00068-00000030.soi,soi,8,15,7.662587412587412,4,0.03534309996757656,"[[4, 6], [1, 2, 3, 8], [7], [5]]"
00068-00000031.soi,soi,7,15,8.173015873015872,5,0.02148129988927394,"[[6], [7], [2], [4, 5], [1, 3]]"
00068-00000032.soi,soi,12,21,27.223495785260496,2,0.2738135999534279,"[[2, 3, 4, 5, 6, 7, 8, 9, 10, 11, 12], [1]]"
00068-00000033.soi,soi,9,15,12.238095238095239,4,0.10177039995323867,"[[4, 7], [2, 8], [5], [1, 3, 6, 9]]"
00068-00000034.soi,soi,10,23,7.907608695652172,6,0.10797020001336932,"[[2, 8], [1, 9], [7], [3], [4, 5, 6], [10]]"
00068-00000035.soi,soi,4,15,1.4190476189833134,4,0.005215400015003979,"[[1], [4], [3], [2]]"
00068-00000036.soi,soi,11,15,19.04935064935065,3,0.08544830000028014,"[[9, 10], [1, 2, 3, 4, 5, 6, 7, 11], [8]]"
00068-00000037.soi,soi,12,15,21.363636363636367,3,0.13413820008281618,"[[7], [1, 2, 3, 4, 5, 6, 8, 9, 10, 11], [12]]"
00068-00000038.soi,soi,8,15,9.64102564102564,6,0.11392159992828965,"[[5], [2, 6], [4], [1], [7, 8], [3]]"
00068-00000039.soi,soi,7,15,7.267399267399267,4,0.033000199939124286,"[[1, 2, 4], [5], [6, 7], [3]]"
00068-00000040.soi,soi,8,15,11.21025641025641,3,0.07402449997607619,"[[4, 7], [6, 8], [1, 2, 3, 5]]"
00068-00000041.soi,soi,8,15,10.0,2,0.026432899991050363,"[[6], [1, 2, 3, 4, 5, 7, 8]]"
00068-00000042.soi,soi,20,15,48.88412698412698,3,10.105791100068018,"[[20], [1, 2, 3, 4, 6, 7, 8, 10, 11, 12, 13, 14, 15, 16, 17, 18, 19], [5, 9]]"
00068-00000043.soi,soi,7,15,8.05,2,0.18838349997531623,"[[1, 2, 3, 5, 6], [4, 7]]"
00068-00000044.soi,soi,8,15,10.866810966810965,6,0.07174549996852875,"[[1], [8], [2], [5], [4, 7], [3, 6]]"
00068-00000045.soi,soi,10,15,15.689682539682536,5,0.11247669998556376,"[[5], [1, 2, 3, 10], [6, 8], [4, 7], [9]]"
00068-00000046.soi,soi,12,15,25.864646464646466,3,1.286200899980031,"[[4], [1, 2, 3, 5, 7, 8, 9, 10, 11, 12], [6]]"
00068-00000047.soi,soi,8,15,10.802197802197803,1,0.025255899992771447,"[[1, 2, 3, 4, 5, 6, 7, 8]]"
00068-00000048.soi,soi,9,15,14.352380952380951,6,0.24852759996429086,"[[1, 4, 5, 7], [2], [3], [6], [8], [9]]"
00068-00000049.soi,soi,12,15,23.09285714285714,2,0.08315259998198599,"[[4], [1, 2, 3, 5, 6, 7, 8, 9, 10, 11, 12]]"
00068-00000050.soi,soi,7,15,7.423443223443224,2,0.016797700081951916,"[[3, 4, 7], [1, 2, 5, 6]]"
00068-00000051.soi,soi,9,21,8.964614298670027,6,0.03563820000272244,"[[2], [6], [3, 4, 7, 9], [1], [8], [5]]"
00068-00000052.soi,soi,7,15,5.885314685314686,2,0.017583699896931648,"[[2, 3, 5, 6], [1, 4, 7]]"
00068-00000053.soi,soi,9,15,11.653968253968253,3,0.05904820002615452,"[[4], [1, 5, 7, 8, 9], [2, 3, 6]]"
00068-00000054.soi,soi,12,15,20.095670995670996,2,0.09378580003976822,"[[1, 2, 3, 4, 5, 6, 7, 8, 9, 10, 12], [11]]"
00068-00000055.soi,soi,5,15,2.5466200466200464,3,0.012405400048010051,"[[2], [1, 3, 4], [5]]"
00068-00000056.soi,soi,6,15,5.97991452991453,4,0.018836400005966425,"[[1, 3, 6], [2], [5], [4]]"
00068-00000057.soi,soi,8,15,8.198051948051948,3,0.030964999925345182,"[[1, 3, 6, 8], [4], [2, 5, 7]]"
00068-00000058.soi,soi,10,15,13.689682539682542,1,0.06127489998470992,"[[1, 2, 3, 4, 5, 6, 7, 8, 9, 10]]"
00068-00000059.soi,soi,4,15,2.0785714286379515,3,0.009971800027415156,"[[2], [4], [1, 3]]"
00068-00000060.soi,soi,8,15,6.881257631257633,6,0.024629199993796647,"[[3, 6], [7], [1], [4, 5], [2], [8]]"
00068-00000061.soi,soi,6,15,3.2793650793650793,3,0.014743900042958558,"[[2], [3, 5, 6], [1, 4]]"
00068-00000062.soi,soi,11,15,17.566666666666666,2,0.07652819994837046,"[[2, 3, 4, 5, 6, 7, 9, 10, 11], [1, 8]]"
00068-00000063.soi,soi,10,21,16.848300237773923,7,1.7863300000317395,"[[1, 7], [6], [4, 5, 8], [10], [2], [3], [9]]"
00068-00000064.soi,soi,11,15,21.711111111111112,2,1.1755965000484139,"[[1, 2, 3, 4, 5, 6, 8, 9, 10, 11], [7]]"
00068-00000065.soi,soi,21,15,55.292568542568524,2,29.802635400090367,"[[1, 2, 3, 4, 5, 6, 7, 8, 9, 10, 11, 12, 13, 14, 15, 16, 17, 19, 20], [18, 21]]"
00068-00000066.soi,soi,10,15,15.144455544455543,7,0.08196769992355257,"[[8], [2, 3, 5], [6, 10], [7], [4], [9], [1]]"
00068-00000067.soi,soi,7,15,7.785914085914086,2,0.022590399952605367,"[[2, 3, 4, 5, 6, 7], [1]]"
00068-00000068.soi,soi,8,15,10.546536796536797,2,0.03766379994340241,"[[1, 3, 4, 5, 6, 7, 8], [2]]"
00068-00000069.soi,soi,8,23,8.88560432702309,4,0.027486999984830618,"[[5], [2, 6], [3], [1, 4, 7, 8]]"
00068-00000070.soi,soi,11,15,16.055555555555557,2,0.07606039999518543,"[[4, 6], [1, 2, 3, 5, 7, 8, 9, 10, 11]]"
00068-00000071.soi,soi,7,15,8.707142857142857,5,0.033726399997249246,"[[7], [2], [6], [1, 3, 5], [4]]"
00068-00000072.soi,soi,9,15,10.666666666666666,5,0.0319082000060007,"[[7], [4], [3, 8], [5], [1, 2, 6, 9]]"
00068-00000073.soi,soi,6,15,5.265279165279165,3,0.015676999930292368,"[[1, 2, 5, 6], [3], [4]]"
00068-00000074.soi,soi,10,21,16.36941946941947,2,0.07589089998509735,"[[2], [1, 3, 4, 5, 6, 7, 8, 9, 10]]"
00068-00000075.soi,soi,6,15,5.977922077922079,2,0.018357999972067773,"[[1, 4, 6], [2, 3, 5]]"
00068-00000076.soi,soi,5,15,2.3145743145743145,2,0.008011600002646446,"[[1, 2, 5], [3, 4]]"
00068-00000077.soi,soi,6,15,6.53023643023643,2,0.016856800066307187,"[[2], [1, 3, 4, 5, 6]]"
00068-00000078.soi,soi,6,15,5.4493894993895,1,0.012216200004331768,"[[1, 2, 3, 4, 5, 6]]"
00068-00000079.soi,soi,15,15,41.30822510822511,3,1.4627921000355855,"[[10, 15], [2, 3, 4, 5, 6, 7, 8, 9, 12, 13, 14], [1, 11]]"
00068-00000080.soi,soi,13,21,19.522791828054988,6,0.10164670005906373,"[[6], [11], [1], [2, 4], [5, 10, 12, 13], [3, 7, 8, 9]]"
00068-00000081.soi,soi,6,15,4.468253968253968,2,0.03313060000073165,"[[5], [1, 2, 3, 4, 6]]"
00068-00000082.soi,soi,8,15,7.915906315906314,3,0.03355380007997155,"[[4], [2, 3, 5, 6, 7, 8], [1]]"
00068-00000083.soi,soi,10,15,19.31465201465201,1,1.34697650000453,"[[1, 2, 3, 4, 5, 6, 7, 8, 9, 10]]"
00068-00000084.soi,soi,15,15,35.542568542568546,4,6.7909777000313625,"[[2, 3, 5, 10, 15], [1, 11], [4, 7, 8, 9, 12], [6, 13, 14]]"
00068-00000085.soi,soi,10,15,13.565367965367965,2,0.0946419999236241,"[[1, 2, 3, 5, 8], [4, 6, 7, 9, 10]]"
00068-00000086.soi,soi,14,23,23.55607683734282,6,0.12721010006498545,"[[11], [1], [10], [2, 4, 5, 8, 9, 12], [3, 7, 14], [6, 13]]"
00068-00000087.soi,soi,12,15,24.78333333333333,2,0.8754301000153646,"[[5], [1, 2, 3, 4, 6, 7, 8, 9, 10, 11, 12]]"
00068-00000088.soi,soi,14,15,42.07142857142857,4,10.245369600015692,"[[1, 3, 4, 6, 7, 8, 13], [2, 10], [11, 12, 14], [5, 9]]"
00068-00000089.soi,soi,14,15,35.48943833943832,4,6.446849400061183,"[[13], [12], [1, 2, 3, 4, 5, 6, 8, 9, 10, 11, 14], [7]]"
00068-00000090.soi,soi,7,15,5.755555555555555,2,0.023613000055775046,"[[1, 2, 3, 5, 6, 7], [4]]"
00068-00000091.soi,soi,10,21,13.27877854000145,4,0.06502450001426041,"[[9], [1, 2, 3, 5, 8, 10], [4, 6], [7]]"
00068-00000092.soi,soi,8,15,6.9369408369408365,5,0.02595439995639026,"[[6], [3, 4, 7, 8], [5], [1], [2]]"
00068-00000093.soi,soi,10,15,13.470279720279718,3,0.0802343999966979,"[[2], [1, 3, 4, 7], [5, 6, 8, 9, 10]]"
00068-00000094.soi,soi,9,15,11.59963924963925,5,0.03602400003001094,"[[3], [5], [2, 8], [1, 6, 7, 9], [4]]"
00068-00000095.soi,soi,10,21,16.245310245310243,5,1.4146792999235913,"[[9], [5, 6], [1], [2], [3, 4, 7, 8, 10]]"
00068-00000096.soi,soi,7,21,7.657758031442241,6,0.03604010003618896,"[[2], [7], [4], [5], [1, 6], [3]]"
00068-00000097.soi,soi,7,21,5.974342814048696,3,0.01923410000745207,"[[7], [1, 2, 3, 4, 6], [5]]"
00068-00000098.soi,soi,12,21,23.74585283997049,5,0.6940371999517083,"[[6, 10], [1, 2, 7, 8, 11, 12], [4, 5], [9], [3]]"
00068-00000099.soi,soi,9,21,12.53665648077413,2,0.04569970001466572,"[[2, 3, 4, 5, 6, 7, 8, 9], [1]]"
00068-00000100.soi,soi,8,15,7.561904761904762,4,0.028265499975532293,"[[2], [4], [5, 6, 7], [1, 3, 8]]"
00068-00000101.soi,soi,9,15,11.454545454545455,5,0.03783879999537021,"[[1, 7], [3, 5], [6], [2, 4], [8, 9]]"
00068-00000102.soi,soi,9,21,9.280649699457749,3,0.03427790000569075,"[[2, 3, 5, 6, 9], [7, 8], [1, 4]]"
00068-00000103.soi,soi,8,15,5.8996336996337,6,0.0237838999601081,"[[3], [5], [6], [1, 2, 7], [4], [8]]"
00068-00000104.soi,soi,8,15,9.038095238095238,2,0.025985600077547133,"[[2], [1, 3, 4, 5, 6, 7, 8]]"
00068-00000105.soi,soi,14,15,24.011904761904763,2,0.2939971999730915,"[[1, 2, 3, 4, 5, 6, 7, 8, 9, 10, 11, 12, 13], [14]]"
00068-00000106.soi,soi,7,15,5.3181818181818175,4,0.01753930002450943,"[[2, 4, 5], [6, 7], [3], [1]]"
00068-00000107.soi,soi,9,20,14.508986928104575,2,0.1126331000123173,"[[6, 7, 8], [1, 2, 3, 4, 5, 9]]"
00068-00000108.soi,soi,7,15,8.914285714285715,3,0.025778100010938942,"[[2, 4, 6], [3, 5, 7], [1]]"
00068-00000109.soi,soi,11,15,20.834798534798537,2,0.16173489997163415,"[[1], [2, 3, 4, 5, 6, 7, 8, 9, 10, 11]]"
00068-00000110.soi,soi,9,15,14.181818181818183,5,0.8157483000541106,"[[2, 5, 7], [3, 6], [8], [1, 9], [4]]"
00068-00000111.soi,soi,8,15,7.665151515151515,4,0.027542299940250814,"[[1, 3, 6], [8], [2, 4, 7], [5]]"
00068-00000112.soi,soi,7,21,7.1761904761904765,4,0.02316169999539852,"[[6], [5], [1, 3, 4, 7], [2]]"
00068-00000113.soi,soi,19,21,47.49946524064171,3,8.131384199950844,"[[15], [1, 2, 3, 4, 5, 6, 7, 9, 10, 11, 12, 13, 14, 16, 17, 18, 19], [8]]"
00068-00000114.soi,soi,11,15,19.133333333333333,4,1.1612527000252157,"[[1, 7], [2, 5], [9], [3, 4, 6, 8, 10, 11]]"
00068-00000115.soi,soi,5,15,2.0,2,0.01908279990311712,"[[1, 2, 4, 5], [3]]"
00068-00000116.soi,soi,7,15,7.315367965367965,4,0.020678200060501695,"[[1], [6], [7], [2, 3, 4, 5]]"
00068-00000117.soi,soi,6,15,4.423465423465423,4,0.014280300005339086,"[[4], [1, 5], [6], [2, 3]]"
00068-00000118.soi,soi,6,15,5.961904761904761,3,0.022849400062114,"[[2], [1, 3, 4, 5], [6]]"
00068-00000119.soi,soi,5,15,0.7472527472527473,4,0.027144900057464838,"[[2], [5], [1, 4], [3]]"
00068-00000120.soi,soi,5,15,2.194871794871794,3,0.013599999947473407,"[[1, 2], [4], [3, 5]]"
00068-00000121.soi,soi,6,15,5.3238095238095235,3,0.034497000044211745,"[[6], [2], [1, 3, 4, 5]]"
00068-00000122.soi,soi,10,15,17.65284715284715,3,0.11836439999751747,"[[1], [2, 3, 4, 5, 6, 8, 9, 10], [7]]"
00068-00000123.soi,soi,10,15,13.516666666666667,4,0.17270490003284067,"[[6], [1, 3, 4, 8, 9, 10], [2, 7], [5]]"
00068-00000124.soi,soi,5,15,2.8901098901098905,5,0.01358459994662553,"[[1], [2], [5], [3], [4]]"
00068-00000125.soi,soi,6,15,4.7206682206682204,2,0.012215700000524521,"[[2, 4, 5, 6], [1, 3]]"
00068-00000126.soi,soi,7,15,7.83030303030303,4,0.021503200056031346,"[[1, 6], [4, 7], [3], [2, 5]]"
00068-00000127.soi,soi,9,15,12.55978465978466,4,0.1466515000211075,"[[1, 2, 7], [4], [3, 6, 8, 9], [5]]"
00068-00000128.soi,soi,8,21,8.521619556913675,4,0.031754700001329184,"[[3, 6, 7], [5], [2, 4, 8], [1]]"
00068-00000129.soi,soi,8,15,11.10955710955711,4,0.030663900077342987,"[[1, 3, 8], [4, 5, 6], [7], [2]]"
00068-00000130.soi,soi,8,21,8.555020796197267,2,0.023555599967949092,"[[3], [1, 2, 4, 5, 6, 7, 8]]"
00068-00000131.soi,soi,9,15,11.533333333333333,4,0.03788499999791384,"[[2], [8], [4, 5], [1, 3, 6, 7, 9]]"
00068-00000132.soi,soi,9,15,10.34848484848485,4,0.04161059996113181,"[[1, 3, 5], [2, 4], [6, 8, 9], [7]]"
00068-00000133.soi,soi,7,15,9.924603174603174,3,0.020503600011579692,"[[2, 6], [1, 3], [4, 5, 7]]"
00068-00000134.soi,soi,9,21,15.648930481283422,2,0.5489120999118313,"[[6], [1, 2, 3, 4, 5, 7, 8, 9]]"
00068-00000135.soi,soi,12,21,18.617338217338222,3,0.1815574000356719,"[[3, 4, 5], [2, 6, 7, 8, 9, 11, 12], [1, 10]]"
00068-00000136.soi,soi,6,15,2.0666666666666664,5,0.00968540005851537,"[[3], [1], [2, 4], [6], [5]]"
00068-00000137.soi,soi,4,21,2.3399711399288075,1,0.007642700104042888,"[[1, 2, 3, 4]]"
00068-00000138.soi,soi,10,15,15.358585858585858,4,0.05066190008074045,"[[2, 3, 7], [5, 6], [1, 4, 8, 9], [10]]"
00068-00000139.soi,soi,6,15,4.965750915750915,3,0.013467599987052381,"[[1, 3, 5, 6], [2], [4]]"
00068-00000140.soi,soi,7,15,5.835986235986236,4,0.015070900088176131,"[[5], [2, 3, 6, 7], [4], [1]]"
00068-00000141.soi,soi,10,15,18.45128205128205,5,0.6425669000018388,"[[1, 5], [3], [8], [2, 4, 7, 10], [6, 9]]"
00068-00000142.soi,soi,10,15,16.35021645021645,8,0.16240520006977022,"[[4], [2], [3], [6], [1], [5, 9], [7, 8], [10]]"
00068-00000143.soi,soi,18,15,54.60634920634921,2,33.16524290002417,"[[1, 2, 3, 4, 5, 6, 7, 8, 9, 10, 12, 13, 14, 16, 18], [11, 15, 17]]"
00068-00000144.soi,soi,12,21,20.093781785809647,8,0.11861480004154146,"[[4, 9], [1], [2, 3, 10], [6], [12], [5, 11], [8], [7]]"
00068-00000145.soi,soi,5,21,3.3132832080200503,2,0.008207400096580386,"[[4], [1, 2, 3, 5]]"
00068-00000146.soi,soi,11,21,17.182173382173385,5,0.11738919990602881,"[[6], [1], [8], [2, 3, 4, 5, 9, 10, 11], [7]]"
00068-00000147.soi,soi,9,21,12.267435342435343,3,0.036258499952964485,"[[1, 2, 3, 5], [4, 6, 7], [8, 9]]"
00068-00000148.soi,soi,8,15,11.75924075924076,5,0.6673358000116423,"[[3], [2, 5, 7], [6], [4, 8], [1]]"
00068-00000149.soi,soi,6,21,2.2857142857142856,4,0.009976299945265055,"[[1], [2, 4], [3], [5, 6]]"
00068-00000150.soi,soi,9,15,17.036263736263734,1,1.2321460000239313,"[[1, 2, 3, 4, 5, 6, 7, 8, 9]]"
00068-00000151.soi,soi,10,15,13.378571428571428,7,0.051151799969375134,"[[1], [8], [10], [5, 6, 7], [3], [9], [2, 4]]"
00068-00000152.soi,soi,5,15,3.162337662337662,2,0.013179200002923608,"[[2, 3, 4, 5], [1]]"
00068-00000153.soi,soi,9,15,14.048107448107446,3,0.23368459998164326,"[[1], [2, 3, 5, 6, 8, 9], [4, 7]]"
00068-00000154.soi,soi,4,15,1.8470862471041571,1,0.023835100000724196,"[[1, 2, 3, 4]]"
00068-00000155.soi,soi,10,15,16.28888888888889,1,0.1232329000486061,"[[1, 2, 3, 4, 5, 6, 7, 8, 9, 10]]"
00068-00000156.soi,soi,11,15,21.778205128205126,4,0.1237266999669373,"[[2, 3, 5, 6, 8, 9, 10], [4], [1, 7], [11]]"
00068-00000157.soi,soi,5,15,3.4190476190476184,2,0.011097399983555079,"[[1, 5], [2, 3, 4]]"
00068-00000158.soi,soi,9,15,12.592207792207793,3,0.7563607000047341,"[[2, 6], [1, 3, 4, 5, 8, 9], [7]]"
00068-00000159.soi,soi,9,15,7.872710622710622,6,0.0363878000061959,"[[3, 6], [8], [4], [5, 9], [1, 2], [7]]"
00068-00000160.soi,soi,5,15,1.9047619047619042,3,0.015190800069831312,"[[1], [3, 4, 5], [2]]"
00068-00000161.soi,soi,6,15,5.078787878787879,4,0.019108899985440075,"[[1, 3], [4], [5, 6], [2]]"
00068-00000162.soi,soi,7,15,9.304473304473305,2,0.01956919999793172,"[[2, 6], [1, 3, 4, 5, 7]]"
00068-00000163.soi,soi,6,15,2.415850815850816,2,0.012242599972523749,"[[3], [1, 2, 4, 5, 6]]"
00068-00000164.soi,soi,9,15,12.346320346320347,4,0.13844899996183813,"[[1, 5, 6, 7, 9], [8], [4], [2, 3]]"
00068-00000165.soi,soi,4,15,1.641414141590528,1,0.004169599968008697,"[[1, 2, 3, 4]]"
00068-00000166.soi,soi,6,15,3.942857142857142,2,0.014485899941064417,"[[1, 5, 6], [2, 3, 4]]"
00068-00000167.soi,soi,9,21,10.062383230804286,3,0.029933900106698275,"[[4], [1], [2, 3, 5, 6, 7, 8, 9]]"
00068-00000168.soi,soi,6,15,5.3232323232323235,4,0.01494200003799051,"[[1], [6], [5], [2, 3, 4]]"
00068-00000169.soi,soi,4,21,0.9047619048173408,3,0.009671299951151013,"[[1], [2, 3], [4]]"
00068-00000170.soi,soi,6,15,2.981573981573982,4,0.01206630002707243,"[[4], [3], [1], [2, 5, 6]]"
00068-00000171.soi,soi,5,15,3.078366078366078,1,0.008686500019393861,"[[1, 2, 3, 4, 5]]"
00068-00000172.soi,soi,6,15,6.403030303030302,3,0.01139350002631545,"[[3], [2], [1, 4, 5, 6]]"
00068-00000173.soi,soi,6,15,4.238888888888889,4,0.010821299976669252,"[[1, 3, 5], [2], [6], [4]]"
00068-00000174.soi,soi,7,21,6.557894736842105,4,0.01610380003694445,"[[3, 5], [7], [1, 4], [2, 6]]"
00068-00000175.soi,soi,6,15,2.94908424908425,3,0.013709200080484152,"[[4, 5], [1, 2, 3], [6]]"
00068-00000176.soi,soi,8,21,5.479120879120879,3,0.027472899993881583,"[[2], [7], [1, 3, 4, 5, 6, 8]]"
00068-00000177.soi,soi,9,23,9.507359307359307,4,0.03797089995350689,"[[5, 7], [2], [1, 3, 6, 9], [4, 8]]"
00068-00000178.soi,soi,7,15,5.5417748917748915,3,0.018525399966165423,"[[1], [2, 5], [3, 4, 6, 7]]"
00068-00000179.soi,soi,6,15,3.396464646464646,2,0.013207899988628924,"[[2, 3, 4, 5, 6], [1]]"
00068-00000180.soi,soi,7,15,7.029059829059829,5,0.01772599993273616,"[[2], [6, 7], [3, 5], [1], [4]]"
00068-00000181.soi,soi,11,21,19.715789473684207,6,0.8821300000417978,"[[5], [8], [6], [2, 11], [1, 3, 7, 9, 10], [4]]"
00068-00000182.soi,soi,8,15,8.517338217338217,5,0.029766099993139505,"[[5, 6], [1], [2, 4], [7, 8], [3]]"
00068-00000183.soi,soi,8,15,14.237606837606837,5,0.49680930003523827,"[[4, 5], [1], [8], [2, 3, 6], [7]]"
00068-00000184.soi,soi,8,15,5.492673992673993,3,0.02628079999703914,"[[1, 4, 7, 8], [2, 3, 6], [5]]"
00068-00000185.soi,soi,5,15,1.709090909090909,3,0.007121900096535683,"[[3], [1, 5], [2, 4]]"
00068-00000186.soi,soi,5,15,3.647619047619047,2,0.011472400045022368,"[[1, 3, 5], [2, 4]]"
00068-00000187.soi,soi,10,15,15.734798534798534,2,0.8824218999361619,"[[4, 7], [1, 2, 3, 5, 6, 8, 9, 10]]"
00068-00000188.soi,soi,5,15,3.4139194139194142,4,0.012564199976623058,"[[4], [1], [2, 3], [5]]"
00068-00000189.soi,soi,5,15,3.3791208791208787,5,0.012925999937579036,"[[3], [2], [4], [5], [1]]"
00068-00000190.soi,soi,8,15,9.38015873015873,3,0.024778999970294535,"[[1, 2, 4, 5, 6, 8], [3], [7]]"
00068-00000191.soi,soi,9,15,11.094444444444445,3,0.039002500008791685,"[[5], [1, 2, 4, 6, 7, 8, 9], [3]]"
00068-00000192.soi,soi,5,15,1.0499999999999998,5,0.010611599893309176,"[[1], [2], [3], [5], [4]]"
00068-00000193.soi,soi,7,15,7.854834054834055,4,0.018682199995964766,"[[6], [1, 5], [2, 3, 7], [4]]"
00068-00000194.soi,soi,8,15,10.116666666666667,3,0.029865199932828546,"[[3, 5, 6, 8], [2, 4, 7], [1]]"
00068-00000195.soi,soi,8,15,9.870773670773671,4,0.033682100009173155,"[[2], [4, 8], [1, 3, 6, 7], [5]]"
00068-00000196.soi,soi,11,15,16.27799422799422,7,0.09949000005144626,"[[1], [9], [11], [5], [7], [2, 3, 4, 6], [8, 10]]"
00068-00000197.soi,soi,8,15,8.7,4,0.03695610002614558,"[[6, 7], [5], [1, 2, 3, 8], [4]]"
00068-00000198.soi,soi,7,15,4.583333333333333,4,0.017801099922508,"[[7], [1, 2, 3, 6], [4], [5]]"
00068-00000199.soi,soi,9,15,10.60929070929071,4,0.04384240007493645,"[[4, 7], [6, 8], [1, 2, 3, 5], [9]]"
00068-00000200.soi,soi,9,21,9.87805878332194,4,0.03867000003810972,"[[1, 4], [3, 5, 6, 7, 9], [2], [8]]"
00068-00000201.soi,soi,6,15,2.8441558441558445,4,0.00988400005735457,"[[4], [5, 6], [1, 3], [2]]"
00068-00000202.soi,soi,6,15,2.410261960261961,4,0.014975500060245395,"[[4], [1, 2, 3], [6], [5]]"
00068-00000203.soi,soi,8,21,7.8603896103896105,3,0.026587700005620718,"[[3, 4, 5], [1, 6, 7, 8], [2]]"
00068-00000204.soi,soi,7,15,6.654545454545454,3,0.017553500016219914,"[[5], [3, 4], [1, 2, 6, 7]]"
00068-00000205.soi,soi,15,15,37.24688644688644,4,7.735378099954687,"[[1], [2, 5, 6, 7, 8, 9, 10, 11, 12, 14, 15], [4, 13], [3]]"
00068-00000206.soi,soi,5,15,2.614285714285714,4,0.010804299963638186,"[[2], [1], [3, 4], [5]]"
00068-00000207.soi,soi,9,15,13.133333333333333,4,0.04589670000132173,"[[4, 6, 9], [8], [1, 2, 5, 7], [3]]"
00068-00000208.soi,soi,7,15,8.617388167388167,5,0.022624999983236194,"[[5, 7], [6], [3], [1, 2], [4]]"
00068-00000209.soi,soi,13,21,31.306319171025052,3,5.458920100005344,"[[13], [2, 3, 4, 5, 6, 8, 9, 10, 11, 12], [1, 7]]"
00068-00000210.soi,soi,12,15,27.961904761904755,2,1.2170572999166325,"[[1, 2, 3, 4, 5, 6, 7, 8, 10, 11, 12], [9]]"
00068-00000211.soi,soi,5,15,3.1610722610722606,3,0.015097400057129562,"[[1, 3], [2], [4, 5]]"
00068-00000212.soi,soi,16,23,32.166666666666664,3,2.5058939999435097,"[[4], [10], [1, 2, 3, 5, 6, 7, 8, 9, 11, 12, 13, 14, 15, 16]]"
00068-00000213.soi,soi,19,15,63.51002886002886,1,47.483849800075404,"[[1, 2, 3, 4, 5, 6, 7, 8, 9, 10, 11, 12, 13, 14, 15, 16, 17, 18, 19]]"
00068-00000214.soi,soi,18,15,51.300000000000004,2,10.21871059993282,"[[8], [1, 2, 3, 4, 5, 6, 7, 9, 10, 11, 12, 13, 14, 15, 16, 17, 18]]"
00068-00000215.soi,soi,18,15,43.57142857142853,3,4.169239500071853,"[[18], [1, 2, 3, 4, 5, 6, 7, 8, 9, 10, 11, 12, 13, 14, 15, 16], [17]]"
00068-00000216.soi,soi,9,15,11.933333333333334,5,0.04237179993651807,"[[6], [1], [2, 5, 7, 8], [3, 9], [4]]"
00068-00000217.soi,soi,7,15,6.8111222111222105,2,0.019405400031246245,"[[2, 3, 4, 5, 6, 7], [1]]"
00068-00000218.soi,soi,6,15,4.142191142191142,4,0.01025109994225204,"[[4], [3, 5, 6], [1], [2]]"
00068-00000219.soi,soi,6,15,4.219047619047619,4,0.015351200010627508,"[[1], [5], [6], [2, 3, 4]]"
00068-00000220.soi,soi,10,15,16.45067155067155,3,0.11841760005336255,"[[2, 4, 6, 7], [3, 5, 8, 9, 10], [1]]"
00068-00000221.soi,soi,5,15,2.5809523809523816,2,0.008164099999703467,"[[4], [1, 2, 3, 5]]"
00068-00000222.soi,soi,6,15,3.1692307692307686,4,0.012625199975445867,"[[2, 3], [1, 5], [4], [6]]"
00068-00000223.soi,soi,6,15,5.513419913419913,3,0.018197400029748678,"[[2], [3, 4, 5, 6], [1]]"
00068-00000224.soi,soi,7,15,6.766666666666666,4,0.09587540000211447,"[[1, 3], [2], [7], [4, 5, 6]]"
00068-00000225.soi,soi,8,15,10.699145299145298,3,0.03814650001004338,"[[2, 5], [6, 7], [1, 3, 4, 8]]"
00068-00000226.soi,soi,6,15,4.587301587301588,2,0.01423530001193285,"[[6], [1, 2, 3, 4, 5]]"
00068-00000227.soi,soi,5,15,3.3666666666666667,1,0.014176300028339028,"[[1, 2, 3, 4, 5]]"
00068-00000228.soi,soi,8,21,5.578210678210677,5,0.02409219997934997,"[[1, 5, 6], [3], [7], [2, 8], [4]]"
00068-00000229.soi,soi,4,15,1.099999999953434,2,0.010095200035721064,"[[3], [1, 2, 4]]"
00068-00000230.soi,soi,6,15,5.7839160839160835,3,0.016212299931794405,"[[1, 4, 6], [2, 5], [3]]"
00068-00000231.soi,soi,7,15,4.529004329004328,5,0.014123799977824092,"[[5], [2], [1, 4, 6], [3], [7]]"
00068-00000232.soi,soi,6,15,3.1909090909090905,4,0.015243800007738173,"[[2], [5], [1, 3], [4, 6]]"
00068-00000233.soi,soi,7,15,6.535897435897436,4,0.022598100011236966,"[[3], [1], [2, 6], [4, 5, 7]]"
00068-00000234.soi,soi,8,15,6.134615384615385,2,0.020186100038699806,"[[3, 5, 7], [1, 2, 4, 6, 8]]"
00068-00000235.soi,soi,11,21,20.965884115884116,4,0.07782220002263784,"[[5], [1, 6, 9, 11], [2], [3, 4, 7, 8, 10]]"
00068-00000236.soi,soi,10,15,16.394444444444442,2,1.0778293999610469,"[[4, 5, 7], [1, 2, 3, 6, 8, 9, 10]]"
00068-00000237.soi,soi,8,15,12.376190476190477,2,0.1604498999658972,"[[5, 8], [1, 2, 3, 4, 6, 7]]"
00068-00000238.soi,soi,7,15,9.15064935064935,2,0.031157699995674193,"[[4], [1, 2, 3, 5, 6, 7]]"
00068-00000239.soi,soi,11,21,17.592170694802274,4,0.07976910006254911,"[[1, 5], [3], [2, 6, 7, 8, 9, 10, 11], [4]]"
00068-00000240.soi,soi,11,15,22.164590964590964,3,0.6347258000168949,"[[8, 11], [1, 2, 6, 7, 10], [3, 4, 5, 9]]"
00068-00000241.soi,soi,12,15,24.769841269841272,3,0.1745279999449849,"[[1, 2, 3, 4, 5, 6, 7, 8, 9, 10], [12], [11]]"
00068-00000242.soi,soi,6,15,4.329587079587079,2,0.015079100034199655,"[[1, 2, 3, 4, 5], [6]]"
00068-00000243.soi,soi,9,15,11.137218337218336,5,0.05052389996126294,"[[1], [5, 9], [3], [2], [4, 6, 7, 8]]"
00068-00000244.soi,soi,7,15,4.288888888888888,3,0.020907199941575527,"[[1, 6, 7], [5], [2, 3, 4]]"
00068-00000245.soi,soi,12,15,22.872222222222224,5,2.0704352000029758,"[[4], [3, 12], [7, 11], [5, 6, 8], [1, 2, 9, 10]]"
00068-00000246.soi,soi,11,15,19.39047619047619,2,0.07793429994489998,"[[6, 9], [1, 2, 3, 4, 5, 7, 8, 10, 11]]"
00068-00000247.soi,soi,10,21,13.278431372549019,4,0.06284789997152984,"[[2, 6], [4, 8, 9, 10], [3, 5, 7], [1]]"
00068-00000248.soi,soi,9,15,12.540259740259737,5,0.04511810000985861,"[[3, 7], [2], [1, 4], [5, 6], [8, 9]]"
00068-00000249.soi,soi,10,15,16.91969696969697,4,0.43816729995887727,"[[6], [4, 8], [2, 3, 5], [1, 7, 9, 10]]"
00068-00000250.soi,soi,17,21,38.97329453312425,4,22.4321171999909,"[[8], [15], [2, 3, 4, 5, 12, 16], [1, 6, 7, 9, 10, 11, 13, 14, 17]]"
00068-00000251.soi,soi,13,15,35.186796536796535,4,7.457011400023475,"[[4], [5], [3, 8], [1, 2, 6, 7, 9, 10, 11, 12, 13]]"
00068-00000252.soi,soi,10,15,17.01111111111111,3,0.9471544999396428,"[[2, 5], [8], [1, 3, 4, 6, 7, 9, 10]]"
00068-00000253.soi,soi,6,15,2.688888888888889,3,0.014104999951086938,"[[3], [1, 2], [4, 5, 6]]"
00068-00000254.soi,soi,5,15,3.273593073593074,2,0.014051400008611381,"[[1, 3, 4, 5], [2]]"
00068-00000255.soi,soi,6,15,4.426839826839828,2,0.012783600017428398,"[[1, 2, 4, 5, 6], [3]]"
00068-00000256.soi,soi,8,21,6.83982683982684,3,0.02555490005761385,"[[4, 5], [1, 2, 7, 8], [3, 6]]"
00068-00000257.soi,soi,11,21,12.999053724053724,3,0.06861099996604025,"[[4, 5, 6, 7, 9], [8], [1, 2, 3, 10, 11]]"
00068-00000258.soi,soi,15,23,32.6346909540408,6,7.047032000031322,"[[1], [3, 9, 13], [2, 4, 5, 6, 10, 11, 12, 14], [8], [15], [7]]"
00068-00000259.soi,soi,11,15,13.266666666666666,2,0.046333500067703426,"[[8, 11], [1, 2, 3, 4, 5, 6, 7, 9, 10]]"
00068-00000260.soi,soi,8,15,4.983333333333334,2,0.01967439998406917,"[[1, 5], [2, 3, 4, 6, 7, 8]]"
00068-00000261.soi,soi,13,15,20.126984126984127,2,0.12357619998510927,"[[3], [1, 2, 4, 5, 6, 7, 8, 9, 10, 11, 12, 13]]"
00068-00000262.soi,soi,7,15,5.6,6,0.019288100069388747,"[[6], [3], [7], [1], [4, 5], [2]]"
00068-00000263.soi,soi,8,15,8.277777777777779,3,0.02536339999642223,"[[1, 3, 5, 6, 7], [2], [4, 8]]"
00068-00000264.soi,soi,10,15,18.782828282828284,2,0.060805800021626055,"[[10], [1, 2, 3, 4, 5, 6, 7, 8, 9]]"
00068-00000265.soi,soi,16,15,30.910533910533914,2,2.6376226999564096,"[[12], [1, 2, 3, 4, 5, 6, 7, 8, 9, 10, 11, 13, 14, 15, 16]]"
00068-00000266.soi,soi,6,15,3.9203296703296706,2,0.01816419989336282,"[[1, 3, 6], [2, 4, 5]]"
00068-00000267.soi,soi,8,15,6.935897435897436,3,0.02462559996638447,"[[2], [3, 4, 5, 6, 7, 8], [1]]"
00068-00000268.soi,soi,5,15,1.7995337995337994,4,0.011243000044487417,"[[4], [5], [1, 2], [3]]"
00068-00000269.soi,soi,13,15,31.083988233988233,3,3.668359100003727,"[[2, 5, 6], [3, 4, 7, 8, 9, 10, 11, 12, 13], [1]]"
00068-00000270.soi,soi,8,15,9.228571428571428,2,0.09412590006832033,"[[2, 5, 6, 8], [1, 3, 4, 7]]"
00068-00000271.soi,soi,9,15,16.4031746031746,4,0.09349259990267456,"[[5], [6, 9], [2, 3, 4, 7, 8], [1]]"
00068-00000272.soi,soi,9,21,11.923876123876125,4,0.06442980002611876,"[[3, 6, 7], [5, 8], [1, 4, 9], [2]]"
00068-00000273.soi,soi,9,15,12.892857142857142,2,0.06012040004134178,"[[1, 2, 3, 5, 6, 9], [4, 7, 8]]"
00068-00000274.soi,soi,6,15,2.158008658008658,5,0.011075799935497344,"[[4], [5, 6], [3], [2], [1]]"
00068-00000275.soi,soi,4,15,2.1594516594654345,2,0.012268799939192832,"[[3, 4], [1, 2]]"
00068-00000276.soi,soi,22,15,65.26587301587301,3,86.20783009997103,"[[12], [8], [1, 2, 3, 4, 5, 6, 7, 9, 10, 11, 13, 14, 15, 16, 17, 18, 19, 20, 21, 22]]"
00068-00000277.soi,soi,8,15,7.410256410256411,2,0.03371270000934601,"[[1, 5, 8], [2, 3, 4, 6, 7]]"
00068-00000278.soi,soi,10,21,13.985631499563386,9,0.6143544999649748,"[[3], [10], [2], [1, 9], [5], [4], [6], [7], [8]]"
00068-00000279.soi,soi,11,23,15.802868146346404,3,0.2836543000303209,"[[6, 9], [2], [1, 3, 4, 5, 7, 8, 10, 11]]"
00068-00000280.soi,soi,15,21,31.804761904761904,3,1.4439319999655709,"[[10], [1, 3, 4, 5, 6, 7, 8, 9, 11, 12, 14, 15], [2, 13]]"
00068-00000281.soi,soi,8,15,6.397502497502496,3,0.02668540005106479,"[[5], [1, 2, 3, 4, 7, 8], [6]]"
00068-00000282.soi,soi,6,21,3.8575605680868836,3,0.012797900009900331,"[[6], [1, 2, 4, 5], [3]]"
00068-00000283.soi,soi,13,15,27.996703296703295,5,0.41477769997436553,"[[11], [4, 5, 9], [7], [1, 2, 6, 8, 12, 13], [3, 10]]"
00068-00000284.soi,soi,7,15,4.352380952380952,3,0.012346299947239459,"[[2, 7], [1, 3, 4], [5, 6]]"
00068-00000285.soi,soi,8,15,9.214896214896216,4,0.03255680005531758,"[[5], [3, 4, 8], [1, 2], [6, 7]]"
00068-00000286.soi,soi,13,15,28.505050505050498,3,3.2187715000472963,"[[13], [1, 2, 3, 4, 6, 7, 8, 10, 11, 12], [5, 9]]"
00068-00000287.soi,soi,8,15,13.05086580086581,3,0.24181479995604604,"[[1, 3, 5, 7], [2, 6, 8], [4]]"
00068-00000288.soi,soi,5,15,3.6553224553224553,3,0.013904999941587448,"[[2, 5], [3], [1, 4]]"
00068-00000289.soi,soi,10,21,14.346520146520145,4,0.47238689998630434,"[[1, 2, 5], [4, 6, 7, 9], [3, 10], [8]]"
00068-00000290.soi,soi,13,15,31.69177489177489,5,3.506738300085999,"[[11], [3], [5, 6], [9, 10], [1, 2, 4, 7, 8, 12, 13]]"
00068-00000291.soi,soi,8,15,9.10213675213675,3,0.0285990999545902,"[[2, 5, 6, 7], [3, 4, 8], [1]]"
00068-00000292.soi,soi,7,15,8.288888888888888,4,0.024204000015743077,"[[2, 7], [4, 6], [5], [1, 3]]"
00068-00000293.soi,soi,8,15,9.236363636363636,4,0.027549299993552268,"[[8], [2], [6, 7], [1, 3, 4, 5]]"
00068-00000294.soi,soi,8,15,10.472360972360972,2,0.03981119999662042,"[[1, 3, 4, 5, 6, 7, 8], [2]]"
00068-00000295.soi,soi,14,15,37.28459873459874,5,7.1087085999315605,"[[7], [4], [2], [3, 10], [1, 5, 6, 8, 9, 11, 12, 13, 14]]"
00068-00000296.soi,soi,7,15,6.4523809523809526,5,0.013922399957664311,"[[1], [2], [6], [4, 7], [3, 5]]"
00068-00000297.soi,soi,8,15,9.552447552447553,4,0.028150100028142333,"[[3, 4], [7], [8], [1, 2, 5, 6]]"
00068-00000298.soi,soi,11,15,19.837545787545785,5,0.34111120004672557,"[[4, 8], [7, 9], [11], [1, 3, 5, 6, 10], [2]]"
00068-00000299.soi,soi,8,15,4.161538461538461,3,0.023495799978263676,"[[1, 2, 6, 7, 8], [4], [3, 5]]"
00068-00000300.soi,soi,8,15,6.291758241758242,5,0.02123720000963658,"[[1, 4, 6, 8], [5], [3], [2], [7]]"
00068-00000301.soi,soi,15,15,31.976190476190474,5,0.5202024999307469,"[[7], [12], [8, 11, 15], [1, 2, 3, 5, 6, 9, 10, 13, 14], [4]]"
00068-00000302.soi,soi,18,15,41.004273504273506,4,0.39419849996920675,"[[15], [1, 2, 3, 4, 5, 6, 7, 8, 10, 11, 12, 13, 16, 17], [9, 14], [18]]"
00068-00000303.soi,soi,9,15,14.32026862026862,4,0.046591500053182244,"[[1], [9], [3], [2, 4, 5, 6, 7, 8]]"
00068-00000304.soi,soi,5,15,3.3972527472527467,2,0.011453000013716519,"[[3, 5], [1, 2, 4]]"
00068-00000305.soi,soi,9,15,13.305905205905207,3,0.292249699938111,"[[2, 4], [3, 6, 7, 8, 9], [1, 5]]"
00068-00000306.soi,soi,5,15,2.1904761904761902,2,0.011602699989452958,"[[1, 3], [2, 4, 5]]"
00068-00000307.soi,soi,10,15,18.73939393939394,5,0.9386364999227226,"[[7], [4, 5], [1, 2, 3, 8, 9], [10], [6]]"
00068-00000308.soi,soi,10,15,16.113636363636363,4,0.04501989996060729,"[[5, 8], [1, 6, 7, 9], [2, 3, 4], [10]]"
00068-00000309.soi,soi,14,15,22.333699633699634,5,0.1094300999538973,"[[1, 4, 7, 9, 11, 12], [2, 3, 6, 10, 13], [8], [14], [5]]"
00068-00000310.soi,soi,9,15,6.942035742035742,5,0.03148000000510365,"[[1, 4, 9], [2, 5, 8], [6], [3], [7]]"
00068-00000311.soi,soi,5,15,3.3435897435897433,4,0.008659300045110285,"[[3, 5], [4], [1], [2]]"
00068-00000312.soi,soi,7,15,9.240909090909092,3,0.30324819998349994,"[[7], [1, 2, 3, 4, 6], [5]]"
00068-00000313.soi,soi,11,15,17.522222222222222,4,0.09989700000733137,"[[1, 6, 11], [10], [2, 3, 4, 7, 8, 9], [5]]"
00068-00000314.soi,soi,11,15,21.77777777777778,3,0.06353459996171296,"[[10, 11], [1, 2, 3, 4, 5, 6, 7, 9], [8]]"
00068-00000315.soi,soi,7,21,5.554212454212454,2,0.019978999975137413,"[[2, 3, 4, 6], [1, 5, 7]]"
00068-00000316.soi,soi,6,15,7.006837606837607,1,0.1814567999681458,"[[1, 2, 3, 4, 5, 6]]"
00068-00000317.soi,soi,8,15,7.7333333333333325,4,0.02822300000116229,"[[5], [1, 2, 4], [3, 6, 7], [8]]"
00068-00000318.soi,soi,6,15,2.5151515151515147,3,0.015601899940520525,"[[2, 4], [1], [3, 5, 6]]"
00068-00000319.soi,soi,7,15,4.404761904761905,6,0.017848700052127242,"[[7], [4], [2], [5, 6], [1], [3]]"
00068-00000320.soi,soi,10,15,14.368686868686869,2,0.06406530004460365,"[[1, 2, 3, 4, 5, 6, 7, 9, 10], [8]]"
00068-00000321.soi,soi,6,15,3.5605061605061605,2,0.018784600077196956,"[[1, 2, 4, 5, 6], [3]]"
00068-00000322.soi,soi,7,15,7.0606227106227095,2,0.015163199976086617,"[[3, 4, 5], [1, 2, 6, 7]]"
00068-00000323.soi,soi,8,15,10.96067821067821,3,0.033224100014194846,"[[1, 2, 3, 5], [6, 7, 8], [4]]"
00068-00000324.soi,soi,9,15,10.201282051282051,5,0.04760819999501109,"[[4], [5], [2], [1, 6, 7, 8, 9], [3]]"
00068-00000325.soi,soi,12,21,24.810622710622713,3,3.183468100032769,"[[4], [2], [1, 3, 5, 6, 7, 8, 9, 10, 11, 12]]"
00068-00000326.soi,soi,16,15,42.60952380952381,2,12.315568699967116,"[[2, 12], [1, 3, 4, 5, 6, 7, 8, 9, 10, 11, 13, 14, 15, 16]]"
00068-00000327.soi,soi,8,15,8.821367521367522,2,0.055871699936687946,"[[1, 4, 5], [2, 3, 6, 7, 8]]"
00068-00000328.soi,soi,10,15,19.54444444444444,4,0.5103261000476778,"[[2], [9], [1], [3, 4, 5, 6, 7, 8, 10]]"
00068-00000329.soi,soi,9,21,11.371277698909278,3,0.09747010003775358,"[[2], [1, 3, 4, 5, 6, 7, 8], [9]]"
00068-00000330.soi,soi,10,15,20.006349206349206,3,1.2753576999530196,"[[1, 2, 7, 10], [3, 5, 8, 9], [4, 6]]"
00068-00000331.soi,soi,7,15,7.47985347985348,3,0.025859099929220974,"[[2, 4, 6, 7], [3, 5], [1]]"
00068-00000332.soi,soi,7,15,9.066666666666666,3,0.02233820001129061,"[[4], [1, 3, 5], [2, 6, 7]]"
00068-00000333.soi,soi,5,15,3.928571428571429,3,0.008442400023341179,"[[5], [1], [2, 3, 4]]"
00068-00000334.soi,soi,7,21,6.477655677655678,6,0.021550400066189468,"[[2], [4], [5], [6, 7], [1], [3]]"
00068-00000335.soi,soi,7,21,5.756769374416433,3,0.017224499955773354,"[[2, 3, 7], [1, 5, 6], [4]]"
00068-00000336.soi,soi,4,21,1.4571428571095955,3,0.010611000005155802,"[[3], [2, 4], [1]]"
00068-00000337.soi,soi,17,15,59.46062271062271,5,23.070017299964093,"[[7, 8, 14], [2, 6, 9, 15, 16], [3, 5, 10, 11, 12, 13, 17], [1], [4]]"
00068-00000338.soi,soi,8,15,10.653968253968253,2,0.031651000026613474,"[[4], [1, 2, 3, 5, 6, 7, 8]]"
00068-00000339.soi,soi,7,15,8.7,3,0.018554499954916537,"[[3, 4, 5, 7], [1, 2], [6]]"
00068-00000340.soi,soi,12,15,23.622222222222224,1,0.07634250004775822,"[[1, 2, 3, 4, 5, 6, 7, 8, 9, 10, 11, 12]]"
00068-00000341.soi,soi,12,21,28.258471499260963,5,2.1341235999716446,"[[12], [10], [1, 2, 4, 9, 11], [3, 6, 7, 8], [5]]"
00068-00000342.soi,soi,13,15,32.52237762237762,2,6.065130300004967,"[[2, 3, 4, 5, 6, 8, 9, 10, 11, 12], [1, 7, 13]]"
00068-00000343.soi,soi,9,23,10.021209149355602,6,0.04105220001656562,"[[8], [4, 7], [3], [1, 2, 6], [9], [5]]"
00068-00000344.soi,soi,9,15,9.53333333333333,3,0.037203799933195114,"[[4, 9], [1, 2, 3, 5, 6, 8], [7]]"
00068-00000345.soi,soi,9,15,11.015151515151516,5,0.03700559993740171,"[[2, 4, 9], [5], [1, 6], [3, 8], [7]]"
00068-00000346.soi,soi,13,21,23.064046737576145,6,1.3436019000364468,"[[1], [7], [8, 11], [3, 5, 6, 9, 12, 13], [4, 10], [2]]"
00068-00000347.soi,soi,9,15,13.987518037518036,2,0.09922289999667555,"[[1, 4, 5, 6, 7, 8], [2, 3, 9]]"
00068-00000348.soi,soi,6,15,3.374125874125874,4,0.015117499977350235,"[[2], [1, 3, 6], [4], [5]]"
00068-00000349.soi,soi,6,15,3.0205128205128204,5,0.009601199999451637,"[[3], [4, 6], [5], [2], [1]]"
00068-00000350.soi,soi,8,15,4.805361305361306,3,0.024047499988228083,"[[1, 2, 4, 7, 8], [3], [5, 6]]"
00068-00000351.soi,soi,5,15,3.4346320346320347,1,0.010934700025245547,"[[1, 2, 3, 4, 5]]"
00068-00000352.soi,soi,4,15,0.8822510823611478,2,0.005131999962031841,"[[1], [2, 3, 4]]"
00068-00000353.soi,soi,5,15,3.2303030303030305,1,0.007364600081928074,"[[1, 2, 3, 4, 5]]"
00068-00000354.soi,soi,16,21,33.66000563763721,5,6.150100599974394,"[[3, 13, 16], [7], [5, 14, 15], [1, 2, 6, 8, 10, 11, 12], [4, 9]]"
00068-00000355.soi,soi,10,15,16.86190476190476,4,0.04325690004043281,"[[9], [5, 10], [1, 2, 3, 4, 6, 7], [8]]"
00068-00000356.soi,soi,7,15,8.004761904761905,2,0.030684400000609457,"[[1, 3, 6, 7], [2, 4, 5]]"
00068-00000357.soi,soi,9,15,14.958874458874456,2,0.06191000004764646,"[[2], [1, 3, 4, 5, 6, 7, 8, 9]]"
00068-00000358.soi,soi,10,21,14.170046620046618,3,0.06421410001348704,"[[1, 3, 7], [2, 5, 6, 8], [4, 9, 10]]"
00068-00000359.soi,soi,9,15,9.986507936507937,5,0.04001819994300604,"[[9], [1, 5], [2, 3], [6, 7, 8], [4]]"
00068-00000360.soi,soi,7,15,6.8658730158730155,2,0.02634439989924431,"[[1, 2, 3, 4, 6], [5, 7]]"
00068-00000361.soi,soi,10,21,15.561904761904763,6,0.06696870003361255,"[[1, 6], [3], [2, 4, 5], [9], [8, 10], [7]]"
00068-00000362.soi,soi,15,23,41.952178660692596,5,15.478737300029024,"[[6, 9, 15], [1], [2, 4, 7, 11, 12, 13, 14], [3, 10], [5, 8]]"
00068-00000363.soi,soi,6,15,4.645665445665445,4,0.015147300087846816,"[[3], [2], [4], [1, 5, 6]]"
00068-00000364.soi,soi,6,15,6.771062271062271,2,0.015983400051482022,"[[2, 3, 4, 5, 6], [1]]"
00068-00000365.soi,soi,9,21,13.888015493278651,2,0.04798159992787987,"[[3], [1, 2, 4, 5, 6, 7, 8, 9]]"
00068-00000366.soi,soi,8,21,6.749206349206348,3,0.024922500015236437,"[[2, 4, 7], [1, 3, 6, 8], [5]]"
00068-00000367.soi,soi,12,15,20.23968253968254,4,0.13584140001330525,"[[2], [3, 4, 5, 6, 7, 8, 11], [1], [9, 10, 12]]"
00068-00000368.soi,soi,4,15,0.865079365027625,2,0.0076009000185877085,"[[1, 2], [3, 4]]"
00068-00000369.soi,soi,14,21,35.61452142628613,3,8.00386250007432,"[[3, 5, 14], [1, 4, 7, 8, 9, 10, 11, 12, 13], [2, 6]]"
00068-00000370.soi,soi,5,15,2.177777777777778,3,0.008102499996311963,"[[3, 4], [1, 5], [2]]"
00068-00000371.soi,soi,9,15,12.115079365079364,2,0.03986999997869134,"[[1, 2, 3, 4, 6, 7, 8, 9], [5]]"
00068-00000372.soi,soi,9,21,14.806202131202133,3,1.038351699942723,"[[5], [3, 4, 7, 8], [1, 2, 6, 9]]"
00068-00000373.soi,soi,10,15,17.833333333333336,4,0.09215959999710321,"[[1, 2, 6, 7, 8, 10], [4], [5, 9], [3]]"
00068-00000374.soi,soi,15,23,41.86621282428255,4,17.166853299946524,"[[5, 10, 11, 12], [2, 3, 4, 8, 13, 14, 15], [1, 7, 9], [6]]"
00068-00000375.soi,soi,11,15,20.55793650793651,5,0.10438300005625933,"[[8, 10], [1], [2, 3, 6, 9, 11], [5], [4, 7]]"
00068-00000376.soi,soi,4,15,2.299783549794637,1,0.004942300030961633,"[[1, 2, 3, 4]]"
00068-00000377.soi,soi,6,15,2.11965811965812,3,0.011023900005966425,"[[3, 6], [4, 5], [1, 2]]"
00068-00000378.soi,soi,6,15,6.746031746031746,4,0.020571599947288632,"[[4], [2], [5, 6], [1, 3]]"
00068-00000379.soi,soi,15,15,36.133333333333326,1,2.338862800039351,"[[1, 2, 3, 4, 5, 6, 7, 8, 9, 10, 11, 12, 13, 14, 15]]"
00068-00000380.soi,soi,8,15,13.07121212121212,1,0.028897700016386807,"[[1, 2, 3, 4, 5, 6, 7, 8]]"
00068-00000381.soi,soi,9,15,12.852380952380955,3,0.050505599938333035,"[[6], [3], [1, 2, 4, 5, 7, 8, 9]]"
00068-00000382.soi,soi,7,15,5.936507936507937,6,0.01649780001025647,"[[2, 4], [3], [6], [7], [1], [5]]"
00068-00000383.soi,soi,6,15,3.4727272727272727,2,0.012208800064399838,"[[3, 4, 5, 6], [1, 2]]"
00068-00000384.soi,soi,12,15,22.370573870573867,4,3.1828291999408975,"[[6], [3, 4, 8], [1, 2, 5, 7, 9, 11, 12], [10]]"
00068-00000385.soi,soi,10,15,15.041630591630593,4,0.14598859997931868,"[[10], [4], [1, 2, 3, 5, 6, 7, 9], [8]]"
00068-00000386.soi,soi,6,15,3.134199134199134,4,0.010217000031843781,"[[3, 5], [2], [1], [4, 6]]"
00068-00000387.soi,soi,6,15,4.575541125541125,2,0.009790800046175718,"[[6], [1, 2, 3, 4, 5]]"
00068-00000388.soi,soi,9,21,10.434165834165833,2,0.03660350001882762,"[[1, 4, 5], [2, 3, 6, 7, 8, 9]]"
00068-00000389.soi,soi,9,21,9.092074592074592,2,0.03545900003518909,"[[1, 2, 3, 4, 5, 7, 8, 9], [6]]"
00068-00000390.soi,soi,7,15,8.394444444444444,3,0.03506699996069074,"[[6, 7], [1, 2, 3, 4], [5]]"
00068-00000391.soi,soi,7,15,8.832251082251082,3,0.041704699979163706,"[[1, 2, 4], [5], [3, 6, 7]]"
00068-00000392.soi,soi,8,15,7.904040404040403,4,0.0338624999858439,"[[5, 6], [4], [3], [1, 2, 7, 8]]"
00068-00000393.soi,soi,10,21,22.059263448969332,4,1.82961300003808,"[[5], [2, 3, 7, 9], [1], [4, 6, 8, 10]]"
00068-00000394.soi,soi,5,15,2.4952380952380953,2,0.008511600084602833,"[[1, 3, 5], [2, 4]]"
00068-00000395.soi,soi,5,15,2.8569208569208566,3,0.011834000004455447,"[[1], [3], [2, 4, 5]]"
00068-00000396.soi,soi,10,21,11.91228723976402,3,0.04817790002562106,"[[9], [1, 2, 3, 4, 6, 7, 8], [5, 10]]"
00068-00000397.soi,soi,8,15,11.472893772893771,3,0.19031199999153614,"[[1], [4, 5, 6], [2, 3, 7, 8]]"
00068-00000398.soi,soi,16,21,43.65242257742258,5,14.22032990003936,"[[4], [2, 5, 14, 16], [3, 12, 15], [6, 7, 8, 10, 11, 13], [1, 9]]"
00068-00000399.soi,soi,8,15,11.147619047619045,3,0.04768089996650815,"[[5, 6], [1, 3, 8], [2, 4, 7]]"
00068-00000400.soi,soi,11,15,21.204040404040406,2,0.11769129999447614,"[[1, 2, 4, 5, 6, 7, 8, 9, 11], [3, 10]]"
00068-00000401.soi,soi,9,15,14.807692307692307,6,0.0973000000230968,"[[5], [2], [6, 8, 9], [1, 3], [4], [7]]"
00068-00000402.soi,soi,8,15,9.46904761904762,2,0.03269290004391223,"[[2, 3, 4, 6, 8], [1, 5, 7]]"
00068-00000403.soi,soi,9,15,14.226573426573427,8,0.07076049991883337,"[[8], [3], [1, 7], [5], [6], [4], [2], [9]]"
00068-00000404.soi,soi,7,21,4.67300740195477,3,0.01294929999858141,"[[5], [1, 3, 6, 7], [2, 4]]"
00068-00000405.soi,soi,9,15,15.361904761904759,4,0.1492638000054285,"[[1, 5, 6, 7, 8], [9], [2, 4], [3]]"
00068-00000406.soi,soi,11,15,14.67032967032967,2,0.047151500009931624,"[[8, 11], [1, 2, 3, 4, 5, 6, 7, 9, 10]]"
00068-00000407.soi,soi,14,15,23.685314685314687,3,0.3553072999930009,"[[2, 11], [1, 3, 4, 5, 6, 8, 9, 10, 12, 13, 14], [7]]"
00068-00000408.soi,soi,6,15,5.124025974025974,2,0.012839999981224537,"[[1, 4, 5], [2, 3, 6]]"
00068-00000409.soi,soi,10,15,9.298373848373846,6,0.046595499967224896,"[[9], [6], [2], [4, 5, 7], [3, 8, 10], [1]]"
00068-00000410.soi,soi,5,15,2.25,4,0.011979199945926666,"[[3, 5], [1], [4], [2]]"
00068-00000411.soi,soi,6,15,5.010389610389611,5,0.011712800012901425,"[[3, 6], [1], [4], [5], [2]]"
00068-00000412.soi,soi,10,15,17.52698412698413,3,0.21715539996512234,"[[6], [1, 2, 3, 4, 5, 8, 9, 10], [7]]"
00068-00000413.soi,soi,7,15,6.15091575091575,2,0.027273699990473688,"[[3, 4, 5, 6], [1, 2, 7]]"
00068-00000414.soi,soi,8,15,7.2023809523809526,4,0.038236599997617304,"[[5], [1, 3, 6, 7], [2], [4, 8]]"
00068-00000415.soi,soi,8,15,7.472222222222221,4,0.02319719991646707,"[[2, 7], [5, 6, 8], [4], [1, 3]]"
00068-00000416.soi,soi,4,15,1.5385281385614005,1,0.005745899979956448,"[[1, 2, 3, 4]]"
00068-00000417.soi,soi,8,21,11.395238095238097,3,0.42932740005198866,"[[7, 8], [1, 3, 5, 6], [2, 4]]"
00068-00000418.soi,soi,8,15,10.757581307581308,4,0.04116789996623993,"[[1, 2, 3, 4, 6], [8], [7], [5]]"
00068-00000419.soi,soi,7,15,5.283333333333334,2,0.02060660009738058,"[[4, 7], [1, 2, 3, 5, 6]]"
00068-00000420.soi,soi,10,15,12.633333333333333,3,0.08750020002480596,"[[1, 4, 5, 6, 9], [2, 7, 8, 10], [3]]"
00068-00000421.soi,soi,6,15,3.409523809523809,2,0.01144229993224144,"[[2, 3, 5], [1, 4, 6]]"
00068-00000422.soi,soi,6,21,5.104040404040404,4,0.011868100031279027,"[[4], [6], [1, 2, 5], [3]]"
00068-00000423.soi,soi,5,15,2.9333333333333327,4,0.008043900015763938,"[[2], [4], [1, 5], [3]]"
00068-00000424.soi,soi,11,23,17.871347294365194,4,3.476782299927436,"[[6, 10], [11], [1, 3, 7, 9], [2, 4, 5, 8]]"
00068-00000425.soi,soi,7,15,5.302258852258852,6,0.01710950001142919,"[[2], [5], [7], [4, 6], [1], [3]]"
00068-00000426.soi,soi,10,15,12.61025641025641,2,0.05799050000496209,"[[3, 5, 6, 8, 9, 10], [1, 2, 4, 7]]"
00068-00000427.soi,soi,7,15,5.985064935064933,6,0.017818600055761635,"[[2], [7], [4, 6], [5], [1], [3]]"
00068-00000428.soi,soi,6,15,5.9393939393939394,2,0.02359440003056079,"[[1, 2, 3, 4], [5, 6]]"
00068-00000429.soi,soi,9,21,12.20713716108453,3,0.04003919998649508,"[[1, 6], [2, 3, 8], [4, 5, 7, 9]]"
00068-00000430.soi,soi,7,15,7.362698412698412,3,0.022359799942933023,"[[5], [1, 3, 4, 6, 7], [2]]"
00068-00000431.soi,soi,6,15,4.78021978021978,4,0.011860499973408878,"[[3, 4, 6], [2], [5], [1]]"
00068-00000432.soi,soi,10,15,14.082417582417582,4,0.05821499996818602,"[[7], [1, 2, 3, 6, 9, 10], [5, 8], [4]]"
00068-00000433.soi,soi,9,15,10.865745365745365,2,0.0414211000315845,"[[2, 3, 4, 5, 6, 7, 8, 9], [1]]"
00068-00000434.soi,soi,10,15,19.03333333333333,3,1.3837132999906316,"[[4, 5, 9], [3], [1, 2, 6, 7, 8, 10]]"
00068-00000435.soi,soi,8,15,10.511111111111111,2,0.028157000080682337,"[[1, 5], [2, 3, 4, 6, 7, 8]]"
00068-00000436.soi,soi,14,15,28.69468864468866,7,5.211249700048938,"[[12], [4], [7], [1, 3], [6, 8, 9, 11, 13, 14], [5, 10], [2]]"
00068-00000437.soi,soi,6,15,3.5444444444444443,4,0.01089569996111095,"[[1], [2], [3], [4, 5, 6]]"
00068-00000438.soi,soi,5,15,0.9393939393939394,3,0.008185300044715405,"[[2], [3, 5], [1, 4]]"
00068-00000439.soi,soi,7,15,5.5658730158730165,2,0.015627200016751885,"[[1, 6, 7], [2, 3, 4, 5]]"
00068-00000440.soi,soi,8,15,7.237734487734487,3,0.025307799922302365,"[[4, 5, 6, 8], [3], [1, 2, 7]]"
00068-00000441.soi,soi,5,21,0.8064935064935064,4,0.007010900066234171,"[[1], [5], [3, 4], [2]]"
00068-00000442.soi,soi,9,21,9.522869674185461,5,0.05155279999598861,"[[4, 5], [8], [1], [2, 3, 6, 9], [7]]"
00068-00000443.soi,soi,7,15,5.628571428571428,3,0.016277199960313737,"[[1, 2, 4, 6], [5], [3, 7]]"
00068-00000444.soi,soi,4,15,0.8444444443978782,3,0.009644099976867437,"[[4], [1, 3], [2]]"
00068-00000445.soi,soi,7,15,4.9282051282051285,5,0.01893949997611344,"[[6], [4], [3, 5], [2, 7], [1]]"
00068-00000446.soi,soi,8,15,10.843589743589744,5,0.046376400045119226,"[[3], [2], [7], [5], [1, 4, 6, 8]]"
00068-00000447.soi,soi,7,15,9.0515873015873,1,0.027099800063297153,"[[1, 2, 3, 4, 5, 6, 7]]"
00068-00000448.soi,soi,10,15,15.335470085470085,5,0.058423199923709035,"[[2], [3, 4, 5, 7, 8, 9], [1], [10], [6]]"
00068-00000449.soi,soi,6,15,6.15,3,0.01533620001282543,"[[1, 2, 3, 5], [6], [4]]"
00068-00000450.soi,soi,10,15,17.48205128205128,3,0.5445843000197783,"[[3, 4, 5, 7], [2, 8, 9, 10], [1, 6]]"
00068-00000451.soi,soi,10,21,11.828021978021976,5,0.11432329996023327,"[[4], [5], [2, 3, 6, 7, 8, 9], [1], [10]]"
00068-00000452.soi,soi,5,15,3.076923076923076,2,0.015366500010713935,"[[2, 3, 5], [1, 4]]"
00068-00000453.soi,soi,11,21,17.491363211951438,4,0.358726300066337,"[[4, 10], [9, 11], [1, 2, 3, 5, 6, 7], [8]]"
00068-00000454.soi,soi,9,23,7.77203334423014,6,0.04548089997842908,"[[9], [4], [2], [1, 5, 6, 8], [7], [3]]"
00068-00000455.soi,soi,7,15,5.795238095238094,3,0.02600529999472201,"[[4, 5, 6, 7], [1, 2], [3]]"
00068-00000456.soi,soi,10,15,11.083333333333332,3,0.040968800080008805,"[[1, 2, 9], [4, 5, 6, 7, 8, 10], [3]]"
00068-00000457.soi,soi,5,15,4.18964368964369,2,0.015523499925620854,"[[2], [1, 3, 4, 5]]"
00068-00000458.soi,soi,7,21,3.3509803921568633,4,0.020227200002409518,"[[1, 3], [7], [6], [2, 4, 5]]"
00068-00000459.soi,soi,5,15,3.8653846153846154,3,0.012228699983097613,"[[1, 2], [4, 5], [3]]"
00068-00000460.soi,soi,11,15,18.661971361971368,4,0.821248900028877,"[[10], [3, 8], [1, 7], [2, 4, 5, 6, 9, 11]]"
00068-00000461.soi,soi,6,15,4.893106893106893,3,0.016315000015310943,"[[1], [3, 6], [2, 4, 5]]"
00068-00000462.soi,soi,6,15,5.722222222222222,3,0.011429400066845119,"[[1, 3, 4], [6], [2, 5]]"
00068-00000463.soi,soi,7,21,3.932683982683982,4,0.015625500003807247,"[[3, 7], [1, 2], [4, 5], [6]]"
00068-00000464.soi,soi,6,15,3.907936507936508,3,0.015504199895076454,"[[2, 3, 4, 5], [1], [6]]"
00068-00000465.soi,soi,4,15,1.882905982983593,1,0.005675400025211275,"[[1, 2, 3, 4]]"
00068-00000466.soi,soi,8,15,12.036496836496836,5,0.38282010005787015,"[[2], [3, 4, 7, 8], [1], [5], [6]]"
00068-00000467.soi,soi,8,15,7.096830946830947,5,0.027382200001738966,"[[4], [5], [7], [2, 3, 6, 8], [1]]"
00068-00000468.soi,soi,12,15,21.146969696969695,4,0.5781588000245392,"[[3], [2, 5, 6, 7, 10, 11, 12], [4, 8], [1, 9]]"
00068-00000469.soi,soi,8,15,9.531024531024531,2,0.04045380000025034,"[[3, 6, 7, 8], [1, 2, 4, 5]]"
00068-00000470.soi,soi,6,15,4.360606060606061,4,0.010511099942959845,"[[3, 5], [2, 4], [6], [1]]"
00068-00000471.soi,soi,10,15,18.030303030303028,3,0.11624140001367778,"[[3], [1, 4, 5, 6, 7, 8, 9], [2, 10]]"
00068-00000472.soi,soi,10,21,11.321572871572872,7,0.051711800042539835,"[[1], [9], [3, 5, 6], [4], [8, 10], [2], [7]]"
00068-00000473.soi,soi,8,15,7.575757575757576,6,0.026423900038935244,"[[6], [3, 5], [2, 7], [4], [8], [1]]"
00068-00000474.soi,soi,12,15,25.302380952380954,2,2.475384099991061,"[[1, 2, 3, 4, 6, 8, 9, 10, 11, 12], [5, 7]]"
00068-00000475.soi,soi,9,15,11.028643578643578,3,0.04496500000823289,"[[3, 4, 9], [1, 2, 5, 8], [6, 7]]"
00068-00000476.soi,soi,10,15,15.02209457209457,3,0.5266794000053778,"[[2], [1, 3, 5, 6, 8, 9], [4, 7, 10]]"
00068-00000477.soi,soi,7,15,6.686202686202687,4,0.01685759995598346,"[[7], [2, 3, 4, 5], [1], [6]]"
00068-00000478.soi,soi,5,15,3.323809523809524,2,0.009522399981506169,"[[5], [1, 2, 3, 4]]"
00068-00000479.soi,soi,7,21,6.608447108447109,2,0.021468200022354722,"[[1, 3, 4, 5, 6], [2, 7]]"
00068-00000480.soi,soi,4,15,0.3004329005326847,2,0.010143999941647053,"[[1, 2], [3, 4]]"
00068-00000481.soi,soi,6,15,4.396825396825397,3,0.0160650999750942,"[[2], [1, 3, 4], [5, 6]]"
00068-00000482.soi,soi,10,21,11.17034632034632,6,0.04535200004465878,"[[3, 8], [6], [7], [1, 10], [2], [4, 5, 9]]"
00068-00000483.soi,soi,7,15,6.8047619047619055,5,0.021510299993678927,"[[6, 7], [2, 3], [5], [4], [1]]"
00068-00000484.soi,soi,9,15,14.2,3,0.10632140003144741,"[[1, 4, 5, 7], [3, 6, 8, 9], [2]]"
00068-00000485.soi,soi,8,15,9.739393939393938,3,0.03618670010473579,"[[3], [1, 2, 4, 5, 6], [7, 8]]"
00068-00000486.soi,soi,4,21,1.8107351711993989,3,0.009611299959942698,"[[4], [1, 3], [2]]"
00068-00000487.soi,soi,9,15,12.960606060606061,2,0.04042149998713285,"[[8, 9], [1, 2, 3, 4, 5, 6, 7]]"
00068-00000488.soi,soi,10,15,15.661111111111111,1,0.0460572000592947,"[[1, 2, 3, 4, 5, 6, 7, 8, 9, 10]]"
00068-00000489.soi,soi,12,15,21.668464868464874,4,0.1376338000409305,"[[10], [1, 2, 3, 4, 5, 6, 7, 8], [11, 12], [9]]"
00068-00000490.soi,soi,7,15,6.165034965034966,4,0.020387300057336688,"[[5], [2], [1, 3, 6, 7], [4]]"
00068-00000491.soi,soi,10,15,13.650000000000002,4,0.06484879995696247,"[[2, 8], [1, 4], [3, 5, 6, 7, 9], [10]]"
00068-00000492.soi,soi,7,15,8.86060606060606,3,0.024296400020830333,"[[3], [2], [1, 4, 5, 6, 7]]"
00068-00000493.soi,soi,14,15,30.488095238095237,3,5.155219599953853,"[[7], [1, 2, 3, 5, 8, 10, 11, 12, 13, 14], [4, 6, 9]]"
00068-00000494.soi,soi,5,15,1.1922077922077925,4,0.010841500014066696,"[[5], [4], [3], [1, 2]]"
00068-00000495.soi,soi,7,15,7.995238095238095,3,0.024233900010585785,"[[1, 2, 5, 6, 7], [4], [3]]"
00068-00000496.soi,soi,12,15,23.95970695970696,4,0.40842130000237375,"[[2, 3, 5, 6, 7, 9, 11, 12], [10], [4, 8], [1]]"
00068-00000497.soi,soi,7,15,8.546153846153846,3,0.03024410002399236,"[[5, 7], [1], [2, 3, 4, 6]]"
00068-00000498.soi,soi,4,15,2.166666666666667,1,0.009240700048394501,"[[1, 2, 3, 4]]"
00068-00000499.soi,soi,7,15,7.511111111111111,3,0.03273800003807992,"[[6], [1, 2, 3, 4, 7], [5]]"
00068-00000500.soi,soi,10,15,17.505527805527805,4,0.21612420002929866,"[[2, 5, 8, 9, 10], [4, 7], [1, 6], [3]]"
00068-00000501.soi,soi,5,15,2.9880341880341876,3,0.01153580006211996,"[[1], [2, 3, 4], [5]]"
00068-00000502.soi,soi,8,15,10.093373293373293,4,0.0322232999606058,"[[2], [1, 3, 4, 5, 8], [6], [7]]"
00068-00000503.soi,soi,5,15,2.8263736263736265,1,0.016994499950669706,"[[1, 2, 3, 4, 5]]"
00068-00000504.soi,soi,4,15,1.6282051283913932,1,0.00492490001488477,"[[1, 2, 3, 4]]"
00068-00000505.soi,soi,5,15,1.7402597402597397,3,0.007580299978144467,"[[5], [1, 4], [2, 3]]"
00068-00000506.soi,soi,5,15,0.8666666666666663,3,0.00824360002297908,"[[2, 4], [1], [3, 5]]"
00068-00000507.soi,soi,10,15,12.944227994227996,4,0.1817767999600619,"[[9], [1, 4], [2, 3, 6, 7, 8, 10], [5]]"
00068-00000508.soi,soi,7,15,6.202231102231102,4,0.021529600024223328,"[[1], [2, 4, 6], [3, 5], [7]]"
00068-00000509.soi,soi,9,15,16.322588522588525,3,0.5506533000152558,"[[7], [1, 2, 3, 4, 5, 6, 8], [9]]"
00068-00000510.soi,soi,7,21,4.933731954320189,3,0.014559099916368723,"[[1], [2, 4, 6, 7], [3, 5]]"
00068-00000511.soi,soi,15,15,34.91522366522366,3,3.3185243000043556,"[[1, 2, 3, 5, 6, 7, 11, 14, 15], [9, 12], [4, 8, 10, 13]]"
00068-00000512.soi,soi,10,15,16.562937062937063,3,0.08452800009399652,"[[9], [1, 2, 3, 4, 5, 6, 7, 10], [8]]"
00068-00000513.soi,soi,8,15,10.473382173382173,5,0.0482452999567613,"[[6], [2, 3, 8], [1, 7], [4], [5]]"
00068-00000514.soi,soi,8,21,10.716633366633367,4,0.03981919994112104,"[[1, 5, 6, 7], [8], [2], [3, 4]]"
00068-00000515.soi,soi,5,15,2.4633699633699635,2,0.00774269993416965,"[[2], [1, 3, 4, 5]]"
00068-00000516.soi,soi,4,15,1.9056277056912048,2,0.011560300015844405,"[[1, 2], [3, 4]]"
00068-00000517.soi,soi,8,15,12.1,1,0.05346349999308586,"[[1, 2, 3, 4, 5, 6, 7, 8]]"
00068-00000518.soi,soi,8,15,7.5,6,0.022950700018554926,"[[1, 3, 5], [2], [4], [6], [7], [8]]"
00068-00000519.soi,soi,6,15,6.685714285714285,6,0.014551399974152446,"[[2], [4], [6], [5], [3], [1]]"
00068-00000520.soi,soi,11,21,18.902377155008736,4,3.2523599000414833,"[[4], [3, 8], [1, 2, 5, 7, 10, 11], [6, 9]]"
00068-00000521.soi,soi,8,15,10.92012987012987,4,0.035673400037921965,"[[1], [3, 5, 7], [2, 6, 8], [4]]"
00068-00000522.soi,soi,5,15,4.064935064935065,1,0.009625199949368834,"[[1, 2, 3, 4, 5]]"
00068-00000523.soi,soi,7,15,6.2124542124542135,4,0.020083399955183268,"[[2], [1], [3, 5, 7], [4, 6]]"
00068-00000524.soi,soi,6,21,3.5494587284060968,3,0.015646499930880964,"[[1, 3], [4, 5, 6], [2]]"
00068-00000525.soi,soi,9,21,9.077380952380953,4,0.03715290001127869,"[[1, 2], [4, 6, 7], [3, 9], [5, 8]]"
00068-00000526.soi,soi,7,15,5.1000000000000005,3,0.02065189997665584,"[[1, 4, 5], [2, 3], [6, 7]]"
00068-00000527.soi,soi,6,15,6.111904761904762,2,0.019150600070133805,"[[1, 2, 3, 5], [4, 6]]"
00068-00000528.soi,soi,7,15,6.809523809523809,3,0.02869320008903742,"[[2, 3], [5], [1, 4, 6, 7]]"
00068-00000529.soi,soi,6,15,1.5523809523809522,5,0.017975900089368224,"[[3], [6], [2, 4], [5], [1]]"
00068-00000530.soi,soi,11,23,9.66842529451225,6,0.06052080006338656,"[[8, 11], [5], [10], [1], [2, 3, 4, 7, 9], [6]]"
00068-00000531.soi,soi,6,15,5.333333333333333,2,0.016560700023546815,"[[1], [2, 3, 4, 5, 6]]"
00068-00000532.soi,soi,6,15,4.527172827172826,4,0.013719899929128587,"[[1], [2], [3, 4, 6], [5]]"
00068-00000533.soi,soi,9,21,11.704784688995215,6,0.03380079998169094,"[[9], [2, 8], [3, 5, 6], [7], [4], [1]]"
00068-00000534.soi,soi,8,15,6.5962481962481965,3,0.019426100072450936,"[[8], [1, 6], [2, 3, 4, 5, 7]]"
00068-00000535.soi,soi,7,15,6.109956709956709,3,0.01850680005736649,"[[1, 5, 6, 7], [2, 3], [4]]"
00068-00000536.soi,soi,6,21,6.283333333333333,4,0.016935699968598783,"[[2], [3], [4], [1, 5, 6]]"
00068-00000537.soi,soi,6,15,1.7948717948717947,3,0.010471199988387525,"[[1, 6], [2, 4], [3, 5]]"
00068-00000538.soi,soi,18,15,41.260606060606065,2,0.7346232000272721,"[[1, 4, 5, 6, 7, 8, 9, 10, 11, 13, 14, 15, 16, 17], [2, 3, 12, 18]]"
00068-00000539.soi,soi,15,15,43.59356199356199,9,10.374485300038941,"[[15], [6], [7], [1], [9], [2, 12], [3, 4, 8, 11, 13], [10], [5, 14]]"
00068-00000540.soi,soi,12,15,29.261038961038963,3,1.0273901999462396,"[[9], [12], [1, 2, 3, 4, 5, 6, 7, 8, 10, 11]]"
00068-00000541.soi,soi,7,15,8.303663003663004,2,0.02725409995764494,"[[1, 2, 4, 6], [3, 5, 7]]"
00068-00000542.soi,soi,11,15,25.667099567099566,2,2.1073246999876574,"[[1, 2, 3, 4, 5, 6, 7, 8, 9, 11], [10]]"
00068-00000543.soi,soi,11,15,20.449999999999996,2,0.08479009999427944,"[[1, 2, 3, 4, 5, 6, 8, 9, 10, 11], [7]]"
00068-00000544.soi,soi,9,21,12.878298241146538,3,0.054965200019069016,"[[1, 2, 3, 4, 5, 6, 9], [7], [8]]"
00068-00000545.soi,soi,12,15,23.028066378066377,3,0.2087331999791786,"[[2, 8, 10], [1, 3, 4, 5, 6, 7, 9, 11], [12]]"
00068-00000546.soi,soi,6,15,1.7999999999999998,4,0.010185800027102232,"[[2, 3], [1], [4], [5, 6]]"
00068-00000547.soi,soi,10,15,18.16190476190476,1,0.04110659996513277,"[[1, 2, 3, 4, 5, 6, 7, 8, 9, 10]]"
00068-00000548.soi,soi,15,15,34.045743145743145,4,6.19026770000346,"[[1, 2, 3, 6, 7, 9, 11, 12, 13, 15], [8, 14], [5, 10], [4]]"
00068-00000549.soi,soi,13,21,21.850182230909784,6,0.13218990003224462,"[[5], [6], [8, 11, 12, 13], [1, 4], [2, 3, 9], [7, 10]]"
00068-00000550.soi,soi,7,15,3.953846153846154,3,0.015508299926295877,"[[1, 4, 7], [3, 6], [2, 5]]"
00068-00000551.soi,soi,8,21,7.767701579466285,3,0.026895200018770993,"[[4], [2, 6, 7, 8], [1, 3, 5]]"
00068-00000552.soi,soi,13,15,25.968398268398264,2,1.4128932000603527,"[[1, 3, 4, 5, 6, 9, 10, 12, 13], [2, 7, 8, 11]]"
00068-00000553.soi,soi,9,15,13.107359307359308,4,0.1156060000648722,"[[1, 6], [4, 7, 8, 9], [3, 5], [2]]"
00068-00000554.soi,soi,12,15,25.392063492063492,5,1.8069080000277609,"[[12], [2, 4], [1, 3, 5, 8, 9, 11], [6, 7], [10]]"
00068-00000555.soi,soi,12,15,24.19910644910645,3,0.2869756000582129,"[[1, 3, 4, 9], [2, 5, 6, 7, 11, 12], [8, 10]]"
00068-00000556.soi,soi,5,15,3.688888888888889,2,0.008758799987845123,"[[5], [1, 2, 3, 4]]"
00068-00000557.soi,soi,7,15,6.831318681318682,3,0.01648729993030429,"[[4], [2], [1, 3, 5, 6, 7]]"
00068-00000558.soi,soi,18,15,37.58730158730166,2,4.715215399977751,"[[1, 2, 3, 4, 5, 6, 7, 8, 9, 10, 11, 12, 13, 14, 16, 17, 18], [15]]"
00068-00000559.soi,soi,8,15,8.266666666666666,4,0.032255099969916046,"[[1], [7], [2, 3, 6, 8], [4, 5]]"
00068-00000560.soi,soi,8,15,8.13888888888889,5,0.02567160001490265,"[[4, 8], [1, 5], [7], [2, 6], [3]]"
00068-00000561.soi,soi,11,15,22.33095238095238,3,0.13651969993952662,"[[2, 3, 5, 7, 8, 9], [1, 4, 6, 10], [11]]"
00068-00000562.soi,soi,7,15,3.3928571428571423,5,0.017634999938309193,"[[5, 6], [2, 7], [3], [4], [1]]"
00068-00000563.soi,soi,8,15,8.333333333333332,2,0.026671800063923,"[[2, 6], [1, 3, 4, 5, 7, 8]]"
00068-00000564.soi,soi,9,21,13.346886446886446,6,0.33165030006784946,"[[5], [6], [1, 3, 4, 8], [7], [9], [2]]"
00068-00000565.soi,soi,6,15,4.142857142857142,4,0.017445500008761883,"[[4], [3], [1], [2, 5, 6]]"
00068-00000566.soi,soi,11,15,18.042124497011784,4,0.8804648000514135,"[[1, 4, 7], [8], [2, 3, 5, 6, 10, 11], [9]]"
00068-00000567.soi,soi,7,15,7.487878787878787,3,0.015543799963779747,"[[2], [3, 4, 5, 6, 7], [1]]"
00068-00000568.soi,soi,7,15,6.526190476190476,5,0.03281600004993379,"[[1], [5], [3, 7], [4, 6], [2]]"
00068-00000569.soi,soi,12,23,18.42857142857143,3,0.24129479995463043,"[[8], [10], [1, 2, 3, 4, 5, 6, 7, 9, 11, 12]]"
00068-00000570.soi,soi,10,15,18.45634920634921,3,0.13827800005674362,"[[4], [1, 2, 3, 5, 6, 7, 8, 10], [9]]"
00068-00000571.soi,soi,12,15,14.922077922077921,3,0.0774793999735266,"[[10], [2, 3, 5, 6, 7, 8, 9, 12], [1, 4, 11]]"
00068-00000572.soi,soi,8,15,6.529725829725829,3,0.02193519996944815,"[[1, 2], [5], [3, 4, 6, 7, 8]]"
00068-00000573.soi,soi,7,15,7.718686868686869,3,0.016727000009268522,"[[2], [1, 5, 6], [3, 4, 7]]"
00068-00000574.soi,soi,12,15,25.357142857142858,4,5.210165499942377,"[[2], [1, 5, 6, 8, 9, 10, 12], [3, 4], [7, 11]]"
00068-00000575.soi,soi,15,15,43.28333333333333,2,1.9086792001035064,"[[9], [1, 2, 3, 4, 5, 6, 7, 8, 10, 11, 12, 13, 14, 15]]"
00068-00000576.soi,soi,11,15,20.464285714285715,3,1.1715947000775486,"[[11], [7, 8], [1, 2, 3, 4, 5, 6, 9, 10]]"
00068-00000577.soi,soi,9,15,10.547940947940948,3,0.0394330999115482,"[[3, 4], [1, 2, 5, 6, 7, 9], [8]]"
00068-00000578.soi,soi,7,15,4.6,2,0.014899199944920838,"[[2, 4, 7], [1, 3, 5, 6]]"
00068-00000579.soi,soi,9,21,10.29992654404419,4,0.03560500009916723,"[[1], [2, 7], [3, 5, 8, 9], [4, 6]]"
00068-00000580.soi,soi,9,21,11.64453781512605,3,0.06559499993454665,"[[1, 2, 7, 9], [3, 4, 6, 8], [5]]"
00068-00000581.soi,soi,6,15,4.903030303030302,3,0.014647500007413328,"[[1], [2, 3, 6], [4, 5]]"
00068-00000582.soi,soi,17,15,50.71825396825396,2,17.496062299935147,"[[16], [1, 2, 3, 4, 5, 6, 7, 8, 9, 10, 11, 12, 13, 14, 15, 17]]"
00068-00000583.soi,soi,11,15,23.342490842490843,4,1.603684600093402,"[[1], [5, 7], [6, 10], [2, 3, 4, 8, 9, 11]]"
00068-00000584.soi,soi,6,21,3.1658119658119657,3,0.010536600020714104,"[[1, 3, 4], [6], [2, 5]]"
00068-00000585.soi,soi,8,21,9.343604108309991,4,0.12899590004235506,"[[2, 3, 4], [1], [5, 6, 7], [8]]"
00068-00000586.soi,soi,10,15,12.394893994893994,4,0.04878319997806102,"[[4], [5], [1, 6, 7, 8, 9, 10], [2, 3]]"
00068-00000587.soi,soi,7,15,8.126495726495726,2,0.02458719990681857,"[[3], [1, 2, 4, 5, 6, 7]]"
00068-00000588.soi,soi,9,21,9.31096681096681,5,0.05038759997114539,"[[3], [8], [5], [1, 2, 6, 7, 9], [4]]"
00068-00000589.soi,soi,7,15,9.128787878787879,4,0.02275559992995113,"[[5], [1], [2, 7], [3, 4, 6]]"
00068-00000590.soi,soi,9,15,12.856060606060606,2,0.1320809000171721,"[[4, 5, 6], [1, 2, 3, 7, 8, 9]]"
00068-00000591.soi,soi,6,15,5.746969696969697,4,0.018092800048179924,"[[5], [1], [3, 4, 6], [2]]"
00068-00000592.soi,soi,8,15,8.837662337662337,3,0.03718400001525879,"[[4], [1, 2, 3, 5, 6, 8], [7]]"
00068-00000593.soi,soi,6,15,4.62985347985348,2,0.01243670005351305,"[[2, 3, 6], [1, 4, 5]]"
00068-00000594.soi,soi,8,21,8.644585823533193,4,0.03619549993891269,"[[6], [4, 7, 8], [1, 3, 5], [2]]"
00068-00000595.soi,soi,10,15,13.119047619047619,3,0.04884569998830557,"[[3], [1, 4, 6, 7, 9, 10], [2, 5, 8]]"
00068-00000596.soi,soi,5,15,4.228205128205127,3,0.008318199892528355,"[[2, 5], [3], [1, 4]]"
00068-00000597.soi,soi,10,15,15.603174603174603,2,0.05958739994093776,"[[4], [1, 2, 3, 5, 6, 7, 8, 9, 10]]"
00068-00000598.soi,soi,7,15,6.698412698412699,2,0.31437570007983595,"[[3, 7], [1, 2, 4, 5, 6]]"
00068-00000599.soi,soi,18,23,47.889254563207984,4,23.64173810009379,"[[1, 8, 14], [2, 4, 7, 13, 16, 17], [3, 5, 6, 9, 10, 11, 18], [12, 15]]"
00068-00000600.soi,soi,6,21,3.319047619047619,3,0.01122480002231896,"[[6], [2, 3], [1, 4, 5]]"
00068-00000601.soi,soi,5,15,1.3626373626373631,4,0.007875500014051795,"[[2], [3, 4], [5], [1]]"
00068-00000602.soi,soi,7,15,5.900854700854701,4,0.02069469995331019,"[[5], [1], [2], [3, 4, 6, 7]]"
00068-00000603.soi,soi,15,21,37.235929567508514,3,4.869577700039372,"[[4], [1, 2, 5, 6, 7, 8, 9, 10, 11, 12, 13, 14, 15], [3]]"
00068-00000604.soi,soi,18,15,43.94761904761905,2,7.073662900016643,"[[1, 3, 4, 5, 6, 7, 8, 9, 10, 11, 12, 13, 14, 15, 16, 17, 18], [2]]"
00068-00000605.soi,soi,11,15,21.185714285714283,5,1.2745931000681594,"[[1], [3, 5, 6, 7, 8, 9, 11], [4], [2], [10]]"
00068-00000606.soi,soi,11,15,22.13284493284493,2,1.0012406000168994,"[[3, 7], [1, 2, 4, 5, 6, 8, 9, 10, 11]]"
00068-00000607.soi,soi,7,21,3.5,4,0.014802000019699335,"[[7], [6], [1, 5], [2, 3, 4]]"
00068-00000608.soi,soi,10,15,16.273698523698524,3,0.5558096000459045,"[[1, 4, 5, 7, 9, 10], [2, 3, 6], [8]]"
00068-00000609.soi,soi,10,15,12.179120879120878,3,0.0598881000187248,"[[2], [1], [3, 4, 5, 6, 7, 8, 9, 10]]"
00068-00000610.soi,soi,6,21,4.43009768009768,2,0.021602099994197488,"[[1], [2, 3, 4, 5, 6]]"
00068-00000611.soi,soi,6,15,3.3223443223443225,1,0.012169599998742342,"[[1, 2, 3, 4, 5, 6]]"
00068-00000612.soi,soi,12,15,18.711111111111112,1,0.09609949996229261,"[[1, 2, 3, 4, 5, 6, 7, 8, 9, 10, 11, 12]]"
00068-00000613.soi,soi,7,21,3.876739926739927,4,0.020817100070416927,"[[5], [3], [1, 2, 4, 6], [7]]"
00068-00000614.soi,soi,8,21,12.38809523809524,3,0.04596840008161962,"[[5], [1, 2, 3, 4, 6, 7], [8]]"
00068-00000615.soi,soi,9,15,15.2,1,0.04109980002976954,"[[1, 2, 3, 4, 5, 6, 7, 8, 9]]"
00068-00000616.soi,soi,7,15,3.217604617604618,2,0.012178899953141809,"[[1, 2, 4], [3, 5, 6, 7]]"
00068-00000617.soi,soi,10,15,14.26868686868687,3,0.07064070005435497,"[[8], [3, 5, 7], [1, 2, 4, 6, 9, 10]]"
00068-00000618.soi,soi,6,21,2.704761904761904,4,0.013419799972325563,"[[2], [4, 6], [5], [1, 3]]"
00068-00000619.soi,soi,6,15,4.742857142857142,4,0.01502349996007979,"[[1, 3], [4, 5], [6], [2]]"
00068-00000620.soi,soi,10,15,12.183488733488733,6,0.05342070001643151,"[[1, 4, 5, 6], [7, 10], [8], [9], [2], [3]]"
00068-00000621.soi,soi,5,15,3.1406926406926408,2,0.011601599981077015,"[[1, 2, 4, 5], [3]]"
00068-00000622.soi,soi,9,21,9.328066378066376,4,0.03319680003914982,"[[4, 6, 7], [2, 3, 5, 9], [1], [8]]"
00068-00000623.soi,soi,5,15,3.6666666666666665,3,0.010035800049081445,"[[1, 2, 5], [3], [4]]"
00068-00000624.soi,soi,5,15,3.308441558441559,1,0.012703499989584088,"[[1, 2, 3, 4, 5]]"
00068-00000625.soi,soi,11,21,16.065101565101564,4,0.060911200009286404,"[[2, 3, 5, 7, 8, 10], [1, 4, 6], [9], [11]]"
00068-00000626.soi,soi,10,21,15.895066045066045,5,0.0875332000432536,"[[6], [1, 5, 7, 8, 10], [3], [4], [2, 9]]"
00068-00000627.soi,soi,20,15,51.73463203463203,3,42.82261140004266,"[[10], [1, 2, 3, 4, 5, 6, 7, 8, 9, 11, 12, 14, 15, 16, 18, 19, 20], [13, 17]]"
00068-00000628.soi,soi,5,21,1.8571428571428574,3,0.01093119999859482,"[[1], [3, 4], [2, 5]]"
00068-00000629.soi,soi,9,15,9.878371628371628,4,0.036587600014172494,"[[1, 2, 3, 5, 8], [4, 6], [7], [9]]"
00068-00000630.soi,soi,6,15,5.305500055500055,3,0.017119499971158803,"[[1, 2, 5], [4], [3, 6]]"
00068-00000631.soi,soi,9,15,16.197302697302696,3,0.5171368999872357,"[[9], [2], [1, 3, 4, 5, 6, 7, 8]]"
00068-00000632.soi,soi,11,15,15.422222222222222,3,0.04624089994467795,"[[2], [1, 4, 5, 6, 7, 8, 9, 10, 11], [3]]"
00068-00000633.soi,soi,6,15,4.801864801864802,5,0.01588720001745969,"[[5], [1], [2], [4], [3, 6]]"
00068-00000634.soi,soi,19,21,62.992729930887826,5,30.794619900058024,"[[17], [1, 2, 3, 4, 5, 7, 9, 11, 12, 13, 14, 15, 16, 18, 19], [6], [8], [10]]"
00068-00000635.soi,soi,8,15,7.3999999999999995,3,0.022841099998913705,"[[1], [4, 5, 6, 7, 8], [2, 3]]"
00068-00000636.soi,soi,11,15,23.020634920634922,2,3.356876900070347,"[[2, 3, 4, 5, 6, 7, 9, 11], [1, 8, 10]]"
00068-00000637.soi,soi,8,21,8.60999614420667,5,0.02439170004799962,"[[5], [8], [3, 4, 6, 7], [2], [1]]"
00068-00000638.soi,soi,5,15,4.628571428571428,3,0.00931180000770837,"[[1, 2, 5], [4], [3]]"
00068-00000639.soi,soi,4,15,1.8542124542900642,2,0.010499799973331392,"[[4], [1, 2, 3]]"
00068-00000640.soi,soi,6,15,5.280375180375181,1,0.019755199900828302,"[[1, 2, 3, 4, 5, 6]]"
00068-00000641.soi,soi,7,15,5.857142857142858,7,0.014367000083439052,"[[1], [7], [2], [5], [6], [4], [3]]"
00068-00000642.soi,soi,7,15,6.118903318903319,4,0.024882399942725897,"[[7], [1, 2, 4], [5], [3, 6]]"
00068-00000643.soi,soi,11,15,16.519813519813518,5,0.18279719993006438,"[[9], [1, 5, 6], [4, 7, 8, 10], [2, 11], [3]]"
00068-00000644.soi,soi,12,15,31.716483516483517,7,3.502755800029263,"[[3, 8, 10], [11], [2, 5, 6], [9, 12], [1], [4], [7]]"
00068-00000645.soi,soi,5,15,1.7523809523809524,2,0.007559399935416877,"[[1, 2, 3, 5], [4]]"
00068-00000646.soi,soi,9,15,9.856926406926407,3,0.026709900004789233,"[[1, 5, 6, 9], [2, 3], [4, 7, 8]]"
00068-00000647.soi,soi,5,15,1.1736263736263735,2,0.007804399938322604,"[[1], [2, 3, 4, 5]]"
00068-00000648.soi,soi,7,15,7.967032967032967,3,0.029642999987117946,"[[1], [4, 6], [2, 3, 5, 7]]"
00068-00000649.soi,soi,8,15,7.528205128205128,6,0.026773399906232953,"[[2], [3, 7], [5, 6], [1], [8], [4]]"
00068-00000650.soi,soi,9,15,13.359124209124209,2,0.052911599981598556,"[[1, 2, 3, 5, 6, 7, 8, 9], [4]]"
00068-00000651.soi,soi,18,15,44.36410256410256,3,4.7099142000079155,"[[1, 2, 3, 4, 5, 6, 7, 8, 10, 11, 12, 13, 14, 15, 16, 17], [9], [18]]"
00068-00000652.soi,soi,9,15,10.613308913308913,5,0.03508249996230006,"[[3, 5], [1, 4, 6], [8], [7], [2, 9]]"
00068-00000653.soi,soi,6,15,2.333333333333333,5,0.010795400012284517,"[[6], [1], [5], [3, 4], [2]]"
00068-00000654.soi,soi,12,15,16.066666666666666,2,0.10545389994513243,"[[7, 12], [1, 2, 3, 4, 5, 6, 8, 9, 10, 11]]"
00068-00000655.soi,soi,5,15,2.516938616938617,1,0.006213399930857122,"[[1, 2, 3, 4, 5]]"
00068-00000656.soi,soi,8,15,9.32153402153402,3,0.0324222999624908,"[[3, 4, 5, 7], [2, 6, 8], [1]]"
00068-00000657.soi,soi,13,15,28.083333333333332,3,1.072562100016512,"[[8], [1, 2, 3, 4, 6, 7, 9, 10, 11, 12, 13], [5]]"
00068-00000658.soi,soi,6,15,2.695970695970696,3,0.011863499996252358,"[[1, 6], [3], [2, 4, 5]]"
00068-00000659.soi,soi,6,21,3.7142857142857135,3,0.012742300052195787,"[[1, 6], [2], [3, 4, 5]]"
00068-00000660.soi,soi,4,15,1.0023310022273413,3,0.009056500042788684,"[[2], [1, 3], [4]]"
00068-00000661.soi,soi,7,15,8.711111111111112,2,0.04963229992426932,"[[3], [1, 2, 4, 5, 6, 7]]"
00068-00000662.soi,soi,5,15,1.9555555555555557,4,0.007668999955058098,"[[2, 5], [4], [1], [3]]"
00068-00000663.soi,soi,20,15,39.252525252525245,3,4.244640200049616,"[[7], [1, 2, 3, 4, 5, 6, 8, 9, 10, 12, 14, 15, 16, 17, 18, 19, 20], [11, 13]]"
00068-00000664.soi,soi,4,15,1.9435897436864575,2,0.009676699992269278,"[[1, 2, 4], [3]]"
00068-00000665.soi,soi,11,23,17.412573104644714,9,0.1043305000057444,"[[4, 9], [7], [1], [2, 5], [6], [8], [11], [10], [3]]"
00068-00000666.soi,soi,10,15,17.185858585858586,4,0.3343724999576807,"[[2, 4, 5, 8], [7], [1, 3], [6, 9, 10]]"
00068-00000667.soi,soi,16,15,37.99090909090909,2,6.799313900060952,"[[6], [1, 2, 3, 4, 5, 7, 8, 9, 10, 11, 12, 13, 14, 15, 16]]"
00068-00000668.soi,soi,15,15,44.41197691197691,2,7.111842400045134,"[[1, 2, 3, 4, 5, 6, 7, 8, 10, 11, 12, 13, 14, 15], [9]]"
00068-00000669.soi,soi,8,21,6.85686274509804,4,0.037397499894723296,"[[1], [6], [2, 3, 5, 7, 8], [4]]"
00068-00000670.soi,soi,7,21,5.201298701298701,6,0.01802049996331334,"[[2, 3], [5], [6], [7], [1], [4]]"
00068-00000671.soi,soi,7,15,4.2303030303030305,5,0.015392699977383018,"[[1, 7], [5], [2, 3], [4], [6]]"
00068-00000672.soi,soi,13,15,29.474891774891773,5,6.408391700009815,"[[5], [1, 2, 6, 7, 8, 9, 11, 12], [10], [3, 13], [4]]"
00068-00000673.soi,soi,6,15,3.5570318570318573,4,0.011095000081695616,"[[5], [2, 3], [6], [1, 4]]"
00068-00000674.soi,soi,7,15,6.753496503496504,3,0.019780499977059662,"[[2], [3, 4, 5, 6, 7], [1]]"
00068-00000675.soi,soi,5,15,2.1166666666666667,5,0.007207700051367283,"[[2], [3], [4], [5], [1]]"
00068-00000676.soi,soi,6,15,4.695238095238095,3,0.015104599995538592,"[[1, 3, 5], [2], [4, 6]]"
00068-00000677.soi,soi,12,15,26.247619047619047,3,1.2956835000077263,"[[1, 4, 5, 7, 9], [3, 6, 12], [2, 8, 10, 11]]"
00068-00000678.soi,soi,10,21,13.923653539443013,3,0.04784120002295822,"[[2, 3], [1, 4, 5, 6, 7, 8, 10], [9]]"
00068-00000679.soi,soi,8,15,11.685930735930736,4,0.06688369996845722,"[[1, 3], [5], [2, 7, 8], [4, 6]]"
00068-00000680.soi,soi,12,21,15.281818181818181,3,0.09981849999167025,"[[5], [8], [1, 2, 3, 4, 6, 7, 9, 10, 11, 12]]"
00068-00000681.soi,soi,14,21,22.13325563325563,3,0.20269349997397512,"[[9], [2, 3, 4, 5, 6, 7, 8, 10, 11, 13, 14], [1, 12]]"
00068-00000682.soi,soi,15,15,31.416666666666664,2,1.937699900008738,"[[12], [1, 2, 3, 4, 5, 6, 7, 8, 9, 10, 11, 13, 14, 15]]"
00068-00000683.soi,soi,7,15,4.1499999999999995,1,0.019212599960155785,"[[1, 2, 3, 4, 5, 6, 7]]"
00068-00000684.soi,soi,8,15,9.045787545787546,5,0.030423699994571507,"[[1, 4, 5], [3, 6], [7], [2], [8]]"
00068-00000685.soi,soi,9,15,13.07813852813853,3,0.10630490002222359,"[[1, 2, 3, 4, 8], [9], [5, 6, 7]]"
00068-00000686.soi,soi,6,15,2.182539682539683,4,0.010485800099559128,"[[3], [2, 5], [1], [4, 6]]"
00068-00000687.soi,soi,7,15,3.939682539682539,2,0.02025970001704991,"[[1, 2, 3], [4, 5, 6, 7]]"
00068-00000688.soi,soi,10,21,16.37107843137255,3,0.832850500009954,"[[7], [8], [1, 2, 3, 4, 5, 6, 9, 10]]"
00068-00000689.soi,soi,12,15,23.30584415584415,4,6.170723200077191,"[[2, 8], [4, 6, 9], [5], [1, 3, 7, 10, 11, 12]]"
00068-00000690.soi,soi,10,21,14.673019086176978,5,0.07654550008010119,"[[6], [5, 8, 9], [1, 4, 7], [2, 3], [10]]"
00068-00000691.soi,soi,13,21,27.10458130620669,6,2.4474408000241965,"[[1, 10, 13], [5, 12], [3, 4, 7, 11], [9], [8], [2, 6]]"
00068-00000692.soi,soi,7,15,6.514102564102563,5,0.02594289998523891,"[[2], [5], [7], [3], [1, 4, 6]]"
00068-00000693.soi,soi,7,15,6.933333333333334,2,0.024400099995546043,"[[2], [1, 3, 4, 5, 6, 7]]"
00068-00000694.soi,soi,13,15,22.63030303030303,3,0.3903796999948099,"[[6], [2, 3, 4, 5, 7, 8, 9, 10, 11, 13], [1, 12]]"
00068-00000695.soi,soi,10,15,12.103463203463203,6,0.04973879992030561,"[[4, 6], [3], [1, 2, 7, 8], [5], [10], [9]]"
00068-00000696.soi,soi,10,15,15.380663780663783,3,0.8521151000168175,"[[2, 9], [3, 4, 6, 10], [1, 5, 7, 8]]"
00068-00000697.soi,soi,16,23,42.13777916270176,4,12.432739399955608,"[[12], [2, 3, 4, 5, 6, 7, 8, 10, 13, 16], [9, 11, 14, 15], [1]]"
00068-00000698.soi,soi,14,21,32.74047619047619,7,7.73500589991454,"[[6], [1], [3], [5, 9, 12, 13], [2, 14], [7, 11], [4, 8, 10]]"
00068-00000699.soi,soi,10,15,17.783333333333335,5,0.2988760001026094,"[[9], [1, 2, 3, 7, 8, 10], [5], [6], [4]]"
00068-00000700.soi,soi,5,15,1.6538461538461537,3,0.007324500009417534,"[[5], [3], [1, 2, 4]]"
00068-00000701.soi,soi,7,15,7.33939393939394,2,0.02191739995032549,"[[1, 2, 3, 5, 6, 7], [4]]"
00068-00000702.soi,soi,4,15,1.6307692306796804,2,0.010213600005954504,"[[3, 4], [1, 2]]"
00068-00000703.soi,soi,8,15,11.073443223443224,2,0.040171800064854324,"[[4], [1, 2, 3, 5, 6, 7, 8]]"
00068-00000704.soi,soi,5,15,3.6134754134754137,2,0.009911500033922493,"[[1, 4, 5], [2, 3]]"
00068-00000705.soi,soi,8,21,7.8068181818181825,3,0.020587600069120526,"[[1, 2, 3, 5, 6], [4, 8], [7]]"
00068-00000706.soi,soi,7,15,2.9833333333333325,3,0.01833350001834333,"[[2, 3, 5], [4, 6, 7], [1]]"
00068-00000707.soi,soi,5,15,3.726984126984127,3,0.011072400026023388,"[[3, 4], [2], [1, 5]]"
00068-00000708.soi,soi,9,21,11.177616501145915,4,0.03783320006914437,"[[9], [2, 3, 6, 7], [1, 5, 8], [4]]"
00068-00000709.soi,soi,5,15,2.12008547008547,3,0.007190500036813319,"[[5], [2], [1, 3, 4]]"
00068-00000710.soi,soi,7,15,4.7333333333333325,5,0.018563400022685528,"[[7], [3], [4, 5], [1, 2], [6]]"
00068-00000711.soi,soi,5,15,3.3376623376623376,2,0.006368799949996173,"[[4], [1, 2, 3, 5]]"
00068-00000712.soi,soi,4,15,1.8222222223774422,1,0.008040399989113212,"[[1, 2, 3, 4]]"
00068-00000713.soi,soi,7,15,4.943956043956044,5,0.014437799924053252,"[[1], [6], [2, 5], [3, 7], [4]]"
00068-00000714.soi,soi,5,15,3.0282828282828285,2,0.007549399975687265,"[[1, 3, 4, 5], [2]]"
00068-00000715.soi,soi,7,15,4.984737484737485,2,0.019895900040864944,"[[3, 5], [1, 2, 4, 6, 7]]"
00068-00000716.soi,soi,9,21,12.251692751692753,3,0.07294810004532337,"[[1, 2, 3, 4, 5, 6, 8], [9], [7]]"
00068-00000717.soi,soi,6,15,4.024481074481076,4,0.01415830000769347,"[[4], [1, 3], [2, 5], [6]]"
00068-00000718.soi,soi,8,15,8.71996336996337,4,0.03545440000016242,"[[1, 2, 3, 5], [7], [6, 8], [4]]"
00068-00000719.soi,soi,12,15,25.646176046176045,3,0.757656600093469,"[[4, 6], [2, 3, 7, 8, 9, 10, 11], [1, 5, 12]]"
00068-00000720.soi,soi,11,15,24.42101232101232,5,1.1154687000671402,"[[1, 2, 8], [3, 5, 9, 11], [7], [4, 10], [6]]"
00068-00000721.soi,soi,11,15,21.25127095127095,3,1.48283240001183,"[[2, 4, 5, 6, 11], [1, 3, 7, 8, 9], [10]]"
00068-00000722.soi,soi,19,15,59.11506826506827,5,32.30457659997046,"[[6, 7, 8, 10, 13, 16, 17, 18], [1, 9, 15, 19], [12], [4, 5, 11, 14], [2, 3]]"
00068-00000723.soi,soi,6,15,2.25,5,0.015377199975773692,"[[1], [4], [2], [3], [5, 6]]"
00068-00000724.soi,soi,5,15,5.366666666666667,1,0.009312700014561415,"[[1, 2, 3, 4, 5]]"
00068-00000725.soi,soi,9,15,13.516666666666666,4,0.13179379992652684,"[[1], [9], [2, 3, 4, 5, 6, 7], [8]]"
00068-00000726.soi,soi,17,15,38.01587301587301,2,15.805128299980424,"[[1, 2, 4, 5, 6, 7, 8, 9, 10, 11, 12, 13, 14, 15, 16, 17], [3]]"
00068-00000727.soi,soi,9,15,15.583760683760683,3,0.5898835000116378,"[[1, 2, 3, 4, 5, 7, 9], [6], [8]]"
00068-00000728.soi,soi,10,15,12.624025974025972,3,0.08140199992340058,"[[7], [1, 2, 4, 5, 6, 8, 9, 10], [3]]"
00068-00000729.soi,soi,12,21,23.782921464500426,2,0.8155580000020564,"[[2, 4, 6, 9], [1, 3, 5, 7, 8, 10, 11, 12]]"
00068-00000730.soi,soi,7,15,8.231746031746033,3,0.024454299942590296,"[[2, 5], [3], [1, 4, 6, 7]]"
00068-00000731.soi,soi,7,15,4.728205128205127,4,0.01607199991121888,"[[2, 4, 5], [1, 7], [6], [3]]"
00068-00000732.soi,soi,7,15,6.492207792207792,3,0.020489500020630658,"[[1, 3], [7], [2, 4, 5, 6]]"
00068-00000733.soi,soi,11,21,18.999245525716116,5,2.695383100071922,"[[6], [3, 5, 7, 9, 10, 11], [4], [1], [2, 8]]"
00068-00000734.soi,soi,5,15,2.778643578643579,4,0.0069784000515937805,"[[5], [2, 4], [1], [3]]"
00068-00000735.soi,soi,6,15,3.656043956043956,2,0.015769500052556396,"[[1, 2, 3, 4, 6], [5]]"
00068-00000736.soi,soi,8,15,9.146031746031749,5,0.02892970002721995,"[[6], [4, 8], [2], [1, 5, 7], [3]]"
00068-00000737.soi,soi,8,15,7.493839493839493,3,0.027184900012798607,"[[1, 5], [2, 8], [3, 4, 6, 7]]"
00068-00000738.soi,soi,6,15,5.611655011655012,4,0.01611670001875609,"[[3], [5], [2], [1, 4, 6]]"
00068-00000739.soi,soi,16,15,51.237734487734485,4,12.713862500037067,"[[5, 10, 15], [14, 16], [1, 2, 3, 4, 6, 7, 9, 11, 12, 13], [8]]"
00068-00000740.soi,soi,5,15,3.523376623376623,2,0.011429299949668348,"[[2, 4], [1, 3, 5]]"
00068-00000741.soi,soi,7,21,7.3862581862581855,3,0.02710129995830357,"[[4], [3], [1, 2, 5, 6, 7]]"
00068-00000742.soi,soi,8,21,12.485714285714284,2,1.0090788999805227,"[[2, 5, 6, 7, 8], [1, 3, 4]]"
00068-00000743.soi,soi,12,15,23.924170274170272,10,8.540100699989125,"[[4], [7], [1, 9], [2], [8], [12], [3], [5], [10], [6, 11]]"
00068-00000744.soi,soi,10,21,12.722780143832773,3,0.16830289992503822,"[[1], [3, 4, 5, 7, 8, 10], [2, 6, 9]]"
00068-00000745.soi,soi,11,15,21.25079365079365,2,0.10901210003066808,"[[1, 2, 3, 4, 5, 6, 7, 8, 10, 11], [9]]"
00068-00000746.soi,soi,9,15,15.571428571428571,3,0.18731409998144954,"[[6, 9], [5], [1, 2, 3, 4, 7, 8]]"
00068-00000747.soi,soi,9,15,16.846825396825395,3,0.6628261000150815,"[[6], [4], [1, 2, 3, 5, 7, 8, 9]]"
00068-00000748.soi,soi,13,15,27.692857142857143,3,0.9094135999912396,"[[5], [1, 3, 4, 6, 7, 8, 9, 10, 11, 12, 13], [2]]"
00068-00000749.soi,soi,6,15,3.299267399267398,2,0.014918999979272485,"[[1, 3, 5, 6], [2, 4]]"
00068-00000750.soi,soi,6,15,5.2146464646464645,5,0.012530599953606725,"[[2], [6], [4], [1, 5], [3]]"
00068-00000751.soi,soi,14,15,32.01060606060606,2,9.242671699961647,"[[1, 2, 3, 5, 6, 7, 8, 9, 12, 13, 14], [4, 10, 11]]"
00068-00000752.soi,soi,10,15,12.833699633699634,9,0.28600429999642074,"[[3], [8], [2], [4], [9], [5], [6], [1, 10], [7]]"
00068-00000753.soi,soi,16,23,41.695238095238096,7,14.681463400018401,"[[2, 4, 8, 10, 12, 16], [6], [3, 5, 9, 13], [1, 11], [14], [7], [15]]"
00068-00000754.soi,soi,9,21,14.102380952380953,3,0.4820601000683382,"[[6], [3], [1, 2, 4, 5, 7, 8, 9]]"
00068-00000755.soi,soi,9,15,13.660317460317462,3,0.04884539998602122,"[[1, 2, 3, 4, 6, 7, 9], [8], [5]]"
00068-00000756.soi,soi,6,23,1.7666666666666657,5,0.009352399967610836,"[[2], [1, 4], [5], [6], [3]]"
00068-00000757.soi,soi,6,15,5.3929792429792425,3,0.01277750008739531,"[[5], [1], [2, 3, 4, 6]]"
00068-00000758.soi,soi,9,15,17.71746031746032,2,2.238530799979344,"[[2, 3, 4, 5, 6, 7, 8, 9], [1]]"
00068-00000759.soi,soi,8,15,10.7,6,0.25433779996819794,"[[8], [3], [4, 5], [1], [6], [2, 7]]"
00068-00000760.soi,soi,9,15,12.467099567099567,4,0.06335890002083033,"[[1, 6], [8], [2, 3, 4, 7, 9], [5]]"
00068-00000761.soi,soi,9,15,11.620879120879124,5,0.03333559993188828,"[[8, 9], [3, 4, 5, 6], [1], [2], [7]]"
00068-00000762.soi,soi,6,15,6.389177489177489,2,0.019928100053220987,"[[4, 5], [1, 2, 3, 6]]"
00068-00000763.soi,soi,8,15,8.613492063492064,2,0.031157099991105497,"[[2, 5, 7, 8], [1, 3, 4, 6]]"
00068-00000764.soi,soi,8,15,9.634920634920634,3,0.03346910001710057,"[[6], [1, 2, 3, 5, 7, 8], [4]]"
00068-00000765.soi,soi,5,21,4.192460317460318,2,0.013999199960380793,"[[3, 4], [1, 2, 5]]"
00068-00000766.soi,soi,10,21,11.816544566544568,4,0.09699599992018193,"[[1, 3], [9], [2, 4, 5, 7, 8, 10], [6]]"
00068-00000767.soi,soi,6,21,5.412842059900884,3,0.016575700021348894,"[[3], [1, 2, 4, 6], [5]]"
00068-00000768.soi,soi,13,15,27.244444444444447,6,1.5936892000027,"[[3], [4, 5, 6, 7, 8, 9, 11, 13], [1], [12], [2], [10]]"
00068-00000769.soi,soi,18,23,60.08193143622206,4,33.2007142000366,"[[8], [1, 7, 9, 11, 13, 16, 17], [2, 3, 5, 6, 12, 14, 15, 18], [4, 10]]"
00068-00000770.soi,soi,7,15,6.283333333333333,4,0.020188900060020387,"[[3], [1], [5, 6, 7], [2, 4]]"
00068-00000771.soi,soi,12,15,23.01654456654456,4,1.158654100028798,"[[2], [3, 5], [11], [1, 4, 6, 7, 8, 9, 10, 12]]"
00068-00000772.soi,soi,7,15,8.033333333333333,3,0.028459700057283044,"[[4, 6, 7], [2, 5], [1, 3]]"
00068-00000773.soi,soi,16,15,33.62820512820513,2,2.1612009999807924,"[[9], [1, 2, 3, 4, 5, 6, 7, 8, 10, 11, 12, 13, 14, 15, 16]]"
00068-00000774.soi,soi,7,15,7.3076923076923075,4,0.014596099965274334,"[[7], [1], [6], [2, 3, 4, 5]]"
00068-00000775.soi,soi,9,21,10.746749226006191,3,0.03032689995598048,"[[5, 8], [1, 7, 9], [2, 3, 4, 6]]"
00068-00000776.soi,soi,5,15,3.687878787878788,1,0.01401330006774515,"[[1, 2, 3, 4, 5]]"
00068-00000777.soi,soi,5,15,2.761904761904762,2,0.007684599957428873,"[[2, 3, 4], [1, 5]]"
00068-00000778.soi,soi,10,15,19.017460317460316,3,1.0012009999481961,"[[1, 2, 4, 5, 9, 10], [7, 8], [3, 6]]"
00068-00000779.soi,soi,8,15,10.866666666666667,5,0.09563790005631745,"[[1, 3, 5, 7], [6], [2], [4], [8]]"
00068-00000780.soi,soi,6,15,5.970634920634921,2,0.017785999923944473,"[[1, 3, 5, 6], [2, 4]]"
00068-00000781.soi,soi,6,15,4.857570207570207,4,0.010569299920462072,"[[6], [1], [5], [2, 3, 4]]"
00068-00000782.soi,soi,5,15,3.2064102564102566,4,0.011029399931430817,"[[3], [1, 4], [2], [5]]"
00068-00000783.soi,soi,9,21,10.784938590820948,6,0.034403700032271445,"[[4], [1], [3], [6], [2, 5, 8], [7, 9]]"
00068-00000784.soi,soi,8,15,6.161538461538461,5,0.02178860001731664,"[[8], [4, 5], [2], [3, 6, 7], [1]]"
00068-00000785.soi,soi,12,15,18.503030303030304,7,0.3074951999587938,"[[1], [3], [6], [11], [2, 8, 9, 10, 12], [5, 7], [4]]"
00068-00000786.soi,soi,11,15,21.644733044733044,4,1.792345399968326,"[[7], [10], [1, 2, 3, 4, 5, 8, 9, 11], [6]]"
00068-00000787.soi,soi,7,15,6.733333333333334,2,0.024188799900002778,"[[1], [2, 3, 4, 5, 6, 7]]"
00068-00000788.soi,soi,8,21,9.595054945054944,4,0.027490900014527142,"[[1], [2, 5, 7, 8], [3], [4, 6]]"
00068-00000789.soi,soi,16,15,46.899789099789096,2,22.94724609993864,"[[2, 4, 6, 7, 8, 9, 11, 12, 13, 14, 16], [1, 3, 5, 10, 15]]"
00068-00000790.soi,soi,15,15,30.607142857142858,2,2.5821628000121564,"[[15], [1, 2, 3, 4, 5, 6, 7, 8, 9, 10, 11, 12, 13, 14]]"
00068-00000791.soi,soi,16,15,35.05050505050505,1,5.042548299999908,"[[1, 2, 3, 4, 5, 6, 7, 8, 9, 10, 11, 12, 13, 14, 15, 16]]"
00068-00000792.soi,soi,10,15,15.043956043956044,2,0.07072409999091178,"[[10], [1, 2, 3, 4, 5, 6, 7, 8, 9]]"
00068-00000793.soi,soi,9,15,15.359956709956709,3,0.3311698999023065,"[[6], [1, 3, 4, 8, 9], [2, 5, 7]]"
00068-00000794.soi,soi,11,15,23.030952380952378,3,0.6546223000623286,"[[4], [1, 5, 6, 7, 8, 9, 10, 11], [2, 3]]"
00068-00000795.soi,soi,12,15,23.299084249084252,5,1.5196915999986231,"[[4, 5, 6, 8, 9], [3, 12], [1, 7, 11], [2], [10]]"
00068-00000796.soi,soi,9,15,14.907936507936508,6,0.40266959997825325,"[[5], [2, 4, 7, 9], [6], [3], [8], [1]]"
00068-00000797.soi,soi,8,15,8.3,4,0.031685200054198503,"[[6], [4], [1, 5, 7, 8], [2, 3]]"
00068-00000798.soi,soi,10,15,16.41819291819292,3,0.15481760003603995,"[[1, 3, 5, 10], [2, 4, 6, 7], [8, 9]]"
00068-00000799.soi,soi,8,15,10.597835497835497,2,0.03619620006065816,"[[1, 2, 3, 4, 5, 7, 8], [6]]"
00068-00000800.soi,soi,7,15,6.287373737373736,5,0.017817400046624243,"[[7], [6], [1], [2, 3, 5], [4]]"
00068-00000801.soi,soi,9,15,13.24908424908425,4,0.039682700065895915,"[[1, 3, 4, 6, 7, 9], [5], [2], [8]]"
00068-00000802.soi,soi,10,15,9.166666666666666,3,0.045417599962092936,"[[4, 5], [1, 2, 3, 6, 7, 8, 9], [10]]"
00068-00000803.soi,soi,15,15,40.03443223443223,2,5.933544599916786,"[[4, 12, 14], [1, 2, 3, 5, 6, 7, 8, 9, 10, 11, 13, 15]]"
00068-00000804.soi,soi,10,15,11.463369963369964,6,0.042529999976977706,"[[1], [4], [7], [3], [9], [2, 5, 6, 8, 10]]"
00068-00000805.soi,soi,9,15,13.007692307692306,3,0.48184290004428476,"[[2, 5, 7, 9], [1], [3, 4, 6, 8]]"
00068-00000806.soi,soi,6,15,6.1,3,0.01120120007544756,"[[2, 4, 6], [5], [1, 3]]"
00068-00000807.soi,soi,10,21,12.73790945896209,3,0.07679880002979189,"[[2, 3, 5, 7, 8], [4, 9, 10], [1, 6]]"
00068-00000808.soi,soi,8,15,10.473559773559774,3,0.07415779994335026,"[[6], [2, 4, 7], [1, 3, 5, 8]]"
00068-00000809.soi,soi,7,15,11.415079365079368,5,0.2453510999912396,"[[7], [2], [1], [3, 6], [4, 5]]"
00068-00000810.soi,soi,7,15,5.666450216450216,2,0.024760799948126078,"[[4, 5, 7], [1, 2, 3, 6]]"
00068-00000811.soi,soi,16,15,35.85973470973471,7,4.073343500029296,"[[5, 9], [8, 15], [1, 2, 4, 11, 12, 14, 16], [6, 7], [10], [13], [3]]"
00068-00000812.soi,soi,11,15,17.77252747252747,4,0.0639081000117585,"[[10], [1, 2, 3, 5, 6, 7, 8, 11], [9], [4]]"
00068-00000813.soi,soi,8,15,10.971428571428572,5,0.04574490000959486,"[[3], [1, 6], [4, 7], [2], [5, 8]]"
00068-00000814.soi,soi,11,15,19.797619047619047,5,0.2244002999505028,"[[2], [4], [1, 3, 5, 8, 9, 10, 11], [6], [7]]"
00068-00000815.soi,soi,7,15,6.793939393939395,5,0.01380290009547025,"[[7], [1, 2, 4], [6], [5], [3]]"
00068-00000816.soi,soi,12,15,22.86111111111111,4,0.27503210003487766,"[[1, 2, 6, 7, 8, 10, 11, 12], [3, 9], [4], [5]]"
00068-00000817.soi,soi,14,23,27.151317523056655,4,1.3632112999912351,"[[1, 13], [3, 4, 6, 7, 8, 9, 10, 12, 14], [11], [2, 5]]"
00068-00000818.soi,soi,10,15,17.563636363636363,3,1.4775511999614537,"[[1, 3, 4, 5, 6, 7, 9, 10], [2], [8]]"
00068-00000819.soi,soi,8,15,13.235897435897435,1,0.1710006999783218,"[[1, 2, 3, 4, 5, 6, 7, 8]]"
00068-00000820.soi,soi,8,15,10.154761904761905,4,0.05202080006711185,"[[8], [1], [4, 5, 7], [2, 3, 6]]"
00068-00000821.soi,soi,8,21,11.701143885354412,4,0.0632630999898538,"[[2, 4], [5, 6], [3, 8], [1, 7]]"
00068-00000822.soi,soi,8,15,10.855555555555556,4,0.023016000050120056,"[[1, 3], [6], [2, 5, 8], [4, 7]]"
00068-00000823.soi,soi,9,21,11.533846872082169,4,0.038276199949905276,"[[3], [1, 5], [4, 6, 7, 8, 9], [2]]"
00068-00000824.soi,soi,22,15,62.75967365967366,2,48.625096400035545,"[[1, 2, 3, 4, 5, 6, 7, 8, 9, 10, 12, 13, 14, 16, 17, 18, 19, 21, 22], [11, 15, 20]]"
00068-00000825.soi,soi,12,15,25.573881673881676,4,3.0961202000034973,"[[2, 3, 4, 5, 7, 8, 10, 11, 12], [6], [9], [1]]"
00068-00000826.soi,soi,7,15,7.177933177933179,3,0.020397399901412427,"[[4, 7], [2], [1, 3, 5, 6]]"
00068-00000827.soi,soi,5,15,4.458935508935509,4,0.010086400085128844,"[[1, 4], [2], [5], [3]]"
00068-00000828.soi,soi,18,21,61.45754771544245,4,25.57771640003193,"[[1, 2, 3, 4, 5, 8, 9, 10, 11, 12, 13, 14, 16, 17, 18], [7], [6], [15]]"
00068-00000829.soi,soi,8,15,8.699300699300698,4,0.027907200041227043,"[[4], [2, 3, 5], [1], [6, 7, 8]]"
00068-00000830.soi,soi,7,15,7.838095238095238,4,0.019851200049743056,"[[1], [2], [3, 4, 6, 7], [5]]"
00068-00000831.soi,soi,10,23,12.851554640301446,3,0.1555513000348583,"[[6, 7, 8, 9, 10], [1, 2, 3, 4], [5]]"
00068-00000832.soi,soi,13,15,32.91226551226551,4,3.548370199976489,"[[1, 2, 6, 9], [5, 10, 12], [8, 11], [3, 4, 7, 13]]"
00068-00000833.soi,soi,13,15,25.83827838827839,6,0.924370399909094,"[[1, 7], [5], [10], [2, 8], [6, 11], [3, 4, 9, 12, 13]]"
00068-00000834.soi,soi,10,15,13.148229548229548,6,0.04925589996855706,"[[1, 7], [4, 6], [2, 10], [3], [5], [8, 9]]"
00068-00000835.soi,soi,10,15,18.233333333333334,4,0.7091407999396324,"[[4, 5, 6, 7], [10], [2, 3, 8, 9], [1]]"
00068-00000836.soi,soi,9,15,13.864269064269065,3,0.8276866000378504,"[[3, 5], [6, 7, 9], [1, 2, 4, 8]]"
00068-00000837.soi,soi,6,15,5.261599511599512,2,0.010535500012338161,"[[1, 3, 4, 6], [2, 5]]"
00068-00000838.soi,soi,14,21,27.82300363035657,4,4.700179299921729,"[[2, 6], [1, 5, 9, 10, 11, 12, 13, 14], [3, 7, 8], [4]]"
00068-00000839.soi,soi,13,15,25.728571428571428,2,0.15132880001328886,"[[2, 10], [1, 3, 4, 5, 6, 7, 8, 9, 11, 12, 13]]"
00068-00000840.soi,soi,6,15,1.8565656565656568,4,0.016551800072193146,"[[1], [2], [4], [3, 5, 6]]"
00068-00000841.soi,soi,11,21,21.416666666666668,3,0.8971418999135494,"[[1, 2, 3, 4, 7, 8, 10, 11], [5, 6], [9]]"
00068-00000842.soi,soi,7,21,7.057530189109136,4,0.014411200070753694,"[[1], [6], [3, 4, 5, 7], [2]]"
00068-00000843.soi,soi,6,15,3.4233599733599736,1,0.010912699974142015,"[[1, 2, 3, 4, 5, 6]]"
00068-00000844.soi,soi,6,15,3.842857142857143,3,0.017822799971327186,"[[2, 3, 4], [1, 5], [6]]"
00068-00000845.soi,soi,7,15,7.576984126984128,2,0.023414600058458745,"[[3, 6], [1, 2, 4, 5, 7]]"
00068-00000846.soi,soi,8,15,9.04029304029304,3,0.03173450008034706,"[[2], [5], [1, 3, 4, 6, 7, 8]]"
00068-00000847.soi,soi,5,15,1.2999999999999998,5,0.009498100029304624,"[[2], [5], [3], [1], [4]]"
00068-00000848.soi,soi,6,15,4.275396825396825,3,0.016684000031091273,"[[2, 5], [3, 4, 6], [1]]"
00068-00000849.soi,soi,9,21,12.17065401918343,3,0.07381530001293868,"[[3, 7], [5], [1, 2, 4, 6, 8, 9]]"
00068-00000850.soi,soi,7,15,10.561976911976913,2,0.028680499992333353,"[[1, 3, 4, 7], [2, 5, 6]]"
00068-00000851.soi,soi,8,15,9.144327894327896,3,0.0265398999908939,"[[4], [7], [1, 2, 3, 5, 6, 8]]"
00068-00000852.soi,soi,10,15,12.938888888888888,3,0.07293739996384829,"[[1, 2, 4, 6, 10], [7], [3, 5, 8, 9]]"
00068-00000853.soi,soi,6,15,2.475524475524475,4,0.015201800037175417,"[[1], [5, 6], [2, 3], [4]]"
00068-00000854.soi,soi,7,15,7.435531135531135,4,0.02136050001718104,"[[2], [1, 4, 5], [3, 6], [7]]"
00068-00000855.soi,soi,14,15,26.04603174603175,2,0.25368199998047203,"[[14], [1, 2, 3, 4, 5, 6, 7, 8, 9, 10, 11, 12, 13]]"
00068-00000856.soi,soi,5,15,2.7707847707847706,2,0.00860080006532371,"[[2, 4], [1, 3, 5]]"
00068-00000857.soi,soi,4,15,1.4476190476190476,1,0.00806760007981211,"[[1, 2, 3, 4]]"
00068-00000858.soi,soi,9,15,15.306060606060607,3,0.09658640006091446,"[[1, 9], [3], [2, 4, 5, 6, 7, 8]]"
00068-00000859.soi,soi,11,23,13.640316205533594,6,0.23839349998161197,"[[4], [11], [1, 5, 8], [7, 9], [6], [2, 3, 10]]"
00068-00000860.soi,soi,11,15,20.89787434787435,3,1.6518919999944046,"[[6, 9], [1, 2, 3, 5, 7, 8, 10], [4, 11]]"
00068-00000861.soi,soi,8,15,7.134615384615385,2,0.021126499981619418,"[[1, 2, 4, 5, 6], [3, 7, 8]]"
00068-00000862.soi,soi,5,15,2.717099567099567,3,0.012112599913962185,"[[1], [2, 4, 5], [3]]"
00068-00000863.soi,soi,6,21,2.7850903997962817,4,0.012595899985171854,"[[1, 3], [6], [2], [4, 5]]"
00068-00000864.soi,soi,5,15,4.120129870129871,2,0.012466499931178987,"[[1, 2, 4, 5], [3]]"
00068-00000865.soi,soi,6,15,6.461111111111112,2,0.02732809993904084,"[[1, 2, 5, 6], [3, 4]]"
00068-00000866.soi,soi,8,21,4.643007809184279,4,0.025054199970327318,"[[1, 2, 6], [5, 7], [4], [3, 8]]"
00068-00000867.soi,soi,14,15,33.2893772893773,2,3.7474862000672147,"[[1, 2, 3, 4, 5, 6, 7, 8, 11, 12, 13, 14], [9, 10]]"
00068-00000868.soi,soi,8,15,10.333333333333332,3,0.028911500005051494,"[[8], [1, 2, 3, 4, 6, 7], [5]]"
00068-00000869.soi,soi,7,21,6.665013581190053,2,0.015685200109146535,"[[1, 3, 4, 6], [2, 5, 7]]"
00068-00000870.soi,soi,8,15,10.030702630702631,3,0.043632499990053475,"[[2, 3, 4, 6, 7], [1, 8], [5]]"
00068-00000871.soi,soi,6,15,3.568686868686869,3,0.015369200031273067,"[[2], [1], [3, 4, 5, 6]]"
00068-00000872.soi,soi,7,15,6.533333333333333,2,0.016751499962992966,"[[1, 2, 3, 4, 5, 7], [6]]"
00068-00000873.soi,soi,9,15,13.055555555555557,5,0.19875859993044287,"[[3], [2], [1, 4, 6, 9], [7], [5, 8]]"
00068-00000874.soi,soi,5,15,1.7388888888888885,4,0.0091130998916924,"[[5], [3], [1, 4], [2]]"
00068-00000875.soi,soi,7,15,4.648251748251748,3,0.013617800083011389,"[[1, 2, 3, 4, 5], [7], [6]]"
00068-00000876.soi,soi,10,15,15.302597402597403,4,0.058872099965810776,"[[9], [5, 10], [1, 2, 3, 7], [4, 6, 8]]"
00068-00000877.soi,soi,11,21,18.20494227994228,3,0.17822489992249757,"[[2, 4, 8], [1, 5, 6, 7, 9, 10, 11], [3]]"
00068-00000878.soi,soi,8,15,8.995238095238095,5,0.049161900067701936,"[[3], [4], [1, 5], [2], [6, 7, 8]]"
00068-00000879.soi,soi,9,15,10.878787878787879,3,0.0348736000014469,"[[3], [1, 2, 4, 6, 7, 8, 9], [5]]"
00068-00000880.soi,soi,5,15,3.3000000000000003,2,0.009983800002373755,"[[5], [1, 2, 3, 4]]"
00068-00000881.soi,soi,5,21,2.2124542124542126,2,0.009969600010663271,"[[1, 3, 4, 5], [2]]"
00068-00000882.soi,soi,8,15,6.166666666666666,4,0.0201442000688985,"[[5], [1, 3, 8], [4, 6, 7], [2]]"
00068-00000883.soi,soi,7,15,7.287179487179487,3,0.021526800002902746,"[[1, 7], [2, 3, 4, 5], [6]]"
00068-00000884.soi,soi,5,15,1.4857142857142858,3,0.011278500081971288,"[[2, 3, 5], [1], [4]]"
00068-00000885.soi,soi,4,15,0.533333333209157,4,0.006058700033463538,"[[4], [3], [1], [2]]"
00068-00000886.soi,soi,7,21,5.643850267379679,3,0.018391799996607006,"[[2, 4], [3, 6, 7], [1, 5]]"
00068-00000887.soi,soi,6,15,5.564657564657566,1,0.014749400084838271,"[[1, 2, 3, 4, 5, 6]]"
00068-00000888.soi,soi,5,15,2.3378787878787883,2,0.01258179999422282,"[[1], [2, 3, 4, 5]]"
00068-00000889.soi,soi,10,15,16.654123654123655,3,0.07410159998107702,"[[1, 3, 4, 5, 7, 10], [2, 8], [6, 9]]"
00068-00000890.soi,soi,9,15,7.033333333333333,4,0.028153100050985813,"[[9], [4, 6, 7], [2, 8], [1, 3, 5]]"
00068-00000891.soi,soi,11,15,20.57234432234432,3,0.7329764000605792,"[[4, 7], [8, 11], [1, 2, 3, 5, 6, 9, 10]]"
00068-00000892.soi,soi,5,15,2.1557886557886556,4,0.006643199943937361,"[[3, 4], [5], [2], [1]]"
00068-00000893.soi,soi,7,15,7.470956820956822,2,0.021939199999906123,"[[1, 2, 4, 5, 6, 7], [3]]"
00068-00000894.soi,soi,7,15,5.70952380952381,4,0.01896330004092306,"[[5], [1, 2, 4, 6], [3], [7]]"
00068-00000895.soi,soi,9,15,13.066666666666666,6,0.0493700000224635,"[[2, 9], [4], [5, 8], [6], [7], [1, 3]]"
00068-00000896.soi,soi,8,15,6.0887445887445875,6,0.022239299956709146,"[[3], [1], [2, 4], [6], [5, 8], [7]]"
00068-00000897.soi,soi,10,15,19.416849816849815,3,1.6609141000080854,"[[4, 5, 8, 10], [1, 3], [2, 6, 7, 9]]"
00068-00000898.soi,soi,12,15,28.064285714285713,3,2.951042199973017,"[[2, 3, 4, 5, 6, 7, 8, 10, 12], [11], [1, 9]]"
00068-00000899.soi,soi,9,21,12.61532944180003,3,0.06416760000865906,"[[2], [8], [1, 3, 4, 5, 6, 7, 9]]"
00068-00000900.soi,soi,12,15,24.044444444444437,2,0.5341023000655696,"[[1, 2, 3, 6, 7, 8, 9, 10, 11, 12], [4, 5]]"
00068-00000901.soi,soi,12,15,21.75,3,0.08055179996881634,"[[1, 2, 3, 4, 6, 7, 9, 11, 12], [5, 10], [8]]"
00068-00000902.soi,soi,6,15,5.0989010989010985,4,0.012025200063362718,"[[4, 6], [1], [2, 5], [3]]"
00068-00000903.soi,soi,9,21,11.285130718954248,7,0.04676359996665269,"[[6], [1, 7, 8], [9], [4], [3], [5], [2]]"
00068-00000904.soi,soi,8,15,8.06147186147186,4,0.0707011999329552,"[[3], [5], [1, 6], [2, 4, 7, 8]]"
00068-00000905.soi,soi,11,15,13.48614718614718,5,0.09051999996881932,"[[3], [8, 10], [1], [2, 4, 6, 7, 9, 11], [5]]"
00068-00000906.soi,soi,9,21,12.761809664363845,5,0.05612049996852875,"[[5], [1], [3, 6, 7, 8, 9], [4], [2]]"
00068-00000907.soi,soi,8,15,9.981240981240983,2,0.040706300060264766,"[[3, 4, 5, 8], [1, 2, 6, 7]]"
00068-00000908.soi,soi,11,21,19.516738816738815,2,0.3825650999788195,"[[2, 3, 4, 5, 7, 8, 9, 10, 11], [1, 6]]"
00068-00000909.soi,soi,9,15,14.8,3,0.05457030003890395,"[[1, 2, 3, 4, 5, 6], [7, 8], [9]]"
00068-00000910.soi,soi,8,15,8.995632145632145,4,0.021574500016868114,"[[6], [7, 8], [1, 4, 5], [2, 3]]"
00068-00000911.soi,soi,5,15,1.6833333333333336,4,0.007000699988566339,"[[2], [3], [4, 5], [1]]"
00068-00000912.soi,soi,8,15,10.348351648351649,5,0.039169800002127886,"[[2, 8], [1, 7], [4], [3], [5, 6]]"
00068-00000913.soi,soi,7,15,4.4495282495282495,2,0.01652750000357628,"[[1, 2, 3, 4], [5, 6, 7]]"
00068-00000914.soi,soi,7,21,6.304761904761905,4,0.019363899948075414,"[[1, 2, 3, 4], [5], [7], [6]]"
00068-00000915.soi,soi,10,15,16.228571428571428,3,0.06636339996475726,"[[1, 3, 5, 10], [4, 6, 7, 8, 9], [2]]"
00068-00000916.soi,soi,9,15,9.122544122544124,3,0.02667489997111261,"[[3], [4, 5, 6, 7, 8, 9], [1, 2]]"
00068-00000917.soi,soi,10,15,13.302164502164501,3,0.11672569997608662,"[[1, 2, 7, 9], [3, 4, 5, 8, 10], [6]]"
00068-00000918.soi,soi,5,15,4.076923076923077,3,0.007908400031737983,"[[1, 2, 3], [4], [5]]"
00068-00000919.soi,soi,7,21,7.860120435120435,7,0.014774599927477539,"[[2], [5], [7], [1], [6], [4], [3]]"
00068-00000920.soi,soi,18,23,48.46190476190476,2,15.787448900053278,"[[1, 2, 3, 4, 5, 6, 7, 8, 9, 10, 11, 12, 13, 14, 15, 17, 18], [16]]"
00068-00000921.soi,soi,8,15,4.9833333333333325,5,0.019652299932204187,"[[5, 8], [2], [7], [1, 3, 4], [6]]"
00068-00000922.soi,soi,8,15,10.576701076701077,2,0.03283510007895529,"[[3], [1, 2, 4, 5, 6, 7, 8]]"
00068-00000923.soi,soi,13,15,25.47424242424242,5,4.391444400069304,"[[8, 10], [1, 5, 6, 9], [7], [2, 3, 4, 11, 12], [13]]"
00068-00000924.soi,soi,9,15,8.433333333333334,4,0.03740020003169775,"[[5], [2, 3, 6, 7, 8, 9], [1], [4]]"
00068-00000925.soi,soi,8,15,6.914718614718616,5,0.02001680003013462,"[[2], [8], [6], [1, 5, 7], [3, 4]]"
00068-00000926.soi,soi,8,15,7.0,4,0.02597690001130104,"[[5, 8], [3, 7], [1, 2, 6], [4]]"
00068-00000927.soi,soi,7,15,8.510606060606062,4,0.032197399996221066,"[[6], [1, 2, 5], [4], [3, 7]]"
00068-00000928.soi,soi,5,21,3.3730158730158735,4,0.007687599980272353,"[[2], [1, 5], [3], [4]]"
00068-00000929.soi,soi,5,15,1.8189588189588193,4,0.006899300031363964,"[[3, 5], [2], [1], [4]]"
00068-00000930.soi,soi,13,15,29.149999999999995,2,0.36095110001042485,"[[1, 3, 4, 5, 7, 8, 9, 10, 11, 12, 13], [2, 6]]"
00068-00000931.soi,soi,10,15,10.445454545454545,2,0.03464560001157224,"[[8], [1, 2, 3, 4, 5, 6, 7, 9, 10]]"
00068-00000932.soi,soi,11,15,16.973876123876124,3,0.1115159000037238,"[[4, 8], [1, 3, 5, 6, 7, 9, 10, 11], [2]]"
00068-00000933.soi,soi,6,15,2.0034632034632036,4,0.010168900014832616,"[[2, 5], [6], [1, 4], [3]]"
00068-00000934.soi,soi,8,21,10.181673881673882,5,0.029659699997864664,"[[1], [6], [8], [2, 3, 5, 7], [4]]"
00068-00000935.soi,soi,5,15,3.3777777777777778,2,0.009736699983477592,"[[1, 3, 5], [2, 4]]"
00068-00000936.soi,soi,10,21,14.912633857370698,2,0.055107800057157874,"[[7, 8, 9], [1, 2, 3, 4, 5, 6, 10]]"
00068-00000937.soi,soi,6,15,6.011111111111111,4,0.015676299924962223,"[[3, 6], [1], [2, 4], [5]]"
00068-00000938.soi,soi,8,15,10.847702297702298,3,0.03387569996993989,"[[7], [4, 8], [1, 2, 3, 5, 6]]"
00068-00000939.soi,soi,5,15,2.7023809523809526,3,0.011855199933052063,"[[2, 4], [3, 5], [1]]"
00068-00000940.soi,soi,15,15,39.190476190476204,2,1.6046172000933439,"[[14], [1, 2, 3, 4, 5, 6, 7, 8, 9, 10, 11, 12, 13, 15]]"
00068-00000941.soi,soi,10,15,13.398756798756798,2,0.057897499995306134,"[[3], [1, 2, 4, 5, 6, 7, 8, 9, 10]]"
00068-00000942.soi,soi,14,15,30.369780219780218,3,6.537251099944115,"[[9], [2, 3, 13], [1, 4, 5, 6, 7, 8, 10, 11, 12, 14]]"
00068-00000943.soi,soi,7,15,9.730158730158731,2,0.36824159999378026,"[[1, 2, 3, 4, 5, 7], [6]]"
00068-00000944.soi,soi,14,15,30.626984126984127,3,1.0711815000977367,"[[12], [1, 2, 3, 4, 5, 6, 7, 8, 9, 10, 11, 14], [13]]"
00068-00000945.soi,soi,21,15,43.72222222222223,2,25.53325139998924,"[[11], [1, 2, 3, 4, 5, 6, 7, 8, 9, 10, 12, 13, 14, 15, 16, 17, 18, 19, 20, 21]]"
00068-00000946.soi,soi,14,15,35.99372294372293,2,9.081149800098501,"[[14], [1, 2, 3, 4, 5, 6, 7, 8, 9, 10, 11, 12, 13]]"
00068-00000947.soi,soi,24,15,65.3174603174603,3,32.689092400018126,"[[16], [1, 2, 3, 4, 5, 6, 8, 9, 10, 11, 12, 13, 14, 15, 17, 18, 19, 20, 21, 22, 23, 24], [7]]"
00068-00000948.soi,soi,8,15,10.422144522144523,4,0.061073999968357384,"[[3, 4], [5], [6], [1, 2, 7, 8]]"
00068-00000949.soi,soi,11,15,20.264285714285712,4,0.09000130009371787,"[[7, 9], [6], [2, 3, 4, 5, 8, 10, 11], [1]]"
00068-00000950.soi,soi,20,15,64.43333333333332,2,32.34031530003995,"[[1, 2, 3, 4, 6, 7, 8, 9, 10, 11, 12, 13, 14, 15, 16, 17, 18, 19, 20], [5]]"
00068-00000951.soi,soi,19,15,56.1010101010101,3,18.08452439995017,"[[1, 2, 3, 4, 5, 6, 8, 9, 10, 11, 12, 13, 14, 15, 16, 18, 19], [17], [7]]"
00068-00000952.soi,soi,8,21,9.420634920634921,3,0.04286569997202605,"[[5], [1, 6], [2, 3, 4, 7, 8]]"
00068-00000953.soi,soi,7,15,4.617404817404818,3,0.022444899892434478,"[[2, 6], [5], [1, 3, 4, 7]]"
00068-00000954.soi,soi,12,15,19.246969696969696,3,0.08711510000284761,"[[12], [1, 2, 3, 4, 5, 6, 7, 8, 9, 11], [10]]"
00068-00000955.soi,soi,11,15,23.91363636363636,2,2.5074698999524117,"[[1, 2, 3, 4, 6, 7, 8, 10], [5, 9, 11]]"
00068-00000956.soi,soi,8,21,9.912155388471177,4,0.029131799936294556,"[[2], [3], [1, 4, 6, 7, 8], [5]]"
00068-00000957.soi,soi,8,15,11.212987012987012,6,0.03175520000513643,"[[1], [3], [4], [5, 7, 8], [2], [6]]"
00068-00000958.soi,soi,6,15,4.171428571428572,5,0.010364799993112683,"[[1, 2], [5], [3], [4], [6]]"
00068-00000959.soi,soi,6,15,5.031746031746032,3,0.016217999975197017,"[[2], [5], [1, 3, 4, 6]]"
00068-00000960.soi,soi,10,15,14.415873015873014,2,0.10098450002260506,"[[2, 3, 4, 6, 10], [1, 5, 7, 8, 9]]"
00068-00000961.soi,soi,9,15,14.257575757575754,8,0.1788861999521032,"[[7], [4, 6], [5], [8], [9], [2], [3], [1]]"
00068-00000962.soi,soi,8,21,9.81304643069349,2,0.061006999923847616,"[[7], [1, 2, 3, 4, 5, 6, 8]]"
00068-00000963.soi,soi,7,15,6.466666666666666,4,0.016298000002279878,"[[1, 3, 7], [2], [6], [4, 5]]"
00068-00000964.soi,soi,9,21,11.240597147950087,4,0.041380299953743815,"[[4], [9], [2], [1, 3, 5, 6, 7, 8]]"
00068-00000965.soi,soi,9,15,15.785714285714286,3,0.07199279998894781,"[[7], [1, 2, 4, 5, 6, 9], [3, 8]]"
00068-00000966.soi,soi,8,15,9.482323232323232,6,0.0367740000365302,"[[1], [5, 7], [2, 6], [3], [8], [4]]"
00068-00000967.soi,soi,17,23,45.329197252023334,5,16.317495200084522,"[[10], [3], [14, 16], [1, 6, 7, 8, 9, 12, 13, 15, 17], [2, 4, 5, 11]]"
00068-00000968.soi,soi,7,15,8.678205128205128,3,0.02674549992661923,"[[3, 5, 6, 7], [1, 4], [2]]"
00068-00000969.soi,soi,20,15,58.287229437229435,2,35.46071229991503,"[[1, 2, 4, 5, 6, 7, 8, 9, 10, 11, 12, 13, 14, 15, 17, 18, 19], [3, 16, 20]]"
00068-00000970.soi,soi,10,15,17.863869463869463,3,0.06432710005901754,"[[1, 5, 8], [9], [2, 3, 4, 6, 7, 10]]"
00068-00000971.soi,soi,5,15,3.895238095238095,2,0.011215099948458374,"[[4], [1, 2, 3, 5]]"
00068-00000972.soi,soi,6,21,5.103144894321365,3,0.01826530008111149,"[[1, 2, 4, 6], [5], [3]]"
00068-00000973.soi,soi,11,23,12.962958780350085,6,0.06606750003993511,"[[1], [6], [8, 11], [9, 10], [2, 3, 5, 7], [4]]"
00068-00000974.soi,soi,11,15,22.516810966810965,3,0.5752141000702977,"[[1, 2, 4, 8], [7, 10, 11], [3, 5, 6, 9]]"
00068-00000975.soi,soi,12,15,25.819841269841273,3,1.1548271999927238,"[[8], [5], [1, 2, 3, 4, 6, 7, 9, 10, 11, 12]]"
00068-00000976.soi,soi,10,15,17.142857142857142,1,0.06503590010106564,"[[1, 2, 3, 4, 5, 6, 7, 8, 9, 10]]"
00068-00000977.soi,soi,11,15,14.765268065268065,4,0.053674900089390576,"[[1, 2, 6, 7], [5], [3, 8, 9], [4, 10, 11]]"
00068-00000978.soi,soi,10,15,16.858918858918855,4,0.06434730009641498,"[[1, 5, 9, 10], [2, 3, 4], [8], [6, 7]]"
00068-00000979.soi,soi,13,21,20.203540903540908,3,0.14075649995356798,"[[7], [1, 2, 3, 4, 5, 6, 8, 9, 10, 11, 13], [12]]"
00068-00000980.soi,soi,8,21,8.355688463583201,4,0.022747699986211956,"[[2], [3, 8], [4, 7], [1, 5, 6]]"
00068-00000981.soi,soi,5,15,3.0,5,0.010298899956978858,"[[4], [2], [3], [5], [1]]"
00068-00000982.soi,soi,7,21,6.648825684119802,5,0.02267289999872446,"[[7], [6], [1, 5], [2, 4], [3]]"
00068-00000983.soi,soi,14,21,24.09298245614035,3,0.24676659994293004,"[[13], [1, 2, 4, 5, 6, 7, 8, 9, 10, 12, 14], [3, 11]]"
00068-00000984.soi,soi,12,15,24.49157509157509,4,1.8176444999407977,"[[1, 2, 3, 5, 6, 7, 9, 12], [8], [11], [4, 10]]"
00068-00000985.soi,soi,20,21,43.91945701357466,2,36.63705490005668,"[[4, 13], [1, 2, 3, 5, 6, 7, 8, 9, 10, 11, 12, 14, 15, 16, 17, 18, 19, 20]]"
00068-00000986.soi,soi,11,21,20.344555444555446,2,0.34928830002900213,"[[1, 2, 3, 4, 5, 6, 7, 8, 9, 11], [10]]"
00068-00000987.soi,soi,7,15,6.516483516483516,4,0.019679000019095838,"[[7], [1, 3, 6], [2, 4], [5]]"
00068-00000988.soi,soi,8,15,4.866666666666667,5,0.02291880000848323,"[[4], [1, 6, 8], [2], [7], [3, 5]]"
00068-00000989.soi,soi,11,21,15.904761904761905,4,0.21560080000199378,"[[4], [3, 6], [1, 8], [2, 5, 7, 9, 10, 11]]"
00068-00000990.soi,soi,11,21,12.038095238095238,3,0.05015359993558377,"[[8], [1, 2, 3, 4, 5, 6, 7, 9, 11], [10]]"
00068-00000991.soi,soi,7,15,5.616666666666666,3,0.01477879995945841,"[[1, 2, 4, 7], [5, 6], [3]]"
00068-00000992.soi,soi,11,21,16.916666666666664,2,0.6549911999609321,"[[2, 3, 9], [1, 4, 5, 6, 7, 8, 10, 11]]"
00068-00000993.soi,soi,11,15,22.347985347985347,4,2.2303845999995247,"[[3, 4, 5], [1, 11], [8, 9], [2, 6, 7, 10]]"
00068-00000994.soi,soi,7,15,9.238095238095237,2,0.030234099947847426,"[[1, 3, 4, 5, 6, 7], [2]]"
00068-00000995.soi,soi,7,15,7.286013986013986,4,0.020156399928964674,"[[2, 7], [5], [3], [1, 4, 6]]"
00068-00000996.soi,soi,5,15,3.581818181818182,1,0.01004680001642555,"[[1, 2, 3, 4, 5]]"
00068-00000997.soi,soi,6,15,4.061538461538461,2,0.014848199905827641,"[[3], [1, 2, 4, 5, 6]]"
00068-00000998.soi,soi,8,15,13.148917748917748,1,0.052369199926033616,"[[1, 2, 3, 4, 5, 6, 7, 8]]"
00068-00000999.soi,soi,11,21,15.554748029748028,6,0.1154677999438718,"[[6], [1, 2, 5, 7], [8], [11], [3, 4], [9, 10]]"
00068-00001000.soi,soi,6,15,3.4452380952380954,3,0.014444399974308908,"[[2], [1, 3, 6], [4, 5]]"
00068-00001001.soi,soi,6,15,3.801587301587302,3,0.01154310000129044,"[[6], [1, 2, 4, 5], [3]]"
00068-00001002.soi,soi,6,21,6.262019026724909,4,0.01661629998125136,"[[6], [1], [4], [2, 3, 5]]"
00068-00001003.soi,soi,4,15,2.666666666666667,1,0.006691299960948527,"[[1, 2, 3, 4]]"
00068-00001004.soi,soi,5,15,3.168831168831169,2,0.008875799947418272,"[[1, 2, 5], [3, 4]]"
00068-00001005.soi,soi,8,15,6.932828282828283,4,0.050959300016984344,"[[8], [2, 3], [4, 7], [1, 5, 6]]"
00068-00001006.soi,soi,8,21,10.931060606060605,3,0.12689409998711199,"[[5, 8], [1, 2, 3, 4, 6], [7]]"
00068-00001007.soi,soi,14,21,32.90527968763261,4,5.565046099945903,"[[4], [6, 9, 11, 12, 13], [2, 3, 5, 7, 8, 10, 14], [1]]"
00068-00001008.soi,soi,10,15,12.654761904761905,3,0.03825219999998808,"[[2, 3, 4, 5, 6, 8, 9], [1], [7, 10]]"
00068-00001009.soi,soi,8,15,10.533333333333333,2,0.034559099934995174,"[[3], [1, 2, 4, 5, 6, 7, 8]]"
00068-00001010.soi,soi,6,15,3.6619047619047613,4,0.013215700048021972,"[[1], [2], [3, 5, 6], [4]]"
00068-00001011.soi,soi,8,15,9.08061383061383,3,0.028976300032809377,"[[2], [3, 4, 5, 6, 7, 8], [1]]"
00068-00001012.soi,soi,12,15,17.02777777777778,5,0.11648289998993278,"[[7], [11], [4], [12], [1, 2, 3, 5, 6, 8, 9, 10]]"
00068-00001013.soi,soi,9,15,11.553968253968254,4,0.040494700078852475,"[[6], [2, 4, 7, 8], [5, 9], [1, 3]]"
00068-00001014.soi,soi,8,21,7.617183985605038,4,0.03237050003372133,"[[6], [1, 2, 3, 8], [4, 5], [7]]"
00068-00001015.soi,soi,10,21,15.038031017829777,6,0.09304609999526292,"[[8], [7], [2, 3, 5, 9, 10], [4], [1], [6]]"
00068-00001016.soi,soi,7,15,6.933333333333334,4,0.02442689996678382,"[[3, 7], [4], [1, 2, 6], [5]]"
00068-00001017.soi,soi,7,15,5.414529914529915,5,0.022940400056540966,"[[2], [1], [6], [3], [4, 5, 7]]"
00068-00001018.soi,soi,7,15,5.653968253968253,2,0.019851400051265955,"[[2, 3, 6, 7], [1, 4, 5]]"
00068-00001019.soi,soi,7,21,4.033380018674137,3,0.015202199923805892,"[[3], [2], [1, 4, 5, 6, 7]]"
00068-00001020.soi,soi,6,15,4.719047619047618,6,0.014526200015097857,"[[6], [3], [2], [1], [5], [4]]"
00068-00001021.soi,soi,13,15,27.057070707070707,4,1.0275049000047147,"[[2], [11, 13], [1], [3, 4, 5, 6, 7, 8, 9, 10, 12]]"
00068-00001022.soi,soi,11,15,19.506959706959705,4,0.7922494999365881,"[[8, 10], [1, 4, 11], [2, 3], [5, 6, 7, 9]]"
00068-00001023.soi,soi,6,21,5.498608039707111,2,0.06878950004465878,"[[4], [1, 2, 3, 5, 6]]"
00068-00001024.soi,soi,7,15,3.4812409812409815,5,0.018453700002282858,"[[1], [2], [5], [3], [4, 6, 7]]"
00068-00001025.soi,soi,8,15,7.766666666666667,5,0.03474929998628795,"[[1], [4], [2, 3, 6], [5, 7], [8]]"
00068-00001026.soi,soi,8,15,12.227272727272727,3,0.031130800023674965,"[[1, 4, 6, 7, 8], [3, 5], [2]]"
00068-00001027.soi,soi,9,21,11.966666666666667,2,0.036657199962064624,"[[2, 3, 4, 5, 9], [1, 6, 7, 8]]"
00068-00001028.soi,soi,8,15,13.085137085137095,1,0.803812799975276,"[[1, 2, 3, 4, 5, 6, 7, 8]]"
00068-00001029.soi,soi,5,15,1.5166666666666666,4,0.010158199933357537,"[[4], [2], [1, 5], [3]]"
00068-00001030.soi,soi,5,15,2.84047619047619,4,0.00816059997305274,"[[5], [1, 2], [4], [3]]"
00068-00001031.soi,soi,8,15,8.67301587301587,5,0.027480099932290614,"[[3, 4], [1, 5, 7], [6], [8], [2]]"
00068-00001032.soi,soi,6,15,5.257142857142857,4,0.009893000009469688,"[[6], [3], [2, 4, 5], [1]]"
00068-00001033.soi,soi,9,15,10.241819291819292,5,0.04271479998715222,"[[3], [7], [1, 4, 6, 8, 9], [5], [2]]"
00068-00001034.soi,soi,9,15,14.413564213564214,4,0.06435320002492517,"[[6], [4, 7, 8, 9], [3], [1, 2, 5]]"
00068-00001035.soi,soi,5,15,1.9304029304029302,2,0.007126300013624132,"[[2, 3], [1, 4, 5]]"
00068-00001036.soi,soi,16,21,51.2079137237032,4,22.994996499968693,"[[3], [1, 2, 4, 5, 7, 8, 9, 11, 13, 14, 16], [15], [6, 10, 12]]"
00068-00001037.soi,soi,8,15,7.473076923076922,4,0.02088900003582239,"[[3, 4, 5, 6, 8], [1], [7], [2]]"
00068-00001038.soi,soi,10,21,15.385897435897434,5,0.09806860005483031,"[[2], [7], [3, 8, 9, 10], [1, 5], [4, 6]]"
00068-00001039.soi,soi,7,15,6.598412698412698,2,0.019411200075410306,"[[2], [1, 3, 4, 5, 6, 7]]"
00068-00001040.soi,soi,6,15,1.861538461538462,6,0.011096999980509281,"[[2], [5], [1], [3], [6], [4]]"
00068-00001041.soi,soi,12,21,28.431140350877193,1,0.13370040000882,"[[1, 2, 3, 4, 5, 6, 7, 8, 9, 10, 11, 12]]"
00068-00001042.soi,soi,7,15,8.772649572649573,5,0.18680930009577423,"[[3, 7], [2], [1, 4], [5], [6]]"
00068-00001043.soi,soi,15,15,45.11190476190476,3,14.774375900044106,"[[2, 3, 6, 7, 8, 9, 13, 14], [1, 4, 10, 11, 12], [5, 15]]"
00068-00001044.soi,soi,14,15,37.48968253968254,2,6.578851499943994,"[[3, 10], [1, 2, 4, 5, 6, 7, 8, 9, 11, 12, 13, 14]]"
00068-00001045.soi,soi,7,15,5.605444555444555,3,0.0202531999675557,"[[4, 6], [7], [1, 2, 3, 5]]"
00068-00001046.soi,soi,19,21,51.766436341436346,4,36.61239159991965,"[[17], [2, 3, 4, 5, 6, 7, 8, 9, 11, 12, 13, 14, 16], [1, 15, 18, 19], [10]]"
00068-00001047.soi,soi,6,15,4.690359640359641,2,0.013807500014081597,"[[2, 3, 4, 5, 6], [1]]"
00068-00001048.soi,soi,5,15,1.6939393939393939,3,0.007237500045448542,"[[1, 2, 3], [4], [5]]"
00068-00001049.soi,soi,6,15,1.7301587301587302,4,0.011530900024808943,"[[2, 5], [1, 6], [3], [4]]"
00068-00001050.soi,soi,11,15,19.61190476190476,3,1.3756217999616638,"[[5], [3, 8, 10], [1, 2, 4, 6, 7, 9, 11]]"
00068-00001051.soi,soi,7,15,3.6743589743589737,4,0.016994799952954054,"[[7], [2, 5], [1, 6], [3, 4]]"
00068-00001052.soi,soi,8,15,7.74090909090909,3,0.025797200039960444,"[[4], [1, 2, 3, 5, 7, 8], [6]]"
00068-00001053.soi,soi,10,15,16.395670995670997,3,1.21472059993539,"[[2, 6], [1, 5], [3, 4, 7, 8, 9, 10]]"
00068-00001054.soi,soi,13,21,23.24242424242424,8,0.23094580008182675,"[[3], [7, 9], [2, 5], [13], [1, 4, 8], [12], [10, 11], [6]]"
00068-00001055.soi,soi,6,15,3.1333333333333337,5,0.012336299987509847,"[[1, 5], [2], [6], [3], [4]]"
00068-00001056.soi,soi,7,15,7.935697635697636,3,0.01910799997858703,"[[1, 2, 3, 6], [7], [4, 5]]"
00068-00001057.soi,soi,6,15,5.771428571428571,5,0.018770899972878397,"[[3], [1, 6], [2], [5], [4]]"
00068-00001058.soi,soi,10,15,14.53968253968254,3,0.04925629997160286,"[[3, 5], [9], [1, 2, 4, 6, 7, 8, 10]]"
00068-00001059.soi,soi,8,15,8.757142857142856,6,0.023941599996760488,"[[5], [1, 4, 6], [2], [8], [7], [3]]"
00068-00001060.soi,soi,7,15,9.527272727272727,5,0.1263481000205502,"[[4], [3], [1], [2, 5, 6], [7]]"
00068-00001061.soi,soi,7,15,5.404662004662004,3,0.015926900086924434,"[[1, 2, 3, 5], [7], [4, 6]]"
00068-00001062.soi,soi,10,21,17.960927960927965,2,0.1318994000321254,"[[1, 2, 4, 6, 9, 10], [3, 5, 7, 8]]"
00068-00001063.soi,soi,10,21,16.846850208614914,4,0.10020159999839962,"[[2, 7], [4], [1, 9], [3, 5, 6, 8, 10]]"
00068-00001064.soi,soi,11,21,16.60238095238095,6,0.08744839997962117,"[[5], [2], [1, 8], [3, 4, 9, 10, 11], [7], [6]]"
00068-00001065.soi,soi,6,15,5.57979797979798,4,0.0108526999829337,"[[3], [5], [1, 4, 6], [2]]"
00068-00001066.soi,soi,7,15,7.295454545454545,1,0.017866999958641827,"[[1, 2, 3, 4, 5, 6, 7]]"
00068-00001067.soi,soi,9,15,12.796753246753248,3,0.05380170000717044,"[[1, 2, 3], [5, 7, 9], [4, 6, 8]]"
00068-00001068.soi,soi,6,15,3.2666666666666666,5,0.013013800024054945,"[[6], [2], [5], [4], [1, 3]]"
00068-00001069.soi,soi,15,15,32.149650349650344,4,0.6336726000299677,"[[5, 6, 10, 11], [4, 8, 9, 12], [1, 2, 3, 7, 13, 15], [14]]"
00068-00001070.soi,soi,6,15,4.041414141414141,4,0.009293499984778464,"[[4, 5], [1], [3, 6], [2]]"
00068-00001071.soi,soi,9,15,11.505555555555556,6,0.035566800041124225,"[[4], [1], [2, 7], [5, 6], [8], [3, 9]]"
00068-00001072.soi,soi,10,15,16.799999999999997,2,0.1544717000797391,"[[2], [1, 3, 4, 5, 6, 7, 8, 9, 10]]"
00068-00001073.soi,soi,8,15,7.592673992673996,7,0.02319590002298355,"[[3], [2], [4], [5], [7, 8], [6], [1]]"
00068-00001074.soi,soi,11,15,19.464835164835165,3,0.13218960002996027,"[[1, 3, 4, 6, 7, 8, 11], [2, 9, 10], [5]]"
00068-00001075.soi,soi,7,15,7.962481962481963,2,0.020208399975672364,"[[1, 2, 3, 4, 5, 7], [6]]"
00068-00001076.soi,soi,11,23,16.787615283267456,7,0.048661199980415404,"[[2], [4, 7, 8, 10], [9], [5], [1], [3, 11], [6]]"
00068-00001077.soi,soi,5,15,2.0333333333333337,2,0.009090400068089366,"[[2], [1, 3, 4, 5]]"
00068-00001078.soi,soi,12,15,19.935714285714287,3,0.3153872999828309,"[[2], [1, 3, 4, 5, 7, 8], [6, 9, 10, 11, 12]]"
00068-00001079.soi,soi,5,15,4.723809523809524,2,0.01542650000192225,"[[4], [1, 2, 3, 5]]"
00068-00001080.soi,soi,6,15,3.3888888888888893,4,0.01998250000178814,"[[2, 3], [4, 5], [6], [1]]"
00068-00001081.soi,soi,4,15,1.833333333333333,2,0.01012240001000464,"[[1, 3, 4], [2]]"
00068-00001082.soi,soi,7,21,6.591666666666666,3,0.03517620009370148,"[[1, 3], [6], [2, 4, 5, 7]]"
00068-00001083.soi,soi,6,15,4.042857142857143,3,0.009373599896207452,"[[4], [3], [1, 2, 5, 6]]"
00068-00001084.soi,soi,9,15,15.623565323565323,4,0.09261570009402931,"[[2, 4, 6, 7, 9], [3], [5], [1, 8]]"
00068-00001085.soi,soi,6,15,3.7967032967032965,6,0.008582200040109456,"[[2], [1], [3], [5], [4], [6]]"
00068-00001086.soi,soi,6,15,6.5553391053391055,1,0.01608410000335425,"[[1, 2, 3, 4, 5, 6]]"
00068-00001087.soi,soi,13,15,23.812026862026862,5,1.1710903000785038,"[[1], [8], [5, 6], [3, 4, 7, 10, 11, 12, 13], [2, 9]]"
00068-00001088.soi,soi,15,21,42.22568542568543,4,16.891161300009117,"[[3, 4, 5, 11, 12, 13], [1, 2, 8, 10, 14, 15], [6, 9], [7]]"
00068-00001089.soi,soi,5,15,1.3623376623376622,2,0.007810099981725216,"[[1, 2, 3, 4], [5]]"
00068-00001090.soi,soi,8,15,10.461671661671662,4,0.05648080003447831,"[[4, 5], [2, 3, 6], [1, 7], [8]]"
00068-00001091.soi,soi,5,15,1.9238095238095236,2,0.007507800008170307,"[[3, 5], [1, 2, 4]]"
00068-00001092.soi,soi,14,15,29.52063492063492,4,7.044534899992868,"[[1, 2, 5, 6, 8, 9, 14], [4], [7, 10, 11, 12, 13], [3]]"
00068-00001093.soi,soi,7,15,5.768154068154068,2,0.018291100044734776,"[[6], [1, 2, 3, 4, 5, 7]]"
00068-00001094.soi,soi,9,15,10.445454545454547,4,0.22796359995845705,"[[5, 6], [9], [1, 2, 4, 7], [3, 8]]"
00068-00001095.soi,soi,5,15,2.45,2,0.008908599964343011,"[[1, 2, 5], [3, 4]]"
00068-00001096.soi,soi,5,15,3.097435897435897,2,0.01106149994302541,"[[1, 2, 5], [3, 4]]"
00068-00001097.soi,soi,4,15,1.0000000000776101,1,0.0048050000332295895,"[[1, 2, 3, 4]]"
00068-00001098.soi,soi,9,15,13.38809523809524,4,0.048438599915243685,"[[3], [1, 2, 4, 5, 6, 9], [8], [7]]"
00068-00001099.soi,soi,7,15,9.063131313131311,5,0.0197008999530226,"[[7], [3, 4, 6], [2], [5], [1]]"
00068-00001100.soi,soi,8,21,10.51981613158084,1,0.050434299977496266,"[[1, 2, 3, 4, 5, 6, 7, 8]]"
00068-00001101.soi,soi,5,15,2.516594516594517,2,0.014990000054240227,"[[2], [1, 3, 4, 5]]"
00068-00001102.soi,soi,6,15,4.423809523809524,3,0.011879700003191829,"[[3], [1, 2, 4, 6], [5]]"
00068-00001103.soi,soi,22,15,79.23722943722944,4,25.67985019995831,"[[2, 8, 21], [15], [1, 3, 4, 6, 7, 9, 10, 11, 12, 13, 16, 17, 18, 19, 20, 22], [5, 14]]"
00068-00001104.soi,soi,6,21,2.3588744588744586,4,0.013640300021506846,"[[1, 3], [5, 6], [2], [4]]"
00068-00001105.soi,soi,6,15,5.546536796536797,3,0.0156947000650689,"[[2, 3, 4, 5], [6], [1]]"
00068-00001106.soi,soi,9,15,13.212121212121211,2,0.04405229992698878,"[[5, 9], [1, 2, 3, 4, 6, 7, 8]]"
00068-00001107.soi,soi,8,15,5.433333333333334,4,0.02552629995625466,"[[5], [1, 3, 6, 8], [2, 7], [4]]"
00068-00001108.soi,soi,6,15,4.950549450549451,3,0.009973900043405592,"[[4], [2, 3], [1, 5, 6]]"
00068-00001109.soi,soi,9,15,9.13968253968254,3,0.038873700075782835,"[[1, 2, 7], [5, 6, 9], [3, 4, 8]]"
00068-00001110.soi,soi,5,15,1.0615384615384613,2,0.006546200020238757,"[[1, 2], [3, 4, 5]]"
00068-00001111.soi,soi,10,15,12.932073482073482,5,0.252253899932839,"[[4], [2, 5, 6, 8, 9, 10], [7], [3], [1]]"
00068-00001112.soi,soi,7,15,6.135148185148185,3,0.022219300037249923,"[[5], [1, 2, 4, 6, 7], [3]]"
00068-00001113.soi,soi,6,15,3.716017316017316,2,0.012848400045186281,"[[3], [1, 2, 4, 5, 6]]"
00068-00001114.soi,soi,8,23,7.668172407302843,5,0.029163400060497224,"[[3], [6], [1, 4], [2, 7, 8], [5]]"
00068-00001115.soi,soi,9,15,11.418747918747918,4,0.05136160005349666,"[[2, 8], [6], [4, 7], [1, 3, 5, 9]]"
00068-00001116.soi,soi,6,15,2.761849261849262,4,0.015120500000193715,"[[2], [3, 5], [1], [4, 6]]"
00068-00001117.soi,soi,7,15,4.749217449217449,4,0.013390299980528653,"[[4], [2, 3, 5, 7], [1], [6]]"
00068-00001118.soi,soi,10,15,19.195970695970697,2,1.8402292999671772,"[[1, 2, 3, 4, 5, 6, 8, 9], [7, 10]]"
00068-00001119.soi,soi,8,15,8.079437229437229,3,0.01821040001232177,"[[1], [2, 5, 6, 8], [3, 4, 7]]"
00068-00001120.soi,soi,8,15,8.875036075036073,4,0.03166199999395758,"[[6], [1], [2, 3, 5, 7, 8], [4]]"
00068-00001121.soi,soi,6,15,4.4,5,0.016031499952077866,"[[1, 3], [2], [5], [4], [6]]"
00068-00001122.soi,soi,6,15,5.11082251082251,4,0.012375100050121546,"[[3, 4, 6], [5], [2], [1]]"
00068-00001123.soi,soi,8,15,8.361538461538462,4,0.02493979991413653,"[[1, 3, 6], [8], [4, 5, 7], [2]]"
00068-00001124.soi,soi,7,15,5.688977688977689,5,0.02041769993957132,"[[5], [3], [4, 6, 7], [2], [1]]"
00068-00001125.soi,soi,4,15,1.8807359306935982,1,0.004406999913044274,"[[1, 2, 3, 4]]"
00068-00001126.soi,soi,6,21,5.206959706959707,3,0.012449600035324693,"[[2], [1, 3, 5, 6], [4]]"
00068-00001127.soi,soi,7,15,8.411965811965812,4,0.024359499919228256,"[[7], [2], [6], [1, 3, 4, 5]]"
00068-00001128.soi,soi,19,15,56.02142857142857,4,20.792944099986926,"[[2, 5, 6, 7, 8, 11, 12, 13, 14, 15, 16, 17, 18, 19], [4], [3, 9], [1, 10]]"
00068-00001129.soi,soi,10,15,19.13492063492064,1,0.0769803998991847,"[[1, 2, 3, 4, 5, 6, 7, 8, 9, 10]]"
00068-00001130.soi,soi,6,21,5.02529173612765,3,0.009065199992619455,"[[3], [4], [1, 2, 5, 6]]"
00068-00001131.soi,soi,7,21,5.067166167166167,4,0.014637400046922266,"[[4, 6], [2, 5], [1], [3, 7]]"
00068-00001132.soi,soi,6,15,3.2666666666666666,4,0.013190999976359308,"[[4], [1, 6], [2, 3], [5]]"
00068-00001133.soi,soi,5,15,4.298701298701299,3,0.012661400018259883,"[[2], [4, 5], [1, 3]]"
00068-00001134.soi,soi,5,15,2.8553113553113554,2,0.011502900044433773,"[[1, 2, 4], [3, 5]]"
00068-00001135.soi,soi,10,15,17.647252747252747,5,0.05168399994727224,"[[8], [1], [2, 3, 5, 6, 7, 10], [4], [9]]"
00068-00001136.soi,soi,5,15,1.912698412698413,1,0.005323100020177662,"[[1, 2, 3, 4, 5]]"
00068-00001137.soi,soi,9,15,14.761904761904763,4,0.10101500002201647,"[[2, 3, 9], [4, 5, 8], [6, 7], [1]]"
00068-00001138.soi,soi,8,15,9.135714285714286,3,0.025217600050382316,"[[6], [1, 2, 4, 5, 7, 8], [3]]"
00068-00001139.soi,soi,6,15,5.056926406926407,2,0.01243329991120845,"[[2], [1, 3, 4, 5, 6]]"
00068-00001140.soi,soi,5,15,2.8539682539682536,2,0.0123357999837026,"[[1], [2, 3, 4, 5]]"
00068-00001141.soi,soi,4,15,1.5131868132942734,1,0.004360900027677417,"[[1, 2, 3, 4]]"
00068-00001142.soi,soi,7,15,8.128571428571428,2,0.02470579999499023,"[[1, 2, 3, 4, 6, 7], [5]]"
00068-00001143.soi,soi,7,15,5.470512820512821,3,0.015513199963606894,"[[2, 4, 5, 6, 7], [3], [1]]"
00068-00001144.soi,soi,6,15,5.873015873015873,4,0.018236499978229403,"[[1, 6], [4], [5], [2, 3]]"
00068-00001145.soi,soi,5,15,2.738888888888889,3,0.0073853000067174435,"[[2], [1, 3, 5], [4]]"
00068-00001146.soi,soi,11,15,17.394444444444453,2,0.19477399997413158,"[[1, 4, 5, 6, 8, 10], [2, 3, 7, 9, 11]]"
00068-00001147.soi,soi,10,15,18.81927516927517,3,0.1012195999501273,"[[4, 5], [2, 10], [1, 3, 6, 7, 8, 9]]"
00068-00001148.soi,soi,7,21,5.842980703507019,3,0.01948419993277639,"[[1, 2, 3, 5], [7], [4, 6]]"
00068-00001149.soi,soi,6,15,4.8812520812520805,2,0.01153409993276,"[[3, 6], [1, 2, 4, 5]]"
00068-00001150.soi,soi,11,15,20.5952380952381,2,0.07686689996626228,"[[1, 2, 3, 4, 6, 7, 8, 9, 10, 11], [5]]"
00068-00001151.soi,soi,7,15,5.376190476190477,3,0.014137199963442981,"[[2, 3], [5], [1, 4, 6, 7]]"
00068-00001152.soi,soi,16,15,41.276984126984125,4,3.9064809000119567,"[[14], [3, 4, 5, 6, 7, 9, 10, 11, 12, 13, 15, 16], [1, 2], [8]]"
00068-00001153.soi,soi,13,15,26.510961260961256,7,5.806921699899249,"[[6], [8], [13], [1, 3, 10, 12], [4, 9], [2, 7, 11], [5]]"
00068-00001154.soi,soi,6,15,3.541269841269841,3,0.011943900026381016,"[[5], [3, 6], [1, 2, 4]]"
00068-00001155.soi,soi,7,15,5.063492063492063,5,0.01571390009485185,"[[1, 4], [2, 6], [7], [5], [3]]"
00068-00001156.soi,soi,6,15,5.292352092352093,3,0.018046099925413728,"[[4], [1, 2, 5, 6], [3]]"
00068-00001157.soi,soi,4,15,0.6666666666045784,4,0.005626800004392862,"[[4], [2], [1], [3]]"
00068-00001158.soi,soi,9,15,14.521212121212121,2,0.03782369999680668,"[[1, 4, 6, 7, 8, 9], [2, 3, 5]]"
00068-00001159.soi,soi,8,15,6.978754578754579,6,0.022231200011447072,"[[7], [3, 4], [6], [2, 8], [1], [5]]"
00068-00001160.soi,soi,9,15,15.176129426129423,5,0.6006126999855042,"[[1], [4, 6], [9], [3, 5], [2, 7, 8]]"
00068-00001161.soi,soi,9,15,11.367765567765568,5,0.04041180002968758,"[[3], [8], [7, 9], [1, 4, 5, 6], [2]]"
00068-00001162.soi,soi,7,15,6.836063936063936,5,0.021457400056533515,"[[1, 5], [2], [7], [4], [3, 6]]"
00068-00001163.soi,soi,7,15,5.367765567765568,3,0.01300549996085465,"[[6], [1, 2, 3, 5], [4, 7]]"
00068-00001164.soi,soi,9,15,13.581818181818182,3,0.06103290000464767,"[[1, 2, 3, 6, 8, 9], [5, 7], [4]]"
00068-00001165.soi,soi,10,15,16.65042735042735,2,0.0691139999544248,"[[6], [1, 2, 3, 4, 5, 7, 8, 9, 10]]"
00068-00001166.soi,soi,5,15,4.017316017316017,1,0.010137000004760921,"[[1, 2, 3, 4, 5]]"
00068-00001167.soi,soi,13,21,30.930356408297584,1,0.15479060006327927,"[[1, 2, 3, 4, 5, 6, 7, 8, 9, 10, 11, 12, 13]]"
00068-00001168.soi,soi,8,15,8.533333333333333,4,0.037190599949099123,"[[8], [3, 5], [2, 7], [1, 4, 6]]"
00068-00001169.soi,soi,5,15,1.7045177045177047,3,0.00845399999525398,"[[4], [1], [2, 3, 5]]"
00068-00001170.soi,soi,6,15,5.998845598845598,2,0.010664999950677156,"[[1], [2, 3, 4, 5, 6]]"
00068-00001171.soi,soi,6,15,4.283882783882784,6,0.016832199995405972,"[[1], [4], [3], [5], [2], [6]]"
00068-00001172.soi,soi,8,15,9.48116883116883,4,0.26071170007344335,"[[2, 4, 6, 8], [5, 7], [1], [3]]"
00068-00001173.soi,soi,5,15,2.1999999999999997,3,0.00668059999588877,"[[1, 2, 5], [3], [4]]"
00068-00001174.soi,soi,8,15,10.943145743145744,3,0.0443061999976635,"[[7, 8], [4, 5, 6], [1, 2, 3]]"
00068-00001175.soi,soi,10,21,12.152639027639028,3,0.07020830002147704,"[[2, 4, 6, 7, 8], [9, 10], [1, 3, 5]]"
00068-00001176.soi,soi,7,15,8.219047619047618,5,0.02719920000527054,"[[4], [5], [2], [7], [1, 3, 6]]"
00068-00001177.soi,soi,8,15,6.8500000000000005,3,0.017648200038820505,"[[1, 2, 3], [5, 7, 8], [4, 6]]"
00068-00001178.soi,soi,6,15,5.249206349206349,4,0.010366400005295873,"[[4], [1], [3], [2, 5, 6]]"
00068-00001179.soi,soi,5,15,2.498168498168498,3,0.007834300049580634,"[[3], [1, 4], [2, 5]]"
00068-00001180.soi,soi,9,15,10.730303030303029,6,0.03502399998251349,"[[2], [8], [6], [4, 9], [5], [1, 3, 7]]"
00068-00001181.soi,soi,5,15,1.8122377622377621,2,0.006843099952675402,"[[5], [1, 2, 3, 4]]"
00068-00001182.soi,soi,7,15,3.986075036075035,5,0.018522299942560494,"[[1], [2, 7], [4], [6], [3, 5]]"
00068-00001183.soi,soi,7,15,5.722222222222222,3,0.02770139998756349,"[[1, 3, 5], [2, 6], [4, 7]]"
00068-00001184.soi,soi,7,15,6.538461538461538,3,0.02493519999552518,"[[3, 7], [1, 2, 4, 5], [6]]"
00068-00001185.soi,soi,6,15,5.63031413031413,4,0.011155500076711178,"[[3, 4, 6], [5], [1], [2]]"
00068-00001186.soi,soi,12,15,15.816300366300368,3,0.06924139999318868,"[[9, 12], [1, 2, 3, 4, 5, 6, 7, 8, 10], [11]]"
00068-00001187.soi,soi,7,15,7.282217782217781,5,0.019571200013160706,"[[7], [2, 3], [1], [4, 5], [6]]"
00068-00001188.soi,soi,6,15,4.835786435786437,2,0.010711200069636106,"[[1, 2, 3, 4], [5, 6]]"
00068-00001189.soi,soi,5,15,3.285431235431236,2,0.00790709990542382,"[[3, 4, 5], [1, 2]]"
00068-00001190.soi,soi,5,15,4.0567765567765575,3,0.011008600005879998,"[[1], [4, 5], [2, 3]]"
00068-00001191.soi,soi,13,15,29.461904761904762,2,1.9602308999747038,"[[1, 2, 3, 4, 5, 6, 7, 8, 10, 11, 12, 13], [9]]"
00068-00001192.soi,soi,8,15,11.469047619047618,5,0.0523795000044629,"[[1], [2, 6], [5], [3, 8], [4, 7]]"
00068-00001193.soi,soi,9,15,12.475613275613274,2,0.036968100001104176,"[[2, 4, 6, 7, 8], [1, 3, 5, 9]]"
00068-00001194.soi,soi,7,15,4.125174825174826,4,0.013720000046305358,"[[4], [1, 6, 7], [2], [3, 5]]"
00068-00001195.soi,soi,11,21,18.786002886002883,5,0.3484244999708608,"[[8], [10], [2, 3, 4, 5, 6, 7, 11], [1], [9]]"
00068-00001196.soi,soi,8,15,6.624442224442224,5,0.017971200053580105,"[[1, 7, 8], [3, 4], [2], [5], [6]]"
00068-00001197.soi,soi,5,15,2.911111111111111,3,0.0077841999009251595,"[[4, 5], [3], [1, 2]]"
00068-00001198.soi,soi,6,15,4.63030303030303,4,0.01073270000051707,"[[1], [6], [2, 3, 4], [5]]"
00068-00001199.soi,soi,4,15,2.2089743591355493,2,0.008634399971924722,"[[1, 2], [3, 4]]"
00068-00001200.soi,soi,15,21,40.504112846218106,4,10.530449900077656,"[[2, 5, 7, 9], [1, 3, 10, 12, 13], [6], [4, 8, 11, 14, 15]]"
00068-00001201.soi,soi,5,15,3.387723387723388,3,0.011063800076954067,"[[1], [3, 5], [2, 4]]"
00068-00001202.soi,soi,7,15,4.626190476190477,5,0.015649699955247343,"[[3], [2, 5, 7], [6], [1], [4]]"
00068-00001203.soi,soi,11,15,21.854478854478852,5,0.10214929992798716,"[[1, 6, 7], [9, 11], [3, 5, 10], [8], [2, 4]]"
00068-00001204.soi,soi,4,15,2.3619047618715,3,0.010932500008493662,"[[4], [3], [1, 2]]"
00068-00001205.soi,soi,5,15,3.6444444444444444,1,0.010752900037914515,"[[1, 2, 3, 4, 5]]"
00068-00001206.soi,soi,8,15,6.976923076923077,2,0.025838500005193055,"[[2, 3, 4, 5, 6, 7, 8], [1]]"
00068-00001207.soi,soi,5,15,2.8291819291819293,2,0.00967029994353652,"[[2, 3, 4, 5], [1]]"
00068-00001208.soi,soi,6,15,5.698412698412699,6,0.014786300016567111,"[[3], [1], [5], [6], [2], [4]]"
00068-00001209.soi,soi,8,15,7.949999999999999,2,0.020890000043436885,"[[2, 4], [1, 3, 5, 6, 7, 8]]"
00068-00001210.soi,soi,9,15,12.829204129204129,3,0.07020580000244081,"[[2, 9], [1, 3, 5, 6, 7, 8], [4]]"
00068-00001211.soi,soi,9,15,13.903846153846153,2,0.08202719991095364,"[[1, 2, 3, 4, 5, 6, 7, 8], [9]]"
00068-00001212.soi,soi,5,15,3.5936507936507938,4,0.01103940000757575,"[[5], [1], [3], [2, 4]]"
00068-00001213.soi,soi,9,15,16.627705627705627,2,0.9370537000941113,"[[8], [1, 2, 3, 4, 5, 6, 7, 9]]"
00068-00001214.soi,soi,6,15,1.9777777777777779,5,0.00849689997266978,"[[3, 5], [6], [4], [1], [2]]"
00068-00001215.soi,soi,19,15,52.66053391053386,3,18.993751700036228,"[[18], [1, 2, 3, 4, 5, 6, 7, 8, 9, 10, 11, 12, 13, 15, 16, 17, 19], [14]]"
00068-00001216.soi,soi,9,15,14.533333333333333,2,0.04253560001961887,"[[1, 2, 3, 4, 6, 7, 8, 9], [5]]"
00068-00001217.soi,soi,10,15,15.675824175824172,1,0.05483859998639673,"[[1, 2, 3, 4, 5, 6, 7, 8, 9, 10]]"
00068-00001218.soi,soi,11,15,22.334920634920636,3,0.8190610000165179,"[[6], [1, 2, 5, 7, 8, 9, 10, 11], [3, 4]]"
00068-00001219.soi,soi,7,15,5.833333333333333,2,0.01756119995843619,"[[1, 2, 3, 4, 5, 7], [6]]"
00068-00001220.soi,soi,9,21,11.583006535947714,2,0.06801839999388903,"[[1, 2, 3, 4, 7], [5, 6, 8, 9]]"
00068-00001221.soi,soi,11,15,18.566666666666666,1,0.04929200001060963,"[[1, 2, 3, 4, 5, 6, 7, 8, 9, 10, 11]]"
00068-00001222.soi,soi,10,21,13.677308802308803,3,0.04037860000971705,"[[8, 9], [1, 3, 5, 6, 7, 10], [2, 4]]"
00068-00001223.soi,soi,7,15,5.02991452991453,2,0.01652740000281483,"[[2, 3, 4, 5, 6, 7], [1]]"
00068-00001224.soi,soi,12,15,25.889826839826842,5,10.778811399941333,"[[1], [6, 9], [4, 5, 7, 10, 11, 12], [3, 8], [2]]"
00068-00001225.soi,soi,7,15,6.303030303030304,4,0.020039799972437322,"[[3], [7], [4, 5], [1, 2, 6]]"
00068-00001226.soi,soi,5,15,1.6725274725274724,3,0.00817539996933192,"[[5], [2, 3], [1, 4]]"
00068-00001227.soi,soi,9,15,11.16984126984127,5,0.03240300004836172,"[[1], [8], [3], [5], [2, 4, 6, 7, 9]]"
00068-00001228.soi,soi,7,15,7.43015873015873,1,0.015981300035491586,"[[1, 2, 3, 4, 5, 6, 7]]"
00068-00001229.soi,soi,7,15,3.876623376623378,4,0.01978550001513213,"[[2], [3, 4, 6, 7], [1], [5]]"
00068-00001230.soi,soi,9,15,13.21135531135531,4,0.04955909994896501,"[[6], [1, 3, 5, 7, 8, 9], [4], [2]]"
00068-00001231.soi,soi,9,15,14.704662004662007,4,0.2732949999626726,"[[1], [2, 3, 4, 5, 7, 9], [8], [6]]"
00068-00001232.soi,soi,6,15,6.515873015873016,1,0.016330800019204617,"[[1, 2, 3, 4, 5, 6]]"
00068-00001233.soi,soi,7,15,7.687229437229437,2,0.022857700008898973,"[[1, 2, 4, 5, 6, 7], [3]]"
00068-00001234.soi,soi,16,15,52.64747474747474,3,22.281610600068234,"[[5, 12], [1, 7, 11, 13, 14, 15, 16], [2, 3, 4, 6, 8, 9, 10]]"
00068-00001235.soi,soi,6,15,5.658585858585859,4,0.015450199949555099,"[[3, 6], [5], [1], [2, 4]]"
00068-00001236.soi,soi,5,15,2.1968475968475967,5,0.00734869996085763,"[[2], [1], [5], [4], [3]]"
00068-00001237.soi,soi,7,21,3.1619047619047613,4,0.016983099980279803,"[[6], [1, 3], [2, 4], [5, 7]]"
00068-00001238.soi,soi,5,15,3.433333333333333,3,0.007844000007025898,"[[1, 3, 5], [4], [2]]"
00068-00001239.soi,soi,8,15,8.171861471861472,3,0.016745999921113253,"[[2, 3, 4, 6, 7], [8], [1, 5]]"
00068-00001240.soi,soi,8,15,9.054761904761904,2,0.03207039996050298,"[[6], [1, 2, 3, 4, 5, 7, 8]]"
00068-00001241.soi,soi,7,15,7.483449883449883,3,0.04849319998174906,"[[6, 7], [1], [2, 3, 4, 5]]"
00068-00001242.soi,soi,7,15,6.25,2,0.022058899980038404,"[[6, 7], [1, 2, 3, 4, 5]]"
00068-00001243.soi,soi,6,15,4.2,4,0.01333310001064092,"[[4, 6], [3], [1, 2], [5]]"
00068-00001244.soi,soi,7,15,5.750793650793652,4,0.02153550006914884,"[[4], [6], [1, 3, 5, 7], [2]]"
00068-00001245.soi,soi,7,15,6.942857142857143,7,0.016841900069266558,"[[5], [3], [1], [4], [2], [7], [6]]"
00068-00001246.soi,soi,10,15,11.633333333333333,4,0.04114430001936853,"[[3], [1], [2, 4, 5, 7, 8, 9, 10], [6]]"
00068-00001247.soi,soi,7,21,5.117132867132867,2,0.01789520005695522,"[[3, 4, 5, 7], [1, 2, 6]]"
00068-00001248.soi,soi,11,15,20.81904761904762,5,1.2274327999912202,"[[3], [8], [2, 7, 9, 10], [11], [1, 4, 5, 6]]"
00068-00001249.soi,soi,7,15,3.5858585858585865,5,0.013332500006072223,"[[6], [1], [7], [3], [2, 4, 5]]"
00068-00001250.soi,soi,13,15,27.178571428571427,2,1.083440399961546,"[[1, 3, 4, 5, 6, 7, 8, 9, 11, 12, 13], [2, 10]]"
00068-00001251.soi,soi,11,21,17.10970206264324,3,0.07366979995276779,"[[9], [1, 2, 3, 4, 5, 7, 8, 10, 11], [6]]"
00068-00001252.soi,soi,6,15,3.9761904761904763,4,0.011175499996170402,"[[6], [1, 2, 3], [5], [4]]"
00068-00001253.soi,soi,8,15,10.3,4,0.026584899984300137,"[[1, 2, 4, 8], [7], [3, 5], [6]]"
00068-00001254.soi,soi,11,15,18.76970806970807,2,0.37031259993091226,"[[1, 4, 5, 7, 9], [2, 3, 6, 8, 10, 11]]"
00068-00001255.soi,soi,6,15,4.406132756132757,3,0.01048219995573163,"[[1, 3], [2, 5, 6], [4]]"
00068-00001256.soi,soi,8,15,7.278860028860029,4,0.017574999947100878,"[[5], [3, 4, 7, 8], [1], [2, 6]]"
00068-00001257.soi,soi,4,15,0.8952380953467496,2,0.00538539991248399,"[[2], [1, 3, 4]]"
00068-00001258.soi,soi,5,15,3.263070263070263,2,0.011534799938090146,"[[1, 4, 5], [2, 3]]"
00068-00001259.soi,soi,12,15,19.210256410256413,2,0.10940960003063083,"[[8, 10], [1, 2, 3, 4, 5, 6, 7, 9, 11, 12]]"
00068-00001260.soi,soi,9,15,11.390476190476189,5,0.0385951999342069,"[[7], [3], [6], [1, 2], [4, 5, 8, 9]]"
00068-00001261.soi,soi,8,15,12.802669552669553,4,0.18590919999405742,"[[4, 5, 6], [2], [7], [1, 3, 8]]"
00068-00001262.soi,soi,8,15,10.015079365079366,3,0.04308610002044588,"[[1, 3], [2, 5, 6, 7, 8], [4]]"
00068-00001263.soi,soi,6,15,4.533333333333333,4,0.012607500073499978,"[[6], [4], [5], [1, 2, 3]]"
00068-00001264.soi,soi,7,15,8.264285714285712,3,0.3878835999639705,"[[5], [1, 3, 4, 6, 7], [2]]"
00068-00001265.soi,soi,6,15,1.6380952380952376,5,0.018820500001311302,"[[5], [3], [6], [1], [2, 4]]"
00068-00001266.soi,soi,6,15,3.8431013431013437,3,0.009459399967454374,"[[1], [6], [2, 3, 4, 5]]"
00068-00001267.soi,soi,7,15,7.359307359307358,3,0.018347900011576712,"[[1, 2, 5, 7], [3], [4, 6]]"
00068-00001268.soi,soi,7,15,3.866666666666667,4,0.016013799933716655,"[[1, 6, 7], [5], [2], [3, 4]]"
00068-00001269.soi,soi,6,15,4.13968253968254,4,0.01168690004851669,"[[4], [6], [1, 3], [2, 5]]"
00068-00001270.soi,soi,11,15,23.019696969696973,6,2.4519010999938473,"[[8], [6, 9], [2, 5, 10], [1], [7, 11], [3, 4]]"
00068-00001271.soi,soi,12,21,15.166666666666666,4,0.07599819998722523,"[[2, 3, 5, 6, 7, 8, 10, 11, 12], [4], [9], [1]]"
00068-00001272.soi,soi,12,15,23.40793650793651,3,0.10612860007677227,"[[3, 4, 5, 6, 7, 8, 9, 10, 11, 12], [2], [1]]"
00068-00001273.soi,soi,6,15,2.9904761904761905,5,0.011063100071623921,"[[6], [1], [4, 5], [2], [3]]"
00068-00001274.soi,soi,12,15,18.58809523809522,2,1.8745791000546888,"[[3], [1, 2, 4, 5, 6, 7, 8, 9, 10, 11, 12]]"
00068-00001275.soi,soi,8,15,8.933333333333334,3,0.030932000023312867,"[[3], [1, 2, 4, 6, 7, 8], [5]]"
00068-00001276.soi,soi,9,15,16.038095238095238,4,2.066741800052114,"[[2, 4], [3], [7, 8], [1, 5, 6, 9]]"
00068-00001277.soi,soi,8,15,11.412121212121212,7,0.03242950001731515,"[[5], [6, 7], [2], [8], [4], [3], [1]]"
00068-00001278.soi,soi,5,15,5.981684981684982,2,0.011666500009596348,"[[1, 2, 3, 5], [4]]"
00068-00001279.soi,soi,6,15,3.359218559218559,4,0.008749600034207106,"[[2, 6], [3], [4, 5], [1]]"
00068-00001280.soi,soi,6,15,2.177777777777777,6,0.009624300058931112,"[[1], [5], [4], [6], [3], [2]]"
00068-00001281.soi,soi,5,15,4.174025974025974,1,0.009456499945372343,"[[1, 2, 3, 4, 5]]"
00068-00001282.soi,soi,6,15,6.742579642579643,4,0.01988190005067736,"[[1, 3, 6], [4], [5], [2]]"
00068-00001283.soi,soi,7,15,5.250216450216451,3,0.016765700071118772,"[[3], [1], [2, 4, 5, 6, 7]]"
00068-00001284.soi,soi,7,15,6.109290709290709,3,0.01659710006788373,"[[1], [3, 4, 6, 7], [2, 5]]"
00068-00001285.soi,soi,9,21,14.197718621248033,3,0.04470750002656132,"[[1, 2, 3, 6, 7, 8, 9], [5], [4]]"
00068-00001286.soi,soi,5,15,1.8922077922077922,3,0.009501699940301478,"[[2, 3], [1, 5], [4]]"
00068-00001287.soi,soi,9,21,9.554385964912282,9,0.02896230004262179,"[[2], [3], [7], [9], [6], [8], [1], [4], [5]]"
00068-00001288.soi,soi,15,15,35.060317460317464,4,0.6714098999509588,"[[3, 4, 5, 9, 10], [2, 6, 13, 15], [1, 7, 8, 14], [11, 12]]"
00068-00001289.soi,soi,5,15,2.516483516483517,2,0.007904800004325807,"[[2], [1, 3, 4, 5]]"
00068-00001290.soi,soi,7,15,5.903174603174603,1,0.016557499999180436,"[[1, 2, 3, 4, 5, 6, 7]]"
00068-00001291.soi,soi,5,15,1.6952380952380952,2,0.00695889990311116,"[[2, 3, 4, 5], [1]]"
00068-00001292.soi,soi,13,15,34.87773892773893,3,6.669845900032669,"[[2, 3, 4, 5, 7, 8, 9, 10, 13], [6], [1, 11, 12]]"
00068-00001293.soi,soi,12,15,16.371805971805973,9,0.10858090000692755,"[[12], [3, 10], [6], [1], [9], [8, 11], [2], [4, 5], [7]]"
00068-00001294.soi,soi,6,15,5.773160173160173,2,0.0167228999780491,"[[1, 2, 3, 6], [4, 5]]"
00068-00001295.soi,soi,7,15,6.904761904761905,3,0.015083899954333901,"[[3, 6], [1, 5], [2, 4, 7]]"
00068-00001296.soi,soi,12,15,27.885625485625486,5,4.050060700043105,"[[3, 5, 10, 12], [4, 6, 11], [2, 8], [1], [7, 9]]"
00068-00001297.soi,soi,7,15,7.774386724386725,3,0.022596700000576675,"[[4, 7], [6], [1, 2, 3, 5]]"
00068-00001298.soi,soi,9,15,11.492857142857144,3,0.03360980004072189,"[[4], [1, 3, 5, 6, 7, 9], [2, 8]]"
00068-00001299.soi,soi,10,21,12.376356117222993,4,0.05579849996138364,"[[10], [2, 3, 4, 5, 6, 7], [9], [1, 8]]"
00068-00001300.soi,soi,9,15,10.828282828282827,3,0.02966429991647601,"[[1, 2, 4, 5, 7, 8], [3, 9], [6]]"
00068-00001301.soi,soi,10,15,13.18427128427128,6,0.06548270001076162,"[[1], [2], [3, 4, 6, 9], [10], [8], [5, 7]]"
00068-00001302.soi,soi,13,21,37.09861429420253,1,5.455058799940161,"[[1, 2, 3, 4, 5, 6, 7, 8, 9, 10, 11, 12, 13]]"
00068-00001303.soi,soi,5,15,3.6999999999999997,4,0.008614099933765829,"[[1, 4], [5], [2], [3]]"
00068-00001304.soi,soi,6,15,4.642135642135642,5,0.011595300049521029,"[[4], [1], [6], [3], [2, 5]]"
00068-00001305.soi,soi,7,15,6.783333333333334,5,0.018395799910649657,"[[2], [4], [1, 3, 7], [6], [5]]"
00068-00001306.soi,soi,11,21,18.6239454989455,4,0.10078850004356354,"[[6], [1, 2, 5, 7, 8, 10, 11], [4], [3, 9]]"
00068-00001307.soi,soi,4,15,1.9362637363174662,2,0.01308979990426451,"[[1], [2, 3, 4]]"
00068-00001308.soi,soi,9,21,11.583044733044733,3,0.058038100018166006,"[[3, 9], [1, 2, 4, 5, 7, 8], [6]]"
00068-00001309.soi,soi,7,15,4.193284493284494,3,0.018115300103090703,"[[1, 3, 5], [7], [2, 4, 6]]"
00068-00001310.soi,soi,10,21,10.087005392268551,3,0.03486599994357675,"[[5], [2, 3, 4, 6, 8, 9, 10], [1, 7]]"
00068-00001311.soi,soi,7,15,7.403235653235654,3,0.016382799949496984,"[[3, 4, 6], [1, 5], [2, 7]]"
00068-00001312.soi,soi,7,15,4.681013431013432,2,0.01781780004967004,"[[1, 3, 4, 5, 6, 7], [2]]"
00068-00001313.soi,soi,8,15,8.576479076479076,4,0.03333290002774447,"[[5, 6], [7], [3, 4, 8], [1, 2]]"
00068-00001314.soi,soi,6,15,1.9393939393939394,2,0.010388499940745533,"[[2, 3, 4, 5], [1, 6]]"
00068-00001315.soi,soi,8,21,14.174381475078068,4,0.7543578000040725,"[[1], [3, 7], [2], [4, 5, 6, 8]]"
