instancia,tipo,n,m,metodo,tecnica,parametros,seed,obj_value,obj_value_ruido,n_buckets,n_buckets_ruido,tiempo,kendall_tau,perdida,buckets_original,buckets_ruido
00071-00000001.toc,toc,12,215,matriz,aleatoria,b=0.01,0,11.50232558139535,11.472180742093721,1,1,0.039301899960264564,1.0,0.0,"[[1, 2, 3, 4, 5, 6, 7, 8, 9, 10, 11, 12]]","[[1, 2, 3, 4, 5, 6, 7, 8, 9, 10, 11, 12]]"
00071-00000001.toc,toc,12,215,matriz,aleatoria,b=0.05,0,11.50232558139535,11.756021695214029,1,1,0.03909350000321865,1.0,0.0,"[[1, 2, 3, 4, 5, 6, 7, 8, 9, 10, 11, 12]]","[[1, 2, 3, 4, 5, 6, 7, 8, 9, 10, 11, 12]]"
00071-00000001.toc,toc,12,215,matriz,aleatoria,b=0.1,0,11.50232558139535,13.223735179182965,1,1,0.03914080001413822,1.0,0.0,"[[1, 2, 3, 4, 5, 6, 7, 8, 9, 10, 11, 12]]","[[1, 2, 3, 4, 5, 6, 7, 8, 9, 10, 11, 12]]"
00071-00000001.toc,toc,12,215,matriz,cerca_empate,b=0.01,0,11.50232558139535,11.844315841292916,1,1,0.03920970007311553,1.0,0.0,"[[1, 2, 3, 4, 5, 6, 7, 8, 9, 10, 11, 12]]","[[1, 2, 3, 4, 5, 6, 7, 8, 9, 10, 11, 12]]"
00071-00000001.toc,toc,12,215,matriz,cerca_empate,b=0.05,0,11.50232558139535,14.784335163921291,1,1,0.057497499976307154,1.0,0.0,"[[1, 2, 3, 4, 5, 6, 7, 8, 9, 10, 11, 12]]","[[1, 2, 3, 4, 5, 6, 7, 8, 9, 10, 11, 12]]"
00071-00000001.toc,toc,12,215,matriz,cerca_empate,b=0.1,0,11.50232558139535,19.003449206836294,1,1,0.07544579997193068,1.0,0.0,"[[1, 2, 3, 4, 5, 6, 7, 8, 9, 10, 11, 12]]","[[1, 2, 3, 4, 5, 6, 7, 8, 9, 10, 11, 12]]"
00071-00000001.toc,toc,12,215,matriz,todos,b=0.01,0,11.50232558139535,11.724201785041188,1,1,0.045905600069090724,1.0,0.0,"[[1, 2, 3, 4, 5, 6, 7, 8, 9, 10, 11, 12]]","[[1, 2, 3, 4, 5, 6, 7, 8, 9, 10, 11, 12]]"
00071-00000001.toc,toc,12,215,matriz,todos,b=0.05,0,11.50232558139535,14.862719101441204,1,1,0.06590509996749461,1.0,0.0,"[[1, 2, 3, 4, 5, 6, 7, 8, 9, 10, 11, 12]]","[[1, 2, 3, 4, 5, 6, 7, 8, 9, 10, 11, 12]]"
00071-00000001.toc,toc,12,215,matriz,todos,b=0.1,0,11.50232558139535,19.674522975894043,1,1,0.1830183999845758,1.0,0.0,"[[1, 2, 3, 4, 5, 6, 7, 8, 9, 10, 11, 12]]","[[1, 2, 3, 4, 5, 6, 7, 8, 9, 10, 11, 12]]"
00071-00000001.toc,toc,12,215,matriz,aleatoria,b=0.01,1,11.50232558139535,11.439385873170206,1,1,0.045469600008800626,1.0,0.0,"[[1, 2, 3, 4, 5, 6, 7, 8, 9, 10, 11, 12]]","[[1, 2, 3, 4, 5, 6, 7, 8, 9, 10, 11, 12]]"
00071-00000001.toc,toc,12,215,matriz,aleatoria,b=0.05,1,11.50232558139535,12.149641685753746,1,1,0.04633259994443506,1.0,0.0,"[[1, 2, 3, 4, 5, 6, 7, 8, 9, 10, 11, 12]]","[[1, 2, 3, 4, 5, 6, 7, 8, 9, 10, 11, 12]]"
00071-00000001.toc,toc,12,215,matriz,aleatoria,b=0.1,1,11.50232558139535,13.503934534298187,1,1,0.06750359991565347,1.0,0.0,"[[1, 2, 3, 4, 5, 6, 7, 8, 9, 10, 11, 12]]","[[1, 2, 3, 4, 5, 6, 7, 8, 9, 10, 11, 12]]"
00071-00000001.toc,toc,12,215,matriz,cerca_empate,b=0.01,1,11.50232558139535,11.552906044305962,1,1,0.04636969999410212,1.0,0.0,"[[1, 2, 3, 4, 5, 6, 7, 8, 9, 10, 11, 12]]","[[1, 2, 3, 4, 5, 6, 7, 8, 9, 10, 11, 12]]"
00071-00000001.toc,toc,12,215,matriz,cerca_empate,b=0.05,1,11.50232558139535,13.351122542762615,1,1,0.04594650003127754,1.0,0.0,"[[1, 2, 3, 4, 5, 6, 7, 8, 9, 10, 11, 12]]","[[1, 2, 3, 4, 5, 6, 7, 8, 9, 10, 11, 12]]"
00071-00000001.toc,toc,12,215,matriz,cerca_empate,b=0.1,1,11.50232558139535,16.824211792839584,1,1,0.07010340003762394,1.0,0.0,"[[1, 2, 3, 4, 5, 6, 7, 8, 9, 10, 11, 12]]","[[1, 2, 3, 4, 5, 6, 7, 8, 9, 10, 11, 12]]"
00071-00000001.toc,toc,12,215,matriz,todos,b=0.01,1,11.50232558139535,11.3988347042625,1,1,0.045903599937446415,1.0,0.0,"[[1, 2, 3, 4, 5, 6, 7, 8, 9, 10, 11, 12]]","[[1, 2, 3, 4, 5, 6, 7, 8, 9, 10, 11, 12]]"
00071-00000001.toc,toc,12,215,matriz,todos,b=0.05,1,11.50232558139535,12.807753828818294,1,1,0.06619080004747957,1.0,0.0,"[[1, 2, 3, 4, 5, 6, 7, 8, 9, 10, 11, 12]]","[[1, 2, 3, 4, 5, 6, 7, 8, 9, 10, 11, 12]]"
00071-00000001.toc,toc,12,215,matriz,todos,b=0.1,1,11.50232558139535,16.868276734847356,1,1,0.09406349994242191,1.0,0.0,"[[1, 2, 3, 4, 5, 6, 7, 8, 9, 10, 11, 12]]","[[1, 2, 3, 4, 5, 6, 7, 8, 9, 10, 11, 12]]"
00071-00000001.toc,toc,12,215,matriz,aleatoria,b=0.01,2,11.50232558139535,11.45282038311574,1,1,0.04597440001089126,1.0,0.0,"[[1, 2, 3, 4, 5, 6, 7, 8, 9, 10, 11, 12]]","[[1, 2, 3, 4, 5, 6, 7, 8, 9, 10, 11, 12]]"
00071-00000001.toc,toc,12,215,matriz,aleatoria,b=0.05,2,11.50232558139535,11.881009497465179,1,1,0.06498489994555712,1.0,0.0,"[[1, 2, 3, 4, 5, 6, 7, 8, 9, 10, 11, 12]]","[[1, 2, 3, 4, 5, 6, 7, 8, 9, 10, 11, 12]]"
00071-00000001.toc,toc,12,215,matriz,aleatoria,b=0.1,2,11.50232558139535,12.977814437222976,1,1,0.07598870003130287,1.0,0.0,"[[1, 2, 3, 4, 5, 6, 7, 8, 9, 10, 11, 12]]","[[1, 2, 3, 4, 5, 6, 7, 8, 9, 10, 11, 12]]"
00071-00000001.toc,toc,12,215,matriz,cerca_empate,b=0.01,2,11.50232558139535,11.558022712139138,1,1,0.04603940004017204,1.0,0.0,"[[1, 2, 3, 4, 5, 6, 7, 8, 9, 10, 11, 12]]","[[1, 2, 3, 4, 5, 6, 7, 8, 9, 10, 11, 12]]"
00071-00000001.toc,toc,12,215,matriz,cerca_empate,b=0.05,2,11.50232558139535,12.707823665865378,1,1,0.04561230004765093,1.0,0.0,"[[1, 2, 3, 4, 5, 6, 7, 8, 9, 10, 11, 12]]","[[1, 2, 3, 4, 5, 6, 7, 8, 9, 10, 11, 12]]"
00071-00000001.toc,toc,12,215,matriz,cerca_empate,b=0.1,2,11.50232558139535,15.413757245535926,1,1,0.045410500024445355,1.0,0.0,"[[1, 2, 3, 4, 5, 6, 7, 8, 9, 10, 11, 12]]","[[1, 2, 3, 4, 5, 6, 7, 8, 9, 10, 11, 12]]"
00071-00000001.toc,toc,12,215,matriz,todos,b=0.01,2,11.50232558139535,11.29596210026566,1,1,0.045550999930128455,1.0,0.0,"[[1, 2, 3, 4, 5, 6, 7, 8, 9, 10, 11, 12]]","[[1, 2, 3, 4, 5, 6, 7, 8, 9, 10, 11, 12]]"
00071-00000001.toc,toc,12,215,matriz,todos,b=0.05,2,11.50232558139535,11.702445212672398,1,1,0.06366370001342148,1.0,0.0,"[[1, 2, 3, 4, 5, 6, 7, 8, 9, 10, 11, 12]]","[[1, 2, 3, 4, 5, 6, 7, 8, 9, 10, 11, 12]]"
00071-00000001.toc,toc,12,215,matriz,todos,b=0.1,2,11.50232558139535,14.859550854308571,1,1,0.08144859992899,1.0,0.0,"[[1, 2, 3, 4, 5, 6, 7, 8, 9, 10, 11, 12]]","[[1, 2, 3, 4, 5, 6, 7, 8, 9, 10, 11, 12]]"
00071-00000001.toc,toc,12,215,matriz,aleatoria,b=0.01,3,11.50232558139535,11.667780808739936,1,1,0.04566599999088794,1.0,0.0,"[[1, 2, 3, 4, 5, 6, 7, 8, 9, 10, 11, 12]]","[[1, 2, 3, 4, 5, 6, 7, 8, 9, 10, 11, 12]]"
00071-00000001.toc,toc,12,215,matriz,aleatoria,b=0.05,3,11.50232558139535,12.547389091243407,1,1,0.06521809997502714,1.0,0.0,"[[1, 2, 3, 4, 5, 6, 7, 8, 9, 10, 11, 12]]","[[1, 2, 3, 4, 5, 6, 7, 8, 9, 10, 11, 12]]"
00071-00000001.toc,toc,12,215,matriz,aleatoria,b=0.1,3,11.50232558139535,13.707086885371949,1,1,0.07543299999088049,1.0,0.0,"[[1, 2, 3, 4, 5, 6, 7, 8, 9, 10, 11, 12]]","[[1, 2, 3, 4, 5, 6, 7, 8, 9, 10, 11, 12]]"
00071-00000001.toc,toc,12,215,matriz,cerca_empate,b=0.01,3,11.50232558139535,11.565532896392874,1,1,0.04549379996024072,1.0,0.0,"[[1, 2, 3, 4, 5, 6, 7, 8, 9, 10, 11, 12]]","[[1, 2, 3, 4, 5, 6, 7, 8, 9, 10, 11, 12]]"
00071-00000001.toc,toc,12,215,matriz,cerca_empate,b=0.05,3,11.50232558139535,13.166078423016454,1,1,0.06401109998114407,1.0,0.0,"[[1, 2, 3, 4, 5, 6, 7, 8, 9, 10, 11, 12]]","[[1, 2, 3, 4, 5, 6, 7, 8, 9, 10, 11, 12]]"
00071-00000001.toc,toc,12,215,matriz,cerca_empate,b=0.1,3,11.50232558139535,16.352477245321058,1,1,0.06687560002319515,1.0,0.0,"[[1, 2, 3, 4, 5, 6, 7, 8, 9, 10, 11, 12]]","[[1, 2, 3, 4, 5, 6, 7, 8, 9, 10, 11, 12]]"
00071-00000001.toc,toc,12,215,matriz,todos,b=0.01,3,11.50232558139535,11.354896314560817,1,1,0.04628950008191168,1.0,0.0,"[[1, 2, 3, 4, 5, 6, 7, 8, 9, 10, 11, 12]]","[[1, 2, 3, 4, 5, 6, 7, 8, 9, 10, 11, 12]]"
00071-00000001.toc,toc,12,215,matriz,todos,b=0.05,3,11.50232558139535,11.969489403215421,1,1,0.07792830001562834,1.0,0.0,"[[1, 2, 3, 4, 5, 6, 7, 8, 9, 10, 11, 12]]","[[1, 2, 3, 4, 5, 6, 7, 8, 9, 10, 11, 12]]"
00071-00000001.toc,toc,12,215,matriz,todos,b=0.1,3,11.50232558139535,14.884284243573298,1,1,0.07000379997771233,1.0,0.0,"[[1, 2, 3, 4, 5, 6, 7, 8, 9, 10, 11, 12]]","[[1, 2, 3, 4, 5, 6, 7, 8, 9, 10, 11, 12]]"
00071-00000001.toc,toc,12,215,matriz,aleatoria,b=0.01,4,11.50232558139535,11.38762712670837,1,1,0.045598600059747696,1.0,0.0,"[[1, 2, 3, 4, 5, 6, 7, 8, 9, 10, 11, 12]]","[[1, 2, 3, 4, 5, 6, 7, 8, 9, 10, 11, 12]]"
00071-00000001.toc,toc,12,215,matriz,aleatoria,b=0.05,4,11.50232558139535,11.037114432854708,1,1,0.045764600043185055,1.0,0.0,"[[1, 2, 3, 4, 5, 6, 7, 8, 9, 10, 11, 12]]","[[1, 2, 3, 4, 5, 6, 7, 8, 9, 10, 11, 12]]"
00071-00000001.toc,toc,12,215,matriz,aleatoria,b=0.1,4,11.50232558139535,10.876872284844765,1,1,0.045283099985681474,1.0,0.0,"[[1, 2, 3, 4, 5, 6, 7, 8, 9, 10, 11, 12]]","[[1, 2, 3, 4, 5, 6, 7, 8, 9, 10, 11, 12]]"
00071-00000001.toc,toc,12,215,matriz,cerca_empate,b=0.01,4,11.50232558139535,11.583970325008103,1,1,0.04520559997763485,1.0,0.0,"[[1, 2, 3, 4, 5, 6, 7, 8, 9, 10, 11, 12]]","[[1, 2, 3, 4, 5, 6, 7, 8, 9, 10, 11, 12]]"
00071-00000001.toc,toc,12,215,matriz,cerca_empate,b=0.05,4,11.50232558139535,13.331176035505326,1,1,0.044954000040888786,1.0,0.0,"[[1, 2, 3, 4, 5, 6, 7, 8, 9, 10, 11, 12]]","[[1, 2, 3, 4, 5, 6, 7, 8, 9, 10, 11, 12]]"
00071-00000001.toc,toc,12,215,matriz,cerca_empate,b=0.1,4,11.50232558139535,16.816779782801678,1,1,0.08147350000217557,1.0,0.0,"[[1, 2, 3, 4, 5, 6, 7, 8, 9, 10, 11, 12]]","[[1, 2, 3, 4, 5, 6, 7, 8, 9, 10, 11, 12]]"
00071-00000001.toc,toc,12,215,matriz,todos,b=0.01,4,11.50232558139535,11.54071543944527,1,1,0.045796999940648675,1.0,0.0,"[[1, 2, 3, 4, 5, 6, 7, 8, 9, 10, 11, 12]]","[[1, 2, 3, 4, 5, 6, 7, 8, 9, 10, 11, 12]]"
00071-00000001.toc,toc,12,215,matriz,todos,b=0.05,4,11.50232558139535,13.56460329451933,1,1,0.06532190006691962,1.0,0.0,"[[1, 2, 3, 4, 5, 6, 7, 8, 9, 10, 11, 12]]","[[1, 2, 3, 4, 5, 6, 7, 8, 9, 10, 11, 12]]"
00071-00000001.toc,toc,12,215,matriz,todos,b=0.1,4,11.50232558139535,17.497384260418062,1,1,0.09083680005278438,1.0,0.0,"[[1, 2, 3, 4, 5, 6, 7, 8, 9, 10, 11, 12]]","[[1, 2, 3, 4, 5, 6, 7, 8, 9, 10, 11, 12]]"
00071-00000002.toc,toc,12,340,matriz,aleatoria,b=0.01,0,12.155882352941177,12.090486781120001,1,1,0.045760100008919835,1.0,0.0,"[[1, 2, 3, 4, 5, 6, 7, 8, 9, 10, 11, 12]]","[[1, 2, 3, 4, 5, 6, 7, 8, 9, 10, 11, 12]]"
00071-00000002.toc,toc,12,340,matriz,aleatoria,b=0.05,0,12.155882352941177,12.4290074250018,1,1,0.03744119999464601,1.0,0.0,"[[1, 2, 3, 4, 5, 6, 7, 8, 9, 10, 11, 12]]","[[1, 2, 3, 4, 5, 6, 7, 8, 9, 10, 11, 12]]"
00071-00000002.toc,toc,12,340,matriz,aleatoria,b=0.1,0,12.155882352941177,13.618899612581929,1,1,0.03908370004501194,1.0,0.0,"[[1, 2, 3, 4, 5, 6, 7, 8, 9, 10, 11, 12]]","[[1, 2, 3, 4, 5, 6, 7, 8, 9, 10, 11, 12]]"
00071-00000002.toc,toc,12,340,matriz,cerca_empate,b=0.01,0,12.155882352941177,12.2699642187268,1,1,0.04161880002357066,1.0,0.0,"[[1, 2, 3, 4, 5, 6, 7, 8, 9, 10, 11, 12]]","[[1, 2, 3, 4, 5, 6, 7, 8, 9, 10, 11, 12]]"
00071-00000002.toc,toc,12,340,matriz,cerca_empate,b=0.05,0,12.155882352941177,14.916383522700325,1,1,0.10969810001552105,1.0,0.0,"[[1, 2, 3, 4, 5, 6, 7, 8, 9, 10, 11, 12]]","[[1, 2, 3, 4, 5, 6, 7, 8, 9, 10, 11, 12]]"
00071-00000002.toc,toc,12,340,matriz,cerca_empate,b=0.1,0,12.155882352941177,19.18727070812582,1,1,0.09354959998745471,1.0,0.0,"[[1, 2, 3, 4, 5, 6, 7, 8, 9, 10, 11, 12]]","[[1, 2, 3, 4, 5, 6, 7, 8, 9, 10, 11, 12]]"
00071-00000002.toc,toc,12,340,matriz,todos,b=0.01,0,12.155882352941177,12.619590125093916,1,1,0.04925999999977648,1.0,0.0,"[[1, 2, 3, 4, 5, 6, 7, 8, 9, 10, 11, 12]]","[[1, 2, 3, 4, 5, 6, 7, 8, 9, 10, 11, 12]]"
00071-00000002.toc,toc,12,340,matriz,todos,b=0.05,0,12.155882352941177,16.019649010872673,1,1,0.07677609997335821,1.0,0.0,"[[1, 2, 3, 4, 5, 6, 7, 8, 9, 10, 11, 12]]","[[1, 2, 3, 4, 5, 6, 7, 8, 9, 10, 11, 12]]"
00071-00000002.toc,toc,12,340,matriz,todos,b=0.1,0,12.155882352941177,20.77888343328699,1,1,0.09338039997965097,1.0,0.0,"[[1, 2, 3, 4, 5, 6, 7, 8, 9, 10, 11, 12]]","[[1, 2, 3, 4, 5, 6, 7, 8, 9, 10, 11, 12]]"
00071-00000002.toc,toc,12,340,matriz,aleatoria,b=0.01,1,12.155882352941177,12.107651635210045,1,1,0.04549569997470826,1.0,0.0,"[[1, 2, 3, 4, 5, 6, 7, 8, 9, 10, 11, 12]]","[[1, 2, 3, 4, 5, 6, 7, 8, 9, 10, 11, 12]]"
00071-00000002.toc,toc,12,340,matriz,aleatoria,b=0.05,1,12.155882352941177,12.628601191759868,1,1,0.06760189996566623,1.0,0.0,"[[1, 2, 3, 4, 5, 6, 7, 8, 9, 10, 11, 12]]","[[1, 2, 3, 4, 5, 6, 7, 8, 9, 10, 11, 12]]"
00071-00000002.toc,toc,12,340,matriz,aleatoria,b=0.1,1,12.155882352941177,13.758751812326983,1,1,0.06832080008462071,1.0,0.0,"[[1, 2, 3, 4, 5, 6, 7, 8, 9, 10, 11, 12]]","[[1, 2, 3, 4, 5, 6, 7, 8, 9, 10, 11, 12]]"
00071-00000002.toc,toc,12,340,matriz,cerca_empate,b=0.01,1,12.155882352941177,12.479524122449707,1,1,0.04465730010997504,1.0,0.0,"[[1, 2, 3, 4, 5, 6, 7, 8, 9, 10, 11, 12]]","[[1, 2, 3, 4, 5, 6, 7, 8, 9, 10, 11, 12]]"
00071-00000002.toc,toc,12,340,matriz,cerca_empate,b=0.05,1,12.155882352941177,14.81928734703728,1,1,0.046259499969892204,1.0,0.0,"[[1, 2, 3, 4, 5, 6, 7, 8, 9, 10, 11, 12]]","[[1, 2, 3, 4, 5, 6, 7, 8, 9, 10, 11, 12]]"
00071-00000002.toc,toc,12,340,matriz,cerca_empate,b=0.1,1,12.155882352941177,18.35916292936868,1,1,0.06715519994031638,1.0,0.0,"[[1, 2, 3, 4, 5, 6, 7, 8, 9, 10, 11, 12]]","[[1, 2, 3, 4, 5, 6, 7, 8, 9, 10, 11, 12]]"
00071-00000002.toc,toc,12,340,matriz,todos,b=0.01,1,12.155882352941177,12.31603486962205,1,1,0.0507173000369221,1.0,0.0,"[[1, 2, 3, 4, 5, 6, 7, 8, 9, 10, 11, 12]]","[[1, 2, 3, 4, 5, 6, 7, 8, 9, 10, 11, 12]]"
00071-00000002.toc,toc,12,340,matriz,todos,b=0.05,1,12.155882352941177,14.324161422284057,1,1,0.07972460007295012,1.0,0.0,"[[1, 2, 3, 4, 5, 6, 7, 8, 9, 10, 11, 12]]","[[1, 2, 3, 4, 5, 6, 7, 8, 9, 10, 11, 12]]"
00071-00000002.toc,toc,12,340,matriz,todos,b=0.1,1,12.155882352941177,18.10214082177429,1,1,0.16724139999132603,1.0,0.0,"[[1, 2, 3, 4, 5, 6, 7, 8, 9, 10, 11, 12]]","[[1, 2, 3, 4, 5, 6, 7, 8, 9, 10, 11, 12]]"
00071-00000002.toc,toc,12,340,matriz,aleatoria,b=0.01,2,12.155882352941177,12.187359009692585,1,1,0.060948100057430565,1.0,0.0,"[[1, 2, 3, 4, 5, 6, 7, 8, 9, 10, 11, 12]]","[[1, 2, 3, 4, 5, 6, 7, 8, 9, 10, 11, 12]]"
00071-00000002.toc,toc,12,340,matriz,aleatoria,b=0.05,2,12.155882352941177,12.837321291609436,1,1,0.06257740000728518,1.0,0.0,"[[1, 2, 3, 4, 5, 6, 7, 8, 9, 10, 11, 12]]","[[1, 2, 3, 4, 5, 6, 7, 8, 9, 10, 11, 12]]"
00071-00000002.toc,toc,12,340,matriz,aleatoria,b=0.1,2,12.155882352941177,13.971701406748286,1,1,0.06353029992897063,1.0,0.0,"[[1, 2, 3, 4, 5, 6, 7, 8, 9, 10, 11, 12]]","[[1, 2, 3, 4, 5, 6, 7, 8, 9, 10, 11, 12]]"
00071-00000002.toc,toc,12,340,matriz,cerca_empate,b=0.01,2,12.155882352941177,12.17937477686678,1,1,0.04474259994458407,1.0,0.0,"[[1, 2, 3, 4, 5, 6, 7, 8, 9, 10, 11, 12]]","[[1, 2, 3, 4, 5, 6, 7, 8, 9, 10, 11, 12]]"
00071-00000002.toc,toc,12,340,matriz,cerca_empate,b=0.05,2,12.155882352941177,13.411411114458003,1,1,0.04488780000247061,1.0,0.0,"[[1, 2, 3, 4, 5, 6, 7, 8, 9, 10, 11, 12]]","[[1, 2, 3, 4, 5, 6, 7, 8, 9, 10, 11, 12]]"
00071-00000002.toc,toc,12,340,matriz,cerca_empate,b=0.1,2,12.155882352941177,15.636769682982191,1,1,0.047607499989680946,1.0,0.0,"[[1, 2, 3, 4, 5, 6, 7, 8, 9, 10, 11, 12]]","[[1, 2, 3, 4, 5, 6, 7, 8, 9, 10, 11, 12]]"
00071-00000002.toc,toc,12,340,matriz,todos,b=0.01,2,12.155882352941177,11.957457785044399,1,1,0.043564300052821636,1.0,0.0,"[[1, 2, 3, 4, 5, 6, 7, 8, 9, 10, 11, 12]]","[[1, 2, 3, 4, 5, 6, 7, 8, 9, 10, 11, 12]]"
00071-00000002.toc,toc,12,340,matriz,todos,b=0.05,2,12.155882352941177,12.590944913501884,1,1,0.06573159992694855,1.0,0.0,"[[1, 2, 3, 4, 5, 6, 7, 8, 9, 10, 11, 12]]","[[1, 2, 3, 4, 5, 6, 7, 8, 9, 10, 11, 12]]"
00071-00000002.toc,toc,12,340,matriz,todos,b=0.1,2,12.155882352941177,15.846931122399784,1,1,0.0717283000703901,1.0,0.0,"[[1, 2, 3, 4, 5, 6, 7, 8, 9, 10, 11, 12]]","[[1, 2, 3, 4, 5, 6, 7, 8, 9, 10, 11, 12]]"
00071-00000002.toc,toc,12,340,matriz,aleatoria,b=0.01,3,12.155882352941177,12.29728699846566,1,1,0.04438450001180172,1.0,0.0,"[[1, 2, 3, 4, 5, 6, 7, 8, 9, 10, 11, 12]]","[[1, 2, 3, 4, 5, 6, 7, 8, 9, 10, 11, 12]]"
00071-00000002.toc,toc,12,340,matriz,aleatoria,b=0.05,3,12.155882352941177,13.193851793928658,1,1,0.06444879993796349,1.0,0.0,"[[1, 2, 3, 4, 5, 6, 7, 8, 9, 10, 11, 12]]","[[1, 2, 3, 4, 5, 6, 7, 8, 9, 10, 11, 12]]"
00071-00000002.toc,toc,12,340,matriz,aleatoria,b=0.1,3,12.155882352941177,14.355136823415592,1,1,0.08283189998473972,1.0,0.0,"[[1, 2, 3, 4, 5, 6, 7, 8, 9, 10, 11, 12]]","[[1, 2, 3, 4, 5, 6, 7, 8, 9, 10, 11, 12]]"
00071-00000002.toc,toc,12,340,matriz,cerca_empate,b=0.01,3,12.155882352941177,12.205022964210693,1,1,0.04333080002106726,1.0,0.0,"[[1, 2, 3, 4, 5, 6, 7, 8, 9, 10, 11, 12]]","[[1, 2, 3, 4, 5, 6, 7, 8, 9, 10, 11, 12]]"
00071-00000002.toc,toc,12,340,matriz,cerca_empate,b=0.05,3,12.155882352941177,13.94882533226866,1,1,0.0620603000279516,1.0,0.0,"[[1, 2, 3, 4, 5, 6, 7, 8, 9, 10, 11, 12]]","[[1, 2, 3, 4, 5, 6, 7, 8, 9, 10, 11, 12]]"
00071-00000002.toc,toc,12,340,matriz,cerca_empate,b=0.1,3,12.155882352941177,16.66976262492512,1,1,0.08367670001462102,1.0,0.0,"[[1, 2, 3, 4, 5, 6, 7, 8, 9, 10, 11, 12]]","[[1, 2, 3, 4, 5, 6, 7, 8, 9, 10, 11, 12]]"
00071-00000002.toc,toc,12,340,matriz,todos,b=0.01,3,12.155882352941177,12.062412713457503,1,1,0.05650649999734014,1.0,0.0,"[[1, 2, 3, 4, 5, 6, 7, 8, 9, 10, 11, 12]]","[[1, 2, 3, 4, 5, 6, 7, 8, 9, 10, 11, 12]]"
00071-00000002.toc,toc,12,340,matriz,todos,b=0.05,3,12.155882352941177,12.9596364917592,1,1,0.0634068000363186,1.0,0.0,"[[1, 2, 3, 4, 5, 6, 7, 8, 9, 10, 11, 12]]","[[1, 2, 3, 4, 5, 6, 7, 8, 9, 10, 11, 12]]"
00071-00000002.toc,toc,12,340,matriz,todos,b=0.1,3,12.155882352941177,15.252208571997095,1,1,0.0755358999595046,1.0,0.0,"[[1, 2, 3, 4, 5, 6, 7, 8, 9, 10, 11, 12]]","[[1, 2, 3, 4, 5, 6, 7, 8, 9, 10, 11, 12]]"
00071-00000002.toc,toc,12,340,matriz,aleatoria,b=0.01,4,12.155882352941177,11.989730788348457,1,1,0.04413199995178729,1.0,0.0,"[[1, 2, 3, 4, 5, 6, 7, 8, 9, 10, 11, 12]]","[[1, 2, 3, 4, 5, 6, 7, 8, 9, 10, 11, 12]]"
00071-00000002.toc,toc,12,340,matriz,aleatoria,b=0.05,4,12.155882352941177,11.619092211157541,1,1,0.04287160001695156,1.0,0.0,"[[1, 2, 3, 4, 5, 6, 7, 8, 9, 10, 11, 12]]","[[1, 2, 3, 4, 5, 6, 7, 8, 9, 10, 11, 12]]"
00071-00000002.toc,toc,12,340,matriz,aleatoria,b=0.1,4,12.155882352941177,11.671560982195878,1,1,0.04432820004876703,1.0,0.0,"[[1, 2, 3, 4, 5, 6, 7, 8, 9, 10, 11, 12]]","[[1, 2, 3, 4, 5, 6, 7, 8, 9, 10, 11, 12]]"
00071-00000002.toc,toc,12,340,matriz,cerca_empate,b=0.01,4,12.155882352941177,12.105390191026862,1,1,0.04465679998975247,1.0,0.0,"[[1, 2, 3, 4, 5, 6, 7, 8, 9, 10, 11, 12]]","[[1, 2, 3, 4, 5, 6, 7, 8, 9, 10, 11, 12]]"
00071-00000002.toc,toc,12,340,matriz,cerca_empate,b=0.05,4,12.155882352941177,14.372407940947019,1,1,0.04338409996125847,1.0,0.0,"[[1, 2, 3, 4, 5, 6, 7, 8, 9, 10, 11, 12]]","[[1, 2, 3, 4, 5, 6, 7, 8, 9, 10, 11, 12]]"
00071-00000002.toc,toc,12,340,matriz,cerca_empate,b=0.1,4,12.155882352941177,18.033403008688854,1,1,0.06332740001380444,1.0,0.0,"[[1, 2, 3, 4, 5, 6, 7, 8, 9, 10, 11, 12]]","[[1, 2, 3, 4, 5, 6, 7, 8, 9, 10, 11, 12]]"
00071-00000002.toc,toc,12,340,matriz,todos,b=0.01,4,12.155882352941177,12.100809839253815,1,1,0.04387139994651079,1.0,0.0,"[[1, 2, 3, 4, 5, 6, 7, 8, 9, 10, 11, 12]]","[[1, 2, 3, 4, 5, 6, 7, 8, 9, 10, 11, 12]]"
00071-00000002.toc,toc,12,340,matriz,todos,b=0.05,4,12.155882352941177,13.608795563873603,1,1,0.06507589993998408,1.0,0.0,"[[1, 2, 3, 4, 5, 6, 7, 8, 9, 10, 11, 12]]","[[1, 2, 3, 4, 5, 6, 7, 8, 9, 10, 11, 12]]"
00071-00000002.toc,toc,12,340,matriz,todos,b=0.1,4,12.155882352941177,17.50137524961033,1,1,0.09270479995757341,1.0,0.0,"[[1, 2, 3, 4, 5, 6, 7, 8, 9, 10, 11, 12]]","[[1, 2, 3, 4, 5, 6, 7, 8, 9, 10, 11, 12]]"
00071-00000003.toc,toc,12,582,matriz,aleatoria,b=0.01,0,13.66151202749141,13.59193218959923,1,1,0.0657826999668032,1.0,0.0,"[[1, 2, 3, 4, 5, 6, 7, 8, 9, 10, 11, 12]]","[[1, 2, 3, 4, 5, 6, 7, 8, 9, 10, 11, 12]]"
00071-00000003.toc,toc,12,582,matriz,aleatoria,b=0.05,0,13.66151202749141,13.838073966084018,1,1,0.0631689999718219,1.0,0.0,"[[1, 2, 3, 4, 5, 6, 7, 8, 9, 10, 11, 12]]","[[1, 2, 3, 4, 5, 6, 7, 8, 9, 10, 11, 12]]"
00071-00000003.toc,toc,12,582,matriz,aleatoria,b=0.1,0,13.66151202749141,14.870815468991513,1,1,0.06909719994291663,1.0,0.0,"[[1, 2, 3, 4, 5, 6, 7, 8, 9, 10, 11, 12]]","[[1, 2, 3, 4, 5, 6, 7, 8, 9, 10, 11, 12]]"
00071-00000003.toc,toc,12,582,matriz,cerca_empate,b=0.01,0,13.66151202749141,13.83726272862026,1,1,0.06435250001959503,1.0,0.0,"[[1, 2, 3, 4, 5, 6, 7, 8, 9, 10, 11, 12]]","[[1, 2, 3, 4, 5, 6, 7, 8, 9, 10, 11, 12]]"
00071-00000003.toc,toc,12,582,matriz,cerca_empate,b=0.05,0,13.66151202749141,16.446733355137294,1,1,0.06963980000000447,1.0,0.0,"[[1, 2, 3, 4, 5, 6, 7, 8, 9, 10, 11, 12]]","[[1, 2, 3, 4, 5, 6, 7, 8, 9, 10, 11, 12]]"
00071-00000003.toc,toc,12,582,matriz,cerca_empate,b=0.1,0,13.66151202749141,20.680277059006738,1,1,0.14758200000505894,1.0,0.0,"[[1, 2, 3, 4, 5, 6, 7, 8, 9, 10, 11, 12]]","[[1, 2, 3, 4, 5, 6, 7, 8, 9, 10, 11, 12]]"
00071-00000003.toc,toc,12,582,matriz,todos,b=0.01,0,13.66151202749141,13.989290531014245,1,1,0.06433339999057353,1.0,0.0,"[[1, 2, 3, 4, 5, 6, 7, 8, 9, 10, 11, 12]]","[[1, 2, 3, 4, 5, 6, 7, 8, 9, 10, 11, 12]]"
00071-00000003.toc,toc,12,582,matriz,todos,b=0.05,0,13.66151202749141,17.48784185502064,1,1,0.2428560999687761,1.0,0.0,"[[1, 2, 3, 4, 5, 6, 7, 8, 9, 10, 11, 12]]","[[1, 2, 3, 4, 5, 6, 7, 8, 9, 10, 11, 12]]"
00071-00000003.toc,toc,12,582,matriz,todos,b=0.1,0,13.66151202749141,22.0154904900006,1,2,0.27880390000063926,0.0,2.9072164948453594,"[[1, 2, 3, 4, 5, 6, 7, 8, 9, 10, 11, 12]]","[[4, 12], [1, 2, 3, 5, 6, 7, 8, 9, 10, 11]]"
00071-00000003.toc,toc,12,582,matriz,aleatoria,b=0.01,1,13.66151202749141,13.61328130976028,1,1,0.07323139999061823,1.0,0.0,"[[1, 2, 3, 4, 5, 6, 7, 8, 9, 10, 11, 12]]","[[1, 2, 3, 4, 5, 6, 7, 8, 9, 10, 11, 12]]"
00071-00000003.toc,toc,12,582,matriz,aleatoria,b=0.05,1,13.66151202749141,14.052726924527203,1,1,0.0680894999532029,1.0,0.0,"[[1, 2, 3, 4, 5, 6, 7, 8, 9, 10, 11, 12]]","[[1, 2, 3, 4, 5, 6, 7, 8, 9, 10, 11, 12]]"
00071-00000003.toc,toc,12,582,matriz,aleatoria,b=0.1,1,13.66151202749141,15.058782133733898,1,1,0.11673729994799942,1.0,0.0,"[[1, 2, 3, 4, 5, 6, 7, 8, 9, 10, 11, 12]]","[[1, 2, 3, 4, 5, 6, 7, 8, 9, 10, 11, 12]]"
00071-00000003.toc,toc,12,582,matriz,cerca_empate,b=0.01,1,13.66151202749141,13.88110191436844,1,1,0.0655720999930054,1.0,0.0,"[[1, 2, 3, 4, 5, 6, 7, 8, 9, 10, 11, 12]]","[[1, 2, 3, 4, 5, 6, 7, 8, 9, 10, 11, 12]]"
00071-00000003.toc,toc,12,582,matriz,cerca_empate,b=0.05,1,13.66151202749141,16.43049184831205,1,1,0.0728306999662891,1.0,0.0,"[[1, 2, 3, 4, 5, 6, 7, 8, 9, 10, 11, 12]]","[[1, 2, 3, 4, 5, 6, 7, 8, 9, 10, 11, 12]]"
00071-00000003.toc,toc,12,582,matriz,cerca_empate,b=0.1,1,13.66151202749141,19.98170774669051,1,1,0.22541189996991307,1.0,0.0,"[[1, 2, 3, 4, 5, 6, 7, 8, 9, 10, 11, 12]]","[[1, 2, 3, 4, 5, 6, 7, 8, 9, 10, 11, 12]]"
00071-00000003.toc,toc,12,582,matriz,todos,b=0.01,1,13.66151202749141,13.719404949292791,1,1,0.06483519996982068,1.0,0.0,"[[1, 2, 3, 4, 5, 6, 7, 8, 9, 10, 11, 12]]","[[1, 2, 3, 4, 5, 6, 7, 8, 9, 10, 11, 12]]"
00071-00000003.toc,toc,12,582,matriz,todos,b=0.05,1,13.66151202749141,15.737801831380084,1,1,0.07554969994816929,1.0,0.0,"[[1, 2, 3, 4, 5, 6, 7, 8, 9, 10, 11, 12]]","[[1, 2, 3, 4, 5, 6, 7, 8, 9, 10, 11, 12]]"
00071-00000003.toc,toc,12,582,matriz,todos,b=0.1,1,13.66151202749141,19.176283087061325,1,1,0.16523449996020645,1.0,0.0,"[[1, 2, 3, 4, 5, 6, 7, 8, 9, 10, 11, 12]]","[[1, 2, 3, 4, 5, 6, 7, 8, 9, 10, 11, 12]]"
00071-00000003.toc,toc,12,582,matriz,aleatoria,b=0.01,2,13.66151202749141,13.745818424142927,1,1,0.06176239997148514,1.0,0.0,"[[1, 2, 3, 4, 5, 6, 7, 8, 9, 10, 11, 12]]","[[1, 2, 3, 4, 5, 6, 7, 8, 9, 10, 11, 12]]"
00071-00000003.toc,toc,12,582,matriz,aleatoria,b=0.05,2,13.66151202749141,14.300162614193045,1,1,0.0616742999991402,1.0,0.0,"[[1, 2, 3, 4, 5, 6, 7, 8, 9, 10, 11, 12]]","[[1, 2, 3, 4, 5, 6, 7, 8, 9, 10, 11, 12]]"
00071-00000003.toc,toc,12,582,matriz,aleatoria,b=0.1,2,13.66151202749141,15.421681192477012,1,1,0.1690821999218315,1.0,0.0,"[[1, 2, 3, 4, 5, 6, 7, 8, 9, 10, 11, 12]]","[[1, 2, 3, 4, 5, 6, 7, 8, 9, 10, 11, 12]]"
00071-00000003.toc,toc,12,582,matriz,cerca_empate,b=0.01,2,13.66151202749141,13.604754340432665,1,1,0.07310369994957,1.0,0.0,"[[1, 2, 3, 4, 5, 6, 7, 8, 9, 10, 11, 12]]","[[1, 2, 3, 4, 5, 6, 7, 8, 9, 10, 11, 12]]"
00071-00000003.toc,toc,12,582,matriz,cerca_empate,b=0.05,2,13.66151202749141,14.80221352792099,1,1,0.07508199999574572,1.0,0.0,"[[1, 2, 3, 4, 5, 6, 7, 8, 9, 10, 11, 12]]","[[1, 2, 3, 4, 5, 6, 7, 8, 9, 10, 11, 12]]"
00071-00000003.toc,toc,12,582,matriz,cerca_empate,b=0.1,2,13.66151202749141,16.984859481968805,1,1,0.06449209991842508,1.0,0.0,"[[1, 2, 3, 4, 5, 6, 7, 8, 9, 10, 11, 12]]","[[1, 2, 3, 4, 5, 6, 7, 8, 9, 10, 11, 12]]"
00071-00000003.toc,toc,12,582,matriz,todos,b=0.01,2,13.66151202749141,13.371393632338854,1,1,0.06712770008016378,1.0,0.0,"[[1, 2, 3, 4, 5, 6, 7, 8, 9, 10, 11, 12]]","[[1, 2, 3, 4, 5, 6, 7, 8, 9, 10, 11, 12]]"
00071-00000003.toc,toc,12,582,matriz,todos,b=0.05,2,13.66151202749141,14.109944191998878,1,1,0.19626619992777705,1.0,0.0,"[[1, 2, 3, 4, 5, 6, 7, 8, 9, 10, 11, 12]]","[[1, 2, 3, 4, 5, 6, 7, 8, 9, 10, 11, 12]]"
00071-00000003.toc,toc,12,582,matriz,todos,b=0.1,2,13.66151202749141,16.948107343485503,1,1,0.1941821000073105,1.0,0.0,"[[1, 2, 3, 4, 5, 6, 7, 8, 9, 10, 11, 12]]","[[1, 2, 3, 4, 5, 6, 7, 8, 9, 10, 11, 12]]"
00071-00000003.toc,toc,12,582,matriz,aleatoria,b=0.01,3,13.66151202749141,13.833071304562866,1,1,0.06148679996840656,1.0,0.0,"[[1, 2, 3, 4, 5, 6, 7, 8, 9, 10, 11, 12]]","[[1, 2, 3, 4, 5, 6, 7, 8, 9, 10, 11, 12]]"
00071-00000003.toc,toc,12,582,matriz,aleatoria,b=0.05,3,13.66151202749141,14.769301561464541,1,1,0.09411780000664294,1.0,0.0,"[[1, 2, 3, 4, 5, 6, 7, 8, 9, 10, 11, 12]]","[[1, 2, 3, 4, 5, 6, 7, 8, 9, 10, 11, 12]]"
00071-00000003.toc,toc,12,582,matriz,aleatoria,b=0.1,3,13.66151202749141,15.905834215774599,1,1,0.14785010006744415,1.0,0.0,"[[1, 2, 3, 4, 5, 6, 7, 8, 9, 10, 11, 12]]","[[1, 2, 3, 4, 5, 6, 7, 8, 9, 10, 11, 12]]"
00071-00000003.toc,toc,12,582,matriz,cerca_empate,b=0.01,3,13.66151202749141,13.597281962580253,1,1,0.06515549996402115,1.0,0.0,"[[1, 2, 3, 4, 5, 6, 7, 8, 9, 10, 11, 12]]","[[1, 2, 3, 4, 5, 6, 7, 8, 9, 10, 11, 12]]"
00071-00000003.toc,toc,12,582,matriz,cerca_empate,b=0.05,3,13.66151202749141,15.394686537708079,1,1,0.059029399999417365,1.0,0.0,"[[1, 2, 3, 4, 5, 6, 7, 8, 9, 10, 11, 12]]","[[1, 2, 3, 4, 5, 6, 7, 8, 9, 10, 11, 12]]"
00071-00000003.toc,toc,12,582,matriz,cerca_empate,b=0.1,3,13.66151202749141,18.325374598562412,1,1,0.14873250003438443,1.0,0.0,"[[1, 2, 3, 4, 5, 6, 7, 8, 9, 10, 11, 12]]","[[1, 2, 3, 4, 5, 6, 7, 8, 9, 10, 11, 12]]"
00071-00000003.toc,toc,12,582,matriz,todos,b=0.01,3,13.66151202749141,13.632797825347733,1,1,0.055956600001081824,1.0,0.0,"[[1, 2, 3, 4, 5, 6, 7, 8, 9, 10, 11, 12]]","[[1, 2, 3, 4, 5, 6, 7, 8, 9, 10, 11, 12]]"
00071-00000003.toc,toc,12,582,matriz,todos,b=0.05,3,13.66151202749141,14.425430386758512,1,1,0.09249010006897151,1.0,0.0,"[[1, 2, 3, 4, 5, 6, 7, 8, 9, 10, 11, 12]]","[[1, 2, 3, 4, 5, 6, 7, 8, 9, 10, 11, 12]]"
00071-00000003.toc,toc,12,582,matriz,todos,b=0.1,3,13.66151202749141,16.61314521603612,1,1,0.11361500003840774,1.0,0.0,"[[1, 2, 3, 4, 5, 6, 7, 8, 9, 10, 11, 12]]","[[1, 2, 3, 4, 5, 6, 7, 8, 9, 10, 11, 12]]"
00071-00000003.toc,toc,12,582,matriz,aleatoria,b=0.01,4,13.66151202749141,13.53700421138453,1,1,0.05757359997369349,1.0,0.0,"[[1, 2, 3, 4, 5, 6, 7, 8, 9, 10, 11, 12]]","[[1, 2, 3, 4, 5, 6, 7, 8, 9, 10, 11, 12]]"
00071-00000003.toc,toc,12,582,matriz,aleatoria,b=0.05,4,13.66151202749141,13.286395627369387,1,1,0.06525509990751743,1.0,0.0,"[[1, 2, 3, 4, 5, 6, 7, 8, 9, 10, 11, 12]]","[[1, 2, 3, 4, 5, 6, 7, 8, 9, 10, 11, 12]]"
00071-00000003.toc,toc,12,582,matriz,aleatoria,b=0.1,4,13.66151202749141,13.284002866165961,1,1,0.05246500007342547,1.0,0.0,"[[1, 2, 3, 4, 5, 6, 7, 8, 9, 10, 11, 12]]","[[1, 2, 3, 4, 5, 6, 7, 8, 9, 10, 11, 12]]"
00071-00000003.toc,toc,12,582,matriz,cerca_empate,b=0.01,4,13.66151202749141,13.685111492880043,1,1,0.0715042999945581,1.0,0.0,"[[1, 2, 3, 4, 5, 6, 7, 8, 9, 10, 11, 12]]","[[1, 2, 3, 4, 5, 6, 7, 8, 9, 10, 11, 12]]"
00071-00000003.toc,toc,12,582,matriz,cerca_empate,b=0.05,4,13.66151202749141,15.934371258637158,1,1,0.0693079000338912,1.0,0.0,"[[1, 2, 3, 4, 5, 6, 7, 8, 9, 10, 11, 12]]","[[1, 2, 3, 4, 5, 6, 7, 8, 9, 10, 11, 12]]"
00071-00000003.toc,toc,12,582,matriz,cerca_empate,b=0.1,4,13.66151202749141,19.55430952758359,1,1,0.15526789997238666,1.0,0.0,"[[1, 2, 3, 4, 5, 6, 7, 8, 9, 10, 11, 12]]","[[1, 2, 3, 4, 5, 6, 7, 8, 9, 10, 11, 12]]"
00071-00000003.toc,toc,12,582,matriz,todos,b=0.01,4,13.66151202749141,13.654068351247846,1,1,0.07771649991627783,1.0,0.0,"[[1, 2, 3, 4, 5, 6, 7, 8, 9, 10, 11, 12]]","[[1, 2, 3, 4, 5, 6, 7, 8, 9, 10, 11, 12]]"
00071-00000003.toc,toc,12,582,matriz,todos,b=0.05,4,13.66151202749141,15.15789737424944,1,1,0.16664439998567104,1.0,0.0,"[[1, 2, 3, 4, 5, 6, 7, 8, 9, 10, 11, 12]]","[[1, 2, 3, 4, 5, 6, 7, 8, 9, 10, 11, 12]]"
00071-00000003.toc,toc,12,582,matriz,todos,b=0.1,4,13.66151202749141,18.80654978107933,1,1,0.14943300001323223,1.0,0.0,"[[1, 2, 3, 4, 5, 6, 7, 8, 9, 10, 11, 12]]","[[1, 2, 3, 4, 5, 6, 7, 8, 9, 10, 11, 12]]"
00071-00000004.toc,toc,12,568,matriz,aleatoria,b=0.01,0,12.96654929577465,12.88706921691122,1,1,0.055898800026625395,1.0,0.0,"[[1, 2, 3, 4, 5, 6, 7, 8, 9, 10, 11, 12]]","[[1, 2, 3, 4, 5, 6, 7, 8, 9, 10, 11, 12]]"
00071-00000004.toc,toc,12,568,matriz,aleatoria,b=0.05,0,12.96654929577465,13.004214550105363,1,1,0.043303199927322567,1.0,0.0,"[[1, 2, 3, 4, 5, 6, 7, 8, 9, 10, 11, 12]]","[[1, 2, 3, 4, 5, 6, 7, 8, 9, 10, 11, 12]]"
00071-00000004.toc,toc,12,568,matriz,aleatoria,b=0.1,0,12.96654929577465,14.19658019480343,1,1,0.044929300085641444,1.0,0.0,"[[1, 2, 3, 4, 5, 6, 7, 8, 9, 10, 11, 12]]","[[1, 2, 3, 4, 5, 6, 7, 8, 9, 10, 11, 12]]"
00071-00000004.toc,toc,12,568,matriz,cerca_empate,b=0.01,0,12.96654929577465,13.056151612355468,1,1,0.060402799979783595,1.0,0.0,"[[1, 2, 3, 4, 5, 6, 7, 8, 9, 10, 11, 12]]","[[1, 2, 3, 4, 5, 6, 7, 8, 9, 10, 11, 12]]"
00071-00000004.toc,toc,12,568,matriz,cerca_empate,b=0.05,0,12.96654929577465,15.464539831656744,1,1,0.0678022000938654,1.0,0.0,"[[1, 2, 3, 4, 5, 6, 7, 8, 9, 10, 11, 12]]","[[1, 2, 3, 4, 5, 6, 7, 8, 9, 10, 11, 12]]"
00071-00000004.toc,toc,12,568,matriz,cerca_empate,b=0.1,0,12.96654929577465,19.601964098399428,1,1,0.09016870008781552,1.0,0.0,"[[1, 2, 3, 4, 5, 6, 7, 8, 9, 10, 11, 12]]","[[1, 2, 3, 4, 5, 6, 7, 8, 9, 10, 11, 12]]"
00071-00000004.toc,toc,12,568,matriz,todos,b=0.01,0,12.96654929577465,13.394134449866078,1,1,0.06800059997476637,1.0,0.0,"[[1, 2, 3, 4, 5, 6, 7, 8, 9, 10, 11, 12]]","[[1, 2, 3, 4, 5, 6, 7, 8, 9, 10, 11, 12]]"
00071-00000004.toc,toc,12,568,matriz,todos,b=0.05,0,12.96654929577465,16.66424304566969,1,1,0.13188630004879087,1.0,0.0,"[[1, 2, 3, 4, 5, 6, 7, 8, 9, 10, 11, 12]]","[[1, 2, 3, 4, 5, 6, 7, 8, 9, 10, 11, 12]]"
00071-00000004.toc,toc,12,568,matriz,todos,b=0.1,0,12.96654929577465,21.315126771651904,1,1,0.19518409995362163,1.0,0.0,"[[1, 2, 3, 4, 5, 6, 7, 8, 9, 10, 11, 12]]","[[1, 2, 3, 4, 5, 6, 7, 8, 9, 10, 11, 12]]"
00071-00000004.toc,toc,12,568,matriz,aleatoria,b=0.01,1,12.96654929577465,12.918318578043518,1,1,0.04795799998100847,1.0,0.0,"[[1, 2, 3, 4, 5, 6, 7, 8, 9, 10, 11, 12]]","[[1, 2, 3, 4, 5, 6, 7, 8, 9, 10, 11, 12]]"
00071-00000004.toc,toc,12,568,matriz,aleatoria,b=0.05,1,12.96654929577465,13.308613619266083,1,1,0.07149340002797544,1.0,0.0,"[[1, 2, 3, 4, 5, 6, 7, 8, 9, 10, 11, 12]]","[[1, 2, 3, 4, 5, 6, 7, 8, 9, 10, 11, 12]]"
00071-00000004.toc,toc,12,568,matriz,aleatoria,b=0.1,1,12.96654929577465,14.51175512632864,1,1,0.06476769992150366,1.0,0.0,"[[1, 2, 3, 4, 5, 6, 7, 8, 9, 10, 11, 12]]","[[1, 2, 3, 4, 5, 6, 7, 8, 9, 10, 11, 12]]"
00071-00000004.toc,toc,12,568,matriz,cerca_empate,b=0.01,1,12.96654929577465,13.26621378400868,1,1,0.06294929992873222,1.0,0.0,"[[1, 2, 3, 4, 5, 6, 7, 8, 9, 10, 11, 12]]","[[1, 2, 3, 4, 5, 6, 7, 8, 9, 10, 11, 12]]"
00071-00000004.toc,toc,12,568,matriz,cerca_empate,b=0.05,1,12.96654929577465,15.13361112288502,1,1,0.03817630000412464,1.0,0.0,"[[1, 2, 3, 4, 5, 6, 7, 8, 9, 10, 11, 12]]","[[1, 2, 3, 4, 5, 6, 7, 8, 9, 10, 11, 12]]"
00071-00000004.toc,toc,12,568,matriz,cerca_empate,b=0.1,1,12.96654929577465,18.394745293444497,1,1,0.06827030004933476,1.0,0.0,"[[1, 2, 3, 4, 5, 6, 7, 8, 9, 10, 11, 12]]","[[1, 2, 3, 4, 5, 6, 7, 8, 9, 10, 11, 12]]"
00071-00000004.toc,toc,12,568,matriz,todos,b=0.01,1,12.96654929577465,13.100894024551629,1,1,0.06446620007045567,1.0,0.0,"[[1, 2, 3, 4, 5, 6, 7, 8, 9, 10, 11, 12]]","[[1, 2, 3, 4, 5, 6, 7, 8, 9, 10, 11, 12]]"
00071-00000004.toc,toc,12,568,matriz,todos,b=0.05,1,12.96654929577465,14.95341764066437,1,1,0.06826970004476607,1.0,0.0,"[[1, 2, 3, 4, 5, 6, 7, 8, 9, 10, 11, 12]]","[[1, 2, 3, 4, 5, 6, 7, 8, 9, 10, 11, 12]]"
00071-00000004.toc,toc,12,568,matriz,todos,b=0.1,1,12.96654929577465,18.680827648617708,1,1,0.14346920000389218,1.0,0.0,"[[1, 2, 3, 4, 5, 6, 7, 8, 9, 10, 11, 12]]","[[1, 2, 3, 4, 5, 6, 7, 8, 9, 10, 11, 12]]"
00071-00000004.toc,toc,12,568,matriz,aleatoria,b=0.01,2,12.96654929577465,13.003908305467235,1,1,0.03718650003429502,1.0,0.0,"[[1, 2, 3, 4, 5, 6, 7, 8, 9, 10, 11, 12]]","[[1, 2, 3, 4, 5, 6, 7, 8, 9, 10, 11, 12]]"
00071-00000004.toc,toc,12,568,matriz,aleatoria,b=0.05,2,12.96654929577465,13.53330113604581,1,1,0.05532589997164905,1.0,0.0,"[[1, 2, 3, 4, 5, 6, 7, 8, 9, 10, 11, 12]]","[[1, 2, 3, 4, 5, 6, 7, 8, 9, 10, 11, 12]]"
00071-00000004.toc,toc,12,568,matriz,aleatoria,b=0.1,2,12.96654929577465,14.633196849996008,1,1,0.06428030005190521,1.0,0.0,"[[1, 2, 3, 4, 5, 6, 7, 8, 9, 10, 11, 12]]","[[1, 2, 3, 4, 5, 6, 7, 8, 9, 10, 11, 12]]"
00071-00000004.toc,toc,12,568,matriz,cerca_empate,b=0.01,2,12.96654929577465,12.714157467281767,1,1,0.07356070005334914,1.0,0.0,"[[1, 2, 3, 4, 5, 6, 7, 8, 9, 10, 11, 12]]","[[1, 2, 3, 4, 5, 6, 7, 8, 9, 10, 11, 12]]"
00071-00000004.toc,toc,12,568,matriz,cerca_empate,b=0.05,2,12.96654929577465,13.38195451885894,1,1,0.06001669995021075,1.0,0.0,"[[1, 2, 3, 4, 5, 6, 7, 8, 9, 10, 11, 12]]","[[1, 2, 3, 4, 5, 6, 7, 8, 9, 10, 11, 12]]"
00071-00000004.toc,toc,12,568,matriz,cerca_empate,b=0.1,2,12.96654929577465,15.540774409139038,1,1,0.04451609996613115,1.0,0.0,"[[1, 2, 3, 4, 5, 6, 7, 8, 9, 10, 11, 12]]","[[1, 2, 3, 4, 5, 6, 7, 8, 9, 10, 11, 12]]"
00071-00000004.toc,toc,12,568,matriz,todos,b=0.01,2,12.96654929577465,12.732992326262705,1,1,0.06022870005108416,1.0,0.0,"[[1, 2, 3, 4, 5, 6, 7, 8, 9, 10, 11, 12]]","[[1, 2, 3, 4, 5, 6, 7, 8, 9, 10, 11, 12]]"
00071-00000004.toc,toc,12,568,matriz,todos,b=0.05,2,12.96654929577465,13.099130710611128,1,1,0.06833040004130453,1.0,0.0,"[[1, 2, 3, 4, 5, 6, 7, 8, 9, 10, 11, 12]]","[[1, 2, 3, 4, 5, 6, 7, 8, 9, 10, 11, 12]]"
00071-00000004.toc,toc,12,568,matriz,todos,b=0.1,2,12.96654929577465,15.994992488486947,1,1,0.06890880002174526,1.0,0.0,"[[1, 2, 3, 4, 5, 6, 7, 8, 9, 10, 11, 12]]","[[1, 2, 3, 4, 5, 6, 7, 8, 9, 10, 11, 12]]"
00071-00000004.toc,toc,12,568,matriz,aleatoria,b=0.01,3,12.96654929577465,13.142269371025392,1,1,0.03935129998717457,1.0,0.0,"[[1, 2, 3, 4, 5, 6, 7, 8, 9, 10, 11, 12]]","[[1, 2, 3, 4, 5, 6, 7, 8, 9, 10, 11, 12]]"
00071-00000004.toc,toc,12,568,matriz,aleatoria,b=0.05,3,12.96654929577465,14.03799015349784,1,1,0.06162500008940697,1.0,0.0,"[[1, 2, 3, 4, 5, 6, 7, 8, 9, 10, 11, 12]]","[[1, 2, 3, 4, 5, 6, 7, 8, 9, 10, 11, 12]]"
00071-00000004.toc,toc,12,568,matriz,aleatoria,b=0.1,3,12.96654929577465,15.081611942692616,1,1,0.06751179997809231,1.0,0.0,"[[1, 2, 3, 4, 5, 6, 7, 8, 9, 10, 11, 12]]","[[1, 2, 3, 4, 5, 6, 7, 8, 9, 10, 11, 12]]"
00071-00000004.toc,toc,12,568,matriz,cerca_empate,b=0.01,3,12.96654929577465,12.88773830834984,1,1,0.058503299951553345,1.0,0.0,"[[1, 2, 3, 4, 5, 6, 7, 8, 9, 10, 11, 12]]","[[1, 2, 3, 4, 5, 6, 7, 8, 9, 10, 11, 12]]"
00071-00000004.toc,toc,12,568,matriz,cerca_empate,b=0.05,3,12.96654929577465,14.407762422239381,1,1,0.03773700003512204,1.0,0.0,"[[1, 2, 3, 4, 5, 6, 7, 8, 9, 10, 11, 12]]","[[1, 2, 3, 4, 5, 6, 7, 8, 9, 10, 11, 12]]"
00071-00000004.toc,toc,12,568,matriz,cerca_empate,b=0.1,3,12.96654929577465,17.46136154336377,1,1,0.06467490002978593,1.0,0.0,"[[1, 2, 3, 4, 5, 6, 7, 8, 9, 10, 11, 12]]","[[1, 2, 3, 4, 5, 6, 7, 8, 9, 10, 11, 12]]"
00071-00000004.toc,toc,12,568,matriz,todos,b=0.01,3,12.96654929577465,12.897937402824011,1,1,0.06535479996819049,1.0,0.0,"[[1, 2, 3, 4, 5, 6, 7, 8, 9, 10, 11, 12]]","[[1, 2, 3, 4, 5, 6, 7, 8, 9, 10, 11, 12]]"
00071-00000004.toc,toc,12,568,matriz,todos,b=0.05,3,12.96654929577465,13.476759347036314,1,1,0.054520700010471046,1.0,0.0,"[[1, 2, 3, 4, 5, 6, 7, 8, 9, 10, 11, 12]]","[[1, 2, 3, 4, 5, 6, 7, 8, 9, 10, 11, 12]]"
00071-00000004.toc,toc,12,568,matriz,todos,b=0.1,3,12.96654929577465,15.493465546207112,1,1,0.06040469999425113,1.0,0.0,"[[1, 2, 3, 4, 5, 6, 7, 8, 9, 10, 11, 12]]","[[1, 2, 3, 4, 5, 6, 7, 8, 9, 10, 11, 12]]"
00071-00000004.toc,toc,12,568,matriz,aleatoria,b=0.01,4,12.96654929577465,12.81890744175921,1,1,0.03802560002077371,1.0,0.0,"[[1, 2, 3, 4, 5, 6, 7, 8, 9, 10, 11, 12]]","[[1, 2, 3, 4, 5, 6, 7, 8, 9, 10, 11, 12]]"
00071-00000004.toc,toc,12,568,matriz,aleatoria,b=0.05,4,12.96654929577465,12.498358988290931,1,1,0.041536100092343986,1.0,0.0,"[[1, 2, 3, 4, 5, 6, 7, 8, 9, 10, 11, 12]]","[[1, 2, 3, 4, 5, 6, 7, 8, 9, 10, 11, 12]]"
00071-00000004.toc,toc,12,568,matriz,aleatoria,b=0.1,4,12.96654929577465,12.609319888575332,1,1,0.04453399998601526,1.0,0.0,"[[1, 2, 3, 4, 5, 6, 7, 8, 9, 10, 11, 12]]","[[1, 2, 3, 4, 5, 6, 7, 8, 9, 10, 11, 12]]"
00071-00000004.toc,toc,12,568,matriz,cerca_empate,b=0.01,4,12.96654929577465,12.896724362713258,1,1,0.04645020002499223,1.0,0.0,"[[1, 2, 3, 4, 5, 6, 7, 8, 9, 10, 11, 12]]","[[1, 2, 3, 4, 5, 6, 7, 8, 9, 10, 11, 12]]"
00071-00000004.toc,toc,12,568,matriz,cerca_empate,b=0.05,4,12.96654929577465,14.946032021734043,1,1,0.036629200098104775,1.0,0.0,"[[1, 2, 3, 4, 5, 6, 7, 8, 9, 10, 11, 12]]","[[1, 2, 3, 4, 5, 6, 7, 8, 9, 10, 11, 12]]"
00071-00000004.toc,toc,12,568,matriz,cerca_empate,b=0.1,4,12.96654929577465,18.33748657867935,1,1,0.05137909995391965,1.0,0.0,"[[1, 2, 3, 4, 5, 6, 7, 8, 9, 10, 11, 12]]","[[1, 2, 3, 4, 5, 6, 7, 8, 9, 10, 11, 12]]"
00071-00000004.toc,toc,12,568,matriz,todos,b=0.01,4,12.96654929577465,12.979439391500815,1,1,0.03645889996550977,1.0,0.0,"[[1, 2, 3, 4, 5, 6, 7, 8, 9, 10, 11, 12]]","[[1, 2, 3, 4, 5, 6, 7, 8, 9, 10, 11, 12]]"
00071-00000004.toc,toc,12,568,matriz,todos,b=0.05,4,12.96654929577465,14.38358843877004,1,1,0.052788999979384243,1.0,0.0,"[[1, 2, 3, 4, 5, 6, 7, 8, 9, 10, 11, 12]]","[[1, 2, 3, 4, 5, 6, 7, 8, 9, 10, 11, 12]]"
00071-00000004.toc,toc,12,568,matriz,todos,b=0.1,4,12.96654929577465,18.236521397593094,1,1,0.08660040004178882,1.0,0.0,"[[1, 2, 3, 4, 5, 6, 7, 8, 9, 10, 11, 12]]","[[1, 2, 3, 4, 5, 6, 7, 8, 9, 10, 11, 12]]"
00071-00000005.toc,toc,12,487,matriz,aleatoria,b=0.01,0,12.659137577002054,12.57367179492375,1,1,0.05384469998534769,1.0,0.0,"[[1, 2, 3, 4, 5, 6, 7, 8, 9, 10, 11, 12]]","[[1, 2, 3, 4, 5, 6, 7, 8, 9, 10, 11, 12]]"
00071-00000005.toc,toc,12,487,matriz,aleatoria,b=0.05,0,12.659137577002054,12.548616513829698,1,1,0.07010979996994138,1.0,0.0,"[[1, 2, 3, 4, 5, 6, 7, 8, 9, 10, 11, 12]]","[[1, 2, 3, 4, 5, 6, 7, 8, 9, 10, 11, 12]]"
00071-00000005.toc,toc,12,487,matriz,aleatoria,b=0.1,0,12.659137577002054,13.921621512809203,1,1,0.06729779997840524,1.0,0.0,"[[1, 2, 3, 4, 5, 6, 7, 8, 9, 10, 11, 12]]","[[1, 2, 3, 4, 5, 6, 7, 8, 9, 10, 11, 12]]"
00071-00000005.toc,toc,12,487,matriz,cerca_empate,b=0.01,0,12.659137577002054,12.874118935347392,1,1,0.054275100002996624,1.0,0.0,"[[1, 2, 3, 4, 5, 6, 7, 8, 9, 10, 11, 12]]","[[1, 2, 3, 4, 5, 6, 7, 8, 9, 10, 11, 12]]"
00071-00000005.toc,toc,12,487,matriz,cerca_empate,b=0.05,0,12.659137577002054,15.569856857554257,1,1,0.10315159999299794,1.0,0.0,"[[1, 2, 3, 4, 5, 6, 7, 8, 9, 10, 11, 12]]","[[1, 2, 3, 4, 5, 6, 7, 8, 9, 10, 11, 12]]"
00071-00000005.toc,toc,12,487,matriz,cerca_empate,b=0.1,0,12.659137577002054,19.685427516148028,1,1,0.09011109999846667,1.0,0.0,"[[1, 2, 3, 4, 5, 6, 7, 8, 9, 10, 11, 12]]","[[1, 2, 3, 4, 5, 6, 7, 8, 9, 10, 11, 12]]"
00071-00000005.toc,toc,12,487,matriz,todos,b=0.01,0,12.659137577002054,12.756030905357145,1,1,0.06360759993549436,1.0,0.0,"[[1, 2, 3, 4, 5, 6, 7, 8, 9, 10, 11, 12]]","[[1, 2, 3, 4, 5, 6, 7, 8, 9, 10, 11, 12]]"
00071-00000005.toc,toc,12,487,matriz,todos,b=0.05,0,12.659137577002054,16.03887957889779,1,1,0.07317609991878271,1.0,0.0,"[[1, 2, 3, 4, 5, 6, 7, 8, 9, 10, 11, 12]]","[[1, 2, 3, 4, 5, 6, 7, 8, 9, 10, 11, 12]]"
00071-00000005.toc,toc,12,487,matriz,todos,b=0.1,0,12.659137577002054,20.83516869277528,1,1,0.2702591000124812,1.0,0.0,"[[1, 2, 3, 4, 5, 6, 7, 8, 9, 10, 11, 12]]","[[1, 2, 3, 4, 5, 6, 7, 8, 9, 10, 11, 12]]"
00071-00000005.toc,toc,12,487,matriz,aleatoria,b=0.01,1,12.659137577002054,12.529611950155225,1,1,0.04943690006621182,1.0,0.0,"[[1, 2, 3, 4, 5, 6, 7, 8, 9, 10, 11, 12]]","[[1, 2, 3, 4, 5, 6, 7, 8, 9, 10, 11, 12]]"
00071-00000005.toc,toc,12,487,matriz,aleatoria,b=0.05,1,12.659137577002054,13.04900370003042,1,1,0.07038970000576228,1.0,0.0,"[[1, 2, 3, 4, 5, 6, 7, 8, 9, 10, 11, 12]]","[[1, 2, 3, 4, 5, 6, 7, 8, 9, 10, 11, 12]]"
00071-00000005.toc,toc,12,487,matriz,aleatoria,b=0.1,1,12.659137577002054,14.398524095446174,1,1,0.06982229999266565,1.0,0.0,"[[1, 2, 3, 4, 5, 6, 7, 8, 9, 10, 11, 12]]","[[1, 2, 3, 4, 5, 6, 7, 8, 9, 10, 11, 12]]"
00071-00000005.toc,toc,12,487,matriz,cerca_empate,b=0.01,1,12.659137577002054,12.973037524779238,1,1,0.03693369997199625,1.0,0.0,"[[1, 2, 3, 4, 5, 6, 7, 8, 9, 10, 11, 12]]","[[1, 2, 3, 4, 5, 6, 7, 8, 9, 10, 11, 12]]"
00071-00000005.toc,toc,12,487,matriz,cerca_empate,b=0.05,1,12.659137577002054,15.01862259134333,1,1,0.03650789998937398,1.0,0.0,"[[1, 2, 3, 4, 5, 6, 7, 8, 9, 10, 11, 12]]","[[1, 2, 3, 4, 5, 6, 7, 8, 9, 10, 11, 12]]"
00071-00000005.toc,toc,12,487,matriz,cerca_empate,b=0.1,1,12.659137577002054,18.16762471007038,1,1,0.05924670002423227,1.0,0.0,"[[1, 2, 3, 4, 5, 6, 7, 8, 9, 10, 11, 12]]","[[1, 2, 3, 4, 5, 6, 7, 8, 9, 10, 11, 12]]"
00071-00000005.toc,toc,12,487,matriz,todos,b=0.01,1,12.659137577002054,12.636359988101873,1,1,0.04937290004454553,1.0,0.0,"[[1, 2, 3, 4, 5, 6, 7, 8, 9, 10, 11, 12]]","[[1, 2, 3, 4, 5, 6, 7, 8, 9, 10, 11, 12]]"
00071-00000005.toc,toc,12,487,matriz,todos,b=0.05,1,12.659137577002054,14.34368029745047,1,1,0.06569459999445826,1.0,0.0,"[[1, 2, 3, 4, 5, 6, 7, 8, 9, 10, 11, 12]]","[[1, 2, 3, 4, 5, 6, 7, 8, 9, 10, 11, 12]]"
00071-00000005.toc,toc,12,487,matriz,todos,b=0.1,1,12.659137577002054,18.072020310881527,1,1,0.11314239993225783,1.0,0.0,"[[1, 2, 3, 4, 5, 6, 7, 8, 9, 10, 11, 12]]","[[1, 2, 3, 4, 5, 6, 7, 8, 9, 10, 11, 12]]"
00071-00000005.toc,toc,12,487,matriz,aleatoria,b=0.01,2,12.659137577002054,12.628292749332292,1,1,0.047048699925653636,1.0,0.0,"[[1, 2, 3, 4, 5, 6, 7, 8, 9, 10, 11, 12]]","[[1, 2, 3, 4, 5, 6, 7, 8, 9, 10, 11, 12]]"
00071-00000005.toc,toc,12,487,matriz,aleatoria,b=0.05,2,12.659137577002054,13.020044491455478,1,1,0.052261600038036704,1.0,0.0,"[[1, 2, 3, 4, 5, 6, 7, 8, 9, 10, 11, 12]]","[[1, 2, 3, 4, 5, 6, 7, 8, 9, 10, 11, 12]]"
00071-00000005.toc,toc,12,487,matriz,aleatoria,b=0.1,2,12.659137577002054,14.06351560762595,1,1,0.0681370000820607,1.0,0.0,"[[1, 2, 3, 4, 5, 6, 7, 8, 9, 10, 11, 12]]","[[1, 2, 3, 4, 5, 6, 7, 8, 9, 10, 11, 12]]"
00071-00000005.toc,toc,12,487,matriz,cerca_empate,b=0.01,2,12.659137577002054,12.52595869412197,1,1,0.041717299958691,1.0,0.0,"[[1, 2, 3, 4, 5, 6, 7, 8, 9, 10, 11, 12]]","[[1, 2, 3, 4, 5, 6, 7, 8, 9, 10, 11, 12]]"
00071-00000005.toc,toc,12,487,matriz,cerca_empate,b=0.05,2,12.659137577002054,13.481421091194166,1,1,0.04495749995112419,1.0,0.0,"[[1, 2, 3, 4, 5, 6, 7, 8, 9, 10, 11, 12]]","[[1, 2, 3, 4, 5, 6, 7, 8, 9, 10, 11, 12]]"
00071-00000005.toc,toc,12,487,matriz,cerca_empate,b=0.1,2,12.659137577002054,15.881905204272087,1,1,0.038517899927683175,1.0,0.0,"[[1, 2, 3, 4, 5, 6, 7, 8, 9, 10, 11, 12]]","[[1, 2, 3, 4, 5, 6, 7, 8, 9, 10, 11, 12]]"
00071-00000005.toc,toc,12,487,matriz,todos,b=0.01,2,12.659137577002054,12.458875363676464,1,1,0.046619300032034516,1.0,0.0,"[[1, 2, 3, 4, 5, 6, 7, 8, 9, 10, 11, 12]]","[[1, 2, 3, 4, 5, 6, 7, 8, 9, 10, 11, 12]]"
00071-00000005.toc,toc,12,487,matriz,todos,b=0.05,2,12.659137577002054,12.736711827800814,1,1,0.05250919994432479,1.0,0.0,"[[1, 2, 3, 4, 5, 6, 7, 8, 9, 10, 11, 12]]","[[1, 2, 3, 4, 5, 6, 7, 8, 9, 10, 11, 12]]"
00071-00000005.toc,toc,12,487,matriz,todos,b=0.1,2,12.659137577002054,15.637569325000463,1,1,0.07255469996016473,1.0,0.0,"[[1, 2, 3, 4, 5, 6, 7, 8, 9, 10, 11, 12]]","[[1, 2, 3, 4, 5, 6, 7, 8, 9, 10, 11, 12]]"
00071-00000005.toc,toc,12,487,matriz,aleatoria,b=0.01,3,12.659137577002054,12.804369051677678,1,1,0.05370839999523014,1.0,0.0,"[[1, 2, 3, 4, 5, 6, 7, 8, 9, 10, 11, 12]]","[[1, 2, 3, 4, 5, 6, 7, 8, 9, 10, 11, 12]]"
00071-00000005.toc,toc,12,487,matriz,aleatoria,b=0.05,3,12.659137577002054,13.662798797399082,1,1,0.07044370006769896,1.0,0.0,"[[1, 2, 3, 4, 5, 6, 7, 8, 9, 10, 11, 12]]","[[1, 2, 3, 4, 5, 6, 7, 8, 9, 10, 11, 12]]"
00071-00000005.toc,toc,12,487,matriz,aleatoria,b=0.1,3,12.659137577002054,14.815419820761853,1,1,0.06640170002356172,1.0,0.0,"[[1, 2, 3, 4, 5, 6, 7, 8, 9, 10, 11, 12]]","[[1, 2, 3, 4, 5, 6, 7, 8, 9, 10, 11, 12]]"
00071-00000005.toc,toc,12,487,matriz,cerca_empate,b=0.01,3,12.659137577002054,12.658626143518173,1,1,0.03796660003717989,1.0,0.0,"[[1, 2, 3, 4, 5, 6, 7, 8, 9, 10, 11, 12]]","[[1, 2, 3, 4, 5, 6, 7, 8, 9, 10, 11, 12]]"
00071-00000005.toc,toc,12,487,matriz,cerca_empate,b=0.05,3,12.659137577002054,13.759632488083245,1,1,0.052554700057953596,1.0,0.0,"[[1, 2, 3, 4, 5, 6, 7, 8, 9, 10, 11, 12]]","[[1, 2, 3, 4, 5, 6, 7, 8, 9, 10, 11, 12]]"
00071-00000005.toc,toc,12,487,matriz,cerca_empate,b=0.1,3,12.659137577002054,16.84289179144939,1,1,0.06127579999156296,1.0,0.0,"[[1, 2, 3, 4, 5, 6, 7, 8, 9, 10, 11, 12]]","[[1, 2, 3, 4, 5, 6, 7, 8, 9, 10, 11, 12]]"
00071-00000005.toc,toc,12,487,matriz,todos,b=0.01,3,12.659137577002054,12.632215381183775,1,1,0.03730109997559339,1.0,0.0,"[[1, 2, 3, 4, 5, 6, 7, 8, 9, 10, 11, 12]]","[[1, 2, 3, 4, 5, 6, 7, 8, 9, 10, 11, 12]]"
00071-00000005.toc,toc,12,487,matriz,todos,b=0.05,3,12.659137577002054,13.304852742490073,1,1,0.05281050002668053,1.0,0.0,"[[1, 2, 3, 4, 5, 6, 7, 8, 9, 10, 11, 12]]","[[1, 2, 3, 4, 5, 6, 7, 8, 9, 10, 11, 12]]"
00071-00000005.toc,toc,12,487,matriz,todos,b=0.1,3,12.659137577002054,15.782017607189664,1,1,0.09301209996920079,1.0,0.0,"[[1, 2, 3, 4, 5, 6, 7, 8, 9, 10, 11, 12]]","[[1, 2, 3, 4, 5, 6, 7, 8, 9, 10, 11, 12]]"
00071-00000005.toc,toc,12,487,matriz,aleatoria,b=0.01,4,12.659137577002054,12.563891213378733,1,1,0.05120699992403388,1.0,0.0,"[[1, 2, 3, 4, 5, 6, 7, 8, 9, 10, 11, 12]]","[[1, 2, 3, 4, 5, 6, 7, 8, 9, 10, 11, 12]]"
00071-00000005.toc,toc,12,487,matriz,aleatoria,b=0.05,4,12.659137577002054,12.182905758885447,1,1,0.05323320010211319,1.0,0.0,"[[1, 2, 3, 4, 5, 6, 7, 8, 9, 10, 11, 12]]","[[1, 2, 3, 4, 5, 6, 7, 8, 9, 10, 11, 12]]"
00071-00000005.toc,toc,12,487,matriz,aleatoria,b=0.1,4,12.659137577002054,11.965364956583732,1,1,0.0443797999760136,1.0,0.0,"[[1, 2, 3, 4, 5, 6, 7, 8, 9, 10, 11, 12]]","[[1, 2, 3, 4, 5, 6, 7, 8, 9, 10, 11, 12]]"
00071-00000005.toc,toc,12,487,matriz,cerca_empate,b=0.01,4,12.659137577002054,12.607200820775345,1,1,0.0518026000354439,1.0,0.0,"[[1, 2, 3, 4, 5, 6, 7, 8, 9, 10, 11, 12]]","[[1, 2, 3, 4, 5, 6, 7, 8, 9, 10, 11, 12]]"
00071-00000005.toc,toc,12,487,matriz,cerca_empate,b=0.05,4,12.659137577002054,14.282144166914616,1,1,0.05172550003044307,1.0,0.0,"[[1, 2, 3, 4, 5, 6, 7, 8, 9, 10, 11, 12]]","[[1, 2, 3, 4, 5, 6, 7, 8, 9, 10, 11, 12]]"
00071-00000005.toc,toc,12,487,matriz,cerca_empate,b=0.1,4,12.659137577002054,17.633147564856724,1,1,0.07423260004725307,1.0,0.0,"[[1, 2, 3, 4, 5, 6, 7, 8, 9, 10, 11, 12]]","[[1, 2, 3, 4, 5, 6, 7, 8, 9, 10, 11, 12]]"
00071-00000005.toc,toc,12,487,matriz,todos,b=0.01,4,12.659137577002054,12.569498619041966,1,1,0.049437299952842295,1.0,0.0,"[[1, 2, 3, 4, 5, 6, 7, 8, 9, 10, 11, 12]]","[[1, 2, 3, 4, 5, 6, 7, 8, 9, 10, 11, 12]]"
00071-00000005.toc,toc,12,487,matriz,todos,b=0.05,4,12.659137577002054,14.196966412395359,1,1,0.0937811000039801,1.0,0.0,"[[1, 2, 3, 4, 5, 6, 7, 8, 9, 10, 11, 12]]","[[1, 2, 3, 4, 5, 6, 7, 8, 9, 10, 11, 12]]"
00071-00000005.toc,toc,12,487,matriz,todos,b=0.1,4,12.659137577002054,18.096790913806373,1,1,0.06988910003565252,1.0,0.0,"[[1, 2, 3, 4, 5, 6, 7, 8, 9, 10, 11, 12]]","[[1, 2, 3, 4, 5, 6, 7, 8, 9, 10, 11, 12]]"
00071-00000006.toc,toc,12,501,matriz,aleatoria,b=0.01,0,13.42115768463074,13.335691902552435,1,1,0.06424540001899004,1.0,0.0,"[[1, 2, 3, 4, 5, 6, 7, 8, 9, 10, 11, 12]]","[[1, 2, 3, 4, 5, 6, 7, 8, 9, 10, 11, 12]]"
00071-00000006.toc,toc,12,501,matriz,aleatoria,b=0.05,0,13.42115768463074,13.403794800726214,1,1,0.046798800001852214,1.0,0.0,"[[1, 2, 3, 4, 5, 6, 7, 8, 9, 10, 11, 12]]","[[1, 2, 3, 4, 5, 6, 7, 8, 9, 10, 11, 12]]"
00071-00000006.toc,toc,12,501,matriz,aleatoria,b=0.1,0,13.42115768463074,14.775431569077156,1,1,0.05846910004038364,1.0,0.0,"[[1, 2, 3, 4, 5, 6, 7, 8, 9, 10, 11, 12]]","[[1, 2, 3, 4, 5, 6, 7, 8, 9, 10, 11, 12]]"
00071-00000006.toc,toc,12,501,matriz,cerca_empate,b=0.01,0,13.42115768463074,13.746032903611347,1,1,0.06642539997119457,1.0,0.0,"[[1, 2, 3, 4, 5, 6, 7, 8, 9, 10, 11, 12]]","[[1, 2, 3, 4, 5, 6, 7, 8, 9, 10, 11, 12]]"
00071-00000006.toc,toc,12,501,matriz,cerca_empate,b=0.05,0,13.42115768463074,16.08761054268672,1,1,0.053465900011360645,1.0,0.0,"[[1, 2, 3, 4, 5, 6, 7, 8, 9, 10, 11, 12]]","[[1, 2, 3, 4, 5, 6, 7, 8, 9, 10, 11, 12]]"
00071-00000006.toc,toc,12,501,matriz,cerca_empate,b=0.1,0,13.42115768463074,19.94175181366033,1,1,0.06625179992988706,1.0,0.0,"[[1, 2, 3, 4, 5, 6, 7, 8, 9, 10, 11, 12]]","[[1, 2, 3, 4, 5, 6, 7, 8, 9, 10, 11, 12]]"
00071-00000006.toc,toc,12,501,matriz,todos,b=0.01,0,13.42115768463074,13.458517175815963,1,1,0.06616090005263686,1.0,0.0,"[[1, 2, 3, 4, 5, 6, 7, 8, 9, 10, 11, 12]]","[[1, 2, 3, 4, 5, 6, 7, 8, 9, 10, 11, 12]]"
00071-00000006.toc,toc,12,501,matriz,todos,b=0.05,0,13.42115768463074,16.317201780092756,1,1,0.06740639999043196,1.0,0.0,"[[1, 2, 3, 4, 5, 6, 7, 8, 9, 10, 11, 12]]","[[1, 2, 3, 4, 5, 6, 7, 8, 9, 10, 11, 12]]"
00071-00000006.toc,toc,12,501,matriz,todos,b=0.1,0,13.42115768463074,21.22842560769402,1,1,0.37770549999549985,1.0,0.0,"[[1, 2, 3, 4, 5, 6, 7, 8, 9, 10, 11, 12]]","[[1, 2, 3, 4, 5, 6, 7, 8, 9, 10, 11, 12]]"
00071-00000006.toc,toc,12,501,matriz,aleatoria,b=0.01,1,13.42115768463074,13.29163205778391,1,1,0.12383049994241446,1.0,0.0,"[[1, 2, 3, 4, 5, 6, 7, 8, 9, 10, 11, 12]]","[[1, 2, 3, 4, 5, 6, 7, 8, 9, 10, 11, 12]]"
00071-00000006.toc,toc,12,501,matriz,aleatoria,b=0.05,1,13.42115768463074,13.793414605031469,1,1,0.10329679993446916,1.0,0.0,"[[1, 2, 3, 4, 5, 6, 7, 8, 9, 10, 11, 12]]","[[1, 2, 3, 4, 5, 6, 7, 8, 9, 10, 11, 12]]"
00071-00000006.toc,toc,12,501,matriz,aleatoria,b=0.1,1,13.42115768463074,15.14770745357591,1,1,0.08387319999746978,1.0,0.0,"[[1, 2, 3, 4, 5, 6, 7, 8, 9, 10, 11, 12]]","[[1, 2, 3, 4, 5, 6, 7, 8, 9, 10, 11, 12]]"
00071-00000006.toc,toc,12,501,matriz,cerca_empate,b=0.01,1,13.42115768463074,13.490250823032007,1,1,0.07605699996929616,1.0,0.0,"[[1, 2, 3, 4, 5, 6, 7, 8, 9, 10, 11, 12]]","[[1, 2, 3, 4, 5, 6, 7, 8, 9, 10, 11, 12]]"
00071-00000006.toc,toc,12,501,matriz,cerca_empate,b=0.05,1,13.42115768463074,15.235639059448198,1,1,0.08613249997142702,1.0,0.0,"[[1, 2, 3, 4, 5, 6, 7, 8, 9, 10, 11, 12]]","[[1, 2, 3, 4, 5, 6, 7, 8, 9, 10, 11, 12]]"
00071-00000006.toc,toc,12,501,matriz,cerca_empate,b=0.1,1,13.42115768463074,18.379461751630927,1,1,0.09369729994796216,1.0,0.0,"[[1, 2, 3, 4, 5, 6, 7, 8, 9, 10, 11, 12]]","[[1, 2, 3, 4, 5, 6, 7, 8, 9, 10, 11, 12]]"
00071-00000006.toc,toc,12,501,matriz,todos,b=0.01,1,13.42115768463074,13.380242086234814,1,1,0.08291969995480031,1.0,0.0,"[[1, 2, 3, 4, 5, 6, 7, 8, 9, 10, 11, 12]]","[[1, 2, 3, 4, 5, 6, 7, 8, 9, 10, 11, 12]]"
00071-00000006.toc,toc,12,501,matriz,todos,b=0.05,1,13.42115768463074,14.960253732183055,1,1,0.2156655000289902,1.0,0.0,"[[1, 2, 3, 4, 5, 6, 7, 8, 9, 10, 11, 12]]","[[1, 2, 3, 4, 5, 6, 7, 8, 9, 10, 11, 12]]"
00071-00000006.toc,toc,12,501,matriz,todos,b=0.1,1,13.42115768463074,18.86978443915235,1,1,0.18845080002211034,1.0,0.0,"[[1, 2, 3, 4, 5, 6, 7, 8, 9, 10, 11, 12]]","[[1, 2, 3, 4, 5, 6, 7, 8, 9, 10, 11, 12]]"
00071-00000006.toc,toc,12,501,matriz,aleatoria,b=0.01,2,13.42115768463074,13.371261039603416,1,1,0.15237010002601892,1.0,0.0,"[[1, 2, 3, 4, 5, 6, 7, 8, 9, 10, 11, 12]]","[[1, 2, 3, 4, 5, 6, 7, 8, 9, 10, 11, 12]]"
00071-00000006.toc,toc,12,501,matriz,aleatoria,b=0.05,2,13.42115768463074,13.67487866662199,1,1,0.07258709997404367,1.0,0.0,"[[1, 2, 3, 4, 5, 6, 7, 8, 9, 10, 11, 12]]","[[1, 2, 3, 4, 5, 6, 7, 8, 9, 10, 11, 12]]"
00071-00000006.toc,toc,12,501,matriz,aleatoria,b=0.1,2,13.42115768463074,14.630369791630441,1,1,0.06767839996609837,1.0,0.0,"[[1, 2, 3, 4, 5, 6, 7, 8, 9, 10, 11, 12]]","[[1, 2, 3, 4, 5, 6, 7, 8, 9, 10, 11, 12]]"
00071-00000006.toc,toc,12,501,matriz,cerca_empate,b=0.01,2,13.42115768463074,13.523296941597717,1,1,0.05234910000581294,1.0,0.0,"[[1, 2, 3, 4, 5, 6, 7, 8, 9, 10, 11, 12]]","[[1, 2, 3, 4, 5, 6, 7, 8, 9, 10, 11, 12]]"
00071-00000006.toc,toc,12,501,matriz,cerca_empate,b=0.05,2,13.42115768463074,14.772543557690636,1,1,0.0514604999916628,1.0,0.0,"[[1, 2, 3, 4, 5, 6, 7, 8, 9, 10, 11, 12]]","[[1, 2, 3, 4, 5, 6, 7, 8, 9, 10, 11, 12]]"
00071-00000006.toc,toc,12,501,matriz,cerca_empate,b=0.1,2,13.42115768463074,17.034749173455726,1,1,0.05130319995805621,1.0,0.0,"[[1, 2, 3, 4, 5, 6, 7, 8, 9, 10, 11, 12]]","[[1, 2, 3, 4, 5, 6, 7, 8, 9, 10, 11, 12]]"
00071-00000006.toc,toc,12,501,matriz,todos,b=0.01,2,13.42115768463074,13.214007451326626,1,1,0.05836589995305985,1.0,0.0,"[[1, 2, 3, 4, 5, 6, 7, 8, 9, 10, 11, 12]]","[[1, 2, 3, 4, 5, 6, 7, 8, 9, 10, 11, 12]]"
00071-00000006.toc,toc,12,501,matriz,todos,b=0.05,2,13.42115768463074,13.326290994441944,1,1,0.05832449998706579,1.0,0.0,"[[1, 2, 3, 4, 5, 6, 7, 8, 9, 10, 11, 12]]","[[1, 2, 3, 4, 5, 6, 7, 8, 9, 10, 11, 12]]"
00071-00000006.toc,toc,12,501,matriz,todos,b=0.1,2,13.42115768463074,15.908178004971118,1,1,0.09870730002876371,1.0,0.0,"[[1, 2, 3, 4, 5, 6, 7, 8, 9, 10, 11, 12]]","[[1, 2, 3, 4, 5, 6, 7, 8, 9, 10, 11, 12]]"
00071-00000006.toc,toc,12,501,matriz,aleatoria,b=0.01,3,13.42115768463074,13.56727120254446,1,1,0.06135950004681945,1.0,0.0,"[[1, 2, 3, 4, 5, 6, 7, 8, 9, 10, 11, 12]]","[[1, 2, 3, 4, 5, 6, 7, 8, 9, 10, 11, 12]]"
00071-00000006.toc,toc,12,501,matriz,aleatoria,b=0.05,3,13.42115768463074,14.407678965868135,1,1,0.0630537000251934,1.0,0.0,"[[1, 2, 3, 4, 5, 6, 7, 8, 9, 10, 11, 12]]","[[1, 2, 3, 4, 5, 6, 7, 8, 9, 10, 11, 12]]"
00071-00000006.toc,toc,12,501,matriz,aleatoria,b=0.1,3,13.42115768463074,15.519110930341194,1,1,0.06692449992988259,1.0,0.0,"[[1, 2, 3, 4, 5, 6, 7, 8, 9, 10, 11, 12]]","[[1, 2, 3, 4, 5, 6, 7, 8, 9, 10, 11, 12]]"
00071-00000006.toc,toc,12,501,matriz,cerca_empate,b=0.01,3,13.42115768463074,13.544686587196951,1,1,0.06191629997920245,1.0,0.0,"[[1, 2, 3, 4, 5, 6, 7, 8, 9, 10, 11, 12]]","[[1, 2, 3, 4, 5, 6, 7, 8, 9, 10, 11, 12]]"
00071-00000006.toc,toc,12,501,matriz,cerca_empate,b=0.05,3,13.42115768463074,15.156366425310257,1,1,0.057215599925257266,1.0,0.0,"[[1, 2, 3, 4, 5, 6, 7, 8, 9, 10, 11, 12]]","[[1, 2, 3, 4, 5, 6, 7, 8, 9, 10, 11, 12]]"
00071-00000006.toc,toc,12,501,matriz,cerca_empate,b=0.1,3,13.42115768463074,17.762848806555038,1,1,0.05832059995736927,1.0,0.0,"[[1, 2, 3, 4, 5, 6, 7, 8, 9, 10, 11, 12]]","[[1, 2, 3, 4, 5, 6, 7, 8, 9, 10, 11, 12]]"
00071-00000006.toc,toc,12,501,matriz,todos,b=0.01,3,13.42115768463074,13.30047846769827,1,1,0.052609500009566545,1.0,0.0,"[[1, 2, 3, 4, 5, 6, 7, 8, 9, 10, 11, 12]]","[[1, 2, 3, 4, 5, 6, 7, 8, 9, 10, 11, 12]]"
00071-00000006.toc,toc,12,501,matriz,todos,b=0.05,3,13.42115768463074,13.811336441681416,1,1,0.05301469995174557,1.0,0.0,"[[1, 2, 3, 4, 5, 6, 7, 8, 9, 10, 11, 12]]","[[1, 2, 3, 4, 5, 6, 7, 8, 9, 10, 11, 12]]"
00071-00000006.toc,toc,12,501,matriz,todos,b=0.1,3,13.42115768463074,16.018183575239014,1,1,0.06389009999111295,1.0,0.0,"[[1, 2, 3, 4, 5, 6, 7, 8, 9, 10, 11, 12]]","[[1, 2, 3, 4, 5, 6, 7, 8, 9, 10, 11, 12]]"
00071-00000006.toc,toc,12,501,matriz,aleatoria,b=0.01,4,13.42115768463074,13.30645922994376,1,1,0.05049440008588135,1.0,0.0,"[[1, 2, 3, 4, 5, 6, 7, 8, 9, 10, 11, 12]]","[[1, 2, 3, 4, 5, 6, 7, 8, 9, 10, 11, 12]]"
00071-00000006.toc,toc,12,501,matriz,aleatoria,b=0.05,4,13.42115768463074,12.86907756312092,1,1,0.056314699933864176,1.0,0.0,"[[1, 2, 3, 4, 5, 6, 7, 8, 9, 10, 11, 12]]","[[1, 2, 3, 4, 5, 6, 7, 8, 9, 10, 11, 12]]"
00071-00000006.toc,toc,12,501,matriz,aleatoria,b=0.1,4,13.42115768463074,12.578778786009071,1,1,0.06131589994765818,1.0,0.0,"[[1, 2, 3, 4, 5, 6, 7, 8, 9, 10, 11, 12]]","[[1, 2, 3, 4, 5, 6, 7, 8, 9, 10, 11, 12]]"
00071-00000006.toc,toc,12,501,matriz,cerca_empate,b=0.01,4,13.42115768463074,13.476987674511987,1,1,0.06282490002922714,1.0,0.0,"[[1, 2, 3, 4, 5, 6, 7, 8, 9, 10, 11, 12]]","[[1, 2, 3, 4, 5, 6, 7, 8, 9, 10, 11, 12]]"
00071-00000006.toc,toc,12,501,matriz,cerca_empate,b=0.05,4,13.42115768463074,15.53527473135729,1,1,0.06465299997944385,1.0,0.0,"[[1, 2, 3, 4, 5, 6, 7, 8, 9, 10, 11, 12]]","[[1, 2, 3, 4, 5, 6, 7, 8, 9, 10, 11, 12]]"
00071-00000006.toc,toc,12,501,matriz,cerca_empate,b=0.1,4,13.42115768463074,18.816680588065825,1,1,0.08158140000887215,1.0,0.0,"[[1, 2, 3, 4, 5, 6, 7, 8, 9, 10, 11, 12]]","[[1, 2, 3, 4, 5, 6, 7, 8, 9, 10, 11, 12]]"
00071-00000006.toc,toc,12,501,matriz,todos,b=0.01,4,13.42115768463074,13.296392281400026,1,1,0.06302210001740605,1.0,0.0,"[[1, 2, 3, 4, 5, 6, 7, 8, 9, 10, 11, 12]]","[[1, 2, 3, 4, 5, 6, 7, 8, 9, 10, 11, 12]]"
00071-00000006.toc,toc,12,501,matriz,todos,b=0.05,4,13.42115768463074,15.07456171423056,1,1,0.08314600004814565,1.0,0.0,"[[1, 2, 3, 4, 5, 6, 7, 8, 9, 10, 11, 12]]","[[1, 2, 3, 4, 5, 6, 7, 8, 9, 10, 11, 12]]"
00071-00000006.toc,toc,12,501,matriz,todos,b=0.1,4,13.42115768463074,18.848604657138303,1,1,0.14487279998138547,1.0,0.0,"[[1, 2, 3, 4, 5, 6, 7, 8, 9, 10, 11, 12]]","[[1, 2, 3, 4, 5, 6, 7, 8, 9, 10, 11, 12]]"
00071-00000007.toc,toc,12,227,matriz,aleatoria,b=0.01,0,15.497797356828196,15.412331574749892,1,1,0.0624995999969542,1.0,0.0,"[[1, 2, 3, 4, 5, 6, 7, 8, 9, 10, 11, 12]]","[[1, 2, 3, 4, 5, 6, 7, 8, 9, 10, 11, 12]]"
00071-00000007.toc,toc,12,227,matriz,aleatoria,b=0.05,0,15.497797356828196,15.385304073682276,1,1,0.06225869990885258,1.0,0.0,"[[1, 2, 3, 4, 5, 6, 7, 8, 9, 10, 11, 12]]","[[1, 2, 3, 4, 5, 6, 7, 8, 9, 10, 11, 12]]"
00071-00000007.toc,toc,12,227,matriz,aleatoria,b=0.1,0,15.497797356828196,16.46194624157225,1,1,0.06233159999828786,1.0,0.0,"[[1, 2, 3, 4, 5, 6, 7, 8, 9, 10, 11, 12]]","[[1, 2, 3, 4, 5, 6, 7, 8, 9, 10, 11, 12]]"
00071-00000007.toc,toc,12,227,matriz,cerca_empate,b=0.01,0,15.497797356828196,15.44911268432922,1,1,0.0620523999677971,1.0,0.0,"[[1, 2, 3, 4, 5, 6, 7, 8, 9, 10, 11, 12]]","[[1, 2, 3, 4, 5, 6, 7, 8, 9, 10, 11, 12]]"
00071-00000007.toc,toc,12,227,matriz,cerca_empate,b=0.05,0,15.497797356828196,17.126272038104744,1,1,0.06395520002115518,1.0,0.0,"[[1, 2, 3, 4, 5, 6, 7, 8, 9, 10, 11, 12]]","[[1, 2, 3, 4, 5, 6, 7, 8, 9, 10, 11, 12]]"
00071-00000007.toc,toc,12,227,matriz,cerca_empate,b=0.1,0,15.497797356828196,20.61583221155346,1,1,0.1652073001023382,1.0,0.0,"[[1, 2, 3, 4, 5, 6, 7, 8, 9, 10, 11, 12]]","[[1, 2, 3, 4, 5, 6, 7, 8, 9, 10, 11, 12]]"
00071-00000007.toc,toc,12,227,matriz,todos,b=0.01,0,15.497797356828196,15.545113038939913,1,1,0.0630447999574244,1.0,0.0,"[[1, 2, 3, 4, 5, 6, 7, 8, 9, 10, 11, 12]]","[[1, 2, 3, 4, 5, 6, 7, 8, 9, 10, 11, 12]]"
00071-00000007.toc,toc,12,227,matriz,todos,b=0.05,0,15.497797356828196,18.227690111563607,1,1,0.20122850011102855,1.0,0.0,"[[1, 2, 3, 4, 5, 6, 7, 8, 9, 10, 11, 12]]","[[1, 2, 3, 4, 5, 6, 7, 8, 9, 10, 11, 12]]"
00071-00000007.toc,toc,12,227,matriz,todos,b=0.1,0,15.497797356828196,22.804757196894485,1,1,0.469324600067921,1.0,0.0,"[[1, 2, 3, 4, 5, 6, 7, 8, 9, 10, 11, 12]]","[[1, 2, 3, 4, 5, 6, 7, 8, 9, 10, 11, 12]]"
00071-00000007.toc,toc,12,227,matriz,aleatoria,b=0.01,1,15.497797356828196,15.391433769094132,1,1,0.06390840001404285,1.0,0.0,"[[1, 2, 3, 4, 5, 6, 7, 8, 9, 10, 11, 12]]","[[1, 2, 3, 4, 5, 6, 7, 8, 9, 10, 11, 12]]"
00071-00000007.toc,toc,12,227,matriz,aleatoria,b=0.05,1,15.497797356828196,15.394204904797597,1,1,0.06437170004937798,1.0,0.0,"[[1, 2, 3, 4, 5, 6, 7, 8, 9, 10, 11, 12]]","[[1, 2, 3, 4, 5, 6, 7, 8, 9, 10, 11, 12]]"
00071-00000007.toc,toc,12,227,matriz,aleatoria,b=0.1,1,15.497797356828196,16.6673495511315,1,1,0.13165650004521012,1.0,0.0,"[[1, 2, 3, 4, 5, 6, 7, 8, 9, 10, 11, 12]]","[[1, 2, 3, 4, 5, 6, 7, 8, 9, 10, 11, 12]]"
00071-00000007.toc,toc,12,227,matriz,cerca_empate,b=0.01,1,15.497797356828196,15.456413515395262,1,1,0.06402049993630499,1.0,0.0,"[[1, 2, 3, 4, 5, 6, 7, 8, 9, 10, 11, 12]]","[[1, 2, 3, 4, 5, 6, 7, 8, 9, 10, 11, 12]]"
00071-00000007.toc,toc,12,227,matriz,cerca_empate,b=0.05,1,15.497797356828196,16.64683102779948,1,1,0.062327099964022636,1.0,0.0,"[[1, 2, 3, 4, 5, 6, 7, 8, 9, 10, 11, 12]]","[[1, 2, 3, 4, 5, 6, 7, 8, 9, 10, 11, 12]]"
00071-00000007.toc,toc,12,227,matriz,cerca_empate,b=0.1,1,15.497797356828196,19.322665031656843,1,1,0.11172030004672706,1.0,0.0,"[[1, 2, 3, 4, 5, 6, 7, 8, 9, 10, 11, 12]]","[[1, 2, 3, 4, 5, 6, 7, 8, 9, 10, 11, 12]]"
00071-00000007.toc,toc,12,227,matriz,todos,b=0.01,1,15.497797356828196,15.45344803074873,1,1,0.0649136999854818,1.0,0.0,"[[1, 2, 3, 4, 5, 6, 7, 8, 9, 10, 11, 12]]","[[1, 2, 3, 4, 5, 6, 7, 8, 9, 10, 11, 12]]"
00071-00000007.toc,toc,12,227,matriz,todos,b=0.05,1,15.497797356828196,16.05480443839723,1,1,0.23614769999403507,1.0,0.0,"[[1, 2, 3, 4, 5, 6, 7, 8, 9, 10, 11, 12]]","[[1, 2, 3, 4, 5, 6, 7, 8, 9, 10, 11, 12]]"
00071-00000007.toc,toc,12,227,matriz,todos,b=0.1,1,15.497797356828196,19.845492671713643,1,1,0.19129340001381934,1.0,0.0,"[[1, 2, 3, 4, 5, 6, 7, 8, 9, 10, 11, 12]]","[[1, 2, 3, 4, 5, 6, 7, 8, 9, 10, 11, 12]]"
00071-00000007.toc,toc,12,227,matriz,aleatoria,b=0.01,2,15.497797356828196,15.447900711800871,1,1,0.06343570002354681,1.0,0.0,"[[1, 2, 3, 4, 5, 6, 7, 8, 9, 10, 11, 12]]","[[1, 2, 3, 4, 5, 6, 7, 8, 9, 10, 11, 12]]"
00071-00000007.toc,toc,12,227,matriz,aleatoria,b=0.05,2,15.497797356828196,15.668338037436845,1,1,0.08424160000868142,1.0,0.0,"[[1, 2, 3, 4, 5, 6, 7, 8, 9, 10, 11, 12]]","[[1, 2, 3, 4, 5, 6, 7, 8, 9, 10, 11, 12]]"
00071-00000007.toc,toc,12,227,matriz,aleatoria,b=0.1,2,15.497797356828196,16.344046471128912,1,1,0.1102200000314042,1.0,0.0,"[[1, 2, 3, 4, 5, 6, 7, 8, 9, 10, 11, 12]]","[[1, 2, 3, 4, 5, 6, 7, 8, 9, 10, 11, 12]]"
00071-00000007.toc,toc,12,227,matriz,cerca_empate,b=0.01,2,15.497797356828196,15.45762060683338,1,1,0.06324410007800907,1.0,0.0,"[[1, 2, 3, 4, 5, 6, 7, 8, 9, 10, 11, 12]]","[[1, 2, 3, 4, 5, 6, 7, 8, 9, 10, 11, 12]]"
00071-00000007.toc,toc,12,227,matriz,cerca_empate,b=0.05,2,15.497797356828196,15.932469506348955,1,1,0.06303770001977682,1.0,0.0,"[[1, 2, 3, 4, 5, 6, 7, 8, 9, 10, 11, 12]]","[[1, 2, 3, 4, 5, 6, 7, 8, 9, 10, 11, 12]]"
00071-00000007.toc,toc,12,227,matriz,cerca_empate,b=0.1,2,15.497797356828196,17.91141970538609,1,1,0.062040400109253824,1.0,0.0,"[[1, 2, 3, 4, 5, 6, 7, 8, 9, 10, 11, 12]]","[[1, 2, 3, 4, 5, 6, 7, 8, 9, 10, 11, 12]]"
00071-00000007.toc,toc,12,227,matriz,todos,b=0.01,2,15.497797356828196,15.324554367831759,1,1,0.06160819996148348,1.0,0.0,"[[1, 2, 3, 4, 5, 6, 7, 8, 9, 10, 11, 12]]","[[1, 2, 3, 4, 5, 6, 7, 8, 9, 10, 11, 12]]"
00071-00000007.toc,toc,12,227,matriz,todos,b=0.05,2,15.497797356828196,15.440419484057214,1,1,0.06851590005680919,1.0,0.0,"[[1, 2, 3, 4, 5, 6, 7, 8, 9, 10, 11, 12]]","[[1, 2, 3, 4, 5, 6, 7, 8, 9, 10, 11, 12]]"
00071-00000007.toc,toc,12,227,matriz,todos,b=0.1,2,15.497797356828196,17.32795511226685,1,1,0.16103299998212606,1.0,0.0,"[[1, 2, 3, 4, 5, 6, 7, 8, 9, 10, 11, 12]]","[[1, 2, 3, 4, 5, 6, 7, 8, 9, 10, 11, 12]]"
00071-00000007.toc,toc,12,227,matriz,aleatoria,b=0.01,3,15.497797356828196,15.64563143879833,1,1,0.06641209998633713,1.0,0.0,"[[1, 2, 3, 4, 5, 6, 7, 8, 9, 10, 11, 12]]","[[1, 2, 3, 4, 5, 6, 7, 8, 9, 10, 11, 12]]"
00071-00000007.toc,toc,12,227,matriz,aleatoria,b=0.05,3,15.497797356828196,16.360298365478446,1,1,0.1887639999622479,1.0,0.0,"[[1, 2, 3, 4, 5, 6, 7, 8, 9, 10, 11, 12]]","[[1, 2, 3, 4, 5, 6, 7, 8, 9, 10, 11, 12]]"
00071-00000007.toc,toc,12,227,matriz,aleatoria,b=0.1,3,15.497797356828196,17.290994476025155,1,1,0.15312529995571822,1.0,0.0,"[[1, 2, 3, 4, 5, 6, 7, 8, 9, 10, 11, 12]]","[[1, 2, 3, 4, 5, 6, 7, 8, 9, 10, 11, 12]]"
00071-00000007.toc,toc,12,227,matriz,cerca_empate,b=0.01,3,15.497797356828196,15.388152177040388,1,1,0.05352339998353273,1.0,0.0,"[[1, 2, 3, 4, 5, 6, 7, 8, 9, 10, 11, 12]]","[[1, 2, 3, 4, 5, 6, 7, 8, 9, 10, 11, 12]]"
00071-00000007.toc,toc,12,227,matriz,cerca_empate,b=0.05,3,15.497797356828196,16.944879388029495,1,1,0.06241600005887449,1.0,0.0,"[[1, 2, 3, 4, 5, 6, 7, 8, 9, 10, 11, 12]]","[[1, 2, 3, 4, 5, 6, 7, 8, 9, 10, 11, 12]]"
00071-00000007.toc,toc,12,227,matriz,cerca_empate,b=0.1,3,15.497797356828196,20.048233408572813,1,1,0.11681430006865412,1.0,0.0,"[[1, 2, 3, 4, 5, 6, 7, 8, 9, 10, 11, 12]]","[[1, 2, 3, 4, 5, 6, 7, 8, 9, 10, 11, 12]]"
00071-00000007.toc,toc,12,227,matriz,todos,b=0.01,3,15.497797356828196,15.365043786172462,1,1,0.06441009999252856,1.0,0.0,"[[1, 2, 3, 4, 5, 6, 7, 8, 9, 10, 11, 12]]","[[1, 2, 3, 4, 5, 6, 7, 8, 9, 10, 11, 12]]"
00071-00000007.toc,toc,12,227,matriz,todos,b=0.05,3,15.497797356828196,15.658469351438113,1,1,0.12000960006844252,1.0,0.0,"[[1, 2, 3, 4, 5, 6, 7, 8, 9, 10, 11, 12]]","[[1, 2, 3, 4, 5, 6, 7, 8, 9, 10, 11, 12]]"
00071-00000007.toc,toc,12,227,matriz,todos,b=0.1,3,15.497797356828196,17.266880565516708,1,1,0.14248989999759942,1.0,0.0,"[[1, 2, 3, 4, 5, 6, 7, 8, 9, 10, 11, 12]]","[[1, 2, 3, 4, 5, 6, 7, 8, 9, 10, 11, 12]]"
00071-00000007.toc,toc,12,227,matriz,aleatoria,b=0.01,4,15.497797356828196,15.383098902141215,1,1,0.062244300032034516,1.0,0.0,"[[1, 2, 3, 4, 5, 6, 7, 8, 9, 10, 11, 12]]","[[1, 2, 3, 4, 5, 6, 7, 8, 9, 10, 11, 12]]"
00071-00000007.toc,toc,12,227,matriz,aleatoria,b=0.05,4,15.497797356828196,14.924305083393296,1,1,0.06295789999421686,1.0,0.0,"[[1, 2, 3, 4, 5, 6, 7, 8, 9, 10, 11, 12]]","[[1, 2, 3, 4, 5, 6, 7, 8, 9, 10, 11, 12]]"
00071-00000007.toc,toc,12,227,matriz,aleatoria,b=0.1,4,15.497797356828196,14.590356356294361,1,1,0.06419830000959337,1.0,0.0,"[[1, 2, 3, 4, 5, 6, 7, 8, 9, 10, 11, 12]]","[[1, 2, 3, 4, 5, 6, 7, 8, 9, 10, 11, 12]]"
00071-00000007.toc,toc,12,227,matriz,cerca_empate,b=0.01,4,15.497797356828196,15.589980487696163,1,1,0.06306900002527982,1.0,0.0,"[[1, 2, 3, 4, 5, 6, 7, 8, 9, 10, 11, 12]]","[[1, 2, 3, 4, 5, 6, 7, 8, 9, 10, 11, 12]]"
00071-00000007.toc,toc,12,227,matriz,cerca_empate,b=0.05,4,15.497797356828196,16.937877134644264,1,1,0.06496630003675818,1.0,0.0,"[[1, 2, 3, 4, 5, 6, 7, 8, 9, 10, 11, 12]]","[[1, 2, 3, 4, 5, 6, 7, 8, 9, 10, 11, 12]]"
00071-00000007.toc,toc,12,227,matriz,cerca_empate,b=0.1,4,15.497797356828196,20.090659874509758,1,1,0.10459390003234148,1.0,0.0,"[[1, 2, 3, 4, 5, 6, 7, 8, 9, 10, 11, 12]]","[[1, 2, 3, 4, 5, 6, 7, 8, 9, 10, 11, 12]]"
00071-00000007.toc,toc,12,227,matriz,todos,b=0.01,4,15.497797356828196,15.354386052386223,1,1,0.06790619995445013,1.0,0.0,"[[1, 2, 3, 4, 5, 6, 7, 8, 9, 10, 11, 12]]","[[1, 2, 3, 4, 5, 6, 7, 8, 9, 10, 11, 12]]"
00071-00000007.toc,toc,12,227,matriz,todos,b=0.05,4,15.497797356828196,16.458462441814046,1,1,0.11088659998495132,1.0,0.0,"[[1, 2, 3, 4, 5, 6, 7, 8, 9, 10, 11, 12]]","[[1, 2, 3, 4, 5, 6, 7, 8, 9, 10, 11, 12]]"
00071-00000007.toc,toc,12,227,matriz,todos,b=0.1,4,15.497797356828196,19.545912640545357,1,1,0.1385757999960333,1.0,0.0,"[[1, 2, 3, 4, 5, 6, 7, 8, 9, 10, 11, 12]]","[[1, 2, 3, 4, 5, 6, 7, 8, 9, 10, 11, 12]]"
00071-00000008.toc,toc,12,337,matriz,aleatoria,b=0.01,0,16.875370919881306,16.794089403874004,1,1,0.08430629991926253,1.0,0.0,"[[1, 2, 3, 4, 5, 6, 7, 8, 9, 10, 11, 12]]","[[1, 2, 3, 4, 5, 6, 7, 8, 9, 10, 11, 12]]"
00071-00000008.toc,toc,12,337,matriz,aleatoria,b=0.05,0,16.875370919881306,16.60929263168959,1,1,0.07295269996393472,1.0,0.0,"[[1, 2, 3, 4, 5, 6, 7, 8, 9, 10, 11, 12]]","[[1, 2, 3, 4, 5, 6, 7, 8, 9, 10, 11, 12]]"
00071-00000008.toc,toc,12,337,matriz,aleatoria,b=0.1,0,16.875370919881306,17.476457530031414,1,1,0.06364579999353737,1.0,0.0,"[[1, 2, 3, 4, 5, 6, 7, 8, 9, 10, 11, 12]]","[[1, 2, 3, 4, 5, 6, 7, 8, 9, 10, 11, 12]]"
00071-00000008.toc,toc,12,337,matriz,cerca_empate,b=0.01,0,16.875370919881306,17.074107007749387,1,1,0.08925600000657141,1.0,0.0,"[[1, 2, 3, 4, 5, 6, 7, 8, 9, 10, 11, 12]]","[[1, 2, 3, 4, 5, 6, 7, 8, 9, 10, 11, 12]]"
00071-00000008.toc,toc,12,337,matriz,cerca_empate,b=0.05,0,16.875370919881306,19.338329212600264,1,1,0.14570899994578212,1.0,0.0,"[[1, 2, 3, 4, 5, 6, 7, 8, 9, 10, 11, 12]]","[[1, 2, 3, 4, 5, 6, 7, 8, 9, 10, 11, 12]]"
00071-00000008.toc,toc,12,337,matriz,cerca_empate,b=0.1,0,16.875370919881306,22.98913985254263,1,1,0.18501259991899133,1.0,0.0,"[[1, 2, 3, 4, 5, 6, 7, 8, 9, 10, 11, 12]]","[[1, 2, 3, 4, 5, 6, 7, 8, 9, 10, 11, 12]]"
00071-00000008.toc,toc,12,337,matriz,todos,b=0.01,0,16.875370919881306,17.034249851226633,1,1,0.10164370003622025,1.0,0.0,"[[1, 2, 3, 4, 5, 6, 7, 8, 9, 10, 11, 12]]","[[1, 2, 3, 4, 5, 6, 7, 8, 9, 10, 11, 12]]"
00071-00000008.toc,toc,12,337,matriz,todos,b=0.05,0,16.875370919881306,19.97733388109937,1,1,0.30197729996871203,1.0,0.0,"[[1, 2, 3, 4, 5, 6, 7, 8, 9, 10, 11, 12]]","[[1, 2, 3, 4, 5, 6, 7, 8, 9, 10, 11, 12]]"
00071-00000008.toc,toc,12,337,matriz,todos,b=0.1,0,16.875370919881306,24.081889514438103,1,2,0.4899835999822244,0.0,2.63501483679525,"[[1, 2, 3, 4, 5, 6, 7, 8, 9, 10, 11, 12]]","[[4, 12], [1, 2, 3, 5, 6, 7, 8, 9, 10, 11]]"
00071-00000008.toc,toc,12,337,matriz,aleatoria,b=0.01,1,16.875370919881306,16.765729159410366,1,1,0.07960800000000745,1.0,0.0,"[[1, 2, 3, 4, 5, 6, 7, 8, 9, 10, 11, 12]]","[[1, 2, 3, 4, 5, 6, 7, 8, 9, 10, 11, 12]]"
00071-00000008.toc,toc,12,337,matriz,aleatoria,b=0.05,1,16.875370919881306,16.876209849466274,1,1,0.1481386999366805,1.0,0.0,"[[1, 2, 3, 4, 5, 6, 7, 8, 9, 10, 11, 12]]","[[1, 2, 3, 4, 5, 6, 7, 8, 9, 10, 11, 12]]"
00071-00000008.toc,toc,12,337,matriz,aleatoria,b=0.1,1,16.875370919881306,17.799291173472035,1,1,0.13408530002925545,1.0,0.0,"[[1, 2, 3, 4, 5, 6, 7, 8, 9, 10, 11, 12]]","[[1, 2, 3, 4, 5, 6, 7, 8, 9, 10, 11, 12]]"
00071-00000008.toc,toc,12,337,matriz,cerca_empate,b=0.01,1,16.875370919881306,17.06659569061404,1,1,0.06860470003448427,1.0,0.0,"[[1, 2, 3, 4, 5, 6, 7, 8, 9, 10, 11, 12]]","[[1, 2, 3, 4, 5, 6, 7, 8, 9, 10, 11, 12]]"
00071-00000008.toc,toc,12,337,matriz,cerca_empate,b=0.05,1,16.875370919881306,18.66697500683022,1,1,0.06759759993292391,1.0,0.0,"[[1, 2, 3, 4, 5, 6, 7, 8, 9, 10, 11, 12]]","[[1, 2, 3, 4, 5, 6, 7, 8, 9, 10, 11, 12]]"
00071-00000008.toc,toc,12,337,matriz,cerca_empate,b=0.1,1,16.875370919881306,21.326080130885174,1,1,0.2670367000391707,1.0,0.0,"[[1, 2, 3, 4, 5, 6, 7, 8, 9, 10, 11, 12]]","[[1, 2, 3, 4, 5, 6, 7, 8, 9, 10, 11, 12]]"
00071-00000008.toc,toc,12,337,matriz,todos,b=0.01,1,16.875370919881306,16.89055633670308,1,1,0.0681724000023678,1.0,0.0,"[[1, 2, 3, 4, 5, 6, 7, 8, 9, 10, 11, 12]]","[[1, 2, 3, 4, 5, 6, 7, 8, 9, 10, 11, 12]]"
00071-00000008.toc,toc,12,337,matriz,todos,b=0.05,1,16.875370919881306,18.12746820395287,1,1,0.227953499997966,1.0,0.0,"[[1, 2, 3, 4, 5, 6, 7, 8, 9, 10, 11, 12]]","[[1, 2, 3, 4, 5, 6, 7, 8, 9, 10, 11, 12]]"
00071-00000008.toc,toc,12,337,matriz,todos,b=0.1,1,16.875370919881306,21.444893215157073,1,1,0.23743099998682737,1.0,0.0,"[[1, 2, 3, 4, 5, 6, 7, 8, 9, 10, 11, 12]]","[[1, 2, 3, 4, 5, 6, 7, 8, 9, 10, 11, 12]]"
00071-00000008.toc,toc,12,337,matriz,aleatoria,b=0.01,2,16.875370919881306,16.8762782441365,1,1,0.07805759995244443,1.0,0.0,"[[1, 2, 3, 4, 5, 6, 7, 8, 9, 10, 11, 12]]","[[1, 2, 3, 4, 5, 6, 7, 8, 9, 10, 11, 12]]"
00071-00000008.toc,toc,12,337,matriz,aleatoria,b=0.05,2,16.875370919881306,17.307275098514992,1,1,0.30373099993448704,1.0,0.0,"[[1, 2, 3, 4, 5, 6, 7, 8, 9, 10, 11, 12]]","[[1, 2, 3, 4, 5, 6, 7, 8, 9, 10, 11, 12]]"
00071-00000008.toc,toc,12,337,matriz,aleatoria,b=0.1,2,16.875370919881306,18.11231375746489,1,1,0.21520580002106726,1.0,0.0,"[[1, 2, 3, 4, 5, 6, 7, 8, 9, 10, 11, 12]]","[[1, 2, 3, 4, 5, 6, 7, 8, 9, 10, 11, 12]]"
00071-00000008.toc,toc,12,337,matriz,cerca_empate,b=0.01,2,16.875370919881306,17.053704615804264,1,1,0.08523029997013509,1.0,0.0,"[[1, 2, 3, 4, 5, 6, 7, 8, 9, 10, 11, 12]]","[[1, 2, 3, 4, 5, 6, 7, 8, 9, 10, 11, 12]]"
00071-00000008.toc,toc,12,337,matriz,cerca_empate,b=0.05,2,16.875370919881306,17.886436861854186,1,1,0.09180610009934753,1.0,0.0,"[[1, 2, 3, 4, 5, 6, 7, 8, 9, 10, 11, 12]]","[[1, 2, 3, 4, 5, 6, 7, 8, 9, 10, 11, 12]]"
00071-00000008.toc,toc,12,337,matriz,cerca_empate,b=0.1,2,16.875370919881306,19.769299612480353,1,1,0.32995179994031787,1.0,0.0,"[[1, 2, 3, 4, 5, 6, 7, 8, 9, 10, 11, 12]]","[[1, 2, 3, 4, 5, 6, 7, 8, 9, 10, 11, 12]]"
00071-00000008.toc,toc,12,337,matriz,todos,b=0.01,2,16.875370919881306,16.719138571846685,1,1,0.08279719995334744,1.0,0.0,"[[1, 2, 3, 4, 5, 6, 7, 8, 9, 10, 11, 12]]","[[1, 2, 3, 4, 5, 6, 7, 8, 9, 10, 11, 12]]"
00071-00000008.toc,toc,12,337,matriz,todos,b=0.05,2,16.875370919881306,16.831341050337773,1,1,0.17467159999068826,1.0,0.0,"[[1, 2, 3, 4, 5, 6, 7, 8, 9, 10, 11, 12]]","[[1, 2, 3, 4, 5, 6, 7, 8, 9, 10, 11, 12]]"
00071-00000008.toc,toc,12,337,matriz,todos,b=0.1,2,16.875370919881306,18.68394529064426,1,1,0.220273100072518,1.0,0.0,"[[1, 2, 3, 4, 5, 6, 7, 8, 9, 10, 11, 12]]","[[1, 2, 3, 4, 5, 6, 7, 8, 9, 10, 11, 12]]"
00071-00000008.toc,toc,12,337,matriz,aleatoria,b=0.01,3,16.875370919881306,17.061404597475665,1,1,0.08447180001530796,1.0,0.0,"[[1, 2, 3, 4, 5, 6, 7, 8, 9, 10, 11, 12]]","[[1, 2, 3, 4, 5, 6, 7, 8, 9, 10, 11, 12]]"
00071-00000008.toc,toc,12,337,matriz,aleatoria,b=0.05,3,16.875370919881306,17.85459442592743,1,1,0.20082500006537884,1.0,0.0,"[[1, 2, 3, 4, 5, 6, 7, 8, 9, 10, 11, 12]]","[[1, 2, 3, 4, 5, 6, 7, 8, 9, 10, 11, 12]]"
00071-00000008.toc,toc,12,337,matriz,aleatoria,b=0.1,3,16.875370919881306,18.637612286241275,1,1,0.4973289999179542,1.0,0.0,"[[1, 2, 3, 4, 5, 6, 7, 8, 9, 10, 11, 12]]","[[1, 2, 3, 4, 5, 6, 7, 8, 9, 10, 11, 12]]"
00071-00000008.toc,toc,12,337,matriz,cerca_empate,b=0.01,3,16.875370919881306,16.735870469930596,1,1,0.07883760007098317,1.0,0.0,"[[1, 2, 3, 4, 5, 6, 7, 8, 9, 10, 11, 12]]","[[1, 2, 3, 4, 5, 6, 7, 8, 9, 10, 11, 12]]"
00071-00000008.toc,toc,12,337,matriz,cerca_empate,b=0.05,3,16.875370919881306,17.49598969013457,1,1,0.07486839999910444,1.0,0.0,"[[1, 2, 3, 4, 5, 6, 7, 8, 9, 10, 11, 12]]","[[1, 2, 3, 4, 5, 6, 7, 8, 9, 10, 11, 12]]"
00071-00000008.toc,toc,12,337,matriz,cerca_empate,b=0.1,3,16.875370919881306,19.8926537837926,1,1,0.14187809999566525,1.0,0.0,"[[1, 2, 3, 4, 5, 6, 7, 8, 9, 10, 11, 12]]","[[1, 2, 3, 4, 5, 6, 7, 8, 9, 10, 11, 12]]"
00071-00000008.toc,toc,12,337,matriz,todos,b=0.01,3,16.875370919881306,16.8685254809541,1,1,0.08340820006560534,1.0,0.0,"[[1, 2, 3, 4, 5, 6, 7, 8, 9, 10, 11, 12]]","[[1, 2, 3, 4, 5, 6, 7, 8, 9, 10, 11, 12]]"
00071-00000008.toc,toc,12,337,matriz,todos,b=0.05,3,16.875370919881306,17.252480330681006,1,1,0.1591344999615103,1.0,0.0,"[[1, 2, 3, 4, 5, 6, 7, 8, 9, 10, 11, 12]]","[[1, 2, 3, 4, 5, 6, 7, 8, 9, 10, 11, 12]]"
00071-00000008.toc,toc,12,337,matriz,todos,b=0.1,3,16.875370919881306,18.547566754578604,1,1,0.2009972999803722,1.0,0.0,"[[1, 2, 3, 4, 5, 6, 7, 8, 9, 10, 11, 12]]","[[1, 2, 3, 4, 5, 6, 7, 8, 9, 10, 11, 12]]"
00071-00000008.toc,toc,12,337,matriz,aleatoria,b=0.01,4,16.875370919881306,16.780124556257984,1,1,0.07436740002594888,1.0,0.0,"[[1, 2, 3, 4, 5, 6, 7, 8, 9, 10, 11, 12]]","[[1, 2, 3, 4, 5, 6, 7, 8, 9, 10, 11, 12]]"
00071-00000008.toc,toc,12,337,matriz,aleatoria,b=0.05,4,16.875370919881306,16.473089418349023,1,1,0.07141259999480098,1.0,0.0,"[[1, 2, 3, 4, 5, 6, 7, 8, 9, 10, 11, 12]]","[[1, 2, 3, 4, 5, 6, 7, 8, 9, 10, 11, 12]]"
00071-00000008.toc,toc,12,337,matriz,aleatoria,b=0.1,4,16.875370919881306,16.181211371604473,1,1,0.06598610000219196,1.0,0.0,"[[1, 2, 3, 4, 5, 6, 7, 8, 9, 10, 11, 12]]","[[1, 2, 3, 4, 5, 6, 7, 8, 9, 10, 11, 12]]"
00071-00000008.toc,toc,12,337,matriz,cerca_empate,b=0.01,4,16.875370919881306,17.096216328688232,1,1,0.08777560002636164,1.0,0.0,"[[1, 2, 3, 4, 5, 6, 7, 8, 9, 10, 11, 12]]","[[1, 2, 3, 4, 5, 6, 7, 8, 9, 10, 11, 12]]"
00071-00000008.toc,toc,12,337,matriz,cerca_empate,b=0.05,4,16.875370919881306,18.786383192631163,1,1,0.08536800008732826,1.0,0.0,"[[1, 2, 3, 4, 5, 6, 7, 8, 9, 10, 11, 12]]","[[1, 2, 3, 4, 5, 6, 7, 8, 9, 10, 11, 12]]"
00071-00000008.toc,toc,12,337,matriz,cerca_empate,b=0.1,4,16.875370919881306,21.66057245302811,1,2,0.1667764000594616,0.0,1.7240356083086041,"[[1, 2, 3, 4, 5, 6, 7, 8, 9, 10, 11, 12]]","[[4], [1, 2, 3, 5, 6, 7, 8, 9, 10, 11, 12]]"
00071-00000008.toc,toc,12,337,matriz,todos,b=0.01,4,16.875370919881306,16.789773466491088,1,1,0.08734490000642836,1.0,0.0,"[[1, 2, 3, 4, 5, 6, 7, 8, 9, 10, 11, 12]]","[[1, 2, 3, 4, 5, 6, 7, 8, 9, 10, 11, 12]]"
00071-00000008.toc,toc,12,337,matriz,todos,b=0.05,4,16.875370919881306,17.409435729690742,1,1,0.21739710005931556,1.0,0.0,"[[1, 2, 3, 4, 5, 6, 7, 8, 9, 10, 11, 12]]","[[1, 2, 3, 4, 5, 6, 7, 8, 9, 10, 11, 12]]"
00071-00000008.toc,toc,12,337,matriz,todos,b=0.1,4,16.875370919881306,20.51702442893114,1,1,0.15513209998607635,1.0,0.0,"[[1, 2, 3, 4, 5, 6, 7, 8, 9, 10, 11, 12]]","[[1, 2, 3, 4, 5, 6, 7, 8, 9, 10, 11, 12]]"
00071-00000009.toc,toc,12,591,matriz,aleatoria,b=0.01,0,17.996615905245342,18.0655733355554,2,2,0.21448409999720752,1.0,0.0,"[[4, 12], [1, 2, 3, 5, 6, 7, 8, 9, 10, 11]]","[[4, 12], [1, 2, 3, 5, 6, 7, 8, 9, 10, 11]]"
00071-00000009.toc,toc,12,591,matriz,aleatoria,b=0.05,0,17.996615905245342,18.144322133421365,2,1,0.38074509997386485,0.0,0.5211505922165784,"[[4, 12], [1, 2, 3, 5, 6, 7, 8, 9, 10, 11]]","[[1, 2, 3, 4, 5, 6, 7, 8, 9, 10, 11, 12]]"
00071-00000009.toc,toc,12,591,matriz,aleatoria,b=0.1,0,17.996615905245342,18.810468686498098,2,1,0.33804539998527616,0.0,0.5211505922165784,"[[4, 12], [1, 2, 3, 5, 6, 7, 8, 9, 10, 11]]","[[1, 2, 3, 4, 5, 6, 7, 8, 9, 10, 11, 12]]"
00071-00000009.toc,toc,12,591,matriz,cerca_empate,b=0.01,0,17.996615905245342,17.90936072758506,2,2,0.2240860000019893,1.0,0.0,"[[4, 12], [1, 2, 3, 5, 6, 7, 8, 9, 10, 11]]","[[4, 12], [1, 2, 3, 5, 6, 7, 8, 9, 10, 11]]"
00071-00000009.toc,toc,12,591,matriz,cerca_empate,b=0.05,0,17.996615905245342,19.681279813488047,2,2,0.20940619998145849,1.0,0.0,"[[4, 12], [1, 2, 3, 5, 6, 7, 8, 9, 10, 11]]","[[4, 12], [1, 2, 3, 5, 6, 7, 8, 9, 10, 11]]"
00071-00000009.toc,toc,12,591,matriz,cerca_empate,b=0.1,0,17.996615905245342,23.455986029056564,2,2,0.2776079000905156,1.0,0.0,"[[4, 12], [1, 2, 3, 5, 6, 7, 8, 9, 10, 11]]","[[4, 12], [1, 2, 3, 5, 6, 7, 8, 9, 10, 11]]"
00071-00000009.toc,toc,12,591,matriz,todos,b=0.01,0,17.996615905245342,17.781375242767744,2,2,0.2594531999202445,1.0,0.0,"[[4, 12], [1, 2, 3, 5, 6, 7, 8, 9, 10, 11]]","[[4, 12], [1, 2, 3, 5, 6, 7, 8, 9, 10, 11]]"
00071-00000009.toc,toc,12,591,matriz,todos,b=0.05,0,17.996615905245342,19.163838148771468,2,2,0.09838470001704991,1.0,0.0,"[[4, 12], [1, 2, 3, 5, 6, 7, 8, 9, 10, 11]]","[[4, 12], [1, 2, 3, 5, 6, 7, 8, 9, 10, 11]]"
00071-00000009.toc,toc,12,591,matriz,todos,b=0.1,0,17.996615905245342,22.238190680548435,2,2,0.3142805000534281,1.0,0.0,"[[4, 12], [1, 2, 3, 5, 6, 7, 8, 9, 10, 11]]","[[4, 12], [1, 2, 3, 5, 6, 7, 8, 9, 10, 11]]"
00071-00000009.toc,toc,12,591,matriz,aleatoria,b=0.01,1,17.996615905245342,17.974455541536173,2,2,0.24455699999816716,1.0,0.0,"[[4, 12], [1, 2, 3, 5, 6, 7, 8, 9, 10, 11]]","[[4, 12], [1, 2, 3, 5, 6, 7, 8, 9, 10, 11]]"
00071-00000009.toc,toc,12,591,matriz,aleatoria,b=0.05,1,17.996615905245342,18.420470080710277,2,1,0.3016168000176549,0.0,0.5211505922165784,"[[4, 12], [1, 2, 3, 5, 6, 7, 8, 9, 10, 11]]","[[1, 2, 3, 4, 5, 6, 7, 8, 9, 10, 11, 12]]"
00071-00000009.toc,toc,12,591,matriz,aleatoria,b=0.1,1,17.996615905245342,19.079567268560048,2,1,0.41194220003671944,0.0,0.5211505922165784,"[[4, 12], [1, 2, 3, 5, 6, 7, 8, 9, 10, 11]]","[[1, 2, 3, 4, 5, 6, 7, 8, 9, 10, 11, 12]]"
00071-00000009.toc,toc,12,591,matriz,cerca_empate,b=0.01,1,17.996615905245342,17.949700547995405,2,2,0.152199300006032,1.0,0.0,"[[4, 12], [1, 2, 3, 5, 6, 7, 8, 9, 10, 11]]","[[4, 12], [1, 2, 3, 5, 6, 7, 8, 9, 10, 11]]"
00071-00000009.toc,toc,12,591,matriz,cerca_empate,b=0.05,1,17.996615905245342,18.85010222584364,2,2,0.15199609997216612,1.0,0.0,"[[4, 12], [1, 2, 3, 5, 6, 7, 8, 9, 10, 11]]","[[4, 12], [1, 2, 3, 5, 6, 7, 8, 9, 10, 11]]"
00071-00000009.toc,toc,12,591,matriz,cerca_empate,b=0.1,1,17.996615905245342,20.626898538061273,2,2,0.16006709996145219,1.0,0.0,"[[4, 12], [1, 2, 3, 5, 6, 7, 8, 9, 10, 11]]","[[4, 12], [1, 2, 3, 5, 6, 7, 8, 9, 10, 11]]"
00071-00000009.toc,toc,12,591,matriz,todos,b=0.01,1,17.996615905245342,18.166780350663597,2,2,0.2192297000437975,1.0,0.0,"[[4, 12], [1, 2, 3, 5, 6, 7, 8, 9, 10, 11]]","[[4, 12], [1, 2, 3, 5, 6, 7, 8, 9, 10, 11]]"
00071-00000009.toc,toc,12,591,matriz,todos,b=0.05,1,17.996615905245342,19.46874190952747,2,2,0.15813610004261136,0.6741998624632421,0.4382402707275759,"[[4, 12], [1, 2, 3, 5, 6, 7, 8, 9, 10, 11]]","[[4], [1, 2, 3, 5, 6, 7, 8, 9, 10, 11, 12]]"
00071-00000009.toc,toc,12,591,matriz,todos,b=0.1,1,17.996615905245342,22.175702633634774,2,2,0.2043357000220567,0.6741998624632421,0.4382402707275759,"[[4, 12], [1, 2, 3, 5, 6, 7, 8, 9, 10, 11]]","[[4], [1, 2, 3, 5, 6, 7, 8, 9, 10, 11, 12]]"
00071-00000009.toc,toc,12,591,matriz,aleatoria,b=0.01,2,17.996615905245342,18.036360487050228,2,2,0.14735570002812892,1.0,0.0,"[[4, 12], [1, 2, 3, 5, 6, 7, 8, 9, 10, 11]]","[[4, 12], [1, 2, 3, 5, 6, 7, 8, 9, 10, 11]]"
00071-00000009.toc,toc,12,591,matriz,aleatoria,b=0.05,2,17.996615905245342,18.404148993274426,2,2,0.1939839000115171,1.0,0.0,"[[4, 12], [1, 2, 3, 5, 6, 7, 8, 9, 10, 11]]","[[4, 12], [1, 2, 3, 5, 6, 7, 8, 9, 10, 11]]"
00071-00000009.toc,toc,12,591,matriz,aleatoria,b=0.1,2,17.996615905245342,19.141359360917455,2,2,0.43111499992664903,1.0,0.0,"[[4, 12], [1, 2, 3, 5, 6, 7, 8, 9, 10, 11]]","[[4, 12], [1, 2, 3, 5, 6, 7, 8, 9, 10, 11]]"
00071-00000009.toc,toc,12,591,matriz,cerca_empate,b=0.01,2,17.996615905245342,18.080603029015556,2,2,0.1565644999500364,1.0,0.0,"[[4, 12], [1, 2, 3, 5, 6, 7, 8, 9, 10, 11]]","[[4, 12], [1, 2, 3, 5, 6, 7, 8, 9, 10, 11]]"
00071-00000009.toc,toc,12,591,matriz,cerca_empate,b=0.05,2,17.996615905245342,18.87660459020757,2,2,0.17499789991416037,1.0,0.0,"[[4, 12], [1, 2, 3, 5, 6, 7, 8, 9, 10, 11]]","[[4, 12], [1, 2, 3, 5, 6, 7, 8, 9, 10, 11]]"
00071-00000009.toc,toc,12,591,matriz,cerca_empate,b=0.1,2,17.996615905245342,20.475713439173134,2,2,0.1676968999672681,1.0,0.0,"[[4, 12], [1, 2, 3, 5, 6, 7, 8, 9, 10, 11]]","[[4, 12], [1, 2, 3, 5, 6, 7, 8, 9, 10, 11]]"
00071-00000009.toc,toc,12,591,matriz,todos,b=0.01,2,17.996615905245342,17.744053219036633,2,2,0.1383357000304386,1.0,0.0,"[[4, 12], [1, 2, 3, 5, 6, 7, 8, 9, 10, 11]]","[[4, 12], [1, 2, 3, 5, 6, 7, 8, 9, 10, 11]]"
00071-00000009.toc,toc,12,591,matriz,todos,b=0.05,2,17.996615905245342,17.20100071696664,2,2,0.12430369993671775,1.0,0.0,"[[4, 12], [1, 2, 3, 5, 6, 7, 8, 9, 10, 11]]","[[4, 12], [1, 2, 3, 5, 6, 7, 8, 9, 10, 11]]"
00071-00000009.toc,toc,12,591,matriz,todos,b=0.1,2,17.996615905245342,18.738430043964733,2,2,0.16833200003020465,1.0,0.0,"[[4, 12], [1, 2, 3, 5, 6, 7, 8, 9, 10, 11]]","[[4, 12], [1, 2, 3, 5, 6, 7, 8, 9, 10, 11]]"
00071-00000009.toc,toc,12,591,matriz,aleatoria,b=0.01,3,17.996615905245342,18.175741935677742,2,2,0.13902170001529157,1.0,0.0,"[[4, 12], [1, 2, 3, 5, 6, 7, 8, 9, 10, 11]]","[[4, 12], [1, 2, 3, 5, 6, 7, 8, 9, 10, 11]]"
00071-00000009.toc,toc,12,591,matriz,aleatoria,b=0.05,3,17.996615905245342,18.905943912481252,2,2,0.18663939996622503,1.0,0.0,"[[4, 12], [1, 2, 3, 5, 6, 7, 8, 9, 10, 11]]","[[4, 12], [1, 2, 3, 5, 6, 7, 8, 9, 10, 11]]"
00071-00000009.toc,toc,12,591,matriz,aleatoria,b=0.1,3,17.996615905245342,19.55736207981955,2,2,0.2752589000156149,1.0,0.0,"[[4, 12], [1, 2, 3, 5, 6, 7, 8, 9, 10, 11]]","[[4, 12], [1, 2, 3, 5, 6, 7, 8, 9, 10, 11]]"
00071-00000009.toc,toc,12,591,matriz,cerca_empate,b=0.01,3,17.996615905245342,17.877372299214525,2,2,0.15505629999097437,1.0,0.0,"[[4, 12], [1, 2, 3, 5, 6, 7, 8, 9, 10, 11]]","[[4, 12], [1, 2, 3, 5, 6, 7, 8, 9, 10, 11]]"
00071-00000009.toc,toc,12,591,matriz,cerca_empate,b=0.05,3,17.996615905245342,18.683702463174196,2,2,0.14789129991549999,1.0,0.0,"[[4, 12], [1, 2, 3, 5, 6, 7, 8, 9, 10, 11]]","[[4, 12], [1, 2, 3, 5, 6, 7, 8, 9, 10, 11]]"
00071-00000009.toc,toc,12,591,matriz,cerca_empate,b=0.1,3,17.996615905245342,21.191469871680173,2,2,0.17532250005751848,1.0,0.0,"[[4, 12], [1, 2, 3, 5, 6, 7, 8, 9, 10, 11]]","[[4, 12], [1, 2, 3, 5, 6, 7, 8, 9, 10, 11]]"
00071-00000009.toc,toc,12,591,matriz,todos,b=0.01,3,17.996615905245342,17.968858099021023,2,2,0.13756189995910972,1.0,0.0,"[[4, 12], [1, 2, 3, 5, 6, 7, 8, 9, 10, 11]]","[[4, 12], [1, 2, 3, 5, 6, 7, 8, 9, 10, 11]]"
00071-00000009.toc,toc,12,591,matriz,todos,b=0.05,3,17.996615905245342,18.296793616807953,2,2,0.09205640002619475,1.0,0.0,"[[4, 12], [1, 2, 3, 5, 6, 7, 8, 9, 10, 11]]","[[4, 12], [1, 2, 3, 5, 6, 7, 8, 9, 10, 11]]"
00071-00000009.toc,toc,12,591,matriz,todos,b=0.1,3,17.996615905245342,20.097967722383117,2,1,0.23389210004825145,0.0,0.5211505922165784,"[[4, 12], [1, 2, 3, 5, 6, 7, 8, 9, 10, 11]]","[[1, 2, 3, 4, 5, 6, 7, 8, 9, 10, 11, 12]]"
00071-00000009.toc,toc,12,591,matriz,aleatoria,b=0.01,4,17.996615905245342,18.017224026889092,2,2,0.1575474999845028,1.0,0.0,"[[4, 12], [1, 2, 3, 5, 6, 7, 8, 9, 10, 11]]","[[4, 12], [1, 2, 3, 5, 6, 7, 8, 9, 10, 11]]"
00071-00000009.toc,toc,12,591,matriz,aleatoria,b=0.05,4,17.996615905245342,18.041047831953797,2,2,0.27355729998089373,0.6741998624632421,0.4382402707275759,"[[4, 12], [1, 2, 3, 5, 6, 7, 8, 9, 10, 11]]","[[4], [1, 2, 3, 5, 6, 7, 8, 9, 10, 11, 12]]"
00071-00000009.toc,toc,12,591,matriz,aleatoria,b=0.1,4,17.996615905245342,17.76987154696948,2,2,0.10994389990810305,0.6741998624632421,0.4382402707275759,"[[4, 12], [1, 2, 3, 5, 6, 7, 8, 9, 10, 11]]","[[4], [1, 2, 3, 5, 6, 7, 8, 9, 10, 11, 12]]"
00071-00000009.toc,toc,12,591,matriz,cerca_empate,b=0.01,4,17.996615905245342,18.20109626892132,2,2,0.18560369999613613,1.0,0.0,"[[4, 12], [1, 2, 3, 5, 6, 7, 8, 9, 10, 11]]","[[4, 12], [1, 2, 3, 5, 6, 7, 8, 9, 10, 11]]"
00071-00000009.toc,toc,12,591,matriz,cerca_empate,b=0.05,4,17.996615905245342,19.628660694013007,2,2,0.24690250004641712,0.6741998624632421,0.4382402707275759,"[[4, 12], [1, 2, 3, 5, 6, 7, 8, 9, 10, 11]]","[[4], [1, 2, 3, 5, 6, 7, 8, 9, 10, 11, 12]]"
00071-00000009.toc,toc,12,591,matriz,cerca_empate,b=0.1,4,17.996615905245342,21.73260802541546,2,2,0.12428430002182722,0.6741998624632421,0.4382402707275759,"[[4, 12], [1, 2, 3, 5, 6, 7, 8, 9, 10, 11]]","[[4], [1, 2, 3, 5, 6, 7, 8, 9, 10, 11, 12]]"
00071-00000009.toc,toc,12,591,matriz,todos,b=0.01,4,17.996615905245342,18.063463926596448,2,2,0.19106599991209805,1.0,0.0,"[[4, 12], [1, 2, 3, 5, 6, 7, 8, 9, 10, 11]]","[[4, 12], [1, 2, 3, 5, 6, 7, 8, 9, 10, 11]]"
00071-00000009.toc,toc,12,591,matriz,todos,b=0.05,4,17.996615905245342,18.936699050134056,2,1,0.2281325999647379,0.0,0.5211505922165784,"[[4, 12], [1, 2, 3, 5, 6, 7, 8, 9, 10, 11]]","[[1, 2, 3, 4, 5, 6, 7, 8, 9, 10, 11, 12]]"
00071-00000009.toc,toc,12,591,matriz,todos,b=0.1,4,17.996615905245342,21.810564089230084,2,2,0.26700290001463145,0.6741998624632421,0.4382402707275759,"[[4, 12], [1, 2, 3, 5, 6, 7, 8, 9, 10, 11]]","[[4], [1, 2, 3, 5, 6, 7, 8, 9, 10, 11, 12]]"
00071-00000010.toc,toc,12,563,matriz,aleatoria,b=0.01,0,17.349911190053287,17.268629674045986,1,1,0.14264690002892166,1.0,0.0,"[[1, 2, 3, 4, 5, 6, 7, 8, 9, 10, 11, 12]]","[[1, 2, 3, 4, 5, 6, 7, 8, 9, 10, 11, 12]]"
00071-00000010.toc,toc,12,563,matriz,aleatoria,b=0.05,0,17.349911190053287,17.130941703269883,1,1,0.20079710008576512,1.0,0.0,"[[1, 2, 3, 4, 5, 6, 7, 8, 9, 10, 11, 12]]","[[1, 2, 3, 4, 5, 6, 7, 8, 9, 10, 11, 12]]"
00071-00000010.toc,toc,12,563,matriz,aleatoria,b=0.1,0,17.349911190053287,17.78094651707096,1,1,0.2572880999650806,1.0,0.0,"[[1, 2, 3, 4, 5, 6, 7, 8, 9, 10, 11, 12]]","[[1, 2, 3, 4, 5, 6, 7, 8, 9, 10, 11, 12]]"
00071-00000010.toc,toc,12,563,matriz,cerca_empate,b=0.01,0,17.349911190053287,17.480953376062644,1,1,0.18665819999296218,1.0,0.0,"[[1, 2, 3, 4, 5, 6, 7, 8, 9, 10, 11, 12]]","[[1, 2, 3, 4, 5, 6, 7, 8, 9, 10, 11, 12]]"
00071-00000010.toc,toc,12,563,matriz,cerca_empate,b=0.05,0,17.349911190053287,19.348372245047084,1,1,0.2918149000033736,1.0,0.0,"[[1, 2, 3, 4, 5, 6, 7, 8, 9, 10, 11, 12]]","[[1, 2, 3, 4, 5, 6, 7, 8, 9, 10, 11, 12]]"
00071-00000010.toc,toc,12,563,matriz,cerca_empate,b=0.1,0,17.349911190053287,22.53790128333146,1,1,0.17695049999747425,1.0,0.0,"[[1, 2, 3, 4, 5, 6, 7, 8, 9, 10, 11, 12]]","[[1, 2, 3, 4, 5, 6, 7, 8, 9, 10, 11, 12]]"
00071-00000010.toc,toc,12,563,matriz,todos,b=0.01,0,17.349911190053287,17.619509892190703,1,1,0.17859359993599355,1.0,0.0,"[[1, 2, 3, 4, 5, 6, 7, 8, 9, 10, 11, 12]]","[[1, 2, 3, 4, 5, 6, 7, 8, 9, 10, 11, 12]]"
00071-00000010.toc,toc,12,563,matriz,todos,b=0.05,0,17.349911190053287,20.307314245495792,1,1,0.2120852000080049,1.0,0.0,"[[1, 2, 3, 4, 5, 6, 7, 8, 9, 10, 11, 12]]","[[1, 2, 3, 4, 5, 6, 7, 8, 9, 10, 11, 12]]"
00071-00000010.toc,toc,12,563,matriz,todos,b=0.1,0,17.349911190053287,23.830383435417613,1,2,0.16806739999447018,0.0,2.0639431616341035,"[[1, 2, 3, 4, 5, 6, 7, 8, 9, 10, 11, 12]]","[[4, 12], [1, 2, 3, 5, 6, 7, 8, 9, 10, 11]]"
00071-00000010.toc,toc,12,563,matriz,aleatoria,b=0.01,1,17.349911190053287,17.251946902162288,1,1,0.1559710999717936,1.0,0.0,"[[1, 2, 3, 4, 5, 6, 7, 8, 9, 10, 11, 12]]","[[1, 2, 3, 4, 5, 6, 7, 8, 9, 10, 11, 12]]"
00071-00000010.toc,toc,12,563,matriz,aleatoria,b=0.05,1,17.349911190053287,17.260068196917565,1,1,0.14328600000590086,1.0,0.0,"[[1, 2, 3, 4, 5, 6, 7, 8, 9, 10, 11, 12]]","[[1, 2, 3, 4, 5, 6, 7, 8, 9, 10, 11, 12]]"
00071-00000010.toc,toc,12,563,matriz,aleatoria,b=0.1,1,17.349911190053287,18.154504607228247,1,1,0.11740739992819726,1.0,0.0,"[[1, 2, 3, 4, 5, 6, 7, 8, 9, 10, 11, 12]]","[[1, 2, 3, 4, 5, 6, 7, 8, 9, 10, 11, 12]]"
00071-00000010.toc,toc,12,563,matriz,cerca_empate,b=0.01,1,17.349911190053287,17.417630530199126,1,1,0.17900769994594157,1.0,0.0,"[[1, 2, 3, 4, 5, 6, 7, 8, 9, 10, 11, 12]]","[[1, 2, 3, 4, 5, 6, 7, 8, 9, 10, 11, 12]]"
00071-00000010.toc,toc,12,563,matriz,cerca_empate,b=0.05,1,17.349911190053287,18.747227878708692,1,1,0.2337913999799639,1.0,0.0,"[[1, 2, 3, 4, 5, 6, 7, 8, 9, 10, 11, 12]]","[[1, 2, 3, 4, 5, 6, 7, 8, 9, 10, 11, 12]]"
00071-00000010.toc,toc,12,563,matriz,cerca_empate,b=0.1,1,17.349911190053287,21.21285234160929,1,1,0.19991010008379817,1.0,0.0,"[[1, 2, 3, 4, 5, 6, 7, 8, 9, 10, 11, 12]]","[[1, 2, 3, 4, 5, 6, 7, 8, 9, 10, 11, 12]]"
00071-00000010.toc,toc,12,563,matriz,todos,b=0.01,1,17.349911190053287,17.425459469945842,1,1,0.40412930003367364,1.0,0.0,"[[1, 2, 3, 4, 5, 6, 7, 8, 9, 10, 11, 12]]","[[1, 2, 3, 4, 5, 6, 7, 8, 9, 10, 11, 12]]"
00071-00000010.toc,toc,12,563,matriz,todos,b=0.05,1,17.349911190053287,18.530429244174588,1,1,0.2235731000546366,1.0,0.0,"[[1, 2, 3, 4, 5, 6, 7, 8, 9, 10, 11, 12]]","[[1, 2, 3, 4, 5, 6, 7, 8, 9, 10, 11, 12]]"
00071-00000010.toc,toc,12,563,matriz,todos,b=0.1,1,17.349911190053287,21.57507824956545,1,1,0.3775714000221342,1.0,0.0,"[[1, 2, 3, 4, 5, 6, 7, 8, 9, 10, 11, 12]]","[[1, 2, 3, 4, 5, 6, 7, 8, 9, 10, 11, 12]]"
00071-00000010.toc,toc,12,563,matriz,aleatoria,b=0.01,2,17.349911190053287,17.325645327412634,1,1,0.17884139996021986,1.0,0.0,"[[1, 2, 3, 4, 5, 6, 7, 8, 9, 10, 11, 12]]","[[1, 2, 3, 4, 5, 6, 7, 8, 9, 10, 11, 12]]"
00071-00000010.toc,toc,12,563,matriz,aleatoria,b=0.05,2,17.349911190053287,17.757918377683914,1,1,0.3520062000025064,1.0,0.0,"[[1, 2, 3, 4, 5, 6, 7, 8, 9, 10, 11, 12]]","[[1, 2, 3, 4, 5, 6, 7, 8, 9, 10, 11, 12]]"
00071-00000010.toc,toc,12,563,matriz,aleatoria,b=0.1,2,17.349911190053287,18.59931810527902,1,1,0.17686679994221777,1.0,0.0,"[[1, 2, 3, 4, 5, 6, 7, 8, 9, 10, 11, 12]]","[[1, 2, 3, 4, 5, 6, 7, 8, 9, 10, 11, 12]]"
00071-00000010.toc,toc,12,563,matriz,cerca_empate,b=0.01,2,17.349911190053287,17.600363927962864,1,1,0.18336489994544536,1.0,0.0,"[[1, 2, 3, 4, 5, 6, 7, 8, 9, 10, 11, 12]]","[[1, 2, 3, 4, 5, 6, 7, 8, 9, 10, 11, 12]]"
00071-00000010.toc,toc,12,563,matriz,cerca_empate,b=0.05,2,17.349911190053287,18.698159479973505,1,1,0.20886880008038133,1.0,0.0,"[[1, 2, 3, 4, 5, 6, 7, 8, 9, 10, 11, 12]]","[[1, 2, 3, 4, 5, 6, 7, 8, 9, 10, 11, 12]]"
00071-00000010.toc,toc,12,563,matriz,cerca_empate,b=0.1,2,17.349911190053287,20.570641081653683,1,2,0.14447820000350475,0.0,1.0888099467140364,"[[1, 2, 3, 4, 5, 6, 7, 8, 9, 10, 11, 12]]","[[4], [1, 2, 3, 5, 6, 7, 8, 9, 10, 11, 12]]"
00071-00000010.toc,toc,12,563,matriz,todos,b=0.01,2,17.349911190053287,17.204365444642832,1,1,0.19276719994377345,1.0,0.0,"[[1, 2, 3, 4, 5, 6, 7, 8, 9, 10, 11, 12]]","[[1, 2, 3, 4, 5, 6, 7, 8, 9, 10, 11, 12]]"
00071-00000010.toc,toc,12,563,matriz,todos,b=0.05,2,17.349911190053287,17.09413195492642,1,1,0.22901370003819466,1.0,0.0,"[[1, 2, 3, 4, 5, 6, 7, 8, 9, 10, 11, 12]]","[[1, 2, 3, 4, 5, 6, 7, 8, 9, 10, 11, 12]]"
00071-00000010.toc,toc,12,563,matriz,todos,b=0.1,2,17.349911190053287,19.000948543248477,1,1,0.2124563999241218,1.0,0.0,"[[1, 2, 3, 4, 5, 6, 7, 8, 9, 10, 11, 12]]","[[1, 2, 3, 4, 5, 6, 7, 8, 9, 10, 11, 12]]"
00071-00000010.toc,toc,12,563,matriz,aleatoria,b=0.01,3,17.349911190053287,17.548163510470758,1,1,0.21519010001793504,1.0,0.0,"[[1, 2, 3, 4, 5, 6, 7, 8, 9, 10, 11, 12]]","[[1, 2, 3, 4, 5, 6, 7, 8, 9, 10, 11, 12]]"
00071-00000010.toc,toc,12,563,matriz,aleatoria,b=0.05,3,17.349911190053287,18.39801115803763,1,1,0.3292913999175653,1.0,0.0,"[[1, 2, 3, 4, 5, 6, 7, 8, 9, 10, 11, 12]]","[[1, 2, 3, 4, 5, 6, 7, 8, 9, 10, 11, 12]]"
00071-00000010.toc,toc,12,563,matriz,aleatoria,b=0.1,3,17.349911190053287,19.117769438366555,1,1,0.2965477999532595,1.0,0.0,"[[1, 2, 3, 4, 5, 6, 7, 8, 9, 10, 11, 12]]","[[1, 2, 3, 4, 5, 6, 7, 8, 9, 10, 11, 12]]"
00071-00000010.toc,toc,12,563,matriz,cerca_empate,b=0.01,3,17.349911190053287,17.399997357067065,1,1,0.19145439995918423,1.0,0.0,"[[1, 2, 3, 4, 5, 6, 7, 8, 9, 10, 11, 12]]","[[1, 2, 3, 4, 5, 6, 7, 8, 9, 10, 11, 12]]"
00071-00000010.toc,toc,12,563,matriz,cerca_empate,b=0.05,3,17.349911190053287,18.32204834162155,1,1,0.23414539999794215,1.0,0.0,"[[1, 2, 3, 4, 5, 6, 7, 8, 9, 10, 11, 12]]","[[1, 2, 3, 4, 5, 6, 7, 8, 9, 10, 11, 12]]"
00071-00000010.toc,toc,12,563,matriz,cerca_empate,b=0.1,3,17.349911190053287,20.49731473637651,1,2,0.22973120003007352,0.0,2.0639431616341035,"[[1, 2, 3, 4, 5, 6, 7, 8, 9, 10, 11, 12]]","[[4, 12], [1, 2, 3, 5, 6, 7, 8, 9, 10, 11]]"
00071-00000010.toc,toc,12,563,matriz,todos,b=0.01,3,17.349911190053287,17.27320516643872,1,1,0.25158589996863157,1.0,0.0,"[[1, 2, 3, 4, 5, 6, 7, 8, 9, 10, 11, 12]]","[[1, 2, 3, 4, 5, 6, 7, 8, 9, 10, 11, 12]]"
00071-00000010.toc,toc,12,563,matriz,todos,b=0.05,3,17.349911190053287,17.745184545190664,1,1,0.22593890002463013,1.0,0.0,"[[1, 2, 3, 4, 5, 6, 7, 8, 9, 10, 11, 12]]","[[1, 2, 3, 4, 5, 6, 7, 8, 9, 10, 11, 12]]"
00071-00000010.toc,toc,12,563,matriz,todos,b=0.1,3,17.349911190053287,18.767424946570888,1,1,0.13805259997025132,1.0,0.0,"[[1, 2, 3, 4, 5, 6, 7, 8, 9, 10, 11, 12]]","[[1, 2, 3, 4, 5, 6, 7, 8, 9, 10, 11, 12]]"
00071-00000010.toc,toc,12,563,matriz,aleatoria,b=0.01,4,17.349911190053287,17.254664826429966,1,1,0.1354257999919355,1.0,0.0,"[[1, 2, 3, 4, 5, 6, 7, 8, 9, 10, 11, 12]]","[[1, 2, 3, 4, 5, 6, 7, 8, 9, 10, 11, 12]]"
00071-00000010.toc,toc,12,563,matriz,aleatoria,b=0.05,4,17.349911190053287,16.947840513320326,1,1,0.06089670001529157,1.0,0.0,"[[1, 2, 3, 4, 5, 6, 7, 8, 9, 10, 11, 12]]","[[1, 2, 3, 4, 5, 6, 7, 8, 9, 10, 11, 12]]"
00071-00000010.toc,toc,12,563,matriz,aleatoria,b=0.1,4,17.349911190053287,16.855789380482367,1,1,0.06296649994328618,1.0,0.0,"[[1, 2, 3, 4, 5, 6, 7, 8, 9, 10, 11, 12]]","[[1, 2, 3, 4, 5, 6, 7, 8, 9, 10, 11, 12]]"
00071-00000010.toc,toc,12,563,matriz,cerca_empate,b=0.01,4,17.349911190053287,17.31541917021758,1,1,0.14311379997525364,1.0,0.0,"[[1, 2, 3, 4, 5, 6, 7, 8, 9, 10, 11, 12]]","[[1, 2, 3, 4, 5, 6, 7, 8, 9, 10, 11, 12]]"
00071-00000010.toc,toc,12,563,matriz,cerca_empate,b=0.05,4,17.349911190053287,18.7882435236028,1,1,0.14818839996587485,1.0,0.0,"[[1, 2, 3, 4, 5, 6, 7, 8, 9, 10, 11, 12]]","[[1, 2, 3, 4, 5, 6, 7, 8, 9, 10, 11, 12]]"
00071-00000010.toc,toc,12,563,matriz,cerca_empate,b=0.1,4,17.349911190053287,21.79239114823224,1,1,0.12623419996816665,1.0,0.0,"[[1, 2, 3, 4, 5, 6, 7, 8, 9, 10, 11, 12]]","[[1, 2, 3, 4, 5, 6, 7, 8, 9, 10, 11, 12]]"
00071-00000010.toc,toc,12,563,matriz,todos,b=0.01,4,17.349911190053287,17.27345820055942,1,1,0.200440900051035,1.0,0.0,"[[1, 2, 3, 4, 5, 6, 7, 8, 9, 10, 11, 12]]","[[1, 2, 3, 4, 5, 6, 7, 8, 9, 10, 11, 12]]"
00071-00000010.toc,toc,12,563,matriz,todos,b=0.05,4,17.349911190053287,17.945840008461644,1,1,0.23239929997362196,1.0,0.0,"[[1, 2, 3, 4, 5, 6, 7, 8, 9, 10, 11, 12]]","[[1, 2, 3, 4, 5, 6, 7, 8, 9, 10, 11, 12]]"
00071-00000010.toc,toc,12,563,matriz,todos,b=0.1,4,17.349911190053287,21.43467993659111,1,1,0.17997499997727573,1.0,0.0,"[[1, 2, 3, 4, 5, 6, 7, 8, 9, 10, 11, 12]]","[[1, 2, 3, 4, 5, 6, 7, 8, 9, 10, 11, 12]]"
00071-00000011.toc,toc,12,496,matriz,aleatoria,b=0.01,0,18.046370967741936,17.961057193670122,1,1,0.19317400001455098,1.0,0.0,"[[1, 2, 3, 4, 5, 6, 7, 8, 9, 10, 11, 12]]","[[1, 2, 3, 4, 5, 6, 7, 8, 9, 10, 11, 12]]"
00071-00000011.toc,toc,12,496,matriz,aleatoria,b=0.05,0,18.046370967741936,17.936104471925653,1,1,0.2090785000473261,1.0,0.0,"[[1, 2, 3, 4, 5, 6, 7, 8, 9, 10, 11, 12]]","[[1, 2, 3, 4, 5, 6, 7, 8, 9, 10, 11, 12]]"
00071-00000011.toc,toc,12,496,matriz,aleatoria,b=0.1,0,18.046370967741936,18.50991851289204,1,1,0.07191489997785538,1.0,0.0,"[[1, 2, 3, 4, 5, 6, 7, 8, 9, 10, 11, 12]]","[[1, 2, 3, 4, 5, 6, 7, 8, 9, 10, 11, 12]]"
00071-00000011.toc,toc,12,496,matriz,cerca_empate,b=0.01,0,18.046370967741936,18.341358625001067,1,1,0.1741636999649927,1.0,0.0,"[[1, 2, 3, 4, 5, 6, 7, 8, 9, 10, 11, 12]]","[[1, 2, 3, 4, 5, 6, 7, 8, 9, 10, 11, 12]]"
00071-00000011.toc,toc,12,496,matriz,cerca_empate,b=0.05,0,18.046370967741936,20.441732523943266,1,1,0.18966270005330443,1.0,0.0,"[[1, 2, 3, 4, 5, 6, 7, 8, 9, 10, 11, 12]]","[[1, 2, 3, 4, 5, 6, 7, 8, 9, 10, 11, 12]]"
00071-00000011.toc,toc,12,496,matriz,cerca_empate,b=0.1,0,18.046370967741936,23.358382988129566,1,1,0.2963895999127999,1.0,0.0,"[[1, 2, 3, 4, 5, 6, 7, 8, 9, 10, 11, 12]]","[[1, 2, 3, 4, 5, 6, 7, 8, 9, 10, 11, 12]]"
00071-00000011.toc,toc,12,496,matriz,todos,b=0.01,0,18.046370967741936,17.980095659300947,1,1,0.1871046000160277,1.0,0.0,"[[1, 2, 3, 4, 5, 6, 7, 8, 9, 10, 11, 12]]","[[1, 2, 3, 4, 5, 6, 7, 8, 9, 10, 11, 12]]"
00071-00000011.toc,toc,12,496,matriz,todos,b=0.05,0,18.046370967741936,20.2795602294447,1,1,0.2409839000320062,1.0,0.0,"[[1, 2, 3, 4, 5, 6, 7, 8, 9, 10, 11, 12]]","[[1, 2, 3, 4, 5, 6, 7, 8, 9, 10, 11, 12]]"
00071-00000011.toc,toc,12,496,matriz,todos,b=0.1,0,18.046370967741936,24.69581449157044,1,1,0.5639210999943316,1.0,0.0,"[[1, 2, 3, 4, 5, 6, 7, 8, 9, 10, 11, 12]]","[[1, 2, 3, 4, 5, 6, 7, 8, 9, 10, 11, 12]]"
00071-00000011.toc,toc,12,496,matriz,aleatoria,b=0.01,1,18.046370967741936,17.916845340895122,1,1,0.2854184000752866,1.0,0.0,"[[1, 2, 3, 4, 5, 6, 7, 8, 9, 10, 11, 12]]","[[1, 2, 3, 4, 5, 6, 7, 8, 9, 10, 11, 12]]"
00071-00000011.toc,toc,12,496,matriz,aleatoria,b=0.05,1,18.046370967741936,17.548262905908487,1,1,0.21675969997886568,1.0,0.0,"[[1, 2, 3, 4, 5, 6, 7, 8, 9, 10, 11, 12]]","[[1, 2, 3, 4, 5, 6, 7, 8, 9, 10, 11, 12]]"
00071-00000011.toc,toc,12,496,matriz,aleatoria,b=0.1,1,18.046370967741936,18.677431844574365,1,1,0.21500690001994371,1.0,0.0,"[[1, 2, 3, 4, 5, 6, 7, 8, 9, 10, 11, 12]]","[[1, 2, 3, 4, 5, 6, 7, 8, 9, 10, 11, 12]]"
00071-00000011.toc,toc,12,496,matriz,cerca_empate,b=0.01,1,18.046370967741936,18.07187084243576,1,1,0.1667382000014186,1.0,0.0,"[[1, 2, 3, 4, 5, 6, 7, 8, 9, 10, 11, 12]]","[[1, 2, 3, 4, 5, 6, 7, 8, 9, 10, 11, 12]]"
00071-00000011.toc,toc,12,496,matriz,cerca_empate,b=0.05,1,18.046370967741936,18.787500787815972,1,1,0.16326170007232577,1.0,0.0,"[[1, 2, 3, 4, 5, 6, 7, 8, 9, 10, 11, 12]]","[[1, 2, 3, 4, 5, 6, 7, 8, 9, 10, 11, 12]]"
00071-00000011.toc,toc,12,496,matriz,cerca_empate,b=0.1,1,18.046370967741936,20.63877806299282,1,1,0.1672285000095144,1.0,0.0,"[[1, 2, 3, 4, 5, 6, 7, 8, 9, 10, 11, 12]]","[[1, 2, 3, 4, 5, 6, 7, 8, 9, 10, 11, 12]]"
00071-00000011.toc,toc,12,496,matriz,todos,b=0.01,1,18.046370967741936,18.056372106092475,1,1,0.2419643000466749,1.0,0.0,"[[1, 2, 3, 4, 5, 6, 7, 8, 9, 10, 11, 12]]","[[1, 2, 3, 4, 5, 6, 7, 8, 9, 10, 11, 12]]"
00071-00000011.toc,toc,12,496,matriz,todos,b=0.05,1,18.046370967741936,18.88952764431334,1,1,0.2583050000248477,1.0,0.0,"[[1, 2, 3, 4, 5, 6, 7, 8, 9, 10, 11, 12]]","[[1, 2, 3, 4, 5, 6, 7, 8, 9, 10, 11, 12]]"
00071-00000011.toc,toc,12,496,matriz,todos,b=0.1,1,18.046370967741936,21.985330585697895,1,1,0.26346169994212687,1.0,0.0,"[[1, 2, 3, 4, 5, 6, 7, 8, 9, 10, 11, 12]]","[[1, 2, 3, 4, 5, 6, 7, 8, 9, 10, 11, 12]]"
00071-00000011.toc,toc,12,496,matriz,aleatoria,b=0.01,2,18.046370967741936,17.99647432271462,1,1,0.28456349996849895,1.0,0.0,"[[1, 2, 3, 4, 5, 6, 7, 8, 9, 10, 11, 12]]","[[1, 2, 3, 4, 5, 6, 7, 8, 9, 10, 11, 12]]"
00071-00000011.toc,toc,12,496,matriz,aleatoria,b=0.05,2,18.046370967741936,18.13297153473286,1,1,0.18464550003409386,1.0,0.0,"[[1, 2, 3, 4, 5, 6, 7, 8, 9, 10, 11, 12]]","[[1, 2, 3, 4, 5, 6, 7, 8, 9, 10, 11, 12]]"
00071-00000011.toc,toc,12,496,matriz,aleatoria,b=0.1,2,18.046370967741936,18.635172878079228,1,1,0.2819253000197932,1.0,0.0,"[[1, 2, 3, 4, 5, 6, 7, 8, 9, 10, 11, 12]]","[[1, 2, 3, 4, 5, 6, 7, 8, 9, 10, 11, 12]]"
00071-00000011.toc,toc,12,496,matriz,cerca_empate,b=0.01,2,18.046370967741936,18.075755644636168,1,1,0.23497899994254112,1.0,0.0,"[[1, 2, 3, 4, 5, 6, 7, 8, 9, 10, 11, 12]]","[[1, 2, 3, 4, 5, 6, 7, 8, 9, 10, 11, 12]]"
00071-00000011.toc,toc,12,496,matriz,cerca_empate,b=0.05,2,18.046370967741936,18.699052208094237,1,1,0.19693440000992268,1.0,0.0,"[[1, 2, 3, 4, 5, 6, 7, 8, 9, 10, 11, 12]]","[[1, 2, 3, 4, 5, 6, 7, 8, 9, 10, 11, 12]]"
00071-00000011.toc,toc,12,496,matriz,cerca_empate,b=0.1,2,18.046370967741936,20.195005805124694,1,1,0.1767699000192806,1.0,0.0,"[[1, 2, 3, 4, 5, 6, 7, 8, 9, 10, 11, 12]]","[[1, 2, 3, 4, 5, 6, 7, 8, 9, 10, 11, 12]]"
00071-00000011.toc,toc,12,496,matriz,todos,b=0.01,2,18.046370967741936,17.887176516223327,1,1,0.13292930007446557,1.0,0.0,"[[1, 2, 3, 4, 5, 6, 7, 8, 9, 10, 11, 12]]","[[1, 2, 3, 4, 5, 6, 7, 8, 9, 10, 11, 12]]"
00071-00000011.toc,toc,12,496,matriz,todos,b=0.05,2,18.046370967741936,17.460229122290887,1,1,0.15132989990524948,1.0,0.0,"[[1, 2, 3, 4, 5, 6, 7, 8, 9, 10, 11, 12]]","[[1, 2, 3, 4, 5, 6, 7, 8, 9, 10, 11, 12]]"
00071-00000011.toc,toc,12,496,matriz,todos,b=0.1,2,18.046370967741936,18.660400566385807,1,1,0.19773519993759692,1.0,0.0,"[[1, 2, 3, 4, 5, 6, 7, 8, 9, 10, 11, 12]]","[[1, 2, 3, 4, 5, 6, 7, 8, 9, 10, 11, 12]]"
00071-00000011.toc,toc,12,496,matriz,aleatoria,b=0.01,3,18.046370967741936,18.22837238727178,1,1,0.17029319994617254,1.0,0.0,"[[1, 2, 3, 4, 5, 6, 7, 8, 9, 10, 11, 12]]","[[1, 2, 3, 4, 5, 6, 7, 8, 9, 10, 11, 12]]"
00071-00000011.toc,toc,12,496,matriz,aleatoria,b=0.05,3,18.046370967741936,18.99577730139407,1,1,0.17652039998210967,1.0,0.0,"[[1, 2, 3, 4, 5, 6, 7, 8, 9, 10, 11, 12]]","[[1, 2, 3, 4, 5, 6, 7, 8, 9, 10, 11, 12]]"
00071-00000011.toc,toc,12,496,matriz,aleatoria,b=0.1,3,18.046370967741936,19.707431674085342,1,1,0.3204095000401139,1.0,0.0,"[[1, 2, 3, 4, 5, 6, 7, 8, 9, 10, 11, 12]]","[[1, 2, 3, 4, 5, 6, 7, 8, 9, 10, 11, 12]]"
00071-00000011.toc,toc,12,496,matriz,cerca_empate,b=0.01,3,18.046370967741936,18.002019621919512,1,1,0.16799520002678037,1.0,0.0,"[[1, 2, 3, 4, 5, 6, 7, 8, 9, 10, 11, 12]]","[[1, 2, 3, 4, 5, 6, 7, 8, 9, 10, 11, 12]]"
00071-00000011.toc,toc,12,496,matriz,cerca_empate,b=0.05,3,18.046370967741936,18.825764550430268,1,1,0.20501389994751662,1.0,0.0,"[[1, 2, 3, 4, 5, 6, 7, 8, 9, 10, 11, 12]]","[[1, 2, 3, 4, 5, 6, 7, 8, 9, 10, 11, 12]]"
00071-00000011.toc,toc,12,496,matriz,cerca_empate,b=0.1,3,18.046370967741936,20.79284535845684,1,1,0.24029709992464632,1.0,0.0,"[[1, 2, 3, 4, 5, 6, 7, 8, 9, 10, 11, 12]]","[[1, 2, 3, 4, 5, 6, 7, 8, 9, 10, 11, 12]]"
00071-00000011.toc,toc,12,496,matriz,todos,b=0.01,3,18.046370967741936,17.987225215610298,1,1,0.17737609997857362,1.0,0.0,"[[1, 2, 3, 4, 5, 6, 7, 8, 9, 10, 11, 12]]","[[1, 2, 3, 4, 5, 6, 7, 8, 9, 10, 11, 12]]"
00071-00000011.toc,toc,12,496,matriz,todos,b=0.05,3,18.046370967741936,18.1240956529246,1,1,0.24454029998742044,1.0,0.0,"[[1, 2, 3, 4, 5, 6, 7, 8, 9, 10, 11, 12]]","[[1, 2, 3, 4, 5, 6, 7, 8, 9, 10, 11, 12]]"
00071-00000011.toc,toc,12,496,matriz,todos,b=0.1,3,18.046370967741936,19.114238181467172,1,1,0.17329130007419735,1.0,0.0,"[[1, 2, 3, 4, 5, 6, 7, 8, 9, 10, 11, 12]]","[[1, 2, 3, 4, 5, 6, 7, 8, 9, 10, 11, 12]]"
00071-00000011.toc,toc,12,496,matriz,aleatoria,b=0.01,4,18.046370967741936,17.951124604118604,1,1,0.2266620999434963,1.0,0.0,"[[1, 2, 3, 4, 5, 6, 7, 8, 9, 10, 11, 12]]","[[1, 2, 3, 4, 5, 6, 7, 8, 9, 10, 11, 12]]"
00071-00000011.toc,toc,12,496,matriz,aleatoria,b=0.05,4,18.046370967741936,17.57013914962533,1,1,0.17371989996172488,1.0,0.0,"[[1, 2, 3, 4, 5, 6, 7, 8, 9, 10, 11, 12]]","[[1, 2, 3, 4, 5, 6, 7, 8, 9, 10, 11, 12]]"
00071-00000011.toc,toc,12,496,matriz,aleatoria,b=0.1,4,18.046370967741936,17.141832575971936,1,1,0.16433209995739162,1.0,0.0,"[[1, 2, 3, 4, 5, 6, 7, 8, 9, 10, 11, 12]]","[[1, 2, 3, 4, 5, 6, 7, 8, 9, 10, 11, 12]]"
00071-00000011.toc,toc,12,496,matriz,cerca_empate,b=0.01,4,18.046370967741936,18.131734240810115,1,1,0.1638152999803424,1.0,0.0,"[[1, 2, 3, 4, 5, 6, 7, 8, 9, 10, 11, 12]]","[[1, 2, 3, 4, 5, 6, 7, 8, 9, 10, 11, 12]]"
00071-00000011.toc,toc,12,496,matriz,cerca_empate,b=0.05,4,18.046370967741936,19.391461782468,1,1,0.1598725999938324,1.0,0.0,"[[1, 2, 3, 4, 5, 6, 7, 8, 9, 10, 11, 12]]","[[1, 2, 3, 4, 5, 6, 7, 8, 9, 10, 11, 12]]"
00071-00000011.toc,toc,12,496,matriz,cerca_empate,b=0.1,4,18.046370967741936,21.934936928446195,1,1,0.20718359993770719,1.0,0.0,"[[1, 2, 3, 4, 5, 6, 7, 8, 9, 10, 11, 12]]","[[1, 2, 3, 4, 5, 6, 7, 8, 9, 10, 11, 12]]"
00071-00000011.toc,toc,12,496,matriz,todos,b=0.01,4,18.046370967741936,17.910126241988078,1,1,0.21269539999775589,1.0,0.0,"[[1, 2, 3, 4, 5, 6, 7, 8, 9, 10, 11, 12]]","[[1, 2, 3, 4, 5, 6, 7, 8, 9, 10, 11, 12]]"
00071-00000011.toc,toc,12,496,matriz,todos,b=0.05,4,18.046370967741936,18.57989532404087,1,1,0.15831920003984123,1.0,0.0,"[[1, 2, 3, 4, 5, 6, 7, 8, 9, 10, 11, 12]]","[[1, 2, 3, 4, 5, 6, 7, 8, 9, 10, 11, 12]]"
00071-00000011.toc,toc,12,496,matriz,todos,b=0.1,4,18.046370967741936,21.416026496277805,1,1,0.21601400000508875,1.0,0.0,"[[1, 2, 3, 4, 5, 6, 7, 8, 9, 10, 11, 12]]","[[1, 2, 3, 4, 5, 6, 7, 8, 9, 10, 11, 12]]"
00071-00000012.toc,toc,12,526,matriz,aleatoria,b=0.01,0,17.69961977186312,17.63152784489515,1,1,0.07641029998194426,1.0,0.0,"[[1, 2, 3, 4, 5, 6, 7, 8, 9, 10, 11, 12]]","[[1, 2, 3, 4, 5, 6, 7, 8, 9, 10, 11, 12]]"
00071-00000012.toc,toc,12,526,matriz,aleatoria,b=0.05,0,17.69961977186312,17.66110600510364,1,1,0.07482249999884516,1.0,0.0,"[[1, 2, 3, 4, 5, 6, 7, 8, 9, 10, 11, 12]]","[[1, 2, 3, 4, 5, 6, 7, 8, 9, 10, 11, 12]]"
00071-00000012.toc,toc,12,526,matriz,aleatoria,b=0.1,0,17.69961977186312,18.3327063985971,1,1,0.06342339992988855,1.0,0.0,"[[1, 2, 3, 4, 5, 6, 7, 8, 9, 10, 11, 12]]","[[1, 2, 3, 4, 5, 6, 7, 8, 9, 10, 11, 12]]"
00071-00000012.toc,toc,12,526,matriz,cerca_empate,b=0.01,0,17.69961977186312,17.99113822792619,1,1,0.08077120000962168,1.0,0.0,"[[1, 2, 3, 4, 5, 6, 7, 8, 9, 10, 11, 12]]","[[1, 2, 3, 4, 5, 6, 7, 8, 9, 10, 11, 12]]"
00071-00000012.toc,toc,12,526,matriz,cerca_empate,b=0.05,0,17.69961977186312,19.970643531295337,1,1,0.0883826999925077,1.0,0.0,"[[1, 2, 3, 4, 5, 6, 7, 8, 9, 10, 11, 12]]","[[1, 2, 3, 4, 5, 6, 7, 8, 9, 10, 11, 12]]"
00071-00000012.toc,toc,12,526,matriz,cerca_empate,b=0.1,0,17.69961977186312,22.740405727922532,1,1,0.3377407999942079,1.0,0.0,"[[1, 2, 3, 4, 5, 6, 7, 8, 9, 10, 11, 12]]","[[1, 2, 3, 4, 5, 6, 7, 8, 9, 10, 11, 12]]"
00071-00000012.toc,toc,12,526,matriz,todos,b=0.01,0,17.69961977186312,17.724252383329876,1,1,0.17034730000887066,1.0,0.0,"[[1, 2, 3, 4, 5, 6, 7, 8, 9, 10, 11, 12]]","[[1, 2, 3, 4, 5, 6, 7, 8, 9, 10, 11, 12]]"
00071-00000012.toc,toc,12,526,matriz,todos,b=0.05,0,17.69961977186312,19.761031773661554,1,1,0.1782668000087142,1.0,0.0,"[[1, 2, 3, 4, 5, 6, 7, 8, 9, 10, 11, 12]]","[[1, 2, 3, 4, 5, 6, 7, 8, 9, 10, 11, 12]]"
00071-00000012.toc,toc,12,526,matriz,todos,b=0.1,0,17.69961977186312,24.24640169873345,1,1,0.9591912999749184,1.0,0.0,"[[1, 2, 3, 4, 5, 6, 7, 8, 9, 10, 11, 12]]","[[1, 2, 3, 4, 5, 6, 7, 8, 9, 10, 11, 12]]"
00071-00000012.toc,toc,12,526,matriz,aleatoria,b=0.01,1,17.69961977186312,17.570094145016288,1,1,0.07377030001953244,1.0,0.0,"[[1, 2, 3, 4, 5, 6, 7, 8, 9, 10, 11, 12]]","[[1, 2, 3, 4, 5, 6, 7, 8, 9, 10, 11, 12]]"
00071-00000012.toc,toc,12,526,matriz,aleatoria,b=0.05,1,17.69961977186312,17.249132217818214,1,1,0.14541350002400577,1.0,0.0,"[[1, 2, 3, 4, 5, 6, 7, 8, 9, 10, 11, 12]]","[[1, 2, 3, 4, 5, 6, 7, 8, 9, 10, 11, 12]]"
00071-00000012.toc,toc,12,526,matriz,aleatoria,b=0.1,1,17.69961977186312,18.416884734796767,1,1,0.14321949996519834,1.0,0.0,"[[1, 2, 3, 4, 5, 6, 7, 8, 9, 10, 11, 12]]","[[1, 2, 3, 4, 5, 6, 7, 8, 9, 10, 11, 12]]"
00071-00000012.toc,toc,12,526,matriz,cerca_empate,b=0.01,1,17.69961977186312,17.756505342460997,1,1,0.06952819996513426,1.0,0.0,"[[1, 2, 3, 4, 5, 6, 7, 8, 9, 10, 11, 12]]","[[1, 2, 3, 4, 5, 6, 7, 8, 9, 10, 11, 12]]"
00071-00000012.toc,toc,12,526,matriz,cerca_empate,b=0.05,1,17.69961977186312,18.543782407220895,1,1,0.08369319990742952,1.0,0.0,"[[1, 2, 3, 4, 5, 6, 7, 8, 9, 10, 11, 12]]","[[1, 2, 3, 4, 5, 6, 7, 8, 9, 10, 11, 12]]"
00071-00000012.toc,toc,12,526,matriz,cerca_empate,b=0.1,1,17.69961977186312,20.40063719460082,1,1,0.1225992999970913,1.0,0.0,"[[1, 2, 3, 4, 5, 6, 7, 8, 9, 10, 11, 12]]","[[1, 2, 3, 4, 5, 6, 7, 8, 9, 10, 11, 12]]"
00071-00000012.toc,toc,12,526,matriz,todos,b=0.01,1,17.69961977186312,17.707905917346327,1,1,0.18747180001810193,1.0,0.0,"[[1, 2, 3, 4, 5, 6, 7, 8, 9, 10, 11, 12]]","[[1, 2, 3, 4, 5, 6, 7, 8, 9, 10, 11, 12]]"
00071-00000012.toc,toc,12,526,matriz,todos,b=0.05,1,17.69961977186312,18.659236647134385,1,1,0.3884192999685183,1.0,0.0,"[[1, 2, 3, 4, 5, 6, 7, 8, 9, 10, 11, 12]]","[[1, 2, 3, 4, 5, 6, 7, 8, 9, 10, 11, 12]]"
00071-00000012.toc,toc,12,526,matriz,todos,b=0.1,1,17.69961977186312,21.823100752844354,1,1,0.397118299966678,1.0,0.0,"[[1, 2, 3, 4, 5, 6, 7, 8, 9, 10, 11, 12]]","[[1, 2, 3, 4, 5, 6, 7, 8, 9, 10, 11, 12]]"
00071-00000012.toc,toc,12,526,matriz,aleatoria,b=0.01,2,17.69961977186312,17.649723126835795,1,1,0.1676105000078678,1.0,0.0,"[[1, 2, 3, 4, 5, 6, 7, 8, 9, 10, 11, 12]]","[[1, 2, 3, 4, 5, 6, 7, 8, 9, 10, 11, 12]]"
00071-00000012.toc,toc,12,526,matriz,aleatoria,b=0.05,2,17.69961977186312,17.774281997025255,1,1,0.15963979996740818,1.0,0.0,"[[1, 2, 3, 4, 5, 6, 7, 8, 9, 10, 11, 12]]","[[1, 2, 3, 4, 5, 6, 7, 8, 9, 10, 11, 12]]"
00071-00000012.toc,toc,12,526,matriz,aleatoria,b=0.1,2,17.69961977186312,18.350270081562602,1,1,0.17983070004265755,1.0,0.0,"[[1, 2, 3, 4, 5, 6, 7, 8, 9, 10, 11, 12]]","[[1, 2, 3, 4, 5, 6, 7, 8, 9, 10, 11, 12]]"
00071-00000012.toc,toc,12,526,matriz,cerca_empate,b=0.01,2,17.69961977186312,17.79317278319864,1,1,0.08423979999497533,1.0,0.0,"[[1, 2, 3, 4, 5, 6, 7, 8, 9, 10, 11, 12]]","[[1, 2, 3, 4, 5, 6, 7, 8, 9, 10, 11, 12]]"
00071-00000012.toc,toc,12,526,matriz,cerca_empate,b=0.05,2,17.69961977186312,18.56139800780298,1,1,0.08418579993303865,1.0,0.0,"[[1, 2, 3, 4, 5, 6, 7, 8, 9, 10, 11, 12]]","[[1, 2, 3, 4, 5, 6, 7, 8, 9, 10, 11, 12]]"
00071-00000012.toc,toc,12,526,matriz,cerca_empate,b=0.1,2,17.69961977186312,20.11109717486952,1,1,0.18989330006297678,1.0,0.0,"[[1, 2, 3, 4, 5, 6, 7, 8, 9, 10, 11, 12]]","[[1, 2, 3, 4, 5, 6, 7, 8, 9, 10, 11, 12]]"
00071-00000012.toc,toc,12,526,matriz,todos,b=0.01,2,17.69961977186312,17.513965169469046,1,1,0.0748674999922514,1.0,0.0,"[[1, 2, 3, 4, 5, 6, 7, 8, 9, 10, 11, 12]]","[[1, 2, 3, 4, 5, 6, 7, 8, 9, 10, 11, 12]]"
00071-00000012.toc,toc,12,526,matriz,todos,b=0.05,2,17.69961977186312,17.262783530189473,1,1,0.2957507000537589,1.0,0.0,"[[1, 2, 3, 4, 5, 6, 7, 8, 9, 10, 11, 12]]","[[1, 2, 3, 4, 5, 6, 7, 8, 9, 10, 11, 12]]"
00071-00000012.toc,toc,12,526,matriz,todos,b=0.1,2,17.69961977186312,18.566699493724396,1,1,0.17170269996859133,1.0,0.0,"[[1, 2, 3, 4, 5, 6, 7, 8, 9, 10, 11, 12]]","[[1, 2, 3, 4, 5, 6, 7, 8, 9, 10, 11, 12]]"
00071-00000012.toc,toc,12,526,matriz,aleatoria,b=0.01,3,17.69961977186312,17.885653449457475,1,1,0.07199959992431104,1.0,0.0,"[[1, 2, 3, 4, 5, 6, 7, 8, 9, 10, 11, 12]]","[[1, 2, 3, 4, 5, 6, 7, 8, 9, 10, 11, 12]]"
00071-00000012.toc,toc,12,526,matriz,aleatoria,b=0.05,3,17.69961977186312,18.66307001573235,1,1,0.13967479998245835,1.0,0.0,"[[1, 2, 3, 4, 5, 6, 7, 8, 9, 10, 11, 12]]","[[1, 2, 3, 4, 5, 6, 7, 8, 9, 10, 11, 12]]"
00071-00000012.toc,toc,12,526,matriz,aleatoria,b=0.1,3,17.69961977186312,19.40442971161754,1,1,0.21744769997894764,1.0,0.0,"[[1, 2, 3, 4, 5, 6, 7, 8, 9, 10, 11, 12]]","[[1, 2, 3, 4, 5, 6, 7, 8, 9, 10, 11, 12]]"
00071-00000012.toc,toc,12,526,matriz,cerca_empate,b=0.01,3,17.69961977186312,17.4850583836206,1,1,0.08564289996866137,1.0,0.0,"[[1, 2, 3, 4, 5, 6, 7, 8, 9, 10, 11, 12]]","[[1, 2, 3, 4, 5, 6, 7, 8, 9, 10, 11, 12]]"
00071-00000012.toc,toc,12,526,matriz,cerca_empate,b=0.05,3,17.69961977186312,18.380955586661454,1,1,0.08364179998170584,1.0,0.0,"[[1, 2, 3, 4, 5, 6, 7, 8, 9, 10, 11, 12]]","[[1, 2, 3, 4, 5, 6, 7, 8, 9, 10, 11, 12]]"
00071-00000012.toc,toc,12,526,matriz,cerca_empate,b=0.1,3,17.69961977186312,20.3850682463832,1,1,0.1360777000663802,1.0,0.0,"[[1, 2, 3, 4, 5, 6, 7, 8, 9, 10, 11, 12]]","[[1, 2, 3, 4, 5, 6, 7, 8, 9, 10, 11, 12]]"
00071-00000012.toc,toc,12,526,matriz,todos,b=0.01,3,17.69961977186312,17.572975163334196,1,1,0.08525579993147403,1.0,0.0,"[[1, 2, 3, 4, 5, 6, 7, 8, 9, 10, 11, 12]]","[[1, 2, 3, 4, 5, 6, 7, 8, 9, 10, 11, 12]]"
00071-00000012.toc,toc,12,526,matriz,todos,b=0.05,3,17.69961977186312,17.639391139711243,1,1,0.13085810001939535,1.0,0.0,"[[1, 2, 3, 4, 5, 6, 7, 8, 9, 10, 11, 12]]","[[1, 2, 3, 4, 5, 6, 7, 8, 9, 10, 11, 12]]"
00071-00000012.toc,toc,12,526,matriz,todos,b=0.1,3,17.69961977186312,18.639329862332964,1,1,0.12452240008860826,1.0,0.0,"[[1, 2, 3, 4, 5, 6, 7, 8, 9, 10, 11, 12]]","[[1, 2, 3, 4, 5, 6, 7, 8, 9, 10, 11, 12]]"
00071-00000012.toc,toc,12,526,matriz,aleatoria,b=0.01,4,17.69961977186312,17.600571126870975,1,1,0.0717966000083834,1.0,0.0,"[[1, 2, 3, 4, 5, 6, 7, 8, 9, 10, 11, 12]]","[[1, 2, 3, 4, 5, 6, 7, 8, 9, 10, 11, 12]]"
00071-00000012.toc,toc,12,526,matriz,aleatoria,b=0.05,4,17.69961977186312,17.21958567237769,1,1,0.07317039999179542,1.0,0.0,"[[1, 2, 3, 4, 5, 6, 7, 8, 9, 10, 11, 12]]","[[1, 2, 3, 4, 5, 6, 7, 8, 9, 10, 11, 12]]"
00071-00000012.toc,toc,12,526,matriz,aleatoria,b=0.1,4,17.69961977186312,16.81196166955712,1,1,0.12966890004463494,1.0,0.0,"[[1, 2, 3, 4, 5, 6, 7, 8, 9, 10, 11, 12]]","[[1, 2, 3, 4, 5, 6, 7, 8, 9, 10, 11, 12]]"
00071-00000012.toc,toc,12,526,matriz,cerca_empate,b=0.01,4,17.69961977186312,17.793362402070503,1,1,0.08799719996750355,1.0,0.0,"[[1, 2, 3, 4, 5, 6, 7, 8, 9, 10, 11, 12]]","[[1, 2, 3, 4, 5, 6, 7, 8, 9, 10, 11, 12]]"
00071-00000012.toc,toc,12,526,matriz,cerca_empate,b=0.05,4,17.69961977186312,19.119837882838905,1,1,0.07794230000581592,1.0,0.0,"[[1, 2, 3, 4, 5, 6, 7, 8, 9, 10, 11, 12]]","[[1, 2, 3, 4, 5, 6, 7, 8, 9, 10, 11, 12]]"
00071-00000012.toc,toc,12,526,matriz,cerca_empate,b=0.1,4,17.69961977186312,21.67973178923363,1,1,0.12723290000576526,1.0,0.0,"[[1, 2, 3, 4, 5, 6, 7, 8, 9, 10, 11, 12]]","[[1, 2, 3, 4, 5, 6, 7, 8, 9, 10, 11, 12]]"
00071-00000012.toc,toc,12,526,matriz,todos,b=0.01,4,17.69961977186312,17.652033970326148,1,1,0.13816420000512153,1.0,0.0,"[[1, 2, 3, 4, 5, 6, 7, 8, 9, 10, 11, 12]]","[[1, 2, 3, 4, 5, 6, 7, 8, 9, 10, 11, 12]]"
00071-00000012.toc,toc,12,526,matriz,todos,b=0.05,4,17.69961977186312,18.486900126863407,1,1,0.18015759997069836,1.0,0.0,"[[1, 2, 3, 4, 5, 6, 7, 8, 9, 10, 11, 12]]","[[1, 2, 3, 4, 5, 6, 7, 8, 9, 10, 11, 12]]"
00071-00000012.toc,toc,12,526,matriz,todos,b=0.1,4,17.69961977186312,21.389800912422082,1,1,0.2142265000147745,1.0,0.0,"[[1, 2, 3, 4, 5, 6, 7, 8, 9, 10, 11, 12]]","[[1, 2, 3, 4, 5, 6, 7, 8, 9, 10, 11, 12]]"
00071-00000013.toc,toc,10,902,matriz,aleatoria,b=0.01,0,9.87028824833703,9.855104184826274,1,1,0.04118419997394085,1.0,0.0,"[[1, 2, 3, 4, 5, 6, 7, 8, 9, 10]]","[[1, 2, 3, 4, 5, 6, 7, 8, 9, 10]]"
00071-00000013.toc,toc,10,902,matriz,aleatoria,b=0.05,0,9.87028824833703,9.8298446491868,1,1,0.037593499990180135,1.0,0.0,"[[1, 2, 3, 4, 5, 6, 7, 8, 9, 10]]","[[1, 2, 3, 4, 5, 6, 7, 8, 9, 10]]"
00071-00000013.toc,toc,10,902,matriz,aleatoria,b=0.1,0,9.87028824833703,10.093199406547088,1,1,0.04069080005865544,1.0,0.0,"[[1, 2, 3, 4, 5, 6, 7, 8, 9, 10]]","[[1, 2, 3, 4, 5, 6, 7, 8, 9, 10]]"
00071-00000013.toc,toc,10,902,matriz,cerca_empate,b=0.01,0,9.87028824833703,10.25477524169918,1,1,0.040457300026901066,1.0,0.0,"[[1, 2, 3, 4, 5, 6, 7, 8, 9, 10]]","[[1, 2, 3, 4, 5, 6, 7, 8, 9, 10]]"
00071-00000013.toc,toc,10,902,matriz,cerca_empate,b=0.05,0,9.87028824833703,12.248473982934552,1,1,0.040490300045348704,1.0,0.0,"[[1, 2, 3, 4, 5, 6, 7, 8, 9, 10]]","[[1, 2, 3, 4, 5, 6, 7, 8, 9, 10]]"
00071-00000013.toc,toc,10,902,matriz,cerca_empate,b=0.1,0,9.87028824833703,14.89899062315369,1,1,0.1049927999265492,1.0,0.0,"[[1, 2, 3, 4, 5, 6, 7, 8, 9, 10]]","[[1, 2, 3, 4, 5, 6, 7, 8, 9, 10]]"
00071-00000013.toc,toc,10,902,matriz,todos,b=0.01,0,9.87028824833703,10.043092956144248,1,1,0.09181360004004091,1.0,0.0,"[[1, 2, 3, 4, 5, 6, 7, 8, 9, 10]]","[[1, 2, 3, 4, 5, 6, 7, 8, 9, 10]]"
00071-00000013.toc,toc,10,902,matriz,todos,b=0.05,0,9.87028824833703,11.817753437419995,1,1,0.05964910006150603,1.0,0.0,"[[1, 2, 3, 4, 5, 6, 7, 8, 9, 10]]","[[1, 2, 3, 4, 5, 6, 7, 8, 9, 10]]"
00071-00000013.toc,toc,10,902,matriz,todos,b=0.1,0,9.87028824833703,14.804695663808277,1,1,0.06167009996715933,1.0,0.0,"[[1, 2, 3, 4, 5, 6, 7, 8, 9, 10]]","[[1, 2, 3, 4, 5, 6, 7, 8, 9, 10]]"
00071-00000013.toc,toc,10,902,matriz,aleatoria,b=0.01,1,9.87028824833703,9.693067421158748,1,1,0.04210159997455776,1.0,0.0,"[[1, 2, 3, 4, 5, 6, 7, 8, 9, 10]]","[[1, 2, 3, 4, 5, 6, 7, 8, 9, 10]]"
00071-00000013.toc,toc,10,902,matriz,aleatoria,b=0.05,1,9.87028824833703,9.129359871983569,1,1,0.040027600014582276,1.0,0.0,"[[1, 2, 3, 4, 5, 6, 7, 8, 9, 10]]","[[1, 2, 3, 4, 5, 6, 7, 8, 9, 10]]"
00071-00000013.toc,toc,10,902,matriz,aleatoria,b=0.1,1,9.87028824833703,8.942645207192555,1,1,0.039101700065657496,1.0,0.0,"[[1, 2, 3, 4, 5, 6, 7, 8, 9, 10]]","[[1, 2, 3, 4, 5, 6, 7, 8, 9, 10]]"
00071-00000013.toc,toc,10,902,matriz,cerca_empate,b=0.01,1,9.87028824833703,9.830593673368659,1,1,0.044924499932676554,1.0,0.0,"[[1, 2, 3, 4, 5, 6, 7, 8, 9, 10]]","[[1, 2, 3, 4, 5, 6, 7, 8, 9, 10]]"
00071-00000013.toc,toc,10,902,matriz,cerca_empate,b=0.05,1,9.87028824833703,10.398155465923976,1,1,0.04141580010764301,1.0,0.0,"[[1, 2, 3, 4, 5, 6, 7, 8, 9, 10]]","[[1, 2, 3, 4, 5, 6, 7, 8, 9, 10]]"
00071-00000013.toc,toc,10,902,matriz,cerca_empate,b=0.1,1,9.87028824833703,11.844754268308883,1,1,0.03524589992593974,1.0,0.0,"[[1, 2, 3, 4, 5, 6, 7, 8, 9, 10]]","[[1, 2, 3, 4, 5, 6, 7, 8, 9, 10]]"
00071-00000013.toc,toc,10,902,matriz,todos,b=0.01,1,9.87028824833703,9.997980038068219,1,1,0.03166370000690222,1.0,0.0,"[[1, 2, 3, 4, 5, 6, 7, 8, 9, 10]]","[[1, 2, 3, 4, 5, 6, 7, 8, 9, 10]]"
00071-00000013.toc,toc,10,902,matriz,todos,b=0.05,1,9.87028824833703,10.971338379645497,1,1,0.035439400002360344,1.0,0.0,"[[1, 2, 3, 4, 5, 6, 7, 8, 9, 10]]","[[1, 2, 3, 4, 5, 6, 7, 8, 9, 10]]"
00071-00000013.toc,toc,10,902,matriz,todos,b=0.1,1,9.87028824833703,13.586935641429758,1,1,0.0620676000835374,1.0,0.0,"[[1, 2, 3, 4, 5, 6, 7, 8, 9, 10]]","[[1, 2, 3, 4, 5, 6, 7, 8, 9, 10]]"
00071-00000013.toc,toc,10,902,matriz,aleatoria,b=0.01,2,9.87028824833703,9.784548257589778,1,1,0.039478200022131205,1.0,0.0,"[[1, 2, 3, 4, 5, 6, 7, 8, 9, 10]]","[[1, 2, 3, 4, 5, 6, 7, 8, 9, 10]]"
00071-00000013.toc,toc,10,902,matriz,aleatoria,b=0.05,2,9.87028824833703,9.470093944964491,1,1,0.04261050000786781,1.0,0.0,"[[1, 2, 3, 4, 5, 6, 7, 8, 9, 10]]","[[1, 2, 3, 4, 5, 6, 7, 8, 9, 10]]"
00071-00000013.toc,toc,10,902,matriz,aleatoria,b=0.1,2,9.87028824833703,9.796409234667186,1,1,0.06287659995723516,1.0,0.0,"[[1, 2, 3, 4, 5, 6, 7, 8, 9, 10]]","[[1, 2, 3, 4, 5, 6, 7, 8, 9, 10]]"
00071-00000013.toc,toc,10,902,matriz,cerca_empate,b=0.01,2,9.87028824833703,9.902644421514083,1,1,0.06368679995648563,1.0,0.0,"[[1, 2, 3, 4, 5, 6, 7, 8, 9, 10]]","[[1, 2, 3, 4, 5, 6, 7, 8, 9, 10]]"
00071-00000013.toc,toc,10,902,matriz,cerca_empate,b=0.05,2,9.87028824833703,10.210261308110205,1,1,0.05269200005568564,1.0,0.0,"[[1, 2, 3, 4, 5, 6, 7, 8, 9, 10]]","[[1, 2, 3, 4, 5, 6, 7, 8, 9, 10]]"
00071-00000013.toc,toc,10,902,matriz,cerca_empate,b=0.1,2,9.87028824833703,11.359289451548522,1,1,0.04606119997333735,1.0,0.0,"[[1, 2, 3, 4, 5, 6, 7, 8, 9, 10]]","[[1, 2, 3, 4, 5, 6, 7, 8, 9, 10]]"
00071-00000013.toc,toc,10,902,matriz,todos,b=0.01,2,9.87028824833703,9.766400949976466,1,1,0.04068740003276616,1.0,0.0,"[[1, 2, 3, 4, 5, 6, 7, 8, 9, 10]]","[[1, 2, 3, 4, 5, 6, 7, 8, 9, 10]]"
00071-00000013.toc,toc,10,902,matriz,todos,b=0.05,2,9.87028824833703,9.717847948987055,1,1,0.0448942999355495,1.0,0.0,"[[1, 2, 3, 4, 5, 6, 7, 8, 9, 10]]","[[1, 2, 3, 4, 5, 6, 7, 8, 9, 10]]"
00071-00000013.toc,toc,10,902,matriz,todos,b=0.1,2,9.87028824833703,10.781270407609812,1,1,0.04375620000064373,1.0,0.0,"[[1, 2, 3, 4, 5, 6, 7, 8, 9, 10]]","[[1, 2, 3, 4, 5, 6, 7, 8, 9, 10]]"
00071-00000013.toc,toc,10,902,matriz,aleatoria,b=0.01,3,9.87028824833703,10.029669323302333,1,1,0.04185050004161894,1.0,0.0,"[[1, 2, 3, 4, 5, 6, 7, 8, 9, 10]]","[[1, 2, 3, 4, 5, 6, 7, 8, 9, 10]]"
00071-00000013.toc,toc,10,902,matriz,aleatoria,b=0.05,3,9.87028824833703,10.667193623163543,1,1,0.04165979998651892,1.0,0.0,"[[1, 2, 3, 4, 5, 6, 7, 8, 9, 10]]","[[1, 2, 3, 4, 5, 6, 7, 8, 9, 10]]"
00071-00000013.toc,toc,10,902,matriz,aleatoria,b=0.1,3,9.87028824833703,11.057754339048628,1,1,0.062456300016492605,1.0,0.0,"[[1, 2, 3, 4, 5, 6, 7, 8, 9, 10]]","[[1, 2, 3, 4, 5, 6, 7, 8, 9, 10]]"
00071-00000013.toc,toc,10,902,matriz,cerca_empate,b=0.01,3,9.87028824833703,9.88705374441001,1,1,0.04307590005919337,1.0,0.0,"[[1, 2, 3, 4, 5, 6, 7, 8, 9, 10]]","[[1, 2, 3, 4, 5, 6, 7, 8, 9, 10]]"
00071-00000013.toc,toc,10,902,matriz,cerca_empate,b=0.05,3,9.87028824833703,10.758209152609503,1,1,0.045588299981318414,1.0,0.0,"[[1, 2, 3, 4, 5, 6, 7, 8, 9, 10]]","[[1, 2, 3, 4, 5, 6, 7, 8, 9, 10]]"
00071-00000013.toc,toc,10,902,matriz,cerca_empate,b=0.1,3,9.87028824833703,12.623473109883985,1,1,0.06136539997532964,1.0,0.0,"[[1, 2, 3, 4, 5, 6, 7, 8, 9, 10]]","[[1, 2, 3, 4, 5, 6, 7, 8, 9, 10]]"
00071-00000013.toc,toc,10,902,matriz,todos,b=0.01,3,9.87028824833703,9.628889210227031,1,1,0.04103429999668151,1.0,0.0,"[[1, 2, 3, 4, 5, 6, 7, 8, 9, 10]]","[[1, 2, 3, 4, 5, 6, 7, 8, 9, 10]]"
00071-00000013.toc,toc,10,902,matriz,todos,b=0.05,3,9.87028824833703,9.997271272909952,1,1,0.04400510003324598,1.0,0.0,"[[1, 2, 3, 4, 5, 6, 7, 8, 9, 10]]","[[1, 2, 3, 4, 5, 6, 7, 8, 9, 10]]"
00071-00000013.toc,toc,10,902,matriz,todos,b=0.1,3,9.87028824833703,12.404862949727832,1,1,0.0652568000368774,1.0,0.0,"[[1, 2, 3, 4, 5, 6, 7, 8, 9, 10]]","[[1, 2, 3, 4, 5, 6, 7, 8, 9, 10]]"
00071-00000013.toc,toc,10,902,matriz,aleatoria,b=0.01,4,9.87028824833703,9.86438185559083,1,1,0.04362100001890212,1.0,0.0,"[[1, 2, 3, 4, 5, 6, 7, 8, 9, 10]]","[[1, 2, 3, 4, 5, 6, 7, 8, 9, 10]]"
00071-00000013.toc,toc,10,902,matriz,aleatoria,b=0.05,4,9.87028824833703,9.92734946570454,1,1,0.04533150000497699,1.0,0.0,"[[1, 2, 3, 4, 5, 6, 7, 8, 9, 10]]","[[1, 2, 3, 4, 5, 6, 7, 8, 9, 10]]"
00071-00000013.toc,toc,10,902,matriz,aleatoria,b=0.1,4,9.87028824833703,10.561563092974076,1,1,0.048022300004959106,1.0,0.0,"[[1, 2, 3, 4, 5, 6, 7, 8, 9, 10]]","[[1, 2, 3, 4, 5, 6, 7, 8, 9, 10]]"
00071-00000013.toc,toc,10,902,matriz,cerca_empate,b=0.01,4,9.87028824833703,9.942239385012797,1,1,0.047977900016121566,1.0,0.0,"[[1, 2, 3, 4, 5, 6, 7, 8, 9, 10]]","[[1, 2, 3, 4, 5, 6, 7, 8, 9, 10]]"
00071-00000013.toc,toc,10,902,matriz,cerca_empate,b=0.05,4,9.87028824833703,11.100578372880182,1,1,0.04591660003643483,1.0,0.0,"[[1, 2, 3, 4, 5, 6, 7, 8, 9, 10]]","[[1, 2, 3, 4, 5, 6, 7, 8, 9, 10]]"
00071-00000013.toc,toc,10,902,matriz,cerca_empate,b=0.1,4,9.87028824833703,13.352191078008019,1,1,0.057335900026373565,1.0,0.0,"[[1, 2, 3, 4, 5, 6, 7, 8, 9, 10]]","[[1, 2, 3, 4, 5, 6, 7, 8, 9, 10]]"
00071-00000013.toc,toc,10,902,matriz,todos,b=0.01,4,9.87028824833703,9.597295202951042,1,1,0.037139699910767376,1.0,0.0,"[[1, 2, 3, 4, 5, 6, 7, 8, 9, 10]]","[[1, 2, 3, 4, 5, 6, 7, 8, 9, 10]]"
00071-00000013.toc,toc,10,902,matriz,todos,b=0.05,4,9.87028824833703,9.363985266034865,1,1,0.037977100000716746,1.0,0.0,"[[1, 2, 3, 4, 5, 6, 7, 8, 9, 10]]","[[1, 2, 3, 4, 5, 6, 7, 8, 9, 10]]"
00071-00000013.toc,toc,10,902,matriz,todos,b=0.1,4,9.87028824833703,11.507705574925348,1,1,0.03858409996610135,1.0,0.0,"[[1, 2, 3, 4, 5, 6, 7, 8, 9, 10]]","[[1, 2, 3, 4, 5, 6, 7, 8, 9, 10]]"
00071-00000014.toc,toc,10,376,matriz,aleatoria,b=0.01,0,9.46808510638298,9.474719963159394,1,1,0.04578030004631728,1.0,0.0,"[[1, 2, 3, 4, 5, 6, 7, 8, 9, 10]]","[[1, 2, 3, 4, 5, 6, 7, 8, 9, 10]]"
00071-00000014.toc,toc,10,376,matriz,aleatoria,b=0.05,0,9.46808510638298,9.650195560477817,1,1,0.031168699963018298,1.0,0.0,"[[1, 2, 3, 4, 5, 6, 7, 8, 9, 10]]","[[1, 2, 3, 4, 5, 6, 7, 8, 9, 10]]"
00071-00000014.toc,toc,10,376,matriz,aleatoria,b=0.1,0,9.46808510638298,9.869540057125848,1,1,0.06571170000825077,1.0,0.0,"[[1, 2, 3, 4, 5, 6, 7, 8, 9, 10]]","[[1, 2, 3, 4, 5, 6, 7, 8, 9, 10]]"
00071-00000014.toc,toc,10,376,matriz,cerca_empate,b=0.01,0,9.46808510638298,9.46545560953434,1,1,0.038357799989171326,1.0,0.0,"[[1, 2, 3, 4, 5, 6, 7, 8, 9, 10]]","[[1, 2, 3, 4, 5, 6, 7, 8, 9, 10]]"
00071-00000014.toc,toc,10,376,matriz,cerca_empate,b=0.05,0,9.46808510638298,11.068811003686907,1,1,0.0474043000722304,1.0,0.0,"[[1, 2, 3, 4, 5, 6, 7, 8, 9, 10]]","[[1, 2, 3, 4, 5, 6, 7, 8, 9, 10]]"
00071-00000014.toc,toc,10,376,matriz,cerca_empate,b=0.1,0,9.46808510638298,13.682765468431478,1,1,0.045714300009422004,1.0,0.0,"[[1, 2, 3, 4, 5, 6, 7, 8, 9, 10]]","[[1, 2, 3, 4, 5, 6, 7, 8, 9, 10]]"
00071-00000014.toc,toc,10,376,matriz,todos,b=0.01,0,9.46808510638298,9.486390249664638,1,1,0.04700900008901954,1.0,0.0,"[[1, 2, 3, 4, 5, 6, 7, 8, 9, 10]]","[[1, 2, 3, 4, 5, 6, 7, 8, 9, 10]]"
00071-00000014.toc,toc,10,376,matriz,todos,b=0.05,0,9.46808510638298,10.89466734026998,1,1,0.05331810005009174,1.0,0.0,"[[1, 2, 3, 4, 5, 6, 7, 8, 9, 10]]","[[1, 2, 3, 4, 5, 6, 7, 8, 9, 10]]"
00071-00000014.toc,toc,10,376,matriz,todos,b=0.1,0,9.46808510638298,13.737761172987135,1,1,0.04809910000767559,1.0,0.0,"[[1, 2, 3, 4, 5, 6, 7, 8, 9, 10]]","[[1, 2, 3, 4, 5, 6, 7, 8, 9, 10]]"
00071-00000014.toc,toc,10,376,matriz,aleatoria,b=0.01,1,9.46808510638298,9.290864279204698,1,1,0.03749919997062534,1.0,0.0,"[[1, 2, 3, 4, 5, 6, 7, 8, 9, 10]]","[[1, 2, 3, 4, 5, 6, 7, 8, 9, 10]]"
00071-00000014.toc,toc,10,376,matriz,aleatoria,b=0.05,1,9.46808510638298,8.58198097049157,1,1,0.027866499964147806,1.0,0.0,"[[1, 2, 3, 4, 5, 6, 7, 8, 9, 10]]","[[1, 2, 3, 4, 5, 6, 7, 8, 9, 10]]"
00071-00000014.toc,toc,10,376,matriz,aleatoria,b=0.1,1,9.46808510638298,8.269783219435636,1,1,0.028001299942843616,1.0,0.0,"[[1, 2, 3, 4, 5, 6, 7, 8, 9, 10]]","[[1, 2, 3, 4, 5, 6, 7, 8, 9, 10]]"
00071-00000014.toc,toc,10,376,matriz,cerca_empate,b=0.01,1,9.46808510638298,9.37032565218936,1,1,0.0390858999453485,1.0,0.0,"[[1, 2, 3, 4, 5, 6, 7, 8, 9, 10]]","[[1, 2, 3, 4, 5, 6, 7, 8, 9, 10]]"
00071-00000014.toc,toc,10,376,matriz,cerca_empate,b=0.05,1,9.46808510638298,9.61264572623152,1,1,0.036870499956421554,1.0,0.0,"[[1, 2, 3, 4, 5, 6, 7, 8, 9, 10]]","[[1, 2, 3, 4, 5, 6, 7, 8, 9, 10]]"
00071-00000014.toc,toc,10,376,matriz,cerca_empate,b=0.1,1,9.46808510638298,11.208079657583609,1,1,0.0436551000457257,1.0,0.0,"[[1, 2, 3, 4, 5, 6, 7, 8, 9, 10]]","[[1, 2, 3, 4, 5, 6, 7, 8, 9, 10]]"
00071-00000014.toc,toc,10,376,matriz,todos,b=0.01,1,9.46808510638298,9.518959461128427,1,1,0.038096999982371926,1.0,0.0,"[[1, 2, 3, 4, 5, 6, 7, 8, 9, 10]]","[[1, 2, 3, 4, 5, 6, 7, 8, 9, 10]]"
00071-00000014.toc,toc,10,376,matriz,todos,b=0.05,1,9.46808510638298,10.5110690809282,1,1,0.04389659990556538,1.0,0.0,"[[1, 2, 3, 4, 5, 6, 7, 8, 9, 10]]","[[1, 2, 3, 4, 5, 6, 7, 8, 9, 10]]"
00071-00000014.toc,toc,10,376,matriz,todos,b=0.1,1,9.46808510638298,12.914751240582483,1,1,0.04203869996126741,1.0,0.0,"[[1, 2, 3, 4, 5, 6, 7, 8, 9, 10]]","[[1, 2, 3, 4, 5, 6, 7, 8, 9, 10]]"
00071-00000014.toc,toc,10,376,matriz,aleatoria,b=0.01,2,9.46808510638298,9.402979829089093,1,1,0.03701500000897795,1.0,0.0,"[[1, 2, 3, 4, 5, 6, 7, 8, 9, 10]]","[[1, 2, 3, 4, 5, 6, 7, 8, 9, 10]]"
00071-00000014.toc,toc,10,376,matriz,aleatoria,b=0.05,2,9.46808510638298,9.397311008952554,1,1,0.03915630001574755,1.0,0.0,"[[1, 2, 3, 4, 5, 6, 7, 8, 9, 10]]","[[1, 2, 3, 4, 5, 6, 7, 8, 9, 10]]"
00071-00000014.toc,toc,10,376,matriz,aleatoria,b=0.1,2,9.46808510638298,9.835862966810389,1,1,0.04421149997506291,1.0,0.0,"[[1, 2, 3, 4, 5, 6, 7, 8, 9, 10]]","[[1, 2, 3, 4, 5, 6, 7, 8, 9, 10]]"
00071-00000014.toc,toc,10,376,matriz,cerca_empate,b=0.01,2,9.46808510638298,9.630481138731543,1,1,0.04510610003490001,1.0,0.0,"[[1, 2, 3, 4, 5, 6, 7, 8, 9, 10]]","[[1, 2, 3, 4, 5, 6, 7, 8, 9, 10]]"
00071-00000014.toc,toc,10,376,matriz,cerca_empate,b=0.05,2,9.46808510638298,10.47519496914337,1,1,0.04107299994211644,1.0,0.0,"[[1, 2, 3, 4, 5, 6, 7, 8, 9, 10]]","[[1, 2, 3, 4, 5, 6, 7, 8, 9, 10]]"
00071-00000014.toc,toc,10,376,matriz,cerca_empate,b=0.1,2,9.46808510638298,11.873781823737254,1,1,0.04268329998012632,1.0,0.0,"[[1, 2, 3, 4, 5, 6, 7, 8, 9, 10]]","[[1, 2, 3, 4, 5, 6, 7, 8, 9, 10]]"
00071-00000014.toc,toc,10,376,matriz,todos,b=0.01,2,9.46808510638298,9.35991691179606,1,1,0.04229839995969087,1.0,0.0,"[[1, 2, 3, 4, 5, 6, 7, 8, 9, 10]]","[[1, 2, 3, 4, 5, 6, 7, 8, 9, 10]]"
00071-00000014.toc,toc,10,376,matriz,todos,b=0.05,2,9.46808510638298,9.667676796261802,1,1,0.04316339991055429,1.0,0.0,"[[1, 2, 3, 4, 5, 6, 7, 8, 9, 10]]","[[1, 2, 3, 4, 5, 6, 7, 8, 9, 10]]"
00071-00000014.toc,toc,10,376,matriz,todos,b=0.1,2,9.46808510638298,11.072095862159443,1,1,0.04517559998203069,1.0,0.0,"[[1, 2, 3, 4, 5, 6, 7, 8, 9, 10]]","[[1, 2, 3, 4, 5, 6, 7, 8, 9, 10]]"
00071-00000014.toc,toc,10,376,matriz,aleatoria,b=0.01,3,9.46808510638298,9.657360094441291,1,1,0.042528499965555966,1.0,0.0,"[[1, 2, 3, 4, 5, 6, 7, 8, 9, 10]]","[[1, 2, 3, 4, 5, 6, 7, 8, 9, 10]]"
00071-00000014.toc,toc,10,376,matriz,aleatoria,b=0.05,3,9.46808510638298,10.414460046674543,1,1,0.04375630000140518,1.0,0.0,"[[1, 2, 3, 4, 5, 6, 7, 8, 9, 10]]","[[1, 2, 3, 4, 5, 6, 7, 8, 9, 10]]"
00071-00000014.toc,toc,10,376,matriz,aleatoria,b=0.1,3,9.46808510638298,11.201299964838078,1,1,0.048222500015981495,1.0,0.0,"[[1, 2, 3, 4, 5, 6, 7, 8, 9, 10]]","[[1, 2, 3, 4, 5, 6, 7, 8, 9, 10]]"
00071-00000014.toc,toc,10,376,matriz,cerca_empate,b=0.01,3,9.46808510638298,9.599736443877118,1,1,0.03870110004208982,1.0,0.0,"[[1, 2, 3, 4, 5, 6, 7, 8, 9, 10]]","[[1, 2, 3, 4, 5, 6, 7, 8, 9, 10]]"
00071-00000014.toc,toc,10,376,matriz,cerca_empate,b=0.05,3,9.46808510638298,10.394385942181174,1,1,0.04576410003937781,1.0,0.0,"[[1, 2, 3, 4, 5, 6, 7, 8, 9, 10]]","[[1, 2, 3, 4, 5, 6, 7, 8, 9, 10]]"
00071-00000014.toc,toc,10,376,matriz,cerca_empate,b=0.1,3,9.46808510638298,12.018996519230832,1,1,0.045276899938471615,1.0,0.0,"[[1, 2, 3, 4, 5, 6, 7, 8, 9, 10]]","[[1, 2, 3, 4, 5, 6, 7, 8, 9, 10]]"
00071-00000014.toc,toc,10,376,matriz,todos,b=0.01,3,9.46808510638298,9.320795107789982,1,1,0.043918400071561337,1.0,0.0,"[[1, 2, 3, 4, 5, 6, 7, 8, 9, 10]]","[[1, 2, 3, 4, 5, 6, 7, 8, 9, 10]]"
00071-00000014.toc,toc,10,376,matriz,todos,b=0.05,3,9.46808510638298,10.169466991026791,1,1,0.05007859994657338,1.0,0.0,"[[1, 2, 3, 4, 5, 6, 7, 8, 9, 10]]","[[1, 2, 3, 4, 5, 6, 7, 8, 9, 10]]"
00071-00000014.toc,toc,10,376,matriz,todos,b=0.1,3,9.46808510638298,12.940627752077972,1,1,0.04152830003295094,1.0,0.0,"[[1, 2, 3, 4, 5, 6, 7, 8, 9, 10]]","[[1, 2, 3, 4, 5, 6, 7, 8, 9, 10]]"
00071-00000014.toc,toc,10,376,matriz,aleatoria,b=0.01,4,9.46808510638298,9.45154041576444,1,1,0.03583830001298338,1.0,0.0,"[[1, 2, 3, 4, 5, 6, 7, 8, 9, 10]]","[[1, 2, 3, 4, 5, 6, 7, 8, 9, 10]]"
00071-00000014.toc,toc,10,376,matriz,aleatoria,b=0.05,4,9.46808510638298,9.559856424236408,1,1,0.045100699993781745,1.0,0.0,"[[1, 2, 3, 4, 5, 6, 7, 8, 9, 10]]","[[1, 2, 3, 4, 5, 6, 7, 8, 9, 10]]"
00071-00000014.toc,toc,10,376,matriz,aleatoria,b=0.1,4,9.46808510638298,10.08381860082896,1,1,0.05059479991905391,1.0,0.0,"[[1, 2, 3, 4, 5, 6, 7, 8, 9, 10]]","[[1, 2, 3, 4, 5, 6, 7, 8, 9, 10]]"
00071-00000014.toc,toc,10,376,matriz,cerca_empate,b=0.01,4,9.46808510638298,9.411789623774238,1,1,0.04020950000267476,1.0,0.0,"[[1, 2, 3, 4, 5, 6, 7, 8, 9, 10]]","[[1, 2, 3, 4, 5, 6, 7, 8, 9, 10]]"
00071-00000014.toc,toc,10,376,matriz,cerca_empate,b=0.05,4,9.46808510638298,10.326160156883612,1,1,0.04214999999385327,1.0,0.0,"[[1, 2, 3, 4, 5, 6, 7, 8, 9, 10]]","[[1, 2, 3, 4, 5, 6, 7, 8, 9, 10]]"
00071-00000014.toc,toc,10,376,matriz,cerca_empate,b=0.1,4,9.46808510638298,12.889785801466303,1,1,0.04711070004850626,1.0,0.0,"[[1, 2, 3, 4, 5, 6, 7, 8, 9, 10]]","[[1, 2, 3, 4, 5, 6, 7, 8, 9, 10]]"
00071-00000014.toc,toc,10,376,matriz,todos,b=0.01,4,9.46808510638298,9.123649610076829,1,1,0.03793200000654906,1.0,0.0,"[[1, 2, 3, 4, 5, 6, 7, 8, 9, 10]]","[[1, 2, 3, 4, 5, 6, 7, 8, 9, 10]]"
00071-00000014.toc,toc,10,376,matriz,todos,b=0.05,4,9.46808510638298,9.388837873355303,1,1,0.04394140001386404,1.0,0.0,"[[1, 2, 3, 4, 5, 6, 7, 8, 9, 10]]","[[1, 2, 3, 4, 5, 6, 7, 8, 9, 10]]"
00071-00000014.toc,toc,10,376,matriz,todos,b=0.1,4,9.46808510638298,12.021839765931515,1,1,0.04411010001786053,1.0,0.0,"[[1, 2, 3, 4, 5, 6, 7, 8, 9, 10]]","[[1, 2, 3, 4, 5, 6, 7, 8, 9, 10]]"
00071-00000015.toc,toc,10,961,matriz,aleatoria,b=0.01,0,10.528616024973987,10.370396499997097,1,1,0.044266900047659874,1.0,0.0,"[[1, 2, 3, 4, 5, 6, 7, 8, 9, 10]]","[[1, 2, 3, 4, 5, 6, 7, 8, 9, 10]]"
00071-00000015.toc,toc,10,961,matriz,aleatoria,b=0.05,0,10.528616024973987,10.16613629845274,1,1,0.04584619996603578,1.0,0.0,"[[1, 2, 3, 4, 5, 6, 7, 8, 9, 10]]","[[1, 2, 3, 4, 5, 6, 7, 8, 9, 10]]"
00071-00000015.toc,toc,10,961,matriz,aleatoria,b=0.1,0,10.528616024973987,10.50176194879913,1,1,0.04510049999225885,1.0,0.0,"[[1, 2, 3, 4, 5, 6, 7, 8, 9, 10]]","[[1, 2, 3, 4, 5, 6, 7, 8, 9, 10]]"
00071-00000015.toc,toc,10,961,matriz,cerca_empate,b=0.01,0,10.528616024973987,10.69518206378026,1,1,0.04478460003156215,1.0,0.0,"[[1, 2, 3, 4, 5, 6, 7, 8, 9, 10]]","[[1, 2, 3, 4, 5, 6, 7, 8, 9, 10]]"
00071-00000015.toc,toc,10,961,matriz,cerca_empate,b=0.05,0,10.528616024973987,12.238132286528288,1,1,0.04507170000579208,1.0,0.0,"[[1, 2, 3, 4, 5, 6, 7, 8, 9, 10]]","[[1, 2, 3, 4, 5, 6, 7, 8, 9, 10]]"
00071-00000015.toc,toc,10,961,matriz,cerca_empate,b=0.1,0,10.528616024973987,14.792687489850211,1,1,0.05078589997719973,1.0,0.0,"[[1, 2, 3, 4, 5, 6, 7, 8, 9, 10]]","[[1, 2, 3, 4, 5, 6, 7, 8, 9, 10]]"
00071-00000015.toc,toc,10,961,matriz,todos,b=0.01,0,10.528616024973987,10.708509511219766,1,1,0.04685119993519038,1.0,0.0,"[[1, 2, 3, 4, 5, 6, 7, 8, 9, 10]]","[[1, 2, 3, 4, 5, 6, 7, 8, 9, 10]]"
00071-00000015.toc,toc,10,961,matriz,todos,b=0.05,0,10.528616024973987,12.366248248873742,1,1,0.06316969997715205,1.0,0.0,"[[1, 2, 3, 4, 5, 6, 7, 8, 9, 10]]","[[1, 2, 3, 4, 5, 6, 7, 8, 9, 10]]"
00071-00000015.toc,toc,10,961,matriz,todos,b=0.1,0,10.528616024973987,15.179210477400012,1,1,0.08139159996062517,1.0,0.0,"[[1, 2, 3, 4, 5, 6, 7, 8, 9, 10]]","[[1, 2, 3, 4, 5, 6, 7, 8, 9, 10]]"
00071-00000015.toc,toc,10,961,matriz,aleatoria,b=0.01,1,10.528616024973987,10.351395197795705,1,1,0.04438989993650466,1.0,0.0,"[[1, 2, 3, 4, 5, 6, 7, 8, 9, 10]]","[[1, 2, 3, 4, 5, 6, 7, 8, 9, 10]]"
00071-00000015.toc,toc,10,961,matriz,aleatoria,b=0.05,1,10.528616024973987,9.914537220966405,1,1,0.0446401999797672,1.0,0.0,"[[1, 2, 3, 4, 5, 6, 7, 8, 9, 10]]","[[1, 2, 3, 4, 5, 6, 7, 8, 9, 10]]"
00071-00000015.toc,toc,10,961,matriz,aleatoria,b=0.1,1,10.528616024973987,9.803570518271416,1,1,0.04888000001665205,1.0,0.0,"[[1, 2, 3, 4, 5, 6, 7, 8, 9, 10]]","[[1, 2, 3, 4, 5, 6, 7, 8, 9, 10]]"
00071-00000015.toc,toc,10,961,matriz,cerca_empate,b=0.01,1,10.528616024973987,10.344572907677104,1,1,0.049708500038832426,1.0,0.0,"[[1, 2, 3, 4, 5, 6, 7, 8, 9, 10]]","[[1, 2, 3, 4, 5, 6, 7, 8, 9, 10]]"
00071-00000015.toc,toc,10,961,matriz,cerca_empate,b=0.05,1,10.528616024973987,10.42822699135808,1,1,0.045427899924106896,1.0,0.0,"[[1, 2, 3, 4, 5, 6, 7, 8, 9, 10]]","[[1, 2, 3, 4, 5, 6, 7, 8, 9, 10]]"
00071-00000015.toc,toc,10,961,matriz,cerca_empate,b=0.1,1,10.528616024973987,11.668905454582585,1,1,0.04341949999798089,1.0,0.0,"[[1, 2, 3, 4, 5, 6, 7, 8, 9, 10]]","[[1, 2, 3, 4, 5, 6, 7, 8, 9, 10]]"
00071-00000015.toc,toc,10,961,matriz,todos,b=0.01,1,10.528616024973987,10.712364862845966,1,1,0.0391749000409618,1.0,0.0,"[[1, 2, 3, 4, 5, 6, 7, 8, 9, 10]]","[[1, 2, 3, 4, 5, 6, 7, 8, 9, 10]]"
00071-00000015.toc,toc,10,961,matriz,todos,b=0.05,1,10.528616024973987,11.810845234038975,1,1,0.038544600014574826,1.0,0.0,"[[1, 2, 3, 4, 5, 6, 7, 8, 9, 10]]","[[1, 2, 3, 4, 5, 6, 7, 8, 9, 10]]"
00071-00000015.toc,toc,10,961,matriz,todos,b=0.1,1,10.528616024973987,14.4886085268774,1,1,0.13770710001699626,1.0,0.0,"[[1, 2, 3, 4, 5, 6, 7, 8, 9, 10]]","[[1, 2, 3, 4, 5, 6, 7, 8, 9, 10]]"
00071-00000015.toc,toc,10,961,matriz,aleatoria,b=0.01,2,10.528616024973987,10.442876034226735,1,1,0.043518499936908484,1.0,0.0,"[[1, 2, 3, 4, 5, 6, 7, 8, 9, 10]]","[[1, 2, 3, 4, 5, 6, 7, 8, 9, 10]]"
00071-00000015.toc,toc,10,961,matriz,aleatoria,b=0.05,2,10.528616024973987,10.10765147720738,1,1,0.047426700009964406,1.0,0.0,"[[1, 2, 3, 4, 5, 6, 7, 8, 9, 10]]","[[1, 2, 3, 4, 5, 6, 7, 8, 9, 10]]"
00071-00000015.toc,toc,10,961,matriz,aleatoria,b=0.1,2,10.528616024973987,10.312119495828071,1,1,0.04246280004736036,1.0,0.0,"[[1, 2, 3, 4, 5, 6, 7, 8, 9, 10]]","[[1, 2, 3, 4, 5, 6, 7, 8, 9, 10]]"
00071-00000015.toc,toc,10,961,matriz,cerca_empate,b=0.01,2,10.528616024973987,10.565648502940979,1,1,0.037873499910347164,1.0,0.0,"[[1, 2, 3, 4, 5, 6, 7, 8, 9, 10]]","[[1, 2, 3, 4, 5, 6, 7, 8, 9, 10]]"
00071-00000015.toc,toc,10,961,matriz,cerca_empate,b=0.05,2,10.528616024973987,11.095734585675615,1,1,0.04026270005851984,1.0,0.0,"[[1, 2, 3, 4, 5, 6, 7, 8, 9, 10]]","[[1, 2, 3, 4, 5, 6, 7, 8, 9, 10]]"
00071-00000015.toc,toc,10,961,matriz,cerca_empate,b=0.1,2,10.528616024973987,12.120181135085796,1,1,0.04990930005442351,1.0,0.0,"[[1, 2, 3, 4, 5, 6, 7, 8, 9, 10]]","[[1, 2, 3, 4, 5, 6, 7, 8, 9, 10]]"
00071-00000015.toc,toc,10,961,matriz,todos,b=0.01,2,10.528616024973987,10.399882429699204,1,1,0.04375179996713996,1.0,0.0,"[[1, 2, 3, 4, 5, 6, 7, 8, 9, 10]]","[[1, 2, 3, 4, 5, 6, 7, 8, 9, 10]]"
00071-00000015.toc,toc,10,961,matriz,todos,b=0.05,2,10.528616024973987,10.160969427102025,1,1,0.040398199926130474,1.0,0.0,"[[1, 2, 3, 4, 5, 6, 7, 8, 9, 10]]","[[1, 2, 3, 4, 5, 6, 7, 8, 9, 10]]"
00071-00000015.toc,toc,10,961,matriz,todos,b=0.1,2,10.528616024973987,10.89696240585735,1,1,0.04063319996930659,1.0,0.0,"[[1, 2, 3, 4, 5, 6, 7, 8, 9, 10]]","[[1, 2, 3, 4, 5, 6, 7, 8, 9, 10]]"
00071-00000015.toc,toc,10,961,matriz,aleatoria,b=0.01,3,10.528616024973987,10.678184415888744,1,1,0.037058699992485344,1.0,0.0,"[[1, 2, 3, 4, 5, 6, 7, 8, 9, 10]]","[[1, 2, 3, 4, 5, 6, 7, 8, 9, 10]]"
00071-00000015.toc,toc,10,961,matriz,aleatoria,b=0.05,3,10.528616024973987,11.31303440708458,1,1,0.08718769997358322,1.0,0.0,"[[1, 2, 3, 4, 5, 6, 7, 8, 9, 10]]","[[1, 2, 3, 4, 5, 6, 7, 8, 9, 10]]"
00071-00000015.toc,toc,10,961,matriz,aleatoria,b=0.1,3,10.528616024973987,11.688720079014745,1,1,0.07650529989041388,1.0,0.0,"[[1, 2, 3, 4, 5, 6, 7, 8, 9, 10]]","[[1, 2, 3, 4, 5, 6, 7, 8, 9, 10]]"
00071-00000015.toc,toc,10,961,matriz,cerca_empate,b=0.01,3,10.528616024973987,10.589884807939454,1,1,0.04785879992414266,1.0,0.0,"[[1, 2, 3, 4, 5, 6, 7, 8, 9, 10]]","[[1, 2, 3, 4, 5, 6, 7, 8, 9, 10]]"
00071-00000015.toc,toc,10,961,matriz,cerca_empate,b=0.05,3,10.528616024973987,11.103868321336398,1,1,0.04326579999178648,1.0,0.0,"[[1, 2, 3, 4, 5, 6, 7, 8, 9, 10]]","[[1, 2, 3, 4, 5, 6, 7, 8, 9, 10]]"
00071-00000015.toc,toc,10,961,matriz,cerca_empate,b=0.1,3,10.528616024973987,12.256192066301919,1,1,0.046256299945525825,1.0,0.0,"[[1, 2, 3, 4, 5, 6, 7, 8, 9, 10]]","[[1, 2, 3, 4, 5, 6, 7, 8, 9, 10]]"
00071-00000015.toc,toc,10,961,matriz,todos,b=0.01,3,10.528616024973987,10.277784006272967,1,1,0.04525569989345968,1.0,0.0,"[[1, 2, 3, 4, 5, 6, 7, 8, 9, 10]]","[[1, 2, 3, 4, 5, 6, 7, 8, 9, 10]]"
00071-00000015.toc,toc,10,961,matriz,todos,b=0.05,3,10.528616024973987,10.503463072919885,1,1,0.051046500098891556,1.0,0.0,"[[1, 2, 3, 4, 5, 6, 7, 8, 9, 10]]","[[1, 2, 3, 4, 5, 6, 7, 8, 9, 10]]"
00071-00000015.toc,toc,10,961,matriz,todos,b=0.1,3,10.528616024973987,12.30934256170994,1,1,0.09431199997197837,1.0,0.0,"[[1, 2, 3, 4, 5, 6, 7, 8, 9, 10]]","[[1, 2, 3, 4, 5, 6, 7, 8, 9, 10]]"
00071-00000015.toc,toc,10,961,matriz,aleatoria,b=0.01,4,10.528616024973987,10.554206110888469,1,1,0.051290799980051816,1.0,0.0,"[[1, 2, 3, 4, 5, 6, 7, 8, 9, 10]]","[[1, 2, 3, 4, 5, 6, 7, 8, 9, 10]]"
00071-00000015.toc,toc,10,961,matriz,aleatoria,b=0.05,4,10.528616024973987,10.913870577453027,1,1,0.04698340001050383,1.0,0.0,"[[1, 2, 3, 4, 5, 6, 7, 8, 9, 10]]","[[1, 2, 3, 4, 5, 6, 7, 8, 9, 10]]"
00071-00000015.toc,toc,10,961,matriz,aleatoria,b=0.1,4,10.528616024973987,11.548864984250486,1,1,0.050904400064609945,1.0,0.0,"[[1, 2, 3, 4, 5, 6, 7, 8, 9, 10]]","[[1, 2, 3, 4, 5, 6, 7, 8, 9, 10]]"
00071-00000015.toc,toc,10,961,matriz,cerca_empate,b=0.01,4,10.528616024973987,10.781662726789138,1,1,0.06972720008343458,1.0,0.0,"[[1, 2, 3, 4, 5, 6, 7, 8, 9, 10]]","[[1, 2, 3, 4, 5, 6, 7, 8, 9, 10]]"
00071-00000015.toc,toc,10,961,matriz,cerca_empate,b=0.05,4,10.528616024973987,12.12260532623266,1,1,0.0930919999955222,1.0,0.0,"[[1, 2, 3, 4, 5, 6, 7, 8, 9, 10]]","[[1, 2, 3, 4, 5, 6, 7, 8, 9, 10]]"
00071-00000015.toc,toc,10,961,matriz,cerca_empate,b=0.1,4,10.528616024973987,14.210857372505961,1,1,0.09258709999267012,1.0,0.0,"[[1, 2, 3, 4, 5, 6, 7, 8, 9, 10]]","[[1, 2, 3, 4, 5, 6, 7, 8, 9, 10]]"
00071-00000015.toc,toc,10,961,matriz,todos,b=0.01,4,10.528616024973987,10.310903302392806,1,1,0.04287889995612204,1.0,0.0,"[[1, 2, 3, 4, 5, 6, 7, 8, 9, 10]]","[[1, 2, 3, 4, 5, 6, 7, 8, 9, 10]]"
00071-00000015.toc,toc,10,961,matriz,todos,b=0.05,4,10.528616024973987,10.235771836024155,1,1,0.036898700054734945,1.0,0.0,"[[1, 2, 3, 4, 5, 6, 7, 8, 9, 10]]","[[1, 2, 3, 4, 5, 6, 7, 8, 9, 10]]"
00071-00000015.toc,toc,10,961,matriz,todos,b=0.1,4,10.528616024973987,12.492003878794968,1,1,0.06036190001759678,1.0,0.0,"[[1, 2, 3, 4, 5, 6, 7, 8, 9, 10]]","[[1, 2, 3, 4, 5, 6, 7, 8, 9, 10]]"
