instancia,tipo,n,m,metodo,tecnica,parametros,seed,obj_value,obj_value_ruido,n_buckets,n_buckets_ruido,tiempo,kendall_tau,perdida,buckets_original,buckets_ruido
00068-00000001.soi,soi,10,23,rankings,empate,b=0.1,0,15.633208962109215,14.568993921679343,4,4,0.07746930001303554,0.6064784348631228,0.06435786435786461,"[[6, 9], [1], [2, 4, 5, 7, 8, 10], [3]]","[[9], [1, 2, 5, 6, 7, 8, 10], [3], [4]]"
00068-00000001.soi,soi,10,23,rankings,empate,b=0.2,0,15.633208962109215,16.1032664976399,4,3,0.0739801999880001,0.8905635565617214,0.4380952380952401,"[[6, 9], [1], [2, 4, 5, 7, 8, 10], [3]]","[[6, 9], [1, 2, 4, 5, 7, 8, 10], [3]]"
00068-00000001.soi,soi,10,23,rankings,empate,b=0.3,0,15.633208962109215,12.987751833276128,4,2,0.05437439994420856,0.4951875684721383,3.0643578643578664,"[[6, 9], [1], [2, 4, 5, 7, 8, 10], [3]]","[[9], [1, 2, 3, 4, 5, 6, 7, 8, 10]]"
00068-00000001.soi,soi,10,23,rankings,intercambio,b=0.1,0,15.633208962109215,12.765568361732043,4,3,0.05860770004801452,0.27104108243182823,15.064357864357866,"[[6, 9], [1], [2, 4, 5, 7, 8, 10], [3]]","[[4, 9], [1, 3, 5, 6, 7, 8, 10], [2]]"
00068-00000001.soi,soi,10,23,rankings,intercambio,b=0.2,0,15.633208962109215,14.754505596705087,4,1,0.041524400003254414,0.0,10.62474433778782,"[[6, 9], [1], [2, 4, 5, 7, 8, 10], [3]]","[[1, 2, 3, 4, 5, 6, 7, 8, 9, 10]]"
00068-00000001.soi,soi,10,23,rankings,intercambio,b=0.3,0,15.633208962109215,16.161421301063243,4,2,0.6516309999860823,0.18569533817705186,14.85908777213125,"[[6, 9], [1], [2, 4, 5, 7, 8, 10], [3]]","[[1, 3, 4, 5, 6, 7, 8, 9], [2, 10]]"
00068-00000001.soi,soi,10,23,rankings,local,b=0.1,0,15.633208962109215,12.888954211460605,4,2,0.059819400077685714,0.4951875684721383,3.0643578643578664,"[[6, 9], [1], [2, 4, 5, 7, 8, 10], [3]]","[[9], [1, 2, 3, 4, 5, 6, 7, 8, 10]]"
00068-00000001.soi,soi,10,23,rankings,local,b=0.2,0,15.633208962109215,15.22343862446164,4,1,0.1162684999871999,0.0,10.62474433778782,"[[6, 9], [1], [2, 4, 5, 7, 8, 10], [3]]","[[1, 2, 3, 4, 5, 6, 7, 8, 9, 10]]"
00068-00000001.soi,soi,10,23,rankings,local,b=0.3,0,15.633208962109215,14.21483708107749,4,2,0.0626632000785321,0.12379689211803457,11.85908777213125,"[[6, 9], [1], [2, 4, 5, 7, 8, 10], [3]]","[[1, 2, 3, 4, 5, 6, 7, 8, 9], [10]]"
00068-00000001.soi,soi,10,23,rankings,movimiento,b=0.1,0,15.633208962109215,14.608242822820827,4,5,0.7645841999910772,0.7632031385908296,3.5532821824381955,"[[6, 9], [1], [2, 4, 5, 7, 8, 10], [3]]","[[9], [5, 6], [1], [4, 7, 8, 10], [2, 3]]"
00068-00000001.soi,soi,10,23,rankings,movimiento,b=0.2,0,15.633208962109215,13.689386927366463,4,4,0.05444910004734993,0.6064784348631228,0.06435786435786461,"[[6, 9], [1], [2, 4, 5, 7, 8, 10], [3]]","[[9], [1, 2, 5, 6, 7, 8, 10], [3], [4]]"
00068-00000001.soi,soi,10,23,rankings,movimiento,b=0.3,0,15.633208962109215,14.233745382210856,4,3,0.039291599998250604,0.720603758577672,1.0643578643578664,"[[6, 9], [1], [2, 4, 5, 7, 8, 10], [3]]","[[9], [1, 2, 4, 5, 6, 7, 8, 10], [3]]"
00068-00000001.soi,soi,10,23,rankings,empate,b=0.1,1,15.633208962109215,16.336327100009967,4,4,0.0798955000936985,0.6064784348631228,0.06435786435786461,"[[6, 9], [1], [2, 4, 5, 7, 8, 10], [3]]","[[9], [1, 2, 5, 6, 7, 8, 10], [3], [4]]"
00068-00000001.soi,soi,10,23,rankings,empate,b=0.2,1,15.633208962109215,16.82065300428472,4,3,0.08829079999122769,0.4053396141999405,3.0643578643578664,"[[6, 9], [1], [2, 4, 5, 7, 8, 10], [3]]","[[9], [1, 2, 3, 5, 6, 7, 8, 10], [4]]"
00068-00000001.soi,soi,10,23,rankings,empate,b=0.3,1,15.633208962109215,15.082191664544606,4,3,0.08119799999985844,0.180150939644418,9.85908777213125,"[[6, 9], [1], [2, 4, 5, 7, 8, 10], [3]]","[[1, 2, 3, 5, 6, 7, 8, 9], [4], [10]]"
00068-00000001.soi,soi,10,23,rankings,intercambio,b=0.1,1,15.633208962109215,16.170173049456935,4,3,0.08554000000003725,0.8905635565617214,0.4380952380952401,"[[6, 9], [1], [2, 4, 5, 7, 8, 10], [3]]","[[6, 9], [1, 2, 4, 5, 7, 8, 10], [3]]"
00068-00000001.soi,soi,10,23,rankings,intercambio,b=0.2,1,15.633208962109215,11.10847089824072,4,2,0.0485445000231266,0.12379689211803457,9.62474433778782,"[[6, 9], [1], [2, 4, 5, 7, 8, 10], [3]]","[[1, 2, 3, 5, 6, 7, 8, 9, 10], [4]]"
00068-00000001.soi,soi,10,23,rankings,intercambio,b=0.3,1,15.633208962109215,13.390982163616435,4,1,0.049645000020973384,0.0,10.62474433778782,"[[6, 9], [1], [2, 4, 5, 7, 8, 10], [3]]","[[1, 2, 3, 4, 5, 6, 7, 8, 9, 10]]"
00068-00000001.soi,soi,10,23,rankings,local,b=0.1,1,15.633208962109215,17.363376918619892,4,3,0.16209769994020462,0.6432675209026769,3.0643578643578664,"[[6, 9], [1], [2, 4, 5, 7, 8, 10], [3]]","[[9], [1, 5, 6, 7, 8, 10], [2, 3, 4]]"
00068-00000001.soi,soi,10,23,rankings,local,b=0.2,1,15.633208962109215,17.781847337090305,4,2,0.09705390001181513,0.4951875684721383,3.0643578643578664,"[[6, 9], [1], [2, 4, 5, 7, 8, 10], [3]]","[[9], [1, 2, 3, 4, 5, 6, 7, 8, 10]]"
00068-00000001.soi,soi,10,23,rankings,local,b=0.3,1,15.633208962109215,12.486502585223814,4,2,0.07493599993176758,0.12379689211803457,9.62474433778782,"[[6, 9], [1], [2, 4, 5, 7, 8, 10], [3]]","[[1, 2, 3, 5, 6, 7, 8, 9, 10], [4]]"
00068-00000001.soi,soi,10,23,rankings,movimiento,b=0.1,1,15.633208962109215,15.153826537202496,4,4,0.1181691000238061,0.6064784348631228,0.06435786435786461,"[[6, 9], [1], [2, 4, 5, 7, 8, 10], [3]]","[[9], [1, 2, 5, 6, 7, 8, 10], [3], [4]]"
00068-00000001.soi,soi,10,23,rankings,movimiento,b=0.2,1,15.633208962109215,14.780648280392526,4,3,0.061183399986475706,0.4053396141999405,3.0643578643578664,"[[6, 9], [1], [2, 4, 5, 7, 8, 10], [3]]","[[9], [1, 2, 3, 5, 6, 7, 8, 10], [4]]"
00068-00000001.soi,soi,10,23,rankings,movimiento,b=0.3,1,15.633208962109215,15.25445632798574,4,4,0.14702519995626062,0.6064784348631228,0.06435786435786461,"[[6, 9], [1], [2, 4, 5, 7, 8, 10], [3]]","[[9], [1, 2, 5, 6, 7, 8, 10], [3], [4]]"
00068-00000001.soi,soi,10,23,rankings,empate,b=0.1,2,15.633208962109215,13.54349966600606,4,4,0.06667329999618232,0.6064784348631228,0.06435786435786461,"[[6, 9], [1], [2, 4, 5, 7, 8, 10], [3]]","[[9], [1, 2, 5, 6, 7, 8, 10], [3], [4]]"
00068-00000001.soi,soi,10,23,rankings,empate,b=0.2,2,15.633208962109215,14.869991290323771,4,2,0.05685689998790622,0.7427813527082074,1.43809523809524,"[[6, 9], [1], [2, 4, 5, 7, 8, 10], [3]]","[[6, 9], [1, 2, 3, 4, 5, 7, 8, 10]]"
00068-00000001.soi,soi,10,23,rankings,empate,b=0.3,2,15.633208962109215,16.90268948158974,4,2,0.10428869992028922,0.4951875684721383,3.0643578643578664,"[[6, 9], [1], [2, 4, 5, 7, 8, 10], [3]]","[[9], [1, 2, 3, 4, 5, 6, 7, 8, 10]]"
00068-00000001.soi,soi,10,23,rankings,intercambio,b=0.1,2,15.633208962109215,14.21010691496625,4,3,0.08344119996763766,0.6551724137931035,1.139393939393944,"[[6, 9], [1], [2, 4, 5, 7, 8, 10], [3]]","[[9], [1, 5, 6, 8, 10], [2, 3, 4, 7]]"
00068-00000001.soi,soi,10,23,rankings,intercambio,b=0.2,2,15.633208962109215,9.7404833870307,4,4,0.039537200005725026,0.5517241379310345,3.0643578643578664,"[[6, 9], [1], [2, 4, 5, 7, 8, 10], [3]]","[[9], [1, 5, 6, 7, 8, 10], [3], [2, 4]]"
00068-00000001.soi,soi,10,23,rankings,intercambio,b=0.3,2,15.633208962109215,10.777896244136652,4,3,0.06623120000585914,0.46464185559741983,7.624744337787821,"[[6, 9], [1], [2, 4, 5, 7, 8, 10], [3]]","[[1, 5, 6, 7, 8, 9, 10], [2, 3], [4]]"
00068-00000001.soi,soi,10,23,rankings,local,b=0.1,2,15.633208962109215,12.445409889911168,4,3,0.05972500005736947,0.720603758577672,1.0643578643578664,"[[6, 9], [1], [2, 4, 5, 7, 8, 10], [3]]","[[9], [1, 2, 4, 5, 6, 7, 8, 10], [3]]"
00068-00000001.soi,soi,10,23,rankings,local,b=0.2,2,15.633208962109215,17.315870432494474,4,3,0.483571800054051,0.41379310344827586,13.725676937441648,"[[6, 9], [1], [2, 4, 5, 7, 8, 10], [3]]","[[4, 5, 6, 9], [2], [1, 3, 7, 8, 10]]"
00068-00000001.soi,soi,10,23,rankings,local,b=0.3,2,15.633208962109215,15.60225787284611,4,1,0.048663900000974536,0.0,10.62474433778782,"[[6, 9], [1], [2, 4, 5, 7, 8, 10], [3]]","[[1, 2, 3, 4, 5, 6, 7, 8, 9, 10]]"
00068-00000001.soi,soi,10,23,rankings,movimiento,b=0.1,2,15.633208962109215,15.624466071013387,4,3,0.17261130001861602,0.6896551724137933,0.28282828282828554,"[[6, 9], [1], [2, 4, 5, 7, 8, 10], [3]]","[[9], [1, 5, 6, 8], [2, 3, 4, 7, 10]]"
00068-00000001.soi,soi,10,23,rankings,movimiento,b=0.2,2,15.633208962109215,11.518653284765815,4,2,0.044930299976840615,0.4951875684721383,3.0643578643578664,"[[6, 9], [1], [2, 4, 5, 7, 8, 10], [3]]","[[9], [1, 2, 3, 4, 5, 6, 7, 8, 10]]"
00068-00000001.soi,soi,10,23,rankings,movimiento,b=0.3,2,15.633208962109215,13.625245697752092,4,3,0.05719729990232736,0.720603758577672,1.0643578643578664,"[[6, 9], [1], [2, 4, 5, 7, 8, 10], [3]]","[[9], [1, 2, 4, 5, 6, 7, 8, 10], [3]]"
00068-00000001.soi,soi,10,23,rankings,empate,b=0.1,3,15.633208962109215,14.504054797149426,4,4,0.06653880001977086,0.6064784348631228,0.06435786435786461,"[[6, 9], [1], [2, 4, 5, 7, 8, 10], [3]]","[[9], [1, 2, 5, 6, 7, 8, 10], [3], [4]]"
00068-00000001.soi,soi,10,23,rankings,empate,b=0.2,3,15.633208962109215,16.26088783339423,4,3,0.13860369997564703,0.6896551724137933,0.28282828282828554,"[[6, 9], [1], [2, 4, 5, 7, 8, 10], [3]]","[[9], [1, 5, 6, 8], [2, 3, 4, 7, 10]]"
00068-00000001.soi,soi,10,23,rankings,empate,b=0.3,3,15.633208962109215,14.75295280167403,4,3,0.06411709997337312,0.4053396141999405,3.0643578643578664,"[[6, 9], [1], [2, 4, 5, 7, 8, 10], [3]]","[[9], [1, 2, 3, 5, 6, 7, 8, 10], [4]]"
00068-00000001.soi,soi,10,23,rankings,intercambio,b=0.1,3,15.633208962109215,14.40092632573451,4,5,0.05026469996664673,0.4746444525345673,6.064357864357866,"[[6, 9], [1], [2, 4, 5, 7, 8, 10], [3]]","[[9], [2], [1, 5, 6, 7, 8, 10], [3], [4]]"
00068-00000001.soi,soi,10,23,rankings,intercambio,b=0.2,3,15.633208962109215,13.669481442115714,4,2,0.044377499958500266,-0.5570860145311557,17.624744337787817,"[[6, 9], [1], [2, 4, 5, 7, 8, 10], [3]]","[[3], [1, 2, 4, 5, 6, 7, 8, 9, 10]]"
00068-00000001.soi,soi,10,23,rankings,intercambio,b=0.3,3,15.633208962109215,12.803261699936893,4,1,0.04619030002504587,0.0,10.62474433778782,"[[6, 9], [1], [2, 4, 5, 7, 8, 10], [3]]","[[1, 2, 3, 4, 5, 6, 7, 8, 9, 10]]"
00068-00000001.soi,soi,10,23,rankings,local,b=0.1,3,15.633208962109215,15.614385358886638,4,3,0.11798430001363158,0.6551724137931035,1.139393939393944,"[[6, 9], [1], [2, 4, 5, 7, 8, 10], [3]]","[[9], [1, 5, 6, 8, 10], [2, 3, 4, 7]]"
00068-00000001.soi,soi,10,23,rankings,local,b=0.2,3,15.633208962109215,14.297408502267839,4,4,0.6169439000077546,0.5517241379310345,3.0643578643578664,"[[6, 9], [1], [2, 4, 5, 7, 8, 10], [3]]","[[9], [1, 5, 6, 7, 8, 10], [3], [2, 4]]"
00068-00000001.soi,soi,10,23,rankings,local,b=0.3,3,15.633208962109215,16.740389278240936,4,2,0.10753540007863194,0.12379689211803457,9.62474433778782,"[[6, 9], [1], [2, 4, 5, 7, 8, 10], [3]]","[[1, 2, 3, 5, 6, 7, 8, 9, 10], [4]]"
00068-00000001.soi,soi,10,23,rankings,movimiento,b=0.1,3,15.633208962109215,16.2000966921683,4,4,0.3169789999956265,0.6064784348631228,0.06435786435786461,"[[6, 9], [1], [2, 4, 5, 7, 8, 10], [3]]","[[9], [1, 2, 5, 6, 7, 8, 10], [3], [4]]"
00068-00000001.soi,soi,10,23,rankings,movimiento,b=0.2,3,15.633208962109215,15.893191321324315,4,4,0.08442109997849911,0.6064784348631228,0.06435786435786461,"[[6, 9], [1], [2, 4, 5, 7, 8, 10], [3]]","[[9], [1, 2, 5, 6, 7, 8, 10], [3], [4]]"
00068-00000001.soi,soi,10,23,rankings,movimiento,b=0.3,3,15.633208962109215,14.674146839236354,4,2,0.047582600032910705,0.4951875684721383,3.0643578643578664,"[[6, 9], [1], [2, 4, 5, 7, 8, 10], [3]]","[[9], [1, 2, 3, 4, 5, 6, 7, 8, 10]]"
00068-00000001.soi,soi,10,23,rankings,empate,b=0.1,4,15.633208962109215,15.26769522038065,4,2,0.07227179990150034,0.7427813527082074,1.43809523809524,"[[6, 9], [1], [2, 4, 5, 7, 8, 10], [3]]","[[6, 9], [1, 2, 3, 4, 5, 7, 8, 10]]"
00068-00000001.soi,soi,10,23,rankings,empate,b=0.2,4,15.633208962109215,17.104939419773178,4,2,0.1035361000103876,0.4951875684721383,3.0643578643578664,"[[6, 9], [1], [2, 4, 5, 7, 8, 10], [3]]","[[9], [1, 2, 3, 4, 5, 6, 7, 8, 10]]"
00068-00000001.soi,soi,10,23,rankings,empate,b=0.3,4,15.633208962109215,12.928493189106998,4,2,0.04549260006751865,0.12379689211803457,9.62474433778782,"[[6, 9], [1], [2, 4, 5, 7, 8, 10], [3]]","[[1, 2, 3, 5, 6, 7, 8, 9, 10], [4]]"
00068-00000001.soi,soi,10,23,rankings,intercambio,b=0.1,4,15.633208962109215,13.810947251100703,4,5,0.06818780000321567,0.47769731647386154,8.2987012987013,"[[6, 9], [1], [2, 4, 5, 7, 8, 10], [3]]","[[9], [2], [1, 5, 6, 7, 8], [3, 10], [4]]"
00068-00000001.soi,soi,10,23,rankings,intercambio,b=0.2,4,15.633208962109215,13.6133627100379,4,2,0.0479920000070706,0.12379689211803457,9.62474433778782,"[[6, 9], [1], [2, 4, 5, 7, 8, 10], [3]]","[[1, 2, 3, 5, 6, 7, 8, 9, 10], [4]]"
00068-00000001.soi,soi,10,23,rankings,intercambio,b=0.3,4,15.633208962109215,11.452246985750822,4,1,0.03555129992309958,0.0,10.62474433778782,"[[6, 9], [1], [2, 4, 5, 7, 8, 10], [3]]","[[1, 2, 3, 4, 5, 6, 7, 8, 9, 10]]"
00068-00000001.soi,soi,10,23,rankings,local,b=0.1,4,15.633208962109215,17.213700025464732,4,3,2.008655099896714,0.7550119889434047,3.3838383838383805,"[[6, 9], [1], [2, 4, 5, 7, 8, 10], [3]]","[[6, 9], [1, 4, 5, 8], [2, 3, 7, 10]]"
00068-00000001.soi,soi,10,23,rankings,local,b=0.2,4,15.633208962109215,15.117950052221154,4,3,0.05188439995981753,0.23232092779870991,12.129717341482053,"[[6, 9], [1], [2, 4, 5, 7, 8, 10], [3]]","[[9], [2, 5], [1, 3, 4, 6, 7, 8, 10]]"
00068-00000001.soi,soi,10,23,rankings,local,b=0.3,4,15.633208962109215,15.539768160228519,4,2,0.05026629997882992,0.4951875684721383,3.0643578643578664,"[[6, 9], [1], [2, 4, 5, 7, 8, 10], [3]]","[[9], [1, 2, 3, 4, 5, 6, 7, 8, 10]]"
00068-00000001.soi,soi,10,23,rankings,movimiento,b=0.1,4,15.633208962109215,16.80452054339522,4,2,0.07441210001707077,0.7427813527082074,1.43809523809524,"[[6, 9], [1], [2, 4, 5, 7, 8, 10], [3]]","[[6, 9], [1, 2, 3, 4, 5, 7, 8, 10]]"
00068-00000001.soi,soi,10,23,rankings,movimiento,b=0.2,4,15.633208962109215,16.026130504902884,4,3,0.5415108999004588,0.5033620102305382,9.481573498964806,"[[6, 9], [1], [2, 4, 5, 7, 8, 10], [3]]","[[2, 9], [6], [1, 3, 4, 5, 7, 8, 10]]"
00068-00000001.soi,soi,10,23,rankings,movimiento,b=0.3,4,15.633208962109215,16.421984920450395,4,2,0.07830569997895509,0.5673086289311755,8.438095238095237,"[[6, 9], [1], [2, 4, 5, 7, 8, 10], [3]]","[[2, 6, 9], [1, 3, 4, 5, 7, 8, 10]]"
00068-00000002.soi,soi,14,15,rankings,empate,b=0.1,0,34.13672438672439,34.79779942279942,4,2,11.137084000045434,0.4351941398892446,5.555555555555557,"[[13], [11], [1, 2, 3, 5, 6, 7, 8, 9, 10, 12, 14], [4]]","[[1, 2, 3, 6, 7, 8, 10, 11, 12, 13, 14], [4, 5, 9]]"
00068-00000002.soi,soi,14,15,rankings,empate,b=0.2,0,34.13672438672439,32.326298701298704,4,3,1.8725062999874353,0.8333333333333334,1.0,"[[13], [11], [1, 2, 3, 5, 6, 7, 8, 9, 10, 12, 14], [4]]","[[13], [1, 2, 3, 5, 6, 7, 8, 9, 10, 11, 12, 14], [4]]"
00068-00000002.soi,soi,14,15,rankings,empate,b=0.3,0,34.13672438672439,31.628787878787882,4,2,0.4258271000580862,0.6009252125773316,3.0,"[[13], [11], [1, 2, 3, 5, 6, 7, 8, 9, 10, 12, 14], [4]]","[[13], [1, 2, 3, 4, 5, 6, 7, 8, 9, 10, 11, 12, 14]]"
00068-00000002.soi,soi,14,15,rankings,intercambio,b=0.1,0,34.13672438672439,35.113997113997115,4,4,5.828809899976477,0.20801257358446093,14.26190476190476,"[[13], [11], [1, 2, 3, 5, 6, 7, 8, 9, 10, 12, 14], [4]]","[[1], [4, 11, 13], [2, 3, 5, 6, 7, 8, 9, 10, 14], [12]]"
00068-00000002.soi,soi,14,15,rankings,intercambio,b=0.2,0,34.13672438672439,34.72366522366522,4,1,1.14423810003791,0.0,6.893217893217894,"[[13], [11], [1, 2, 3, 5, 6, 7, 8, 9, 10, 12, 14], [4]]","[[1, 2, 3, 4, 5, 6, 7, 8, 9, 10, 11, 12, 13, 14]]"
00068-00000002.soi,soi,14,15,rankings,intercambio,b=0.3,0,34.13672438672439,36.8481240981241,4,2,0.5743078999221325,0.6009252125773316,4.464646464646464,"[[13], [11], [1, 2, 3, 5, 6, 7, 8, 9, 10, 12, 14], [4]]","[[1, 2, 3, 5, 6, 7, 8, 9, 10, 11, 12, 13, 14], [4]]"
00068-00000002.soi,soi,14,15,rankings,local,b=0.1,0,34.13672438672439,36.396103896103895,4,3,7.248928400105797,0.8542821429703303,3.0,"[[13], [11], [1, 2, 3, 5, 6, 7, 8, 9, 10, 12, 14], [4]]","[[11, 13], [1, 2, 3, 6, 7, 8, 9, 10, 12, 14], [4, 5]]"
00068-00000002.soi,soi,14,15,rankings,local,b=0.2,0,34.13672438672439,35.394660894660895,4,2,5.039854699978605,0.6009252125773316,3.0,"[[13], [11], [1, 2, 3, 5, 6, 7, 8, 9, 10, 12, 14], [4]]","[[13], [1, 2, 3, 4, 5, 6, 7, 8, 9, 10, 11, 12, 14]]"
00068-00000002.soi,soi,14,15,rankings,local,b=0.3,0,34.13672438672439,37.39574314574315,4,1,2.4126906999154016,0.0,6.893217893217894,"[[13], [11], [1, 2, 3, 5, 6, 7, 8, 9, 10, 12, 14], [4]]","[[1, 2, 3, 4, 5, 6, 7, 8, 9, 10, 11, 12, 13, 14]]"
00068-00000002.soi,soi,14,15,rankings,movimiento,b=0.1,0,34.13672438672439,36.980339105339105,4,2,6.496911399997771,0.6009252125773316,4.464646464646464,"[[13], [11], [1, 2, 3, 5, 6, 7, 8, 9, 10, 12, 14], [4]]","[[1, 2, 3, 5, 6, 7, 8, 9, 10, 11, 12, 13, 14], [4]]"
00068-00000002.soi,soi,14,15,rankings,movimiento,b=0.2,0,34.13672438672439,32.67622655122655,4,1,3.5978513999143615,0.0,6.893217893217894,"[[13], [11], [1, 2, 3, 5, 6, 7, 8, 9, 10, 12, 14], [4]]","[[1, 2, 3, 4, 5, 6, 7, 8, 9, 10, 11, 12, 13, 14]]"
00068-00000002.soi,soi,14,15,rankings,movimiento,b=0.3,0,34.13672438672439,30.864357864357864,4,1,0.2823676000116393,0.0,6.893217893217894,"[[13], [11], [1, 2, 3, 5, 6, 7, 8, 9, 10, 12, 14], [4]]","[[1, 2, 3, 4, 5, 6, 7, 8, 9, 10, 11, 12, 13, 14]]"
00068-00000002.soi,soi,14,15,rankings,empate,b=0.1,1,34.13672438672439,36.67045454545455,4,2,8.3815546000842,0.6009252125773316,3.0,"[[13], [11], [1, 2, 3, 5, 6, 7, 8, 9, 10, 12, 14], [4]]","[[13], [1, 2, 3, 4, 5, 6, 7, 8, 9, 10, 11, 12, 14]]"
00068-00000002.soi,soi,14,15,rankings,empate,b=0.2,1,34.13672438672439,34.90999278499279,4,1,7.194174999953248,0.0,6.893217893217894,"[[13], [11], [1, 2, 3, 5, 6, 7, 8, 9, 10, 12, 14], [4]]","[[1, 2, 3, 4, 5, 6, 7, 8, 9, 10, 11, 12, 13, 14]]"
00068-00000002.soi,soi,14,15,rankings,empate,b=0.3,1,34.13672438672439,33.63798701298701,4,2,2.410623300005682,0.046225016352102424,10.984126984126988,"[[13], [11], [1, 2, 3, 5, 6, 7, 8, 9, 10, 12, 14], [4]]","[[1, 2, 3, 4, 6, 7, 8, 9, 10, 11, 12, 13, 14], [5]]"
00068-00000002.soi,soi,14,15,rankings,intercambio,b=0.1,1,34.13672438672439,33.225829725829726,4,3,2.117463400005363,0.4333333333333333,5.833333333333329,"[[13], [11], [1, 2, 3, 5, 6, 7, 8, 9, 10, 12, 14], [4]]","[[13], [1, 2, 3, 4, 5, 6, 7, 8, 9, 10, 11, 14], [12]]"
00068-00000002.soi,soi,14,15,rankings,intercambio,b=0.2,1,34.13672438672439,36.55050505050505,4,1,3.800375899998471,0.0,6.893217893217894,"[[13], [11], [1, 2, 3, 5, 6, 7, 8, 9, 10, 12, 14], [4]]","[[1, 2, 3, 4, 5, 6, 7, 8, 9, 10, 11, 12, 13, 14]]"
00068-00000002.soi,soi,14,15,rankings,intercambio,b=0.3,1,34.13672438672439,34.958513708513706,4,2,2.234223600011319,-0.046225016352102424,14.393217893217894,"[[13], [11], [1, 2, 3, 5, 6, 7, 8, 9, 10, 12, 14], [4]]","[[5], [1, 2, 3, 4, 6, 7, 8, 9, 10, 11, 12, 13, 14]]"
00068-00000002.soi,soi,14,15,rankings,local,b=0.1,1,34.13672438672439,37.548701298701296,4,3,6.565495799994096,0.39440531887330776,5.555555555555557,"[[13], [11], [1, 2, 3, 5, 6, 7, 8, 9, 10, 12, 14], [4]]","[[1, 2, 3, 6, 7, 8, 10, 11, 12, 13, 14], [4, 5], [9]]"
00068-00000002.soi,soi,14,15,rankings,local,b=0.2,1,34.13672438672439,40.53066378066378,4,1,6.382666400051676,0.0,6.893217893217894,"[[13], [11], [1, 2, 3, 5, 6, 7, 8, 9, 10, 12, 14], [4]]","[[1, 2, 3, 4, 5, 6, 7, 8, 9, 10, 11, 12, 13, 14]]"
00068-00000002.soi,soi,14,15,rankings,local,b=0.3,1,34.13672438672439,34.80483405483405,4,2,1.072578400024213,0.0,13.76190476190476,"[[13], [11], [1, 2, 3, 5, 6, 7, 8, 9, 10, 12, 14], [4]]","[[4, 13], [1, 2, 3, 5, 6, 7, 8, 9, 10, 11, 12, 14]]"
00068-00000002.soi,soi,14,15,rankings,movimiento,b=0.1,1,34.13672438672439,31.886724386724385,4,3,9.771201599971391,0.8333333333333334,1.0,"[[13], [11], [1, 2, 3, 5, 6, 7, 8, 9, 10, 12, 14], [4]]","[[13], [1, 2, 3, 5, 6, 7, 8, 9, 10, 11, 12, 14], [4]]"
00068-00000002.soi,soi,14,15,rankings,movimiento,b=0.2,1,34.13672438672439,31.311147186147185,4,1,4.903651000000536,0.0,6.893217893217894,"[[13], [11], [1, 2, 3, 5, 6, 7, 8, 9, 10, 12, 14], [4]]","[[1, 2, 3, 4, 5, 6, 7, 8, 9, 10, 11, 12, 13, 14]]"
00068-00000002.soi,soi,14,15,rankings,movimiento,b=0.3,1,34.13672438672439,37.26677489177489,4,2,4.540305000031367,0.6009252125773316,4.464646464646464,"[[13], [11], [1, 2, 3, 5, 6, 7, 8, 9, 10, 12, 14], [4]]","[[1, 2, 3, 5, 6, 7, 8, 9, 10, 11, 12, 13, 14], [4]]"
00068-00000002.soi,soi,14,15,rankings,empate,b=0.1,2,34.13672438672439,33.24188311688312,4,3,6.830899699940346,0.7666666666666667,2.0,"[[13], [11], [1, 2, 3, 5, 6, 7, 8, 9, 10, 12, 14], [4]]","[[11], [13], [1, 2, 3, 4, 5, 6, 7, 8, 9, 10, 12, 14]]"
00068-00000002.soi,soi,14,15,rankings,empate,b=0.2,2,34.13672438672439,33.358405483405484,4,2,3.903755000093952,0.5084751798731267,5.893217893217894,"[[13], [11], [1, 2, 3, 5, 6, 7, 8, 9, 10, 12, 14], [4]]","[[11], [1, 2, 3, 4, 5, 6, 7, 8, 9, 10, 12, 13, 14]]"
00068-00000002.soi,soi,14,15,rankings,empate,b=0.3,2,34.13672438672439,37.60137085137085,4,1,7.554422299959697,0.0,6.893217893217894,"[[13], [11], [1, 2, 3, 5, 6, 7, 8, 9, 10, 12, 14], [4]]","[[1, 2, 3, 4, 5, 6, 7, 8, 9, 10, 11, 12, 13, 14]]"
00068-00000002.soi,soi,14,15,rankings,intercambio,b=0.1,2,34.13672438672439,37.4520202020202,4,1,4.851495699957013,0.0,6.893217893217894,"[[13], [11], [1, 2, 3, 5, 6, 7, 8, 9, 10, 12, 14], [4]]","[[1, 2, 3, 4, 5, 6, 7, 8, 9, 10, 11, 12, 13, 14]]"
00068-00000002.soi,soi,14,15,rankings,intercambio,b=0.2,2,34.13672438672439,32.18614718614719,4,2,0.18038569996133447,0.6009252125773316,4.464646464646464,"[[13], [11], [1, 2, 3, 5, 6, 7, 8, 9, 10, 12, 14], [4]]","[[1, 2, 3, 5, 6, 7, 8, 9, 10, 11, 12, 13, 14], [4]]"
00068-00000002.soi,soi,14,15,rankings,intercambio,b=0.3,2,34.13672438672439,41.14971139971139,4,2,11.387620099936612,0.046225016352102424,13.893217893217894,"[[13], [11], [1, 2, 3, 5, 6, 7, 8, 9, 10, 12, 14], [4]]","[[1, 2, 3, 4, 5, 6, 7, 8, 9, 11, 12, 13, 14], [10]]"
00068-00000002.soi,soi,14,15,rankings,local,b=0.1,2,34.13672438672439,34.46933621933622,4,3,6.436346799950115,0.36623351038235713,8.333333333333329,"[[13], [11], [1, 2, 3, 5, 6, 7, 8, 9, 10, 12, 14], [4]]","[[13], [1, 2, 3, 4, 6, 7, 8, 9, 10, 11, 14], [5, 12]]"
00068-00000002.soi,soi,14,15,rankings,local,b=0.2,2,34.13672438672439,37.81962481962481,4,1,1.136825199937448,0.0,6.893217893217894,"[[13], [11], [1, 2, 3, 5, 6, 7, 8, 9, 10, 12, 14], [4]]","[[1, 2, 3, 4, 5, 6, 7, 8, 9, 10, 11, 12, 13, 14]]"
00068-00000002.soi,soi,14,15,rankings,local,b=0.3,2,34.13672438672439,35.33694083694084,4,2,3.3041281999321654,0.6009252125773316,4.464646464646464,"[[13], [11], [1, 2, 3, 5, 6, 7, 8, 9, 10, 12, 14], [4]]","[[1, 2, 3, 5, 6, 7, 8, 9, 10, 11, 12, 13, 14], [4]]"
00068-00000002.soi,soi,14,15,rankings,movimiento,b=0.1,2,34.13672438672439,35.04112554112554,4,5,6.109565100050531,0.5216505933704917,2.8333333333333286,"[[13], [11], [1, 2, 3, 5, 6, 7, 8, 9, 10, 12, 14], [4]]","[[13], [1, 2, 3, 6, 7, 8, 10, 11, 14], [4, 5], [12], [9]]"
00068-00000002.soi,soi,14,15,rankings,movimiento,b=0.2,2,34.13672438672439,30.91215728715728,4,3,1.859208200010471,0.8333333333333334,1.0,"[[13], [11], [1, 2, 3, 5, 6, 7, 8, 9, 10, 12, 14], [4]]","[[13], [1, 2, 3, 5, 6, 7, 8, 9, 10, 11, 12, 14], [4]]"
00068-00000002.soi,soi,14,15,rankings,movimiento,b=0.3,2,34.13672438672439,35.24332611832612,4,2,5.703449899912812,0.6009252125773316,4.464646464646464,"[[13], [11], [1, 2, 3, 5, 6, 7, 8, 9, 10, 12, 14], [4]]","[[1, 2, 3, 5, 6, 7, 8, 9, 10, 11, 12, 13, 14], [4]]"
00068-00000002.soi,soi,14,15,rankings,empate,b=0.1,3,34.13672438672439,30.006132756132757,4,3,1.0815146999666467,0.8333333333333334,1.0,"[[13], [11], [1, 2, 3, 5, 6, 7, 8, 9, 10, 12, 14], [4]]","[[13], [1, 2, 3, 5, 6, 7, 8, 9, 10, 11, 12, 14], [4]]"
00068-00000002.soi,soi,14,15,rankings,empate,b=0.2,3,34.13672438672439,32.04491341991343,4,2,1.3077817000448704,0.5084751798731267,5.893217893217894,"[[13], [11], [1, 2, 3, 5, 6, 7, 8, 9, 10, 12, 14], [4]]","[[11], [1, 2, 3, 4, 5, 6, 7, 8, 9, 10, 12, 13, 14]]"
00068-00000002.soi,soi,14,15,rankings,empate,b=0.3,3,34.13672438672439,32.61778499278498,4,2,3.2455577000509948,0.6009252125773316,3.0,"[[13], [11], [1, 2, 3, 5, 6, 7, 8, 9, 10, 12, 14], [4]]","[[13], [1, 2, 3, 4, 5, 6, 7, 8, 9, 10, 11, 12, 14]]"
00068-00000002.soi,soi,14,15,rankings,intercambio,b=0.1,3,34.13672438672439,37.37265512265514,4,1,4.696333599975333,0.0,6.893217893217894,"[[13], [11], [1, 2, 3, 5, 6, 7, 8, 9, 10, 12, 14], [4]]","[[1, 2, 3, 4, 5, 6, 7, 8, 9, 10, 11, 12, 13, 14]]"
00068-00000002.soi,soi,14,15,rankings,intercambio,b=0.2,3,34.13672438672439,36.705988455988454,4,2,6.092334000044502,-0.046225016352102424,13.893217893217894,"[[13], [11], [1, 2, 3, 5, 6, 7, 8, 9, 10, 12, 14], [4]]","[[10], [1, 2, 3, 4, 5, 6, 7, 8, 9, 11, 12, 13, 14]]"
00068-00000002.soi,soi,14,15,rankings,intercambio,b=0.3,3,34.13672438672439,35.756854256854254,4,1,5.563399599981494,0.0,6.893217893217894,"[[13], [11], [1, 2, 3, 5, 6, 7, 8, 9, 10, 12, 14], [4]]","[[1, 2, 3, 4, 5, 6, 7, 8, 9, 10, 11, 12, 13, 14]]"
00068-00000002.soi,soi,14,15,rankings,local,b=0.1,3,34.13672438672439,33.95670995670996,4,3,1.4346525999717414,0.9860132971832692,0.0,"[[13], [11], [1, 2, 3, 5, 6, 7, 8, 9, 10, 12, 14], [4]]","[[11, 13], [1, 2, 3, 5, 6, 7, 8, 9, 10, 12, 14], [4]]"
00068-00000002.soi,soi,14,15,rankings,local,b=0.2,3,34.13672438672439,37.40836940836941,4,1,1.2267788000172004,0.0,6.893217893217894,"[[13], [11], [1, 2, 3, 5, 6, 7, 8, 9, 10, 12, 14], [4]]","[[1, 2, 3, 4, 5, 6, 7, 8, 9, 10, 11, 12, 13, 14]]"
00068-00000002.soi,soi,14,15,rankings,local,b=0.3,3,34.13672438672439,35.75577200577201,4,2,0.7711266999831423,0.6009252125773316,3.0,"[[13], [11], [1, 2, 3, 5, 6, 7, 8, 9, 10, 12, 14], [4]]","[[13], [1, 2, 3, 4, 5, 6, 7, 8, 9, 10, 11, 12, 14]]"
00068-00000002.soi,soi,14,15,rankings,movimiento,b=0.1,3,34.13672438672439,32.63672438672439,4,3,1.3091994000133127,0.8333333333333334,1.0,"[[13], [11], [1, 2, 3, 5, 6, 7, 8, 9, 10, 12, 14], [4]]","[[13], [1, 2, 3, 5, 6, 7, 8, 9, 10, 11, 12, 14], [4]]"
00068-00000002.soi,soi,14,15,rankings,movimiento,b=0.2,3,34.13672438672439,31.289141414141415,4,1,1.6979380000848323,0.0,6.893217893217894,"[[13], [11], [1, 2, 3, 5, 6, 7, 8, 9, 10, 12, 14], [4]]","[[1, 2, 3, 4, 5, 6, 7, 8, 9, 10, 11, 12, 13, 14]]"
00068-00000002.soi,soi,14,15,rankings,movimiento,b=0.3,3,34.13672438672439,32.332431457431454,4,3,2.716098599950783,0.8333333333333334,1.0,"[[13], [11], [1, 2, 3, 5, 6, 7, 8, 9, 10, 12, 14], [4]]","[[13], [1, 2, 3, 5, 6, 7, 8, 9, 10, 11, 12, 14], [4]]"
00068-00000002.soi,soi,14,15,rankings,empate,b=0.1,4,34.13672438672439,32.77507215007215,4,2,0.8305534000974149,0.6009252125773316,3.0,"[[13], [11], [1, 2, 3, 5, 6, 7, 8, 9, 10, 12, 14], [4]]","[[13], [1, 2, 3, 4, 5, 6, 7, 8, 9, 10, 11, 12, 14]]"
00068-00000002.soi,soi,14,15,rankings,empate,b=0.2,4,34.13672438672439,35.10497835497836,4,2,4.832857900066301,0.6009252125773316,3.0,"[[13], [11], [1, 2, 3, 5, 6, 7, 8, 9, 10, 12, 14], [4]]","[[13], [1, 2, 3, 4, 5, 6, 7, 8, 9, 10, 11, 12, 14]]"
00068-00000002.soi,soi,14,15,rankings,empate,b=0.3,4,34.13672438672439,31.140873015873016,4,1,1.8933849999448285,0.0,6.893217893217894,"[[13], [11], [1, 2, 3, 5, 6, 7, 8, 9, 10, 12, 14], [4]]","[[1, 2, 3, 4, 5, 6, 7, 8, 9, 10, 11, 12, 13, 14]]"
00068-00000002.soi,soi,14,15,rankings,intercambio,b=0.1,4,34.13672438672439,38.34487734487735,4,1,4.401453400030732,0.0,6.893217893217894,"[[13], [11], [1, 2, 3, 5, 6, 7, 8, 9, 10, 12, 14], [4]]","[[1, 2, 3, 4, 5, 6, 7, 8, 9, 10, 11, 12, 13, 14]]"
00068-00000002.soi,soi,14,15,rankings,intercambio,b=0.2,4,34.13672438672439,33.86760461760462,4,2,8.82403959997464,-0.046225016352102424,14.393217893217894,"[[13], [11], [1, 2, 3, 5, 6, 7, 8, 9, 10, 12, 14], [4]]","[[5], [1, 2, 3, 4, 6, 7, 8, 9, 10, 11, 12, 13, 14]]"
00068-00000002.soi,soi,14,15,rankings,intercambio,b=0.3,4,34.13672438672439,39.209956709956714,4,1,3.3358692000620067,0.0,6.893217893217894,"[[13], [11], [1, 2, 3, 5, 6, 7, 8, 9, 10, 12, 14], [4]]","[[1, 2, 3, 4, 5, 6, 7, 8, 9, 10, 11, 12, 13, 14]]"
00068-00000002.soi,soi,14,15,rankings,local,b=0.1,4,34.13672438672439,34.076479076479075,4,4,8.95531640003901,0.6459751934999391,4.5,"[[13], [11], [1, 2, 3, 5, 6, 7, 8, 9, 10, 12, 14], [4]]","[[13], [1, 2, 3, 6, 7, 8, 9, 10, 11, 14], [5], [4, 12]]"
00068-00000002.soi,soi,14,15,rankings,local,b=0.2,4,34.13672438672439,35.61363636363636,4,2,2.85196810006164,0.6009252125773316,3.0,"[[13], [11], [1, 2, 3, 5, 6, 7, 8, 9, 10, 12, 14], [4]]","[[13], [1, 2, 3, 4, 5, 6, 7, 8, 9, 10, 11, 12, 14]]"
00068-00000002.soi,soi,14,15,rankings,local,b=0.3,4,34.13672438672439,35.66558441558441,4,3,9.983069299953058,0.4333333333333333,10.464646464646464,"[[13], [11], [1, 2, 3, 5, 6, 7, 8, 9, 10, 12, 14], [4]]","[[1, 2, 3, 5, 6, 7, 8, 9, 11, 12, 13, 14], [4], [10]]"
00068-00000002.soi,soi,14,15,rankings,movimiento,b=0.1,4,34.13672438672439,32.23520923520924,4,2,1.7119029000168666,0.8164965809277261,1.0,"[[13], [11], [1, 2, 3, 5, 6, 7, 8, 9, 10, 12, 14], [4]]","[[11, 13], [1, 2, 3, 4, 5, 6, 7, 8, 9, 10, 12, 14]]"
00068-00000002.soi,soi,14,15,rankings,movimiento,b=0.2,4,34.13672438672439,33.49891774891774,4,1,2.176480600028299,0.0,6.893217893217894,"[[13], [11], [1, 2, 3, 5, 6, 7, 8, 9, 10, 12, 14], [4]]","[[1, 2, 3, 4, 5, 6, 7, 8, 9, 10, 11, 12, 13, 14]]"
00068-00000002.soi,soi,14,15,rankings,movimiento,b=0.3,4,34.13672438672439,35.76803751803752,4,1,3.266834900015965,0.0,6.893217893217894,"[[13], [11], [1, 2, 3, 5, 6, 7, 8, 9, 10, 12, 14], [4]]","[[1, 2, 3, 4, 5, 6, 7, 8, 9, 10, 11, 12, 13, 14]]"
00068-00000003.soi,soi,9,15,rankings,empate,b=0.1,0,12.285714285714285,14.464285714285715,4,3,0.1874796999618411,0.44721359549995787,4.0,"[[1, 3, 8, 9], [7], [5], [2, 4, 6]]","[[1, 2, 3, 4, 7, 8, 9], [5], [6]]"
00068-00000003.soi,soi,9,15,rankings,empate,b=0.2,0,12.285714285714285,12.428571428571429,4,4,0.05297299998346716,0.2309401076758503,10.0,"[[1, 3, 8, 9], [7], [5], [2, 4, 6]]","[[2, 3, 6, 8, 9], [1], [4, 7], [5]]"
00068-00000003.soi,soi,9,15,rankings,empate,b=0.3,0,12.285714285714285,13.595238095238093,4,2,2.5404549000086263,0.1814436846506058,15.0,"[[1, 3, 8, 9], [7], [5], [2, 4, 6]]","[[3, 6, 8], [1, 2, 4, 5, 7, 9]]"
00068-00000003.soi,soi,9,15,rankings,intercambio,b=0.1,0,12.285714285714285,16.238095238095237,4,3,0.5417214999906719,0.34426518632954817,7.0,"[[1, 3, 8, 9], [7], [5], [2, 4, 6]]","[[1, 3, 4, 6, 8, 9], [5], [2, 7]]"
00068-00000003.soi,soi,9,15,rankings,intercambio,b=0.2,0,12.285714285714285,11.904761904761905,4,3,0.04154599993489683,-0.2151657414559676,15.0,"[[1, 3, 8, 9], [7], [5], [2, 4, 6]]","[[2, 3, 4, 6, 8, 9], [5], [1, 7]]"
00068-00000003.soi,soi,9,15,rankings,intercambio,b=0.3,0,12.285714285714285,14.333333333333334,4,2,0.05377810006029904,-0.1543033499620919,11.0,"[[1, 3, 8, 9], [7], [5], [2, 4, 6]]","[[2, 3, 4, 6, 7, 8, 9], [1, 5]]"
00068-00000003.soi,soi,9,15,rankings,local,b=0.1,0,12.285714285714285,12.0,4,4,0.043067999999038875,0.3849001794597505,6.428571428571431,"[[1, 3, 8, 9], [7], [5], [2, 4, 6]]","[[1], [3, 4, 6, 8, 9], [5], [2, 7]]"
00068-00000003.soi,soi,9,15,rankings,local,b=0.2,0,12.285714285714285,12.285714285714288,4,2,0.07026199996471405,0.6454972243679028,3.0,"[[1, 3, 8, 9], [7], [5], [2, 4, 6]]","[[1, 3, 7, 9], [2, 4, 5, 6, 8]]"
00068-00000003.soi,soi,9,15,rankings,local,b=0.3,0,12.285714285714285,13.119047619047619,4,3,0.06442189996596426,0.2981423969999719,2.4285714285714306,"[[1, 3, 8, 9], [7], [5], [2, 4, 6]]","[[1], [2, 3, 4, 6, 7, 8, 9], [5]]"
00068-00000003.soi,soi,9,15,rankings,movimiento,b=0.1,0,12.285714285714285,13.607142857142858,4,3,0.08825710008386523,0.6420578831241025,4.0,"[[1, 3, 8, 9], [7], [5], [2, 4, 6]]","[[1, 3, 4, 8, 9], [2, 5, 7], [6]]"
00068-00000003.soi,soi,9,15,rankings,movimiento,b=0.2,0,12.285714285714285,11.94047619047619,4,2,0.042675600037910044,0.13608276348795434,5.0,"[[1, 3, 8, 9], [7], [5], [2, 4, 6]]","[[1, 2, 3, 4, 6, 7, 8, 9], [5]]"
00068-00000003.soi,soi,9,15,rankings,movimiento,b=0.3,0,12.285714285714285,10.511904761904763,4,2,0.040079900063574314,0.3402069087198858,3.428571428571429,"[[1, 3, 8, 9], [7], [5], [2, 4, 6]]","[[1], [2, 3, 4, 5, 6, 7, 8, 9]]"
00068-00000003.soi,soi,9,15,rankings,empate,b=0.1,1,12.285714285714285,12.619047619047619,4,1,0.054820199962705374,0.0,7.0,"[[1, 3, 8, 9], [7], [5], [2, 4, 6]]","[[1, 2, 3, 4, 5, 6, 7, 8, 9]]"
00068-00000003.soi,soi,9,15,rankings,empate,b=0.2,1,12.285714285714285,11.345238095238097,4,2,0.0807879000203684,0.3628873693012116,5.0,"[[1, 3, 8, 9], [7], [5], [2, 4, 6]]","[[1, 5, 9], [2, 3, 4, 6, 7, 8]]"
00068-00000003.soi,soi,9,15,rankings,empate,b=0.3,1,12.285714285714285,13.273809523809524,4,3,0.048438700032420456,0.2151657414559676,7.428571428571431,"[[1, 3, 8, 9], [7], [5], [2, 4, 6]]","[[1, 7], [2, 3, 4, 6, 8, 9], [5]]"
00068-00000003.soi,soi,9,15,rankings,intercambio,b=0.1,1,12.285714285714285,14.619047619047619,4,4,0.1165876000886783,0.25015959146215216,11.42857142857143,"[[1, 3, 8, 9], [7], [5], [2, 4, 6]]","[[3, 4], [1], [5, 7, 9], [2, 6, 8]]"
00068-00000003.soi,soi,9,15,rankings,intercambio,b=0.2,1,12.285714285714285,14.166666666666668,4,2,0.06025960005354136,-0.13608276348795434,11.0,"[[1, 3, 8, 9], [7], [5], [2, 4, 6]]","[[5], [1, 2, 3, 4, 6, 7, 8, 9]]"
00068-00000003.soi,soi,9,15,rankings,intercambio,b=0.3,1,12.285714285714285,12.523809523809524,4,4,0.075414500082843,0.5039526306789697,2.4285714285714306,"[[1, 3, 8, 9], [7], [5], [2, 4, 6]]","[[1], [2, 3, 4, 7, 8, 9], [5], [6]]"
00068-00000003.soi,soi,9,15,rankings,local,b=0.1,1,12.285714285714285,10.976190476190476,4,3,0.04770440002903342,0.2981423969999719,2.4285714285714306,"[[1, 3, 8, 9], [7], [5], [2, 4, 6]]","[[1], [2, 3, 4, 6, 7, 8, 9], [5]]"
00068-00000003.soi,soi,9,15,rankings,local,b=0.2,1,12.285714285714285,15.499999999999998,4,3,0.16016800003126264,0.2981423969999719,2.4285714285714306,"[[1, 3, 8, 9], [7], [5], [2, 4, 6]]","[[1], [2, 3, 4, 6, 7, 8, 9], [5]]"
00068-00000003.soi,soi,9,15,rankings,local,b=0.3,1,12.285714285714285,14.38095238095238,4,4,0.05921279999893159,0.5039526306789697,2.4285714285714306,"[[1, 3, 8, 9], [7], [5], [2, 4, 6]]","[[1], [2, 3, 4, 7, 8, 9], [5], [6]]"
00068-00000003.soi,soi,9,15,rankings,movimiento,b=0.1,1,12.285714285714285,11.226190476190478,4,2,0.037590299965813756,0.3402069087198858,3.428571428571429,"[[1, 3, 8, 9], [7], [5], [2, 4, 6]]","[[1], [2, 3, 4, 5, 6, 7, 8, 9]]"
00068-00000003.soi,soi,9,15,rankings,movimiento,b=0.2,1,12.285714285714285,11.5,4,1,0.03054770000744611,0.0,7.0,"[[1, 3, 8, 9], [7], [5], [2, 4, 6]]","[[1, 2, 3, 4, 5, 6, 7, 8, 9]]"
00068-00000003.soi,soi,9,15,rankings,movimiento,b=0.3,1,12.285714285714285,11.404761904761905,4,2,0.04197969997767359,0.3402069087198858,3.428571428571429,"[[1, 3, 8, 9], [7], [5], [2, 4, 6]]","[[1], [2, 3, 4, 5, 6, 7, 8, 9]]"
00068-00000003.soi,soi,9,15,rankings,empate,b=0.1,2,12.285714285714285,12.952380952380953,4,2,0.043545000022277236,0.3402069087198858,3.428571428571429,"[[1, 3, 8, 9], [7], [5], [2, 4, 6]]","[[1], [2, 3, 4, 5, 6, 7, 8, 9]]"
00068-00000003.soi,soi,9,15,rankings,empate,b=0.2,2,12.285714285714285,11.285714285714286,4,2,0.03163759992457926,0.3402069087198858,3.428571428571429,"[[1, 3, 8, 9], [7], [5], [2, 4, 6]]","[[1], [2, 3, 4, 5, 6, 7, 8, 9]]"
00068-00000003.soi,soi,9,15,rankings,empate,b=0.3,2,12.285714285714285,12.416666666666664,4,2,0.0592297000112012,0.3402069087198858,3.428571428571429,"[[1, 3, 8, 9], [7], [5], [2, 4, 6]]","[[1], [2, 3, 4, 5, 6, 7, 8, 9]]"
00068-00000003.soi,soi,9,15,rankings,intercambio,b=0.1,2,12.285714285714285,13.38095238095238,4,2,0.051581399980932474,-0.34426518632954817,19.0,"[[1, 3, 8, 9], [7], [5], [2, 4, 6]]","[[2, 3, 4, 6, 8], [1, 5, 7, 9]]"
00068-00000003.soi,soi,9,15,rankings,intercambio,b=0.2,2,12.285714285714285,13.785714285714294,4,1,0.048147700028494,0.0,7.0,"[[1, 3, 8, 9], [7], [5], [2, 4, 6]]","[[1, 2, 3, 4, 5, 6, 7, 8, 9]]"
00068-00000003.soi,soi,9,15,rankings,intercambio,b=0.3,2,12.285714285714285,12.0,4,2,0.04367879999335855,0.1543033499620919,7.428571428571431,"[[1, 3, 8, 9], [7], [5], [2, 4, 6]]","[[1, 5], [2, 3, 4, 6, 7, 8, 9]]"
00068-00000003.soi,soi,9,15,rankings,local,b=0.1,2,12.285714285714285,11.761904761904763,4,2,0.04166539991274476,0.3402069087198858,3.428571428571429,"[[1, 3, 8, 9], [7], [5], [2, 4, 6]]","[[1], [2, 3, 4, 5, 6, 7, 8, 9]]"
00068-00000003.soi,soi,9,15,rankings,local,b=0.2,2,12.285714285714285,16.71428571428571,4,1,0.06790919997729361,0.0,7.0,"[[1, 3, 8, 9], [7], [5], [2, 4, 6]]","[[1, 2, 3, 4, 5, 6, 7, 8, 9]]"
00068-00000003.soi,soi,9,15,rankings,local,b=0.3,2,12.285714285714285,15.404761904761905,4,2,0.21741600008681417,0.3402069087198858,3.428571428571429,"[[1, 3, 8, 9], [7], [5], [2, 4, 6]]","[[1], [2, 3, 4, 5, 6, 7, 8, 9]]"
00068-00000003.soi,soi,9,15,rankings,movimiento,b=0.1,2,12.285714285714285,10.38095238095238,4,3,0.03766859997995198,0.14907119849998596,6.0,"[[1, 3, 8, 9], [7], [5], [2, 4, 6]]","[[1, 2, 3, 4, 6, 8, 9], [7], [5]]"
00068-00000003.soi,soi,9,15,rankings,movimiento,b=0.2,2,12.285714285714285,11.952380952380953,4,3,0.21993139991536736,0.4303314829119352,1.0,"[[1, 3, 8, 9], [7], [5], [2, 4, 6]]","[[1, 9], [2, 3, 4, 6, 7, 8], [5]]"
00068-00000003.soi,soi,9,15,rankings,movimiento,b=0.3,2,12.285714285714285,12.05952380952381,4,3,0.05156549997627735,0.8642416214502249,1.0,"[[1, 3, 8, 9], [7], [5], [2, 4, 6]]","[[1, 3, 8, 9], [2, 4, 5, 7], [6]]"
00068-00000003.soi,soi,9,15,rankings,empate,b=0.1,3,12.285714285714285,13.357142857142856,4,3,0.2036939999088645,0.6885303726590963,3.0,"[[1, 3, 8, 9], [7], [5], [2, 4, 6]]","[[1, 3, 4, 7, 8, 9], [5], [2, 6]]"
00068-00000003.soi,soi,9,15,rankings,empate,b=0.2,3,12.285714285714285,12.428571428571429,4,1,0.03235499991569668,0.0,7.0,"[[1, 3, 8, 9], [7], [5], [2, 4, 6]]","[[1, 2, 3, 4, 5, 6, 7, 8, 9]]"
00068-00000003.soi,soi,9,15,rankings,empate,b=0.3,3,12.285714285714285,12.845238095238095,4,3,0.08928899990860373,0.200643088476282,8.0,"[[1, 3, 8, 9], [7], [5], [2, 4, 6]]","[[1, 2, 9], [7], [3, 4, 5, 6, 8]]"
00068-00000003.soi,soi,9,15,rankings,intercambio,b=0.1,3,12.285714285714285,12.880952380952383,4,3,0.041580800083465874,0.2981423969999719,2.4285714285714306,"[[1, 3, 8, 9], [7], [5], [2, 4, 6]]","[[1], [2, 3, 4, 6, 7, 8, 9], [5]]"
00068-00000003.soi,soi,9,15,rankings,intercambio,b=0.2,3,12.285714285714285,15.285714285714285,4,1,0.04172310000285506,0.0,7.0,"[[1, 3, 8, 9], [7], [5], [2, 4, 6]]","[[1, 2, 3, 4, 5, 6, 7, 8, 9]]"
00068-00000003.soi,soi,9,15,rankings,intercambio,b=0.3,3,12.285714285714285,11.595238095238093,4,2,0.0332666999893263,-0.3402069087198858,13.0,"[[1, 3, 8, 9], [7], [5], [2, 4, 6]]","[[2, 3, 4, 5, 6, 7, 8, 9], [1]]"
00068-00000003.soi,soi,9,15,rankings,local,b=0.1,3,12.285714285714285,10.761904761904763,4,2,0.03571540000848472,0.5143444998736397,1.0,"[[1, 3, 8, 9], [7], [5], [2, 4, 6]]","[[1, 9], [2, 3, 4, 5, 6, 7, 8]]"
00068-00000003.soi,soi,9,15,rankings,local,b=0.2,3,12.285714285714285,15.595238095238095,4,1,0.10084410000126809,0.0,7.0,"[[1, 3, 8, 9], [7], [5], [2, 4, 6]]","[[1, 2, 3, 4, 5, 6, 7, 8, 9]]"
00068-00000003.soi,soi,9,15,rankings,local,b=0.3,3,12.285714285714285,11.333333333333334,4,3,0.03873789997305721,0.1987615979999813,6.428571428571431,"[[1, 3, 8, 9], [7], [5], [2, 4, 6]]","[[1], [5], [2, 3, 4, 6, 7, 8, 9]]"
00068-00000003.soi,soi,9,15,rankings,movimiento,b=0.1,3,12.285714285714285,12.678571428571429,4,4,0.11177449999377131,0.731310340973526,2.0,"[[1, 3, 8, 9], [7], [5], [2, 4, 6]]","[[1, 3, 4, 8, 9], [7], [5], [2, 6]]"
00068-00000003.soi,soi,9,15,rankings,movimiento,b=0.2,3,12.285714285714285,12.26190476190476,4,2,0.05524170002900064,0.3402069087198858,3.428571428571429,"[[1, 3, 8, 9], [7], [5], [2, 4, 6]]","[[1], [2, 3, 4, 5, 6, 7, 8, 9]]"
00068-00000003.soi,soi,9,15,rankings,movimiento,b=0.3,3,12.285714285714285,7.571428571428571,4,2,0.026349199935793877,0.13608276348795434,5.0,"[[1, 3, 8, 9], [7], [5], [2, 4, 6]]","[[1, 2, 3, 4, 6, 7, 8, 9], [5]]"
00068-00000003.soi,soi,9,15,rankings,empate,b=0.1,4,12.285714285714285,12.714285714285715,4,2,0.08546770003158599,0.3402069087198858,3.428571428571429,"[[1, 3, 8, 9], [7], [5], [2, 4, 6]]","[[1], [2, 3, 4, 5, 6, 7, 8, 9]]"
00068-00000003.soi,soi,9,15,rankings,empate,b=0.2,4,12.285714285714285,5.05952380952381,4,2,0.03006319992709905,-0.1543033499620919,11.0,"[[1, 3, 8, 9], [7], [5], [2, 4, 6]]","[[2, 3, 4, 6, 7, 8, 9], [1, 5]]"
00068-00000003.soi,soi,9,15,rankings,empate,b=0.3,4,12.285714285714285,12.75,4,3,0.3644029999850318,0.5618006477335896,4.0,"[[1, 3, 8, 9], [7], [5], [2, 4, 6]]","[[3], [1, 5, 9], [2, 4, 6, 7, 8]]"
00068-00000003.soi,soi,9,15,rankings,intercambio,b=0.1,4,12.285714285714285,14.452380952380953,4,2,0.054881200077943504,0.3402069087198858,3.428571428571429,"[[1, 3, 8, 9], [7], [5], [2, 4, 6]]","[[1], [2, 3, 4, 5, 6, 7, 8, 9]]"
00068-00000003.soi,soi,9,15,rankings,intercambio,b=0.2,4,12.285714285714285,14.047619047619047,4,4,0.05337680003140122,0.18518518518518517,14.0,"[[1, 3, 8, 9], [7], [5], [2, 4, 6]]","[[3, 4, 6, 8], [1, 7, 9], [5], [2]]"
00068-00000003.soi,soi,9,15,rankings,intercambio,b=0.3,4,12.285714285714285,16.07142857142857,4,1,0.04271770000923425,0.0,7.0,"[[1, 3, 8, 9], [7], [5], [2, 4, 6]]","[[1, 2, 3, 4, 5, 6, 7, 8, 9]]"
00068-00000003.soi,soi,9,15,rankings,local,b=0.1,4,12.285714285714285,14.571428571428571,4,2,0.05244859994854778,0.3402069087198858,3.428571428571429,"[[1, 3, 8, 9], [7], [5], [2, 4, 6]]","[[1], [2, 3, 4, 5, 6, 7, 8, 9]]"
00068-00000003.soi,soi,9,15,rankings,local,b=0.2,4,12.285714285714285,13.166666666666666,4,3,0.11389859998598695,0.2151657414559676,5.428571428571431,"[[1, 3, 8, 9], [7], [5], [2, 4, 6]]","[[1], [2, 3, 4, 6, 8, 9], [5, 7]]"
00068-00000003.soi,soi,9,15,rankings,local,b=0.3,4,12.285714285714285,14.690476190476188,4,3,0.06717559997923672,0.44721359549995787,4.0,"[[1, 3, 8, 9], [7], [5], [2, 4, 6]]","[[1, 2, 3, 4, 7, 8, 9], [5], [6]]"
00068-00000003.soi,soi,9,15,rankings,movimiento,b=0.1,4,12.285714285714285,12.642857142857142,4,2,0.06605500006116927,0.5143444998736397,1.0,"[[1, 3, 8, 9], [7], [5], [2, 4, 6]]","[[1, 9], [2, 3, 4, 5, 6, 7, 8]]"
00068-00000003.soi,soi,9,15,rankings,movimiento,b=0.2,4,12.285714285714285,10.261904761904761,4,2,0.03376259992364794,0.13608276348795434,5.0,"[[1, 3, 8, 9], [7], [5], [2, 4, 6]]","[[1, 2, 3, 4, 6, 7, 8, 9], [5]]"
00068-00000003.soi,soi,9,15,rankings,movimiento,b=0.3,4,12.285714285714285,13.607142857142858,4,2,0.13661879999563098,0.40824829046386296,7.0,"[[1, 3, 8, 9], [7], [5], [2, 4, 6]]","[[1, 2, 3, 4, 5, 7, 8, 9], [6]]"
00068-00000004.soi,soi,17,15,rankings,empate,b=0.1,0,29.77777777777778,38.65277777777778,3,2,1.810306299943477,0.7184212081070996,5.888888888888889,"[[1], [3, 4, 5, 6, 7, 8, 9, 10, 11, 12, 13, 14, 15, 16, 17], [2]]","[[1], [2, 3, 4, 5, 6, 7, 8, 9, 10, 11, 12, 13, 14, 15, 16, 17]]"
00068-00000004.soi,soi,17,15,rankings,empate,b=0.2,0,29.77777777777778,34.597222222222236,3,2,15.545533300028183,0.7184212081070996,5.888888888888889,"[[1], [3, 4, 5, 6, 7, 8, 9, 10, 11, 12, 13, 14, 15, 16, 17], [2]]","[[1], [2, 3, 4, 5, 6, 7, 8, 9, 10, 11, 12, 13, 14, 15, 16, 17]]"
00068-00000004.soi,soi,17,15,rankings,empate,b=0.3,0,29.77777777777778,37.59722222222222,3,1,6.444684699992649,0.0,19.444444444444446,"[[1], [3, 4, 5, 6, 7, 8, 9, 10, 11, 12, 13, 14, 15, 16, 17], [2]]","[[1, 2, 3, 4, 5, 6, 7, 8, 9, 10, 11, 12, 13, 14, 15, 16, 17]]"
00068-00000004.soi,soi,17,15,rankings,intercambio,b=0.1,0,29.77777777777778,45.41666666666667,3,3,14.608932500006631,1.0,0.0,"[[1], [3, 4, 5, 6, 7, 8, 9, 10, 11, 12, 13, 14, 15, 16, 17], [2]]","[[1], [3, 4, 5, 6, 7, 8, 9, 10, 11, 12, 13, 14, 15, 16, 17], [2]]"
00068-00000004.soi,soi,17,15,rankings,intercambio,b=0.2,0,29.77777777777778,45.69444444444444,3,1,4.653841200051829,0.0,19.444444444444446,"[[1], [3, 4, 5, 6, 7, 8, 9, 10, 11, 12, 13, 14, 15, 16, 17], [2]]","[[1, 2, 3, 4, 5, 6, 7, 8, 9, 10, 11, 12, 13, 14, 15, 16, 17]]"
00068-00000004.soi,soi,17,15,rankings,intercambio,b=0.3,0,29.77777777777778,41.52777777777778,3,2,12.832318400032818,-0.7184212081070996,35.44444444444444,"[[1], [3, 4, 5, 6, 7, 8, 9, 10, 11, 12, 13, 14, 15, 16, 17], [2]]","[[2, 3, 4, 5, 6, 7, 8, 9, 10, 11, 12, 13, 14, 15, 16, 17], [1]]"
00068-00000004.soi,soi,17,15,rankings,local,b=0.1,0,29.77777777777778,36.083333333333336,3,2,1.3839797000400722,0.7184212081070996,5.888888888888889,"[[1], [3, 4, 5, 6, 7, 8, 9, 10, 11, 12, 13, 14, 15, 16, 17], [2]]","[[1], [2, 3, 4, 5, 6, 7, 8, 9, 10, 11, 12, 13, 14, 15, 16, 17]]"
00068-00000004.soi,soi,17,15,rankings,local,b=0.2,0,29.77777777777778,36.86111111111111,3,2,3.1317344999406487,0.7184212081070996,5.888888888888889,"[[1], [3, 4, 5, 6, 7, 8, 9, 10, 11, 12, 13, 14, 15, 16, 17], [2]]","[[1], [2, 3, 4, 5, 6, 7, 8, 9, 10, 11, 12, 13, 14, 15, 16, 17]]"
00068-00000004.soi,soi,17,15,rankings,local,b=0.3,0,29.77777777777778,46.02777777777778,3,1,3.805408699903637,0.0,19.444444444444446,"[[1], [3, 4, 5, 6, 7, 8, 9, 10, 11, 12, 13, 14, 15, 16, 17], [2]]","[[1, 2, 3, 4, 5, 6, 7, 8, 9, 10, 11, 12, 13, 14, 15, 16, 17]]"
00068-00000004.soi,soi,17,15,rankings,movimiento,b=0.1,0,29.77777777777778,37.18055555555555,3,3,12.085016999975778,1.0,0.0,"[[1], [3, 4, 5, 6, 7, 8, 9, 10, 11, 12, 13, 14, 15, 16, 17], [2]]","[[1], [3, 4, 5, 6, 7, 8, 9, 10, 11, 12, 13, 14, 15, 16, 17], [2]]"
00068-00000004.soi,soi,17,15,rankings,movimiento,b=0.2,0,29.77777777777778,37.291666666666664,3,2,11.074550000019372,0.7184212081070996,5.888888888888889,"[[1], [3, 4, 5, 6, 7, 8, 9, 10, 11, 12, 13, 14, 15, 16, 17], [2]]","[[1], [2, 3, 4, 5, 6, 7, 8, 9, 10, 11, 12, 13, 14, 15, 16, 17]]"
00068-00000004.soi,soi,17,15,rankings,movimiento,b=0.3,0,29.77777777777778,34.166666666666664,3,2,0.6907147000310943,0.7184212081070996,5.888888888888889,"[[1], [3, 4, 5, 6, 7, 8, 9, 10, 11, 12, 13, 14, 15, 16, 17], [2]]","[[1], [2, 3, 4, 5, 6, 7, 8, 9, 10, 11, 12, 13, 14, 15, 16, 17]]"
00068-00000004.soi,soi,17,15,rankings,empate,b=0.1,1,29.77777777777778,38.833333333333336,3,1,13.669598700013012,0.0,19.444444444444446,"[[1], [3, 4, 5, 6, 7, 8, 9, 10, 11, 12, 13, 14, 15, 16, 17], [2]]","[[1, 2, 3, 4, 5, 6, 7, 8, 9, 10, 11, 12, 13, 14, 15, 16, 17]]"
00068-00000004.soi,soi,17,15,rankings,empate,b=0.2,1,29.77777777777778,35.916666666666664,3,2,6.65820820000954,0.7184212081070996,12.555555555555554,"[[1], [3, 4, 5, 6, 7, 8, 9, 10, 11, 12, 13, 14, 15, 16, 17], [2]]","[[1, 3, 4, 5, 6, 7, 8, 9, 10, 11, 12, 13, 14, 15, 16, 17], [2]]"
00068-00000004.soi,soi,17,15,rankings,empate,b=0.3,1,29.77777777777778,40.01388888888888,3,3,5.849596899934113,1.0,0.0,"[[1], [3, 4, 5, 6, 7, 8, 9, 10, 11, 12, 13, 14, 15, 16, 17], [2]]","[[1], [3, 4, 5, 6, 7, 8, 9, 10, 11, 12, 13, 14, 15, 16, 17], [2]]"
00068-00000004.soi,soi,17,15,rankings,intercambio,b=0.1,1,29.77777777777778,42.583333333333336,3,2,10.225780199980363,0.7184212081070996,12.555555555555554,"[[1], [3, 4, 5, 6, 7, 8, 9, 10, 11, 12, 13, 14, 15, 16, 17], [2]]","[[1, 3, 4, 5, 6, 7, 8, 9, 10, 11, 12, 13, 14, 15, 16, 17], [2]]"
00068-00000004.soi,soi,17,15,rankings,intercambio,b=0.2,1,29.77777777777778,42.13888888888892,3,1,14.87922110001091,0.0,19.444444444444446,"[[1], [3, 4, 5, 6, 7, 8, 9, 10, 11, 12, 13, 14, 15, 16, 17], [2]]","[[1, 2, 3, 4, 5, 6, 7, 8, 9, 10, 11, 12, 13, 14, 15, 16, 17]]"
00068-00000004.soi,soi,17,15,rankings,intercambio,b=0.3,1,29.77777777777778,33.77777777777783,3,2,1.719052099972032,0.0,28.555555555555554,"[[1], [3, 4, 5, 6, 7, 8, 9, 10, 11, 12, 13, 14, 15, 16, 17], [2]]","[[3, 4, 5, 6, 7, 8, 9, 10, 11, 12, 13, 14, 15, 16, 17], [1, 2]]"
00068-00000004.soi,soi,17,15,rankings,local,b=0.1,1,29.77777777777778,42.72222222222224,3,3,2.242383199976757,1.0,0.0,"[[1], [3, 4, 5, 6, 7, 8, 9, 10, 11, 12, 13, 14, 15, 16, 17], [2]]","[[1], [3, 4, 5, 6, 7, 8, 9, 10, 11, 12, 13, 14, 15, 16, 17], [2]]"
00068-00000004.soi,soi,17,15,rankings,local,b=0.2,1,29.77777777777778,43.80555555555556,3,2,16.1222323999973,0.0,24.11111111111111,"[[1], [3, 4, 5, 6, 7, 8, 9, 10, 11, 12, 13, 14, 15, 16, 17], [2]]","[[1, 2, 5], [3, 4, 6, 7, 8, 9, 10, 11, 12, 13, 14, 15, 16, 17]]"
00068-00000004.soi,soi,17,15,rankings,local,b=0.3,1,29.77777777777778,42.1388888888889,3,2,8.675865299999714,0.7184212081070996,5.888888888888889,"[[1], [3, 4, 5, 6, 7, 8, 9, 10, 11, 12, 13, 14, 15, 16, 17], [2]]","[[1], [2, 3, 4, 5, 6, 7, 8, 9, 10, 11, 12, 13, 14, 15, 16, 17]]"
00068-00000004.soi,soi,17,15,rankings,movimiento,b=0.1,1,29.77777777777778,36.0138888888889,3,2,7.723244399996474,0.7184212081070996,5.888888888888889,"[[1], [3, 4, 5, 6, 7, 8, 9, 10, 11, 12, 13, 14, 15, 16, 17], [2]]","[[1], [2, 3, 4, 5, 6, 7, 8, 9, 10, 11, 12, 13, 14, 15, 16, 17]]"
00068-00000004.soi,soi,17,15,rankings,movimiento,b=0.2,1,29.77777777777778,25.263888888888914,3,3,3.662699899985455,1.0,0.0,"[[1], [3, 4, 5, 6, 7, 8, 9, 10, 11, 12, 13, 14, 15, 16, 17], [2]]","[[1], [3, 4, 5, 6, 7, 8, 9, 10, 11, 12, 13, 14, 15, 16, 17], [2]]"
00068-00000004.soi,soi,17,15,rankings,movimiento,b=0.3,1,29.77777777777778,33.09722222222222,3,1,17.019412699970417,0.0,19.444444444444446,"[[1], [3, 4, 5, 6, 7, 8, 9, 10, 11, 12, 13, 14, 15, 16, 17], [2]]","[[1, 2, 3, 4, 5, 6, 7, 8, 9, 10, 11, 12, 13, 14, 15, 16, 17]]"
00068-00000004.soi,soi,17,15,rankings,empate,b=0.1,2,29.77777777777778,39.27777777777778,3,2,9.622261599986814,0.7184212081070996,5.888888888888889,"[[1], [3, 4, 5, 6, 7, 8, 9, 10, 11, 12, 13, 14, 15, 16, 17], [2]]","[[1], [2, 3, 4, 5, 6, 7, 8, 9, 10, 11, 12, 13, 14, 15, 16, 17]]"
00068-00000004.soi,soi,17,15,rankings,empate,b=0.2,2,29.77777777777778,34.84722222222222,3,2,5.7224961000029,0.7184212081070996,5.888888888888889,"[[1], [3, 4, 5, 6, 7, 8, 9, 10, 11, 12, 13, 14, 15, 16, 17], [2]]","[[1], [2, 3, 4, 5, 6, 7, 8, 9, 10, 11, 12, 13, 14, 15, 16, 17]]"
00068-00000004.soi,soi,17,15,rankings,empate,b=0.3,2,29.77777777777778,37.8611111111111,3,1,8.511365800048225,0.0,19.444444444444446,"[[1], [3, 4, 5, 6, 7, 8, 9, 10, 11, 12, 13, 14, 15, 16, 17], [2]]","[[1, 2, 3, 4, 5, 6, 7, 8, 9, 10, 11, 12, 13, 14, 15, 16, 17]]"
00068-00000004.soi,soi,17,15,rankings,intercambio,b=0.1,2,29.77777777777778,46.97222222222223,3,2,10.381178600015119,0.7184212081070996,12.555555555555554,"[[1], [3, 4, 5, 6, 7, 8, 9, 10, 11, 12, 13, 14, 15, 16, 17], [2]]","[[1, 3, 4, 5, 6, 7, 8, 9, 10, 11, 12, 13, 14, 15, 16, 17], [2]]"
00068-00000004.soi,soi,17,15,rankings,intercambio,b=0.2,2,29.77777777777778,36.6111111111111,3,2,0.586953999940306,-0.7184212081070996,35.44444444444444,"[[1], [3, 4, 5, 6, 7, 8, 9, 10, 11, 12, 13, 14, 15, 16, 17], [2]]","[[2, 3, 4, 5, 6, 7, 8, 9, 10, 11, 12, 13, 14, 15, 16, 17], [1]]"
00068-00000004.soi,soi,17,15,rankings,intercambio,b=0.3,2,29.77777777777778,46.138888888888886,3,1,10.133704100036994,0.0,19.444444444444446,"[[1], [3, 4, 5, 6, 7, 8, 9, 10, 11, 12, 13, 14, 15, 16, 17], [2]]","[[1, 2, 3, 4, 5, 6, 7, 8, 9, 10, 11, 12, 13, 14, 15, 16, 17]]"
00068-00000004.soi,soi,17,15,rankings,local,b=0.1,2,29.77777777777778,38.69444444444444,3,2,16.442027400014922,0.7184212081070996,5.888888888888889,"[[1], [3, 4, 5, 6, 7, 8, 9, 10, 11, 12, 13, 14, 15, 16, 17], [2]]","[[1], [2, 3, 4, 5, 6, 7, 8, 9, 10, 11, 12, 13, 14, 15, 16, 17]]"
00068-00000004.soi,soi,17,15,rankings,local,b=0.2,2,29.77777777777778,36.72222222222222,3,2,0.28775819996371865,0.0,19.222222222222225,"[[1], [3, 4, 5, 6, 7, 8, 9, 10, 11, 12, 13, 14, 15, 16, 17], [2]]","[[1, 2], [3, 4, 5, 6, 7, 8, 9, 10, 11, 12, 13, 14, 15, 16, 17]]"
00068-00000004.soi,soi,17,15,rankings,local,b=0.3,2,29.77777777777778,41.777777777777786,3,1,5.571620799950324,0.0,19.444444444444446,"[[1], [3, 4, 5, 6, 7, 8, 9, 10, 11, 12, 13, 14, 15, 16, 17], [2]]","[[1, 2, 3, 4, 5, 6, 7, 8, 9, 10, 11, 12, 13, 14, 15, 16, 17]]"
00068-00000004.soi,soi,17,15,rankings,movimiento,b=0.1,2,29.77777777777778,29.291666666666668,3,3,3.9297797000035644,1.0,0.0,"[[1], [3, 4, 5, 6, 7, 8, 9, 10, 11, 12, 13, 14, 15, 16, 17], [2]]","[[1], [3, 4, 5, 6, 7, 8, 9, 10, 11, 12, 13, 14, 15, 16, 17], [2]]"
00068-00000004.soi,soi,17,15,rankings,movimiento,b=0.2,2,29.77777777777778,31.319444444444443,3,2,8.45221220003441,0.7184212081070996,5.888888888888889,"[[1], [3, 4, 5, 6, 7, 8, 9, 10, 11, 12, 13, 14, 15, 16, 17], [2]]","[[1], [2, 3, 4, 5, 6, 7, 8, 9, 10, 11, 12, 13, 14, 15, 16, 17]]"
00068-00000004.soi,soi,17,15,rankings,movimiento,b=0.3,2,29.77777777777778,35.44444444444446,3,2,9.655549399903975,0.7184212081070996,12.555555555555554,"[[1], [3, 4, 5, 6, 7, 8, 9, 10, 11, 12, 13, 14, 15, 16, 17], [2]]","[[1, 3, 4, 5, 6, 7, 8, 9, 10, 11, 12, 13, 14, 15, 16, 17], [2]]"
00068-00000004.soi,soi,17,15,rankings,empate,b=0.1,3,29.77777777777778,36.61111111111111,3,2,14.630587599938735,0.7184212081070996,5.888888888888889,"[[1], [3, 4, 5, 6, 7, 8, 9, 10, 11, 12, 13, 14, 15, 16, 17], [2]]","[[1], [2, 3, 4, 5, 6, 7, 8, 9, 10, 11, 12, 13, 14, 15, 16, 17]]"
00068-00000004.soi,soi,17,15,rankings,empate,b=0.2,3,29.77777777777778,40.25000000000001,3,1,14.098757900064811,0.0,19.444444444444446,"[[1], [3, 4, 5, 6, 7, 8, 9, 10, 11, 12, 13, 14, 15, 16, 17], [2]]","[[1, 2, 3, 4, 5, 6, 7, 8, 9, 10, 11, 12, 13, 14, 15, 16, 17]]"
00068-00000004.soi,soi,17,15,rankings,empate,b=0.3,3,29.77777777777778,38.09722222222212,3,1,10.351048500044271,0.0,19.444444444444446,"[[1], [3, 4, 5, 6, 7, 8, 9, 10, 11, 12, 13, 14, 15, 16, 17], [2]]","[[1, 2, 3, 4, 5, 6, 7, 8, 9, 10, 11, 12, 13, 14, 15, 16, 17]]"
00068-00000004.soi,soi,17,15,rankings,intercambio,b=0.1,3,29.77777777777778,42.555555555555515,3,1,6.309141699923202,0.0,19.444444444444446,"[[1], [3, 4, 5, 6, 7, 8, 9, 10, 11, 12, 13, 14, 15, 16, 17], [2]]","[[1, 2, 3, 4, 5, 6, 7, 8, 9, 10, 11, 12, 13, 14, 15, 16, 17]]"
00068-00000004.soi,soi,17,15,rankings,intercambio,b=0.2,3,29.77777777777778,44.305555555555564,3,1,4.599567899946123,0.0,19.444444444444446,"[[1], [3, 4, 5, 6, 7, 8, 9, 10, 11, 12, 13, 14, 15, 16, 17], [2]]","[[1, 2, 3, 4, 5, 6, 7, 8, 9, 10, 11, 12, 13, 14, 15, 16, 17]]"
00068-00000004.soi,soi,17,15,rankings,intercambio,b=0.3,3,29.77777777777778,44.583333333333336,3,2,11.29711549996864,-0.7184212081070996,35.44444444444444,"[[1], [3, 4, 5, 6, 7, 8, 9, 10, 11, 12, 13, 14, 15, 16, 17], [2]]","[[2, 3, 4, 5, 6, 7, 8, 9, 10, 11, 12, 13, 14, 15, 16, 17], [1]]"
00068-00000004.soi,soi,17,15,rankings,local,b=0.1,3,29.77777777777778,43.833333333333336,3,1,11.408264200086705,0.0,19.444444444444446,"[[1], [3, 4, 5, 6, 7, 8, 9, 10, 11, 12, 13, 14, 15, 16, 17], [2]]","[[1, 2, 3, 4, 5, 6, 7, 8, 9, 10, 11, 12, 13, 14, 15, 16, 17]]"
00068-00000004.soi,soi,17,15,rankings,local,b=0.2,3,29.77777777777778,45.02777777777777,3,1,4.576328000053763,0.0,19.444444444444446,"[[1], [3, 4, 5, 6, 7, 8, 9, 10, 11, 12, 13, 14, 15, 16, 17], [2]]","[[1, 2, 3, 4, 5, 6, 7, 8, 9, 10, 11, 12, 13, 14, 15, 16, 17]]"
00068-00000004.soi,soi,17,15,rankings,local,b=0.3,3,29.77777777777778,40.58333333333331,3,2,3.0026674000546336,0.7184212081070996,5.888888888888889,"[[1], [3, 4, 5, 6, 7, 8, 9, 10, 11, 12, 13, 14, 15, 16, 17], [2]]","[[1], [2, 3, 4, 5, 6, 7, 8, 9, 10, 11, 12, 13, 14, 15, 16, 17]]"
00068-00000004.soi,soi,17,15,rankings,movimiento,b=0.1,3,29.77777777777778,39.1388888888889,3,3,12.039856299990788,1.0,0.0,"[[1], [3, 4, 5, 6, 7, 8, 9, 10, 11, 12, 13, 14, 15, 16, 17], [2]]","[[1], [3, 4, 5, 6, 7, 8, 9, 10, 11, 12, 13, 14, 15, 16, 17], [2]]"
00068-00000004.soi,soi,17,15,rankings,movimiento,b=0.2,3,29.77777777777778,31.055555555555557,3,3,20.13817090005614,1.0,0.0,"[[1], [3, 4, 5, 6, 7, 8, 9, 10, 11, 12, 13, 14, 15, 16, 17], [2]]","[[1], [3, 4, 5, 6, 7, 8, 9, 10, 11, 12, 13, 14, 15, 16, 17], [2]]"
00068-00000004.soi,soi,17,15,rankings,movimiento,b=0.3,3,29.77777777777778,37.26388888888889,3,1,6.855130999931134,0.0,19.444444444444446,"[[1], [3, 4, 5, 6, 7, 8, 9, 10, 11, 12, 13, 14, 15, 16, 17], [2]]","[[1, 2, 3, 4, 5, 6, 7, 8, 9, 10, 11, 12, 13, 14, 15, 16, 17]]"
00068-00000004.soi,soi,17,15,rankings,empate,b=0.1,4,29.77777777777778,33.69444444444446,3,3,1.7161738000577316,1.0,0.0,"[[1], [3, 4, 5, 6, 7, 8, 9, 10, 11, 12, 13, 14, 15, 16, 17], [2]]","[[1], [3, 4, 5, 6, 7, 8, 9, 10, 11, 12, 13, 14, 15, 16, 17], [2]]"
00068-00000004.soi,soi,17,15,rankings,empate,b=0.2,4,29.77777777777778,35.347222222222214,3,2,10.651588100008667,0.7184212081070996,5.888888888888889,"[[1], [3, 4, 5, 6, 7, 8, 9, 10, 11, 12, 13, 14, 15, 16, 17], [2]]","[[1], [2, 3, 4, 5, 6, 7, 8, 9, 10, 11, 12, 13, 14, 15, 16, 17]]"
00068-00000004.soi,soi,17,15,rankings,empate,b=0.3,4,29.77777777777778,40.638888888888886,3,1,4.9540027000475675,0.0,19.444444444444446,"[[1], [3, 4, 5, 6, 7, 8, 9, 10, 11, 12, 13, 14, 15, 16, 17], [2]]","[[1, 2, 3, 4, 5, 6, 7, 8, 9, 10, 11, 12, 13, 14, 15, 16, 17]]"
00068-00000004.soi,soi,17,15,rankings,intercambio,b=0.1,4,29.77777777777778,38.88888888888887,3,2,5.442463100072928,0.7184212081070996,5.888888888888889,"[[1], [3, 4, 5, 6, 7, 8, 9, 10, 11, 12, 13, 14, 15, 16, 17], [2]]","[[1], [2, 3, 4, 5, 6, 7, 8, 9, 10, 11, 12, 13, 14, 15, 16, 17]]"
00068-00000004.soi,soi,17,15,rankings,intercambio,b=0.2,4,29.77777777777778,41.77777777777778,3,1,4.866447000065818,0.0,19.444444444444446,"[[1], [3, 4, 5, 6, 7, 8, 9, 10, 11, 12, 13, 14, 15, 16, 17], [2]]","[[1, 2, 3, 4, 5, 6, 7, 8, 9, 10, 11, 12, 13, 14, 15, 16, 17]]"
00068-00000004.soi,soi,17,15,rankings,intercambio,b=0.3,4,29.77777777777778,40.16666666666667,3,2,9.257340500014834,0.7184212081070996,12.555555555555554,"[[1], [3, 4, 5, 6, 7, 8, 9, 10, 11, 12, 13, 14, 15, 16, 17], [2]]","[[1, 3, 4, 5, 6, 7, 8, 9, 10, 11, 12, 13, 14, 15, 16, 17], [2]]"
00068-00000004.soi,soi,17,15,rankings,local,b=0.1,4,29.77777777777778,34.777777777777764,3,3,6.19332769990433,1.0,0.0,"[[1], [3, 4, 5, 6, 7, 8, 9, 10, 11, 12, 13, 14, 15, 16, 17], [2]]","[[1], [3, 4, 5, 6, 7, 8, 9, 10, 11, 12, 13, 14, 15, 16, 17], [2]]"
00068-00000004.soi,soi,17,15,rankings,local,b=0.2,4,29.77777777777778,41.80555555555555,3,2,13.943599299993366,0.7184212081070996,12.555555555555554,"[[1], [3, 4, 5, 6, 7, 8, 9, 10, 11, 12, 13, 14, 15, 16, 17], [2]]","[[1, 3, 4, 5, 6, 7, 8, 9, 10, 11, 12, 13, 14, 15, 16, 17], [2]]"
00068-00000004.soi,soi,17,15,rankings,local,b=0.3,4,29.77777777777778,39.361111111111114,3,2,4.483454999979585,0.7184212081070996,5.888888888888889,"[[1], [3, 4, 5, 6, 7, 8, 9, 10, 11, 12, 13, 14, 15, 16, 17], [2]]","[[1], [2, 3, 4, 5, 6, 7, 8, 9, 10, 11, 12, 13, 14, 15, 16, 17]]"
00068-00000004.soi,soi,17,15,rankings,movimiento,b=0.1,4,29.77777777777778,24.277777777777764,3,3,3.503978200023994,1.0,0.0,"[[1], [3, 4, 5, 6, 7, 8, 9, 10, 11, 12, 13, 14, 15, 16, 17], [2]]","[[1], [3, 4, 5, 6, 7, 8, 9, 10, 11, 12, 13, 14, 15, 16, 17], [2]]"
00068-00000004.soi,soi,17,15,rankings,movimiento,b=0.2,4,29.77777777777778,34.93055555555556,3,2,16.08314949995838,0.7184212081070996,5.888888888888889,"[[1], [3, 4, 5, 6, 7, 8, 9, 10, 11, 12, 13, 14, 15, 16, 17], [2]]","[[1], [2, 3, 4, 5, 6, 7, 8, 9, 10, 11, 12, 13, 14, 15, 16, 17]]"
00068-00000004.soi,soi,17,15,rankings,movimiento,b=0.3,4,29.77777777777778,36.19444444444444,3,2,4.70164390001446,0.7184212081070996,12.555555555555554,"[[1], [3, 4, 5, 6, 7, 8, 9, 10, 11, 12, 13, 14, 15, 16, 17], [2]]","[[1, 3, 4, 5, 6, 7, 8, 9, 10, 11, 12, 13, 14, 15, 16, 17], [2]]"
00068-00000005.soi,soi,5,15,rankings,empate,b=0.1,0,3.935803085803086,2.498287823287823,1,1,0.008402499952353537,1.0,0.0,"[[1, 2, 3, 4, 5]]","[[1, 2, 3, 4, 5]]"
00068-00000005.soi,soi,5,15,rankings,empate,b=0.2,0,3.935803085803086,2.498287823287823,1,1,0.008778300019912422,1.0,0.0,"[[1, 2, 3, 4, 5]]","[[1, 2, 3, 4, 5]]"
00068-00000005.soi,soi,5,15,rankings,empate,b=0.3,0,3.935803085803086,3.4380952380952388,1,2,0.013960299897007644,0.0,2.7358974358974364,"[[1, 2, 3, 4, 5]]","[[2, 5], [1, 3, 4]]"
00068-00000005.soi,soi,5,15,rankings,intercambio,b=0.1,0,3.935803085803086,2.0754856254856255,1,1,0.006611499935388565,1.0,0.0,"[[1, 2, 3, 4, 5]]","[[1, 2, 3, 4, 5]]"
00068-00000005.soi,soi,5,15,rankings,intercambio,b=0.2,0,3.935803085803086,2.0754856254856255,1,1,0.006344800000078976,1.0,0.0,"[[1, 2, 3, 4, 5]]","[[1, 2, 3, 4, 5]]"
00068-00000005.soi,soi,5,15,rankings,intercambio,b=0.3,0,3.935803085803086,2.630652680652681,1,1,0.011702899937517941,1.0,0.0,"[[1, 2, 3, 4, 5]]","[[1, 2, 3, 4, 5]]"
00068-00000005.soi,soi,5,15,rankings,local,b=0.1,0,3.935803085803086,3.0067321567321565,1,1,0.012621199944987893,1.0,0.0,"[[1, 2, 3, 4, 5]]","[[1, 2, 3, 4, 5]]"
00068-00000005.soi,soi,5,15,rankings,local,b=0.2,0,3.935803085803086,3.0067321567321565,1,1,0.012073199963197112,1.0,0.0,"[[1, 2, 3, 4, 5]]","[[1, 2, 3, 4, 5]]"
00068-00000005.soi,soi,5,15,rankings,local,b=0.3,0,3.935803085803086,2.869358419358419,1,1,0.01239520008675754,1.0,0.0,"[[1, 2, 3, 4, 5]]","[[1, 2, 3, 4, 5]]"
00068-00000005.soi,soi,5,15,rankings,movimiento,b=0.1,0,3.935803085803086,3.79013209013209,1,2,0.010707800043746829,0.0,0.22668442668442657,"[[1, 2, 3, 4, 5]]","[[2, 3], [1, 4, 5]]"
00068-00000005.soi,soi,5,15,rankings,movimiento,b=0.2,0,3.935803085803086,3.79013209013209,1,2,0.013152299914509058,0.0,0.22668442668442657,"[[1, 2, 3, 4, 5]]","[[2, 3], [1, 4, 5]]"
00068-00000005.soi,soi,5,15,rankings,movimiento,b=0.3,0,3.935803085803086,2.5345515595515598,1,1,0.010200300021097064,1.0,0.0,"[[1, 2, 3, 4, 5]]","[[1, 2, 3, 4, 5]]"
00068-00000005.soi,soi,5,15,rankings,empate,b=0.1,1,3.935803085803086,3.4632450882450883,1,1,0.009656700072810054,1.0,0.0,"[[1, 2, 3, 4, 5]]","[[1, 2, 3, 4, 5]]"
00068-00000005.soi,soi,5,15,rankings,empate,b=0.2,1,3.935803085803086,3.4632450882450883,1,1,0.01008529996033758,1.0,0.0,"[[1, 2, 3, 4, 5]]","[[1, 2, 3, 4, 5]]"
00068-00000005.soi,soi,5,15,rankings,empate,b=0.3,1,3.935803085803086,2.4599178599178604,1,1,0.01003769994713366,1.0,0.0,"[[1, 2, 3, 4, 5]]","[[1, 2, 3, 4, 5]]"
00068-00000005.soi,soi,5,15,rankings,intercambio,b=0.1,1,3.935803085803086,2.6521534021534023,1,1,0.0066847000271081924,1.0,0.0,"[[1, 2, 3, 4, 5]]","[[1, 2, 3, 4, 5]]"
00068-00000005.soi,soi,5,15,rankings,intercambio,b=0.2,1,3.935803085803086,2.6521534021534023,1,1,0.006596500054001808,1.0,0.0,"[[1, 2, 3, 4, 5]]","[[1, 2, 3, 4, 5]]"
00068-00000005.soi,soi,5,15,rankings,intercambio,b=0.3,1,3.935803085803086,1.3413364413364415,1,1,0.005522700026631355,1.0,0.0,"[[1, 2, 3, 4, 5]]","[[1, 2, 3, 4, 5]]"
00068-00000005.soi,soi,5,15,rankings,local,b=0.1,1,3.935803085803086,3.2096126096126096,1,1,0.009072299930267036,1.0,0.0,"[[1, 2, 3, 4, 5]]","[[1, 2, 3, 4, 5]]"
00068-00000005.soi,soi,5,15,rankings,local,b=0.2,1,3.935803085803086,3.2096126096126096,1,1,0.009164400049485266,1.0,0.0,"[[1, 2, 3, 4, 5]]","[[1, 2, 3, 4, 5]]"
00068-00000005.soi,soi,5,15,rankings,local,b=0.3,1,3.935803085803086,2.116206016206016,1,1,0.009773100027814507,1.0,0.0,"[[1, 2, 3, 4, 5]]","[[1, 2, 3, 4, 5]]"
00068-00000005.soi,soi,5,15,rankings,movimiento,b=0.1,1,3.935803085803086,3.0541930291930295,1,1,0.009542800020426512,1.0,0.0,"[[1, 2, 3, 4, 5]]","[[1, 2, 3, 4, 5]]"
00068-00000005.soi,soi,5,15,rankings,movimiento,b=0.2,1,3.935803085803086,3.0541930291930295,1,1,0.009841699968092144,1.0,0.0,"[[1, 2, 3, 4, 5]]","[[1, 2, 3, 4, 5]]"
00068-00000005.soi,soi,5,15,rankings,movimiento,b=0.3,1,3.935803085803086,3.522946497946498,1,1,0.005541699938476086,1.0,0.0,"[[1, 2, 3, 4, 5]]","[[1, 2, 3, 4, 5]]"
00068-00000005.soi,soi,5,15,rankings,empate,b=0.1,2,3.935803085803086,2.467099567099567,1,1,0.009377600043080747,1.0,0.0,"[[1, 2, 3, 4, 5]]","[[1, 2, 3, 4, 5]]"
00068-00000005.soi,soi,5,15,rankings,empate,b=0.2,2,3.935803085803086,2.467099567099567,1,1,0.009410800063051283,1.0,0.0,"[[1, 2, 3, 4, 5]]","[[1, 2, 3, 4, 5]]"
00068-00000005.soi,soi,5,15,rankings,empate,b=0.3,2,3.935803085803086,1.8255855255855258,1,1,0.005718900007195771,1.0,0.0,"[[1, 2, 3, 4, 5]]","[[1, 2, 3, 4, 5]]"
00068-00000005.soi,soi,5,15,rankings,intercambio,b=0.1,2,3.935803085803086,1.818026418026418,1,1,0.006428099935874343,1.0,0.0,"[[1, 2, 3, 4, 5]]","[[1, 2, 3, 4, 5]]"
00068-00000005.soi,soi,5,15,rankings,intercambio,b=0.2,2,3.935803085803086,1.818026418026418,1,1,0.006305699935182929,1.0,0.0,"[[1, 2, 3, 4, 5]]","[[1, 2, 3, 4, 5]]"
00068-00000005.soi,soi,5,15,rankings,intercambio,b=0.3,2,3.935803085803086,3.1643523143523145,1,1,0.009422800038009882,1.0,0.0,"[[1, 2, 3, 4, 5]]","[[1, 2, 3, 4, 5]]"
00068-00000005.soi,soi,5,15,rankings,local,b=0.1,2,3.935803085803086,2.3310911310911306,1,1,0.0052429999923333526,1.0,0.0,"[[1, 2, 3, 4, 5]]","[[1, 2, 3, 4, 5]]"
00068-00000005.soi,soi,5,15,rankings,local,b=0.2,2,3.935803085803086,2.3310911310911306,1,1,0.005085799959488213,1.0,0.0,"[[1, 2, 3, 4, 5]]","[[1, 2, 3, 4, 5]]"
00068-00000005.soi,soi,5,15,rankings,local,b=0.3,2,3.935803085803086,3.5045343545343544,1,1,0.009667200036346912,1.0,0.0,"[[1, 2, 3, 4, 5]]","[[1, 2, 3, 4, 5]]"
00068-00000005.soi,soi,5,15,rankings,movimiento,b=0.1,2,3.935803085803086,3.037043512043512,1,2,0.009544900036416948,0.0,0.07777777777777706,"[[1, 2, 3, 4, 5]]","[[1, 2, 3, 5], [4]]"
00068-00000005.soi,soi,5,15,rankings,movimiento,b=0.2,2,3.935803085803086,3.037043512043512,1,2,0.009868600056506693,0.0,0.07777777777777706,"[[1, 2, 3, 4, 5]]","[[1, 2, 3, 5], [4]]"
00068-00000005.soi,soi,5,15,rankings,movimiento,b=0.3,2,3.935803085803086,2.0360972360972363,1,1,0.005595299997366965,1.0,0.0,"[[1, 2, 3, 4, 5]]","[[1, 2, 3, 4, 5]]"
00068-00000005.soi,soi,5,15,rankings,empate,b=0.1,3,3.935803085803086,3.4755106005106002,1,1,0.00957239989656955,1.0,0.0,"[[1, 2, 3, 4, 5]]","[[1, 2, 3, 4, 5]]"
00068-00000005.soi,soi,5,15,rankings,empate,b=0.2,3,3.935803085803086,3.4755106005106002,1,1,0.00958600000012666,1.0,0.0,"[[1, 2, 3, 4, 5]]","[[1, 2, 3, 4, 5]]"
00068-00000005.soi,soi,5,15,rankings,empate,b=0.3,3,3.935803085803086,3.283855033855034,1,1,0.009580799960531294,1.0,0.0,"[[1, 2, 3, 4, 5]]","[[1, 2, 3, 4, 5]]"
00068-00000005.soi,soi,5,15,rankings,intercambio,b=0.1,3,3.935803085803086,2.0456210456210453,1,1,0.005562599981203675,1.0,0.0,"[[1, 2, 3, 4, 5]]","[[1, 2, 3, 4, 5]]"
00068-00000005.soi,soi,5,15,rankings,intercambio,b=0.2,3,3.935803085803086,2.0456210456210453,1,1,0.005276200012303889,1.0,0.0,"[[1, 2, 3, 4, 5]]","[[1, 2, 3, 4, 5]]"
00068-00000005.soi,soi,5,15,rankings,intercambio,b=0.3,3,3.935803085803086,3.9817848817848818,1,2,0.011178100015968084,0.0,0.07777777777777706,"[[1, 2, 3, 4, 5]]","[[1, 2, 3, 5], [4]]"
00068-00000005.soi,soi,5,15,rankings,local,b=0.1,3,3.935803085803086,2.3316405816405816,1,1,0.006335000041872263,1.0,0.0,"[[1, 2, 3, 4, 5]]","[[1, 2, 3, 4, 5]]"
00068-00000005.soi,soi,5,15,rankings,local,b=0.2,3,3.935803085803086,2.3316405816405816,1,1,0.010881399968639016,1.0,0.0,"[[1, 2, 3, 4, 5]]","[[1, 2, 3, 4, 5]]"
00068-00000005.soi,soi,5,15,rankings,local,b=0.3,3,3.935803085803086,2.030613830613831,1,1,0.012530900072306395,1.0,0.0,"[[1, 2, 3, 4, 5]]","[[1, 2, 3, 4, 5]]"
00068-00000005.soi,soi,5,15,rankings,movimiento,b=0.1,3,3.935803085803086,3.420856920856921,1,1,0.011386299971491098,1.0,0.0,"[[1, 2, 3, 4, 5]]","[[1, 2, 3, 4, 5]]"
00068-00000005.soi,soi,5,15,rankings,movimiento,b=0.2,3,3.935803085803086,3.420856920856921,1,1,0.010620299959555268,1.0,0.0,"[[1, 2, 3, 4, 5]]","[[1, 2, 3, 4, 5]]"
00068-00000005.soi,soi,5,15,rankings,movimiento,b=0.3,3,3.935803085803086,2.6487789987789983,1,1,0.009961499948985875,1.0,0.0,"[[1, 2, 3, 4, 5]]","[[1, 2, 3, 4, 5]]"
00068-00000005.soi,soi,5,15,rankings,empate,b=0.1,4,3.935803085803086,3.184937284937285,1,1,0.0105449000839144,1.0,0.0,"[[1, 2, 3, 4, 5]]","[[1, 2, 3, 4, 5]]"
00068-00000005.soi,soi,5,15,rankings,empate,b=0.2,4,3.935803085803086,3.184937284937285,1,1,0.011680600000545382,1.0,0.0,"[[1, 2, 3, 4, 5]]","[[1, 2, 3, 4, 5]]"
00068-00000005.soi,soi,5,15,rankings,empate,b=0.3,4,3.935803085803086,2.611849261849262,1,1,0.010754100047051907,1.0,0.0,"[[1, 2, 3, 4, 5]]","[[1, 2, 3, 4, 5]]"
00068-00000005.soi,soi,5,15,rankings,intercambio,b=0.1,4,3.935803085803086,1.8122766122766123,1,1,0.01585329999215901,1.0,0.0,"[[1, 2, 3, 4, 5]]","[[1, 2, 3, 4, 5]]"
00068-00000005.soi,soi,5,15,rankings,intercambio,b=0.2,4,3.935803085803086,1.8122766122766123,1,1,0.02037050004582852,1.0,0.0,"[[1, 2, 3, 4, 5]]","[[1, 2, 3, 4, 5]]"
00068-00000005.soi,soi,5,15,rankings,intercambio,b=0.3,4,3.935803085803086,1.9897491397491398,1,1,0.019090099958702922,1.0,0.0,"[[1, 2, 3, 4, 5]]","[[1, 2, 3, 4, 5]]"
00068-00000005.soi,soi,5,15,rankings,local,b=0.1,4,3.935803085803086,2.395998445998446,1,1,0.009175400016829371,1.0,0.0,"[[1, 2, 3, 4, 5]]","[[1, 2, 3, 4, 5]]"
00068-00000005.soi,soi,5,15,rankings,local,b=0.2,4,3.935803085803086,2.395998445998446,1,1,0.009921299992129207,1.0,0.0,"[[1, 2, 3, 4, 5]]","[[1, 2, 3, 4, 5]]"
00068-00000005.soi,soi,5,15,rankings,local,b=0.3,4,3.935803085803086,1.9312132312132313,1,1,0.011044500046409667,1.0,0.0,"[[1, 2, 3, 4, 5]]","[[1, 2, 3, 4, 5]]"
00068-00000005.soi,soi,5,15,rankings,movimiento,b=0.1,4,3.935803085803086,2.949056499056499,1,1,0.019737499998882413,1.0,0.0,"[[1, 2, 3, 4, 5]]","[[1, 2, 3, 4, 5]]"
00068-00000005.soi,soi,5,15,rankings,movimiento,b=0.2,4,3.935803085803086,2.949056499056499,1,1,0.017815400031395257,1.0,0.0,"[[1, 2, 3, 4, 5]]","[[1, 2, 3, 4, 5]]"
00068-00000005.soi,soi,5,15,rankings,movimiento,b=0.3,4,3.935803085803086,3.108402708402708,1,2,0.01425150001887232,0.0,0.22668442668442657,"[[1, 2, 3, 4, 5]]","[[2, 3], [1, 4, 5]]"
00068-00000006.soi,soi,9,15,rankings,empate,b=0.1,0,11.25,11.708333333333334,3,2,0.04877160000614822,0.7302967433402213,0.5,"[[4], [1, 2, 3, 5, 7, 8, 9], [6]]","[[4], [1, 2, 3, 5, 6, 7, 8, 9]]"
00068-00000006.soi,soi,9,15,rankings,empate,b=0.2,0,11.25,12.583333333333332,3,3,0.1774522999767214,0.4666666666666666,4.0,"[[4], [1, 2, 3, 5, 7, 8, 9], [6]]","[[1, 3, 4, 5, 7, 8, 9], [6], [2]]"
00068-00000006.soi,soi,9,15,rankings,empate,b=0.3,0,11.25,9.333333333333334,3,1,0.03023819997906685,0.0,3.166666666666666,"[[4], [1, 2, 3, 5, 7, 8, 9], [6]]","[[1, 2, 3, 4, 5, 6, 7, 8, 9]]"
00068-00000006.soi,soi,9,15,rankings,intercambio,b=0.1,0,11.25,11.333333333333332,3,1,0.0331296999938786,0.0,3.166666666666666,"[[4], [1, 2, 3, 5, 7, 8, 9], [6]]","[[1, 2, 3, 4, 5, 6, 7, 8, 9]]"
00068-00000006.soi,soi,9,15,rankings,intercambio,b=0.2,0,11.25,12.083333333333334,3,2,0.044894900056533515,0.0,7.166666666666664,"[[4], [1, 2, 3, 5, 7, 8, 9], [6]]","[[1], [2, 3, 4, 5, 6, 7, 8, 9]]"
00068-00000006.soi,soi,9,15,rankings,intercambio,b=0.3,0,11.25,7.583333333333333,3,2,0.03183089999947697,-0.7302967433402213,9.166666666666664,"[[4], [1, 2, 3, 5, 7, 8, 9], [6]]","[[6], [1, 2, 3, 4, 5, 7, 8, 9]]"
00068-00000006.soi,soi,9,15,rankings,local,b=0.1,0,11.25,11.416666666666666,3,2,0.03746629995293915,0.0,6.5,"[[4], [1, 2, 3, 5, 7, 8, 9], [6]]","[[1, 3, 4, 5, 6, 7, 8, 9], [2]]"
00068-00000006.soi,soi,9,15,rankings,local,b=0.2,0,11.25,11.833333333333332,3,1,0.030613900045864284,0.0,3.166666666666666,"[[4], [1, 2, 3, 5, 7, 8, 9], [6]]","[[1, 2, 3, 4, 5, 6, 7, 8, 9]]"
00068-00000006.soi,soi,9,15,rankings,local,b=0.3,0,11.25,11.0,3,1,0.030672600027173758,0.0,3.166666666666666,"[[4], [1, 2, 3, 5, 7, 8, 9], [6]]","[[1, 2, 3, 4, 5, 6, 7, 8, 9]]"
00068-00000006.soi,soi,9,15,rankings,movimiento,b=0.1,0,11.25,11.5,3,2,0.03674539993517101,0.7302967433402213,0.5,"[[4], [1, 2, 3, 5, 7, 8, 9], [6]]","[[4], [1, 2, 3, 5, 6, 7, 8, 9]]"
00068-00000006.soi,soi,9,15,rankings,movimiento,b=0.2,0,11.25,9.458333333333332,3,1,0.03255640005227178,0.0,3.166666666666666,"[[4], [1, 2, 3, 5, 7, 8, 9], [6]]","[[1, 2, 3, 4, 5, 6, 7, 8, 9]]"
00068-00000006.soi,soi,9,15,rankings,movimiento,b=0.3,0,11.25,11.666666666666666,3,4,0.03821820009034127,0.33806170189140666,8.0,"[[4], [1, 2, 3, 5, 7, 8, 9], [6]]","[[3, 4, 5, 7, 8, 9], [6], [2], [1]]"
00068-00000006.soi,soi,9,15,rankings,empate,b=0.1,1,11.25,8.916666666666666,3,2,0.03405610006302595,0.7302967433402213,0.5,"[[4], [1, 2, 3, 5, 7, 8, 9], [6]]","[[4], [1, 2, 3, 5, 6, 7, 8, 9]]"
00068-00000006.soi,soi,9,15,rankings,empate,b=0.2,1,11.25,11.208333333333334,3,1,0.03297759999986738,0.0,3.166666666666666,"[[4], [1, 2, 3, 5, 7, 8, 9], [6]]","[[1, 2, 3, 4, 5, 6, 7, 8, 9]]"
00068-00000006.soi,soi,9,15,rankings,empate,b=0.3,1,11.25,9.708333333333332,3,1,0.03157150000333786,0.0,3.166666666666666,"[[4], [1, 2, 3, 5, 7, 8, 9], [6]]","[[1, 2, 3, 4, 5, 6, 7, 8, 9]]"
00068-00000006.soi,soi,9,15,rankings,intercambio,b=0.1,1,11.25,11.166666666666666,3,1,0.027633799938485026,0.0,3.166666666666666,"[[4], [1, 2, 3, 5, 7, 8, 9], [6]]","[[1, 2, 3, 4, 5, 6, 7, 8, 9]]"
00068-00000006.soi,soi,9,15,rankings,intercambio,b=0.2,1,11.25,9.083333333333332,3,1,0.028814799967221916,0.0,3.166666666666666,"[[4], [1, 2, 3, 5, 7, 8, 9], [6]]","[[1, 2, 3, 4, 5, 6, 7, 8, 9]]"
00068-00000006.soi,soi,9,15,rankings,intercambio,b=0.3,1,11.25,12.333333333333334,3,3,0.09206210006959736,0.11547005383792514,7.0,"[[4], [1, 2, 3, 5, 7, 8, 9], [6]]","[[4, 5], [6], [1, 2, 3, 7, 8, 9]]"
00068-00000006.soi,soi,9,15,rankings,local,b=0.1,1,11.25,12.333333333333332,3,1,0.03989459993317723,0.0,3.166666666666666,"[[4], [1, 2, 3, 5, 7, 8, 9], [6]]","[[1, 2, 3, 4, 5, 6, 7, 8, 9]]"
00068-00000006.soi,soi,9,15,rankings,local,b=0.2,1,11.25,10.416666666666668,3,4,0.038239600020460784,0.4507489358552088,6.0,"[[4], [1, 2, 3, 5, 7, 8, 9], [6]]","[[1, 4, 5, 7, 8, 9], [3], [6], [2]]"
00068-00000006.soi,soi,9,15,rankings,local,b=0.3,1,11.25,9.666666666666668,3,2,0.033168000052683055,0.0,9.166666666666664,"[[4], [1, 2, 3, 5, 7, 8, 9], [6]]","[[3], [1, 2, 4, 5, 6, 7, 8, 9]]"
00068-00000006.soi,soi,9,15,rankings,movimiento,b=0.1,1,11.25,10.208333333333334,3,3,0.03246490005403757,0.9999999999999999,0.0,"[[4], [1, 2, 3, 5, 7, 8, 9], [6]]","[[4], [1, 2, 3, 5, 7, 8, 9], [6]]"
00068-00000006.soi,soi,9,15,rankings,movimiento,b=0.2,1,11.25,12.833333333333334,3,2,0.031966199981980026,0.7302967433402213,0.5,"[[4], [1, 2, 3, 5, 7, 8, 9], [6]]","[[4], [1, 2, 3, 5, 6, 7, 8, 9]]"
00068-00000006.soi,soi,9,15,rankings,movimiento,b=0.3,1,11.25,12.041666666666666,3,3,0.07427520002238452,0.16151457061744967,7.5,"[[4], [1, 2, 3, 5, 7, 8, 9], [6]]","[[4], [3, 5, 6], [1, 2, 7, 8, 9]]"
00068-00000006.soi,soi,9,15,rankings,empate,b=0.1,2,11.25,11.0,3,1,0.048399000079371035,0.0,3.166666666666666,"[[4], [1, 2, 3, 5, 7, 8, 9], [6]]","[[1, 2, 3, 4, 5, 6, 7, 8, 9]]"
00068-00000006.soi,soi,9,15,rankings,empate,b=0.2,2,11.25,13.5,3,3,0.04700140003114939,0.06666666666666665,5.5,"[[4], [1, 2, 3, 5, 7, 8, 9], [6]]","[[4], [6], [1, 2, 3, 5, 7, 8, 9]]"
00068-00000006.soi,soi,9,15,rankings,empate,b=0.3,2,11.25,10.125,3,2,0.052923399955034256,0.5520524474738833,3.0,"[[4], [1, 2, 3, 5, 7, 8, 9], [6]]","[[4, 5], [1, 2, 3, 6, 7, 8, 9]]"
00068-00000006.soi,soi,9,15,rankings,intercambio,b=0.1,2,11.25,11.25,3,1,0.03205479995813221,0.0,3.166666666666666,"[[4], [1, 2, 3, 5, 7, 8, 9], [6]]","[[1, 2, 3, 4, 5, 6, 7, 8, 9]]"
00068-00000006.soi,soi,9,15,rankings,intercambio,b=0.2,2,11.25,10.333333333333332,3,1,0.03568279999308288,0.0,3.166666666666666,"[[4], [1, 2, 3, 5, 7, 8, 9], [6]]","[[1, 2, 3, 4, 5, 6, 7, 8, 9]]"
00068-00000006.soi,soi,9,15,rankings,intercambio,b=0.3,2,11.25,13.583333333333334,3,2,0.13032880006358027,0.7302967433402213,1.666666666666666,"[[4], [1, 2, 3, 5, 7, 8, 9], [6]]","[[1, 2, 3, 4, 5, 7, 8, 9], [6]]"
00068-00000006.soi,soi,9,15,rankings,local,b=0.1,2,11.25,12.416666666666664,3,1,0.030082999961450696,0.0,3.166666666666666,"[[4], [1, 2, 3, 5, 7, 8, 9], [6]]","[[1, 2, 3, 4, 5, 6, 7, 8, 9]]"
00068-00000006.soi,soi,9,15,rankings,local,b=0.2,2,11.25,12.0,3,1,0.03921920002903789,0.0,3.166666666666666,"[[4], [1, 2, 3, 5, 7, 8, 9], [6]]","[[1, 2, 3, 4, 5, 6, 7, 8, 9]]"
00068-00000006.soi,soi,9,15,rankings,local,b=0.3,2,11.25,10.333333333333332,3,1,0.03157630003988743,0.0,3.166666666666666,"[[4], [1, 2, 3, 5, 7, 8, 9], [6]]","[[1, 2, 3, 4, 5, 6, 7, 8, 9]]"
00068-00000006.soi,soi,9,15,rankings,movimiento,b=0.1,2,11.25,12.416666666666668,3,1,0.03701369999907911,0.0,3.166666666666666,"[[4], [1, 2, 3, 5, 7, 8, 9], [6]]","[[1, 2, 3, 4, 5, 6, 7, 8, 9]]"
00068-00000006.soi,soi,9,15,rankings,movimiento,b=0.2,2,11.25,12.5,3,3,0.05225890001747757,0.4666666666666666,4.0,"[[4], [1, 2, 3, 5, 7, 8, 9], [6]]","[[1, 3, 4, 5, 7, 8, 9], [6], [2]]"
00068-00000006.soi,soi,9,15,rankings,movimiento,b=0.3,2,11.25,12.125,3,2,0.04434780008159578,0.7302967433402213,1.666666666666666,"[[4], [1, 2, 3, 5, 7, 8, 9], [6]]","[[1, 2, 3, 4, 5, 7, 8, 9], [6]]"
00068-00000006.soi,soi,9,15,rankings,empate,b=0.1,3,11.25,10.916666666666666,3,2,0.032033000024966896,0.0,7.166666666666664,"[[4], [1, 2, 3, 5, 7, 8, 9], [6]]","[[2, 3, 4, 5, 6, 7, 8, 9], [1]]"
00068-00000006.soi,soi,9,15,rankings,empate,b=0.2,3,11.25,8.458333333333334,3,2,0.030831599957309663,-0.7302967433402213,9.166666666666664,"[[4], [1, 2, 3, 5, 7, 8, 9], [6]]","[[6], [1, 2, 3, 4, 5, 7, 8, 9]]"
00068-00000006.soi,soi,9,15,rankings,empate,b=0.3,3,11.25,11.75,3,2,0.03908610006328672,0.0,5.666666666666664,"[[4], [1, 2, 3, 5, 7, 8, 9], [6]]","[[5], [1, 2, 3, 4, 6, 7, 8, 9]]"
00068-00000006.soi,soi,9,15,rankings,intercambio,b=0.1,3,11.25,12.916666666666668,3,1,0.08050949999596924,0.0,3.166666666666666,"[[4], [1, 2, 3, 5, 7, 8, 9], [6]]","[[1, 2, 3, 4, 5, 6, 7, 8, 9]]"
00068-00000006.soi,soi,9,15,rankings,intercambio,b=0.2,3,11.25,9.5,3,3,0.028576200013048947,0.4666666666666666,4.0,"[[4], [1, 2, 3, 5, 7, 8, 9], [6]]","[[1, 3, 4, 5, 7, 8, 9], [6], [2]]"
00068-00000006.soi,soi,9,15,rankings,intercambio,b=0.3,3,11.25,12.083333333333334,3,1,0.031162200029939413,0.0,3.166666666666666,"[[4], [1, 2, 3, 5, 7, 8, 9], [6]]","[[1, 2, 3, 4, 5, 6, 7, 8, 9]]"
00068-00000006.soi,soi,9,15,rankings,local,b=0.1,3,11.25,13.666666666666666,3,3,0.04830450005829334,0.06666666666666665,5.5,"[[4], [1, 2, 3, 5, 7, 8, 9], [6]]","[[4], [6], [1, 2, 3, 5, 7, 8, 9]]"
00068-00000006.soi,soi,9,15,rankings,local,b=0.2,3,11.25,10.25,3,2,0.03242800000589341,0.7302967433402213,1.666666666666666,"[[4], [1, 2, 3, 5, 7, 8, 9], [6]]","[[1, 2, 3, 4, 5, 7, 8, 9], [6]]"
00068-00000006.soi,soi,9,15,rankings,local,b=0.3,3,11.25,10.166666666666668,3,1,0.03401300008408725,0.0,3.166666666666666,"[[4], [1, 2, 3, 5, 7, 8, 9], [6]]","[[1, 2, 3, 4, 5, 6, 7, 8, 9]]"
00068-00000006.soi,soi,9,15,rankings,movimiento,b=0.1,3,11.25,10.083333333333332,3,2,0.04378850001376122,0.7302967433402213,0.5,"[[4], [1, 2, 3, 5, 7, 8, 9], [6]]","[[4], [1, 2, 3, 5, 6, 7, 8, 9]]"
00068-00000006.soi,soi,9,15,rankings,movimiento,b=0.2,3,11.25,11.833333333333336,3,1,0.031122199958190322,0.0,3.166666666666666,"[[4], [1, 2, 3, 5, 7, 8, 9], [6]]","[[1, 2, 3, 4, 5, 6, 7, 8, 9]]"
00068-00000006.soi,soi,9,15,rankings,movimiento,b=0.3,3,11.25,13.75,3,5,0.04347899998538196,0.28767798089123053,11.5,"[[4], [1, 2, 3, 5, 7, 8, 9], [6]]","[[4], [1], [3], [5, 6], [2, 7, 8, 9]]"
00068-00000006.soi,soi,9,15,rankings,empate,b=0.1,4,11.25,10.0,3,1,0.03088079998269677,0.0,3.166666666666666,"[[4], [1, 2, 3, 5, 7, 8, 9], [6]]","[[1, 2, 3, 4, 5, 6, 7, 8, 9]]"
00068-00000006.soi,soi,9,15,rankings,empate,b=0.2,4,11.25,12.666666666666666,3,1,0.046730900066904724,0.0,3.166666666666666,"[[4], [1, 2, 3, 5, 7, 8, 9], [6]]","[[1, 2, 3, 4, 5, 6, 7, 8, 9]]"
00068-00000006.soi,soi,9,15,rankings,empate,b=0.3,4,11.25,13.291666666666666,3,2,0.05954839999321848,0.0,6.5,"[[4], [1, 2, 3, 5, 7, 8, 9], [6]]","[[1, 3, 4, 5, 6, 7, 8, 9], [2]]"
00068-00000006.soi,soi,9,15,rankings,intercambio,b=0.1,4,11.25,14.583333333333334,3,3,0.06859030004125088,0.11547005383792514,8.5,"[[4], [1, 2, 3, 5, 7, 8, 9], [6]]","[[1, 4], [6], [2, 3, 5, 7, 8, 9]]"
00068-00000006.soi,soi,9,15,rankings,intercambio,b=0.2,4,11.25,10.5,3,1,0.02622430003248155,0.0,3.166666666666666,"[[4], [1, 2, 3, 5, 7, 8, 9], [6]]","[[1, 2, 3, 4, 5, 6, 7, 8, 9]]"
00068-00000006.soi,soi,9,15,rankings,intercambio,b=0.3,4,11.25,12.5,3,3,0.04047879995778203,0.0,11.5,"[[4], [1, 2, 3, 5, 7, 8, 9], [6]]","[[1, 3, 4, 6, 7, 8, 9], [5], [2]]"
00068-00000006.soi,soi,9,15,rankings,local,b=0.1,4,11.25,12.916666666666664,3,2,0.02634470001794398,0.7302967433402213,0.5,"[[4], [1, 2, 3, 5, 7, 8, 9], [6]]","[[4], [1, 2, 3, 5, 6, 7, 8, 9]]"
00068-00000006.soi,soi,9,15,rankings,local,b=0.2,4,11.25,12.25,3,2,0.031738600111566484,0.7302967433402213,1.666666666666666,"[[4], [1, 2, 3, 5, 7, 8, 9], [6]]","[[1, 2, 3, 4, 5, 7, 8, 9], [6]]"
00068-00000006.soi,soi,9,15,rankings,local,b=0.3,4,11.25,12.166666666666668,3,1,0.03654939995612949,0.0,3.166666666666666,"[[4], [1, 2, 3, 5, 7, 8, 9], [6]]","[[1, 2, 3, 4, 5, 6, 7, 8, 9]]"
00068-00000006.soi,soi,9,15,rankings,movimiento,b=0.1,4,11.25,11.166666666666666,3,3,0.03832309995777905,0.9999999999999999,0.0,"[[4], [1, 2, 3, 5, 7, 8, 9], [6]]","[[4], [1, 2, 3, 5, 7, 8, 9], [6]]"
00068-00000006.soi,soi,9,15,rankings,movimiento,b=0.2,4,11.25,10.5,3,1,0.03951289993710816,0.0,3.166666666666666,"[[4], [1, 2, 3, 5, 7, 8, 9], [6]]","[[1, 2, 3, 4, 5, 6, 7, 8, 9]]"
00068-00000006.soi,soi,9,15,rankings,movimiento,b=0.3,4,11.25,10.5,3,1,0.03309619997162372,0.0,3.166666666666666,"[[4], [1, 2, 3, 5, 7, 8, 9], [6]]","[[1, 2, 3, 4, 5, 6, 7, 8, 9]]"
00068-00000007.soi,soi,13,15,rankings,empate,b=0.1,0,25.734343434343437,23.76010101010101,3,3,0.1839436999289319,1.0,0.0,"[[1, 13], [3, 9, 10], [2, 4, 5, 6, 7, 8, 11, 12]]","[[1, 13], [3, 9, 10], [2, 4, 5, 6, 7, 8, 11, 12]]"
00068-00000007.soi,soi,13,15,rankings,empate,b=0.2,0,25.734343434343437,29.836868686868684,3,3,6.633825200027786,0.7819290527140303,5.076767676767677,"[[1, 13], [3, 9, 10], [2, 4, 5, 6, 7, 8, 11, 12]]","[[1, 13], [3], [2, 4, 5, 6, 7, 8, 9, 10, 11, 12]]"
00068-00000007.soi,soi,13,15,rankings,empate,b=0.3,0,25.734343434343437,27.56919191919192,3,2,0.7535441999789327,0.6915640748081245,12.55555555555556,"[[1, 13], [3, 9, 10], [2, 4, 5, 6, 7, 8, 11, 12]]","[[1, 13], [2, 3, 4, 5, 6, 7, 8, 9, 10, 11, 12]]"
00068-00000007.soi,soi,13,15,rankings,intercambio,b=0.1,0,25.734343434343437,30.966666666666676,3,2,0.7752875000005588,-0.03143473067309657,13.52121212121212,"[[1, 13], [3, 9, 10], [2, 4, 5, 6, 7, 8, 11, 12]]","[[1, 3, 4, 5, 6, 7, 8, 9, 11, 12, 13], [2, 10]]"
00068-00000007.soi,soi,13,15,rankings,intercambio,b=0.2,0,25.734343434343437,21.05656565656566,3,3,0.08219510002527386,0.6223759142641418,8.555555555555554,"[[1, 13], [3, 9, 10], [2, 4, 5, 6, 7, 8, 11, 12]]","[[13], [2, 3, 9, 10], [1, 4, 5, 6, 7, 8, 11, 12]]"
00068-00000007.soi,soi,13,15,rankings,intercambio,b=0.3,0,25.734343434343437,27.123232323232322,3,2,2.596190300071612,0.18650096164806274,20.55555555555556,"[[1, 13], [3, 9, 10], [2, 4, 5, 6, 7, 8, 11, 12]]","[[2, 3, 9, 10, 11], [1, 4, 5, 6, 7, 8, 12, 13]]"
00068-00000007.soi,soi,13,15,rankings,local,b=0.1,0,25.734343434343437,31.24040404040404,3,5,2.833753400016576,0.650157914671245,16.52121212121212,"[[1, 13], [3, 9, 10], [2, 4, 5, 6, 7, 8, 11, 12]]","[[1, 5, 13], [3, 9], [6], [2, 10], [4, 7, 8, 11, 12]]"
00068-00000007.soi,soi,13,15,rankings,local,b=0.2,0,25.734343434343437,31.052525252525253,3,3,5.283468700014055,0.6516075439283586,12.000000000000004,"[[1, 13], [3, 9, 10], [2, 4, 5, 6, 7, 8, 11, 12]]","[[13], [9, 10], [1, 2, 3, 4, 5, 6, 7, 8, 11, 12]]"
00068-00000007.soi,soi,13,15,rankings,local,b=0.3,0,25.734343434343437,29.692929292929293,3,1,0.9441523000132293,0.0,12.55555555555556,"[[1, 13], [3, 9, 10], [2, 4, 5, 6, 7, 8, 11, 12]]","[[1, 2, 3, 4, 5, 6, 7, 8, 9, 10, 11, 12, 13]]"
00068-00000007.soi,soi,13,15,rankings,movimiento,b=0.1,0,25.734343434343437,29.249494949494956,3,3,3.469642899930477,1.0,0.0,"[[1, 13], [3, 9, 10], [2, 4, 5, 6, 7, 8, 11, 12]]","[[1, 13], [3, 9, 10], [2, 4, 5, 6, 7, 8, 11, 12]]"
00068-00000007.soi,soi,13,15,rankings,movimiento,b=0.2,0,25.734343434343437,27.452525252525252,3,3,4.235454199952073,0.755507463439817,5.0000000000000036,"[[1, 13], [3, 9, 10], [2, 4, 5, 6, 7, 8, 11, 12]]","[[1], [3, 9, 10], [2, 4, 5, 6, 7, 8, 11, 12, 13]]"
00068-00000007.soi,soi,13,15,rankings,movimiento,b=0.3,0,25.734343434343437,30.474242424242423,3,3,5.675415100064129,0.7819290527140303,10.454545454545457,"[[1, 13], [3, 9, 10], [2, 4, 5, 6, 7, 8, 11, 12]]","[[1, 13], [9], [2, 3, 4, 5, 6, 7, 8, 10, 11, 12]]"
00068-00000007.soi,soi,13,15,rankings,empate,b=0.1,1,25.734343434343437,27.35858585858586,3,3,2.322800299967639,0.8966119804454215,4.555555555555557,"[[1, 13], [3, 9, 10], [2, 4, 5, 6, 7, 8, 11, 12]]","[[1, 13], [2, 3, 9, 10], [4, 5, 6, 7, 8, 11, 12]]"
00068-00000007.soi,soi,13,15,rankings,empate,b=0.2,1,25.734343434343437,29.1989898989899,3,3,4.380610799998976,0.30743773095067284,11.000000000000004,"[[1, 13], [3, 9, 10], [2, 4, 5, 6, 7, 8, 11, 12]]","[[1, 3, 4, 5, 7, 8, 9, 10, 11, 12, 13], [2], [6]]"
00068-00000007.soi,soi,13,15,rankings,empate,b=0.3,1,25.734343434343437,30.053030303030297,3,1,0.8391435999656096,0.0,12.55555555555556,"[[1, 13], [3, 9, 10], [2, 4, 5, 6, 7, 8, 11, 12]]","[[1, 2, 3, 4, 5, 6, 7, 8, 9, 10, 11, 12, 13]]"
00068-00000007.soi,soi,13,15,rankings,intercambio,b=0.1,1,25.734343434343437,27.363636363636363,3,3,1.1016793000744656,0.4170288281141495,24.55555555555556,"[[1, 13], [3, 9, 10], [2, 4, 5, 6, 7, 8, 11, 12]]","[[1, 6], [2, 3, 9, 10], [4, 5, 7, 8, 11, 12, 13]]"
00068-00000007.soi,soi,13,15,rankings,intercambio,b=0.2,1,25.734343434343437,28.277777777777775,3,3,6.2015684000216424,0.0,19.55555555555556,"[[1, 13], [3, 9, 10], [2, 4, 5, 6, 7, 8, 11, 12]]","[[1, 2, 4, 5, 7, 8, 9, 10, 11, 12, 13], [3], [6]]"
00068-00000007.soi,soi,13,15,rankings,intercambio,b=0.3,1,25.734343434343437,34.412121212121214,3,1,6.678528100019321,0.0,12.55555555555556,"[[1, 13], [3, 9, 10], [2, 4, 5, 6, 7, 8, 11, 12]]","[[1, 2, 3, 4, 5, 6, 7, 8, 9, 10, 11, 12, 13]]"
00068-00000007.soi,soi,13,15,rankings,local,b=0.1,1,25.734343434343437,28.656565656565657,3,3,5.313930000062101,0.7845481320645673,7.0000000000000036,"[[1, 13], [3, 9, 10], [2, 4, 5, 6, 7, 8, 11, 12]]","[[1, 12, 13], [3, 9, 10], [2, 4, 5, 6, 7, 8, 11]]"
00068-00000007.soi,soi,13,15,rankings,local,b=0.2,1,25.734343434343437,27.691919191919197,3,3,4.583272300078534,0.7819290527140303,13.55555555555556,"[[1, 13], [3, 9, 10], [2, 4, 5, 6, 7, 8, 11, 12]]","[[1, 13], [10], [2, 3, 4, 5, 6, 7, 8, 9, 11, 12]]"
00068-00000007.soi,soi,13,15,rankings,local,b=0.3,1,25.734343434343437,34.02323232323232,3,1,4.166312200017273,0.0,12.55555555555556,"[[1, 13], [3, 9, 10], [2, 4, 5, 6, 7, 8, 11, 12]]","[[1, 2, 3, 4, 5, 6, 7, 8, 9, 10, 11, 12, 13]]"
00068-00000007.soi,soi,13,15,rankings,movimiento,b=0.1,1,25.734343434343437,28.084848484848486,3,3,1.2972690999740735,0.8858795678282981,1.5212121212121232,"[[1, 13], [3, 9, 10], [2, 4, 5, 6, 7, 8, 11, 12]]","[[1, 13], [3, 9], [2, 4, 5, 6, 7, 8, 10, 11, 12]]"
00068-00000007.soi,soi,13,15,rankings,movimiento,b=0.2,1,25.734343434343437,26.61565656565657,3,3,2.528618499985896,0.2833152987899314,20.454545454545457,"[[1, 13], [3, 9, 10], [2, 4, 5, 6, 7, 8, 11, 12]]","[[3, 6, 10], [9], [1, 2, 4, 5, 7, 8, 11, 12, 13]]"
00068-00000007.soi,soi,13,15,rankings,movimiento,b=0.3,1,25.734343434343437,29.57323232323232,3,1,2.312534900032915,0.0,12.55555555555556,"[[1, 13], [3, 9, 10], [2, 4, 5, 6, 7, 8, 11, 12]]","[[1, 2, 3, 4, 5, 6, 7, 8, 9, 10, 11, 12, 13]]"
00068-00000007.soi,soi,13,15,rankings,empate,b=0.1,2,25.734343434343437,30.496969696969696,3,3,5.917405599961057,1.0,0.0,"[[1, 13], [3, 9, 10], [2, 4, 5, 6, 7, 8, 11, 12]]","[[1, 13], [3, 9, 10], [2, 4, 5, 6, 7, 8, 11, 12]]"
00068-00000007.soi,soi,13,15,rankings,empate,b=0.2,2,25.734343434343437,28.755555555555556,3,3,3.295620399992913,0.8858795678282981,1.5212121212121232,"[[1, 13], [3, 9, 10], [2, 4, 5, 6, 7, 8, 11, 12]]","[[1, 13], [3, 9], [2, 4, 5, 6, 7, 8, 10, 11, 12]]"
00068-00000007.soi,soi,13,15,rankings,empate,b=0.3,2,25.734343434343437,29.62777777777778,3,2,2.3222085000015795,0.37721676807715887,9.010101010101014,"[[1, 13], [3, 9, 10], [2, 4, 5, 6, 7, 8, 11, 12]]","[[3, 10], [1, 2, 4, 5, 6, 7, 8, 9, 11, 12, 13]]"
00068-00000007.soi,soi,13,15,rankings,intercambio,b=0.1,2,25.734343434343437,29.608080808080807,3,3,2.4243639999767765,0.7845481320645673,7.0000000000000036,"[[1, 13], [3, 9, 10], [2, 4, 5, 6, 7, 8, 11, 12]]","[[1, 12, 13], [3, 9, 10], [2, 4, 5, 6, 7, 8, 11]]"
00068-00000007.soi,soi,13,15,rankings,intercambio,b=0.2,2,25.734343434343437,32.359595959595964,3,3,3.6882165001006797,0.0,19.55555555555556,"[[1, 13], [3, 9, 10], [2, 4, 5, 6, 7, 8, 11, 12]]","[[1, 2, 4, 5, 7, 8, 9, 10, 11, 12, 13], [3], [6]]"
00068-00000007.soi,soi,13,15,rankings,intercambio,b=0.3,2,25.734343434343437,31.81919191919192,3,3,2.0657905000261962,-0.043478260869565216,20.55555555555556,"[[1, 13], [3, 9, 10], [2, 4, 5, 6, 7, 8, 11, 12]]","[[1, 2, 4, 5, 8, 11, 12, 13], [3, 9, 10], [6, 7]]"
00068-00000007.soi,soi,13,15,rankings,local,b=0.1,2,25.734343434343437,31.43030303030303,3,3,2.060722300084308,0.755507463439817,3.0,"[[1, 13], [3, 9, 10], [2, 4, 5, 6, 7, 8, 11, 12]]","[[13], [3, 9, 10], [1, 2, 4, 5, 6, 7, 8, 11, 12]]"
00068-00000007.soi,soi,13,15,rankings,local,b=0.2,2,25.734343434343437,28.439393939393938,3,3,0.7186460000229999,0.49580177288237987,13.010101010101014,"[[1, 13], [3, 9, 10], [2, 4, 5, 6, 7, 8, 11, 12]]","[[13], [2, 3, 10], [1, 4, 5, 6, 7, 8, 9, 11, 12]]"
00068-00000007.soi,soi,13,15,rankings,local,b=0.3,2,25.734343434343437,29.96666666666667,3,3,1.2055245001101866,0.0,14.076767676767677,"[[1, 13], [3, 9, 10], [2, 4, 5, 6, 7, 8, 11, 12]]","[[1, 2, 3, 4, 5, 7, 8, 9, 11, 12, 13], [10], [6]]"
00068-00000007.soi,soi,13,15,rankings,movimiento,b=0.1,2,25.734343434343437,24.802525252525253,3,2,1.2767604000400752,0.3143473067309657,12.000000000000004,"[[1, 13], [3, 9, 10], [2, 4, 5, 6, 7, 8, 11, 12]]","[[1, 3, 4, 5, 6, 7, 8, 9, 10, 12, 13], [2, 11]]"
00068-00000007.soi,soi,13,15,rankings,movimiento,b=0.2,2,25.734343434343437,31.365151515151513,3,3,4.833847100031562,0.3909645263570152,10.000000000000004,"[[1, 13], [3, 9, 10], [2, 4, 5, 6, 7, 8, 11, 12]]","[[1, 3, 4, 5, 7, 8, 9, 10, 12, 13], [2, 11], [6]]"
00068-00000007.soi,soi,13,15,rankings,movimiento,b=0.3,2,25.734343434343437,31.4010101010101,3,3,7.233190700062551,0.8966119804454215,4.555555555555557,"[[1, 13], [3, 9, 10], [2, 4, 5, 6, 7, 8, 11, 12]]","[[1, 13], [2, 3, 9, 10], [4, 5, 6, 7, 8, 11, 12]]"
00068-00000007.soi,soi,13,15,rankings,empate,b=0.1,3,25.734343434343437,26.49646464646464,3,3,0.20522310002706945,1.0,0.0,"[[1, 13], [3, 9, 10], [2, 4, 5, 6, 7, 8, 11, 12]]","[[1, 13], [3, 9, 10], [2, 4, 5, 6, 7, 8, 11, 12]]"
00068-00000007.soi,soi,13,15,rankings,empate,b=0.2,3,25.734343434343437,25.302525252525257,3,2,2.642643200000748,0.48454371185234896,6.0000000000000036,"[[1, 13], [3, 9, 10], [2, 4, 5, 6, 7, 8, 11, 12]]","[[3, 9, 10], [1, 2, 4, 5, 6, 7, 8, 11, 12, 13]]"
00068-00000007.soi,soi,13,15,rankings,empate,b=0.3,3,25.734343434343437,29.226262626262628,3,4,4.119778799940832,0.06193801042615005,17.55555555555556,"[[1, 13], [3, 9, 10], [2, 4, 5, 6, 7, 8, 11, 12]]","[[1, 4, 5, 7, 8, 12, 13], [2, 3, 9, 10], [11], [6]]"
00068-00000007.soi,soi,13,15,rankings,intercambio,b=0.1,3,25.734343434343437,30.47070707070707,3,3,4.221371600055136,-0.215206411665471,25.000000000000004,"[[1, 13], [3, 9, 10], [2, 4, 5, 6, 7, 8, 11, 12]]","[[1, 3, 4, 5, 6, 7, 8, 9, 10, 11, 12], [2], [13]]"
00068-00000007.soi,soi,13,15,rankings,intercambio,b=0.2,3,25.734343434343437,30.381818181818183,3,2,2.062707999954,0.21281413268968716,12.55555555555556,"[[1, 13], [3, 9, 10], [2, 4, 5, 6, 7, 8, 11, 12]]","[[1, 2, 3, 4, 5, 7, 8, 9, 10, 11, 12, 13], [6]]"
00068-00000007.soi,soi,13,15,rankings,intercambio,b=0.3,3,25.734343434343437,29.7888888888889,3,3,3.9438088999595493,0.5533879157112112,6.076767676767677,"[[1, 13], [3, 9, 10], [2, 4, 5, 6, 7, 8, 11, 12]]","[[13], [3], [1, 2, 4, 5, 6, 7, 8, 9, 10, 11, 12]]"
00068-00000007.soi,soi,13,15,rankings,local,b=0.1,3,25.734343434343437,27.74141414141414,3,3,0.9128300999291241,0.7845481320645673,5.0000000000000036,"[[1, 13], [3, 9, 10], [2, 4, 5, 6, 7, 8, 11, 12]]","[[1, 4, 13], [3, 9, 10], [2, 5, 6, 7, 8, 11, 12]]"
00068-00000007.soi,soi,13,15,rankings,local,b=0.2,3,25.734343434343437,31.915151515151514,3,2,5.248730699997395,-0.48454371185234896,26.55555555555556,"[[1, 13], [3, 9, 10], [2, 4, 5, 6, 7, 8, 11, 12]]","[[1, 2, 4, 5, 6, 7, 8, 11, 12, 13], [3, 9, 10]]"
00068-00000007.soi,soi,13,15,rankings,local,b=0.3,3,25.734343434343437,34.323232323232325,3,1,1.727481700014323,0.0,12.55555555555556,"[[1, 13], [3, 9, 10], [2, 4, 5, 6, 7, 8, 11, 12]]","[[1, 2, 3, 4, 5, 6, 7, 8, 9, 10, 11, 12, 13]]"
00068-00000007.soi,soi,13,15,rankings,movimiento,b=0.1,3,25.734343434343437,28.931313131313136,3,3,1.307499699993059,0.8858795678282981,1.5212121212121232,"[[1, 13], [3, 9, 10], [2, 4, 5, 6, 7, 8, 11, 12]]","[[1, 13], [3, 9], [2, 4, 5, 6, 7, 8, 10, 11, 12]]"
00068-00000007.soi,soi,13,15,rankings,movimiento,b=0.2,3,25.734343434343437,26.994949494949495,3,1,2.8172885000240058,0.0,12.55555555555556,"[[1, 13], [3, 9, 10], [2, 4, 5, 6, 7, 8, 11, 12]]","[[1, 2, 3, 4, 5, 6, 7, 8, 9, 10, 11, 12, 13]]"
00068-00000007.soi,soi,13,15,rankings,movimiento,b=0.3,3,25.734343434343437,27.40404040404041,3,4,3.5910365999443457,0.5574420938353504,17.000000000000004,"[[1, 13], [3, 9, 10], [2, 4, 5, 6, 7, 8, 11, 12]]","[[1], [3, 9, 10, 11], [2], [4, 5, 6, 7, 8, 12, 13]]"
00068-00000007.soi,soi,13,15,rankings,empate,b=0.1,4,25.734343434343437,23.317676767676765,3,4,0.2676925999112427,0.8911192508739203,4.076767676767677,"[[1, 13], [3, 9, 10], [2, 4, 5, 6, 7, 8, 11, 12]]","[[1, 13], [3], [2, 9, 10], [4, 5, 6, 7, 8, 11, 12]]"
00068-00000007.soi,soi,13,15,rankings,empate,b=0.2,4,25.734343434343437,24.656060606060606,3,2,0.09005840006284416,0.21281413268968716,12.000000000000004,"[[1, 13], [3, 9, 10], [2, 4, 5, 6, 7, 8, 11, 12]]","[[1, 3, 4, 5, 6, 7, 8, 9, 10, 11, 12, 13], [2]]"
00068-00000007.soi,soi,13,15,rankings,empate,b=0.3,4,25.734343434343437,33.00252525252525,3,1,3.1936705000698566,0.0,12.55555555555556,"[[1, 13], [3, 9, 10], [2, 4, 5, 6, 7, 8, 11, 12]]","[[1, 2, 3, 4, 5, 6, 7, 8, 9, 10, 11, 12, 13]]"
00068-00000007.soi,soi,13,15,rankings,intercambio,b=0.1,4,25.734343434343437,30.208080808080812,3,3,0.879154899972491,0.8966119804454215,4.555555555555557,"[[1, 13], [3, 9, 10], [2, 4, 5, 6, 7, 8, 11, 12]]","[[1, 13], [2, 3, 9, 10], [4, 5, 6, 7, 8, 11, 12]]"
00068-00000007.soi,soi,13,15,rankings,intercambio,b=0.2,4,25.734343434343437,27.976767676767675,3,3,0.13571519998367876,0.10425720702853737,19.454545454545457,"[[1, 13], [3, 9, 10], [2, 4, 5, 6, 7, 8, 11, 12]]","[[9], [1, 4, 5, 6, 7, 8, 10, 11, 12, 13], [2, 3]]"
00068-00000007.soi,soi,13,15,rankings,intercambio,b=0.3,4,25.734343434343437,32.46262626262627,3,2,3.367993599968031,0.2553769592276246,15.55555555555556,"[[1, 13], [3, 9, 10], [2, 4, 5, 6, 7, 8, 11, 12]]","[[10], [1, 2, 3, 4, 5, 6, 7, 8, 9, 11, 12, 13]]"
00068-00000007.soi,soi,13,15,rankings,local,b=0.1,4,25.734343434343437,31.93030303030303,3,3,5.523937799967825,0.755507463439817,5.0000000000000036,"[[1, 13], [3, 9, 10], [2, 4, 5, 6, 7, 8, 11, 12]]","[[1], [3, 9, 10], [2, 4, 5, 6, 7, 8, 11, 12, 13]]"
00068-00000007.soi,soi,13,15,rankings,local,b=0.2,4,25.734343434343437,31.723232323232324,3,2,6.295997300068848,0.21281413268968716,14.55555555555556,"[[1, 13], [3, 9, 10], [2, 4, 5, 6, 7, 8, 11, 12]]","[[1, 2, 3, 4, 5, 6, 7, 8, 9, 10, 12, 13], [11]]"
00068-00000007.soi,soi,13,15,rankings,local,b=0.3,4,25.734343434343437,26.692929292929293,3,2,0.19909610005561262,-0.18650096164806274,24.55555555555556,"[[1, 13], [3, 9, 10], [2, 4, 5, 6, 7, 8, 11, 12]]","[[1, 4, 5, 6, 7, 8, 12, 13], [2, 3, 9, 10, 11]]"
00068-00000007.soi,soi,13,15,rankings,movimiento,b=0.1,4,25.734343434343437,30.223737373737375,3,3,0.46946789999492466,0.28904404865536687,11.454545454545457,"[[1, 13], [3, 9, 10], [2, 4, 5, 6, 7, 8, 11, 12]]","[[1, 4, 5, 8, 9, 12, 13], [2, 3, 10], [6, 7, 11]]"
00068-00000007.soi,soi,13,15,rankings,movimiento,b=0.2,4,25.734343434343437,28.650000000000006,3,3,1.3379669999703765,0.0,14.076767676767677,"[[1, 13], [3, 9, 10], [2, 4, 5, 6, 7, 8, 11, 12]]","[[1, 2, 3, 4, 5, 7, 8, 9, 11, 12, 13], [10], [6]]"
00068-00000007.soi,soi,13,15,rankings,movimiento,b=0.3,4,25.734343434343437,28.41666666666668,3,1,0.8252999999094754,0.0,12.55555555555556,"[[1, 13], [3, 9, 10], [2, 4, 5, 6, 7, 8, 11, 12]]","[[1, 2, 3, 4, 5, 6, 7, 8, 9, 10, 11, 12, 13]]"
00068-00000008.soi,soi,7,15,rankings,empate,b=0.1,0,6.383333333333333,6.366666666666667,3,2,0.018496799981221557,0.8451542547285165,0.43333333333333357,"[[1, 3, 6, 7], [2], [4, 5]]","[[1, 2, 3, 6, 7], [4, 5]]"
00068-00000008.soi,soi,7,15,rankings,empate,b=0.2,0,6.383333333333333,6.366666666666667,3,2,0.01921189995482564,0.8451542547285165,0.43333333333333357,"[[1, 3, 6, 7], [2], [4, 5]]","[[1, 2, 3, 6, 7], [4, 5]]"
00068-00000008.soi,soi,7,15,rankings,empate,b=0.3,0,6.383333333333333,7.260714285714285,3,3,0.021806000033393502,0.6428571428571429,2.90952380952381,"[[1, 3, 6, 7], [2], [4, 5]]","[[3, 7], [1, 2, 4, 6], [5]]"
00068-00000008.soi,soi,7,15,rankings,intercambio,b=0.1,0,6.383333333333333,7.038095238095238,3,2,0.020359799964353442,0.5916079783099616,3.385714285714286,"[[1, 3, 6, 7], [2], [4, 5]]","[[1, 3, 4, 6, 7], [2, 5]]"
00068-00000008.soi,soi,7,15,rankings,intercambio,b=0.2,0,6.383333333333333,7.038095238095238,3,2,0.022133099962957203,0.5916079783099616,3.385714285714286,"[[1, 3, 6, 7], [2], [4, 5]]","[[1, 3, 4, 6, 7], [2, 5]]"
00068-00000008.soi,soi,7,15,rankings,intercambio,b=0.3,0,6.383333333333333,7.550000000000001,3,2,0.02701409999281168,0.3273268353539886,4.723809523809525,"[[1, 3, 6, 7], [2], [4, 5]]","[[3], [1, 2, 4, 5, 6, 7]]"
00068-00000008.soi,soi,7,15,rankings,local,b=0.1,0,6.383333333333333,6.907142857142857,3,3,0.021364899934269488,0.7857142857142858,1.0333333333333332,"[[1, 3, 6, 7], [2], [4, 5]]","[[3], [1, 2, 6, 7], [4, 5]]"
00068-00000008.soi,soi,7,15,rankings,local,b=0.2,0,6.383333333333333,6.907142857142857,3,3,0.02059880003798753,0.7857142857142858,1.0333333333333332,"[[1, 3, 6, 7], [2], [4, 5]]","[[3], [1, 2, 6, 7], [4, 5]]"
00068-00000008.soi,soi,7,15,rankings,local,b=0.3,0,6.383333333333333,7.023809523809524,3,1,0.020101199974305928,0.0,5.590476190476192,"[[1, 3, 6, 7], [2], [4, 5]]","[[1, 2, 3, 4, 5, 6, 7]]"
00068-00000008.soi,soi,7,15,rankings,movimiento,b=0.1,0,6.383333333333333,5.995238095238094,3,2,0.019608099944889545,0.8451542547285165,0.43333333333333357,"[[1, 3, 6, 7], [2], [4, 5]]","[[1, 2, 3, 6, 7], [4, 5]]"
00068-00000008.soi,soi,7,15,rankings,movimiento,b=0.2,0,6.383333333333333,5.995238095238094,3,2,0.01994270004797727,0.8451542547285165,0.43333333333333357,"[[1, 3, 6, 7], [2], [4, 5]]","[[1, 2, 3, 6, 7], [4, 5]]"
00068-00000008.soi,soi,7,15,rankings,movimiento,b=0.3,0,6.383333333333333,7.758333333333334,3,1,0.01845919992774725,0.0,5.590476190476192,"[[1, 3, 6, 7], [2], [4, 5]]","[[1, 2, 3, 4, 5, 6, 7]]"
00068-00000008.soi,soi,7,15,rankings,empate,b=0.1,1,6.383333333333333,7.4595238095238106,3,3,0.016658199951052666,1.0,0.0,"[[1, 3, 6, 7], [2], [4, 5]]","[[1, 3, 6, 7], [2], [4, 5]]"
00068-00000008.soi,soi,7,15,rankings,empate,b=0.2,1,6.383333333333333,7.4595238095238106,3,3,0.01695229997858405,1.0,0.0,"[[1, 3, 6, 7], [2], [4, 5]]","[[1, 3, 6, 7], [2], [4, 5]]"
00068-00000008.soi,soi,7,15,rankings,empate,b=0.3,1,6.383333333333333,6.601190476190475,3,2,0.017702499986626208,0.8451542547285165,0.43333333333333357,"[[1, 3, 6, 7], [2], [4, 5]]","[[1, 2, 3, 6, 7], [4, 5]]"
00068-00000008.soi,soi,7,15,rankings,intercambio,b=0.1,1,6.383333333333333,6.295238095238096,3,1,0.02191549993585795,0.0,5.590476190476192,"[[1, 3, 6, 7], [2], [4, 5]]","[[1, 2, 3, 4, 5, 6, 7]]"
00068-00000008.soi,soi,7,15,rankings,intercambio,b=0.2,1,6.383333333333333,6.295238095238096,3,1,0.021430199965834618,0.0,5.590476190476192,"[[1, 3, 6, 7], [2], [4, 5]]","[[1, 2, 3, 4, 5, 6, 7]]"
00068-00000008.soi,soi,7,15,rankings,intercambio,b=0.3,1,6.383333333333333,7.48095238095238,3,2,0.022408700082451105,0.545544725589981,2.6761904761904773,"[[1, 3, 6, 7], [2], [4, 5]]","[[1, 2, 3, 4, 6, 7], [5]]"
00068-00000008.soi,soi,7,15,rankings,local,b=0.1,1,6.383333333333333,6.469047619047619,3,2,0.019209600053727627,0.8451542547285165,0.43333333333333357,"[[1, 3, 6, 7], [2], [4, 5]]","[[1, 2, 3, 6, 7], [4, 5]]"
00068-00000008.soi,soi,7,15,rankings,local,b=0.2,1,6.383333333333333,6.469047619047619,3,2,0.01888480002526194,0.8451542547285165,0.43333333333333357,"[[1, 3, 6, 7], [2], [4, 5]]","[[1, 2, 3, 6, 7], [4, 5]]"
00068-00000008.soi,soi,7,15,rankings,local,b=0.3,1,6.383333333333333,4.857142857142857,3,1,0.01636440004222095,0.0,5.590476190476192,"[[1, 3, 6, 7], [2], [4, 5]]","[[1, 2, 3, 4, 5, 6, 7]]"
00068-00000008.soi,soi,7,15,rankings,movimiento,b=0.1,1,6.383333333333333,6.604761904761905,3,2,0.017749999999068677,0.9258200997725515,0.3428571428571425,"[[1, 3, 6, 7], [2], [4, 5]]","[[1, 3, 6, 7], [2, 4, 5]]"
00068-00000008.soi,soi,7,15,rankings,movimiento,b=0.2,1,6.383333333333333,6.604761904761905,3,2,0.017821500077843666,0.9258200997725515,0.3428571428571425,"[[1, 3, 6, 7], [2], [4, 5]]","[[1, 3, 6, 7], [2, 4, 5]]"
00068-00000008.soi,soi,7,15,rankings,movimiento,b=0.3,1,6.383333333333333,6.70952380952381,3,2,0.021513500018045306,0.545544725589981,2.6761904761904773,"[[1, 3, 6, 7], [2], [4, 5]]","[[1, 2, 3, 4, 6, 7], [5]]"
00068-00000008.soi,soi,7,15,rankings,empate,b=0.1,2,6.383333333333333,6.476190476190475,3,3,0.021059099934063852,0.7857142857142858,2.033333333333333,"[[1, 3, 6, 7], [2], [4, 5]]","[[7], [1, 2, 3, 6], [4, 5]]"
00068-00000008.soi,soi,7,15,rankings,empate,b=0.2,2,6.383333333333333,6.476190476190475,3,3,0.0232193999690935,0.7857142857142858,2.033333333333333,"[[1, 3, 6, 7], [2], [4, 5]]","[[7], [1, 2, 3, 6], [4, 5]]"
00068-00000008.soi,soi,7,15,rankings,empate,b=0.3,2,6.383333333333333,7.1345238095238095,3,2,0.01776459999382496,0.6943650748294137,1.942857142857143,"[[1, 3, 6, 7], [2], [4, 5]]","[[3, 6, 7], [1, 2, 4, 5]]"
00068-00000008.soi,soi,7,15,rankings,intercambio,b=0.1,2,6.383333333333333,7.0285714285714285,3,3,0.014636099920608103,0.7590721152765897,1.7428571428571438,"[[1, 3, 6, 7], [2], [4, 5]]","[[3, 6, 7], [1, 2, 4], [5]]"
00068-00000008.soi,soi,7,15,rankings,intercambio,b=0.2,2,6.383333333333333,7.0285714285714285,3,3,0.013707400066778064,0.7590721152765897,1.7428571428571438,"[[1, 3, 6, 7], [2], [4, 5]]","[[3, 6, 7], [1, 2, 4], [5]]"
00068-00000008.soi,soi,7,15,rankings,intercambio,b=0.3,2,6.383333333333333,7.464285714285714,3,1,0.015074700000695884,0.0,5.590476190476192,"[[1, 3, 6, 7], [2], [4, 5]]","[[1, 2, 3, 4, 5, 6, 7]]"
00068-00000008.soi,soi,7,15,rankings,local,b=0.1,2,6.383333333333333,6.871428571428572,3,2,0.021283899899572134,0.8451542547285165,0.43333333333333357,"[[1, 3, 6, 7], [2], [4, 5]]","[[1, 2, 3, 6, 7], [4, 5]]"
00068-00000008.soi,soi,7,15,rankings,local,b=0.2,2,6.383333333333333,6.871428571428572,3,2,0.019451400032266974,0.8451542547285165,0.43333333333333357,"[[1, 3, 6, 7], [2], [4, 5]]","[[1, 2, 3, 6, 7], [4, 5]]"
00068-00000008.soi,soi,7,15,rankings,local,b=0.3,2,6.383333333333333,5.764285714285714,3,1,0.015944500104524195,0.0,5.590476190476192,"[[1, 3, 6, 7], [2], [4, 5]]","[[1, 2, 3, 4, 5, 6, 7]]"
00068-00000008.soi,soi,7,15,rankings,movimiento,b=0.1,2,6.383333333333333,6.2904761904761894,3,2,0.01499219995457679,0.9258200997725515,0.3428571428571425,"[[1, 3, 6, 7], [2], [4, 5]]","[[1, 3, 6, 7], [2, 4, 5]]"
00068-00000008.soi,soi,7,15,rankings,movimiento,b=0.2,2,6.383333333333333,6.2904761904761894,3,2,0.0155627999920398,0.9258200997725515,0.3428571428571425,"[[1, 3, 6, 7], [2], [4, 5]]","[[1, 3, 6, 7], [2, 4, 5]]"
00068-00000008.soi,soi,7,15,rankings,movimiento,b=0.3,2,6.383333333333333,6.903571428571429,3,2,0.018609899911098182,0.545544725589981,2.6761904761904773,"[[1, 3, 6, 7], [2], [4, 5]]","[[1, 2, 3, 4, 6, 7], [5]]"
00068-00000008.soi,soi,7,15,rankings,empate,b=0.1,3,6.383333333333333,5.936904761904762,3,2,0.018276499933563173,0.8451542547285165,0.43333333333333357,"[[1, 3, 6, 7], [2], [4, 5]]","[[1, 2, 3, 6, 7], [4, 5]]"
00068-00000008.soi,soi,7,15,rankings,empate,b=0.2,3,6.383333333333333,5.936904761904762,3,2,0.018152099917642772,0.8451542547285165,0.43333333333333357,"[[1, 3, 6, 7], [2], [4, 5]]","[[1, 2, 3, 6, 7], [4, 5]]"
00068-00000008.soi,soi,7,15,rankings,empate,b=0.3,3,6.383333333333333,7.122619047619047,3,2,0.01851540000643581,0.9258200997725515,0.3428571428571425,"[[1, 3, 6, 7], [2], [4, 5]]","[[1, 3, 6, 7], [2, 4, 5]]"
00068-00000008.soi,soi,7,15,rankings,intercambio,b=0.1,3,6.383333333333333,5.840476190476191,3,1,0.016049700090661645,0.0,5.590476190476192,"[[1, 3, 6, 7], [2], [4, 5]]","[[1, 2, 3, 4, 5, 6, 7]]"
00068-00000008.soi,soi,7,15,rankings,intercambio,b=0.2,3,6.383333333333333,5.840476190476191,3,1,0.015975599992088974,0.0,5.590476190476192,"[[1, 3, 6, 7], [2], [4, 5]]","[[1, 2, 3, 4, 5, 6, 7]]"
00068-00000008.soi,soi,7,15,rankings,intercambio,b=0.3,3,6.383333333333333,4.861904761904762,3,2,0.01841339992824942,0.3273268353539886,5.690476190476192,"[[1, 3, 6, 7], [2], [4, 5]]","[[7], [1, 2, 3, 4, 5, 6]]"
00068-00000008.soi,soi,7,15,rankings,local,b=0.1,3,6.383333333333333,7.321428571428571,3,2,0.019505799980834126,0.8451542547285165,0.43333333333333357,"[[1, 3, 6, 7], [2], [4, 5]]","[[1, 2, 3, 6, 7], [4, 5]]"
00068-00000008.soi,soi,7,15,rankings,local,b=0.2,3,6.383333333333333,7.321428571428571,3,2,0.0188477000920102,0.8451542547285165,0.43333333333333357,"[[1, 3, 6, 7], [2], [4, 5]]","[[1, 2, 3, 6, 7], [4, 5]]"
00068-00000008.soi,soi,7,15,rankings,local,b=0.3,3,6.383333333333333,4.609523809523809,3,1,0.015898700105026364,0.0,5.590476190476192,"[[1, 3, 6, 7], [2], [4, 5]]","[[1, 2, 3, 4, 5, 6, 7]]"
00068-00000008.soi,soi,7,15,rankings,movimiento,b=0.1,3,6.383333333333333,7.1726190476190474,3,2,0.01828890002798289,0.9258200997725515,0.3428571428571425,"[[1, 3, 6, 7], [2], [4, 5]]","[[1, 3, 6, 7], [2, 4, 5]]"
00068-00000008.soi,soi,7,15,rankings,movimiento,b=0.2,3,6.383333333333333,7.1726190476190474,3,2,0.0188133999472484,0.9258200997725515,0.3428571428571425,"[[1, 3, 6, 7], [2], [4, 5]]","[[1, 3, 6, 7], [2, 4, 5]]"
00068-00000008.soi,soi,7,15,rankings,movimiento,b=0.3,3,6.383333333333333,7.2178571428571425,3,2,0.0269641000777483,0.545544725589981,4.4904761904761905,"[[1, 3, 6, 7], [2], [4, 5]]","[[1, 2, 3, 5, 6, 7], [4]]"
00068-00000008.soi,soi,7,15,rankings,empate,b=0.1,4,6.383333333333333,7.8047619047619055,3,4,0.01915890001691878,0.7778444682625973,1.6333333333333329,"[[1, 3, 6, 7], [2], [4, 5]]","[[3], [7], [1, 2, 6], [4, 5]]"
00068-00000008.soi,soi,7,15,rankings,empate,b=0.2,4,6.383333333333333,7.8047619047619055,3,4,0.018376599997282028,0.7778444682625973,1.6333333333333329,"[[1, 3, 6, 7], [2], [4, 5]]","[[3], [7], [1, 2, 6], [4, 5]]"
00068-00000008.soi,soi,7,15,rankings,empate,b=0.3,4,6.383333333333333,5.961904761904761,3,2,0.021544400020502508,0.8451542547285165,0.43333333333333357,"[[1, 3, 6, 7], [2], [4, 5]]","[[1, 2, 3, 6, 7], [4, 5]]"
00068-00000008.soi,soi,7,15,rankings,intercambio,b=0.1,4,6.383333333333333,6.119047619047619,3,2,0.017813900019973516,0.545544725589981,2.6761904761904773,"[[1, 3, 6, 7], [2], [4, 5]]","[[1, 2, 3, 4, 6, 7], [5]]"
00068-00000008.soi,soi,7,15,rankings,intercambio,b=0.2,4,6.383333333333333,6.119047619047619,3,2,0.017658600001595914,0.545544725589981,2.6761904761904773,"[[1, 3, 6, 7], [2], [4, 5]]","[[1, 2, 3, 4, 6, 7], [5]]"
00068-00000008.soi,soi,7,15,rankings,intercambio,b=0.3,4,6.383333333333333,4.866666666666666,3,1,0.01923850004095584,0.0,5.590476190476192,"[[1, 3, 6, 7], [2], [4, 5]]","[[1, 2, 3, 4, 5, 6, 7]]"
00068-00000008.soi,soi,7,15,rankings,local,b=0.1,4,6.383333333333333,7.1571428571428575,3,3,0.022780600003898144,0.7857142857142858,1.0333333333333332,"[[1, 3, 6, 7], [2], [4, 5]]","[[3], [1, 2, 6, 7], [4, 5]]"
00068-00000008.soi,soi,7,15,rankings,local,b=0.2,4,6.383333333333333,7.1571428571428575,3,3,0.03246169991325587,0.7857142857142858,1.0333333333333332,"[[1, 3, 6, 7], [2], [4, 5]]","[[3], [1, 2, 6, 7], [4, 5]]"
00068-00000008.soi,soi,7,15,rankings,local,b=0.3,4,6.383333333333333,6.0476190476190474,3,1,0.030016600037924945,0.0,5.590476190476192,"[[1, 3, 6, 7], [2], [4, 5]]","[[1, 2, 3, 4, 5, 6, 7]]"
00068-00000008.soi,soi,7,15,rankings,movimiento,b=0.1,4,6.383333333333333,7.347619047619048,3,3,0.02749569993466139,0.8280786712108251,1.1428571428571423,"[[1, 3, 6, 7], [2], [4, 5]]","[[3], [1, 6, 7], [2, 4, 5]]"
00068-00000008.soi,soi,7,15,rankings,movimiento,b=0.2,4,6.383333333333333,7.347619047619048,3,3,0.02283330005593598,0.8280786712108251,1.1428571428571423,"[[1, 3, 6, 7], [2], [4, 5]]","[[3], [1, 6, 7], [2, 4, 5]]"
00068-00000008.soi,soi,7,15,rankings,movimiento,b=0.3,4,6.383333333333333,6.404761904761905,3,1,0.02146570000331849,0.0,5.590476190476192,"[[1, 3, 6, 7], [2], [4, 5]]","[[1, 2, 3, 4, 5, 6, 7]]"
00068-00000009.soi,soi,10,21,rankings,empate,b=0.1,0,6.986466165413539,11.156889773453237,7,5,0.07718190003652126,0.8035073760083702,4.926315789473684,"[[4], [3], [9], [1], [2], [5, 6, 10], [7, 8]]","[[4], [3], [1, 9], [10], [2, 5, 6, 7, 8]]"
00068-00000009.soi,soi,10,21,rankings,empate,b=0.2,0,6.986466165413539,11.413531377463263,7,6,0.03947040007915348,0.456025132744326,14.926315789473684,"[[4], [3], [9], [1], [2], [5, 6, 10], [7, 8]]","[[4], [1, 9], [10], [2], [5, 6, 7, 8], [3]]"
00068-00000009.soi,soi,10,21,rankings,empate,b=0.3,0,6.986466165413539,12.275540678791451,7,5,0.04159919999074191,0.9106416928094863,2.7263157894736834,"[[4], [3], [9], [1], [2], [5, 6, 10], [7, 8]]","[[4], [3], [1, 9], [2], [5, 6, 7, 8, 10]]"
00068-00000009.soi,soi,10,21,rankings,intercambio,b=0.1,0,6.986466165413539,14.82868043549158,7,6,0.04723459994420409,0.8183436998901047,5.726315789473683,"[[4], [3], [9], [1], [2], [5, 6, 10], [7, 8]]","[[4], [3], [1], [2], [9], [5, 6, 7, 8, 10]]"
00068-00000009.soi,soi,10,21,rankings,intercambio,b=0.2,0,6.986466165413539,17.31025335173942,7,2,0.07972179993521422,0.31234752377721214,25.471512113617376,"[[4], [3], [9], [1], [2], [5, 6, 10], [7, 8]]","[[2, 3], [1, 4, 5, 6, 7, 8, 9, 10]]"
00068-00000009.soi,soi,10,21,rankings,intercambio,b=0.3,0,6.986466165413539,18.34618632141725,7,3,0.5510320999892429,0.5302878133549992,21.32531328320802,"[[4], [3], [9], [1], [2], [5, 6, 10], [7, 8]]","[[3], [1, 2, 4, 5, 6, 8, 9, 10], [7]]"
00068-00000009.soi,soi,10,21,rankings,local,b=0.1,0,6.986466165413539,10.96935341919862,7,5,0.05013600003439933,0.9106416928094863,2.7263157894736834,"[[4], [3], [9], [1], [2], [5, 6, 10], [7, 8]]","[[4], [3], [1, 9], [2], [5, 6, 7, 8, 10]]"
00068-00000009.soi,soi,10,21,rankings,local,b=0.2,0,6.986466165413539,17.06585313551258,7,4,0.07472070003859699,0.4463036991443369,19.471512113617372,"[[4], [3], [9], [1], [2], [5, 6, 10], [7, 8]]","[[4], [3], [1, 5, 6, 7, 8, 9, 10], [2]]"
00068-00000009.soi,soi,10,21,rankings,local,b=0.3,0,6.986466165413539,16.929250934823692,7,2,0.060848699999041855,-0.31234752377721214,37.47151211361738,"[[4], [3], [9], [1], [2], [5, 6, 10], [7, 8]]","[[1, 4, 5, 6, 7, 8, 9, 10], [2, 3]]"
00068-00000009.soi,soi,10,21,rankings,movimiento,b=0.1,0,6.986466165413539,9.117891654269362,7,6,0.04348360002040863,0.9877295966495896,0.1578947368421062,"[[4], [3], [9], [1], [2], [5, 6, 10], [7, 8]]","[[4], [3], [1, 9], [2], [5, 6, 10], [7, 8]]"
00068-00000009.soi,soi,10,21,rankings,movimiento,b=0.2,0,6.986466165413539,13.37083975535988,7,6,0.0391438000369817,0.912050265488652,0.9263157894736826,"[[4], [3], [9], [1], [2], [5, 6, 10], [7, 8]]","[[4], [3], [1, 9], [2], [10], [5, 6, 7, 8]]"
00068-00000009.soi,soi,10,21,rankings,movimiento,b=0.3,0,6.986466165413539,12.85958300385545,7,6,0.0541618000715971,0.7161039575709525,9.71345029239766,"[[4], [3], [9], [1], [2], [5, 6, 10], [7, 8]]","[[3], [4], [1, 9], [5, 6, 10], [8], [2, 7]]"
00068-00000009.soi,soi,10,21,rankings,empate,b=0.1,1,6.986466165413539,9.953746442755731,7,7,0.039286999963223934,0.8916309815169777,2.157894736842107,"[[4], [3], [9], [1], [2], [5, 6, 10], [7, 8]]","[[4], [3], [1, 9], [10], [2, 5], [6], [7, 8]]"
00068-00000009.soi,soi,10,21,rankings,empate,b=0.2,1,6.986466165413539,17.36574747921497,7,5,0.3768408000469208,0.8986182904354195,3.157894736842107,"[[4], [3], [9], [1], [2], [5, 6, 10], [7, 8]]","[[3], [4], [1, 9], [2, 5, 6, 10], [7, 8]]"
00068-00000009.soi,soi,10,21,rankings,empate,b=0.3,1,6.986466165413539,15.220519212469679,7,5,0.050424200017005205,0.6963730592072542,8.72631578947368,"[[4], [3], [9], [1], [2], [5, 6, 10], [7, 8]]","[[2], [4], [3], [1, 9], [5, 6, 7, 8, 10]]"
00068-00000009.soi,soi,10,21,rankings,intercambio,b=0.1,1,6.986466165413539,15.935948605917645,7,6,0.056289899977855384,0.8183436998901047,5.726315789473683,"[[4], [3], [9], [1], [2], [5, 6, 10], [7, 8]]","[[4], [3], [1], [2], [9], [5, 6, 7, 8, 10]]"
00068-00000009.soi,soi,10,21,rankings,intercambio,b=0.2,1,6.986466165413539,17.67295734880874,7,2,0.06863829994108528,0.31234752377721214,25.471512113617376,"[[4], [3], [9], [1], [2], [5, 6, 10], [7, 8]]","[[2, 3], [1, 4, 5, 6, 7, 8, 9, 10]]"
00068-00000009.soi,soi,10,21,rankings,intercambio,b=0.3,1,6.986466165413539,14.66418541898418,7,3,0.05107659997884184,0.18938850476964256,28.471512113617376,"[[4], [3], [9], [1], [2], [5, 6, 10], [7, 8]]","[[3], [1, 4, 5, 6, 7, 8, 9, 10], [2]]"
00068-00000009.soi,soi,10,21,rankings,local,b=0.1,1,6.986466165413539,14.706321507869495,7,5,0.04670339997392148,0.6428059008066962,10.726315789473684,"[[4], [3], [9], [1], [2], [5, 6, 10], [7, 8]]","[[4], [3], [1, 9], [5, 6, 7, 8, 10], [2]]"
00068-00000009.soi,soi,10,21,rankings,local,b=0.2,1,6.986466165413539,9.536499448264156,7,4,0.035855200025253,0.4463036991443369,19.471512113617372,"[[4], [3], [9], [1], [2], [5, 6, 10], [7, 8]]","[[4], [3], [1, 5, 6, 7, 8, 9, 10], [2]]"
00068-00000009.soi,soi,10,21,rankings,local,b=0.3,1,6.986466165413539,19.637535460755277,7,4,0.0741735000628978,0.5100613704506707,17.471512113617372,"[[4], [3], [9], [1], [2], [5, 6, 10], [7, 8]]","[[2], [4], [3], [1, 5, 6, 7, 8, 9, 10]]"
00068-00000009.soi,soi,10,21,rankings,movimiento,b=0.1,1,6.986466165413539,9.1296746768883,7,7,0.03408879996277392,0.9252891980686573,0.7684210526315782,"[[4], [3], [9], [1], [2], [5, 6, 10], [7, 8]]","[[4], [3], [9], [1], [2], [10], [5, 6, 7, 8]]"
00068-00000009.soi,soi,10,21,rankings,movimiento,b=0.2,1,6.986466165413539,12.572373893736124,7,6,0.029219900025054812,0.93834311681711,2.157894736842107,"[[4], [3], [9], [1], [2], [5, 6, 10], [7, 8]]","[[3], [4], [1, 9], [2], [5, 6, 10], [7, 8]]"
00068-00000009.soi,soi,10,21,rankings,movimiento,b=0.3,1,6.986466165413539,12.655701866073384,7,3,0.041487200069241226,0.6451416204711966,11.726315789473684,"[[4], [3], [9], [1], [2], [5, 6, 10], [7, 8]]","[[2, 3], [1, 4, 9], [5, 6, 7, 8, 10]]"
00068-00000009.soi,soi,10,21,rankings,empate,b=0.1,2,6.986466165413539,10.372006442130282,7,7,0.036545900045894086,0.9024390243902439,4.000000000000001,"[[4], [3], [9], [1], [2], [5, 6, 10], [7, 8]]","[[3], [4], [9], [2], [1], [5, 6, 10], [7, 8]]"
00068-00000009.soi,soi,10,21,rankings,empate,b=0.2,2,6.986466165413539,12.47895183591778,7,3,0.05974240007344633,0.7513913622228603,9.049122807017543,"[[4], [3], [9], [1], [2], [5, 6, 10], [7, 8]]","[[4], [1, 2, 3, 5, 9, 10], [6, 7, 8]]"
00068-00000009.soi,soi,10,21,rankings,empate,b=0.3,2,6.986466165413539,11.085314668132007,7,4,0.05042640003375709,0.34317639027649555,19.71578947368421,"[[4], [3], [9], [1], [2], [5, 6, 10], [7, 8]]","[[2, 4], [1, 9, 10], [5, 6, 7, 8], [3]]"
00068-00000009.soi,soi,10,21,rankings,intercambio,b=0.1,2,6.986466165413539,12.882369470914362,7,5,0.07175460003782064,0.806897769757798,5.5695906432748545,"[[4], [3], [9], [1], [2], [5, 6, 10], [7, 8]]","[[4], [3], [1, 9, 10], [2, 5, 6, 8], [7]]"
00068-00000009.soi,soi,10,21,rankings,intercambio,b=0.2,2,6.986466165413539,15.151724230362,7,4,0.05680190003477037,0.7655473321552593,6.791979949874686,"[[4], [3], [9], [1], [2], [5, 6, 10], [7, 8]]","[[4], [2, 3], [1, 6, 9, 10], [5, 7, 8]]"
00068-00000009.soi,soi,10,21,rankings,intercambio,b=0.3,2,6.986466165413539,11.63910891310272,7,3,0.04428670008201152,0.6187251285745444,14.471512113617372,"[[4], [3], [9], [1], [2], [5, 6, 10], [7, 8]]","[[4], [2, 3], [1, 5, 6, 7, 8, 9, 10]]"
00068-00000009.soi,soi,10,21,rankings,local,b=0.1,2,6.986466165413539,12.172714763736435,7,5,0.05580349999945611,0.31234752377721214,20.71578947368421,"[[4], [3], [9], [1], [2], [5, 6, 10], [7, 8]]","[[2], [4], [1, 9, 10], [5, 6, 7, 8], [3]]"
00068-00000009.soi,soi,10,21,rankings,local,b=0.2,2,6.986466165413539,11.926307301229903,7,5,0.04804489994421601,0.7983723279170815,8.504093567251463,"[[4], [3], [9], [1], [2], [5, 6, 10], [7, 8]]","[[4], [3], [9], [2], [1, 5, 6, 7, 8, 10]]"
00068-00000009.soi,soi,10,21,rankings,local,b=0.3,2,6.986466165413539,17.925795326104925,7,4,0.10296589997597039,0.12751534261266767,27.471512113617376,"[[4], [3], [9], [1], [2], [5, 6, 10], [7, 8]]","[[4], [2], [1, 5, 6, 7, 8, 9, 10], [3]]"
00068-00000009.soi,soi,10,21,rankings,movimiento,b=0.1,2,6.986466165413539,11.636512180629827,7,7,0.04292520007584244,0.8752735657406219,2.7684210526315782,"[[4], [3], [9], [1], [2], [5, 6, 10], [7, 8]]","[[4], [3], [9], [1], [10], [2], [5, 6, 7, 8]]"
00068-00000009.soi,soi,10,21,rankings,movimiento,b=0.2,2,6.986466165413539,11.64017284744839,7,7,0.047535300021991134,0.6001875879364263,12.701754385964911,"[[4], [3], [9], [1], [2], [5, 6, 10], [7, 8]]","[[4], [9], [1], [2], [5, 6, 7, 10], [3], [8]]"
00068-00000009.soi,soi,10,21,rankings,movimiento,b=0.3,2,6.986466165413539,11.720049901938447,7,6,0.0442826000507921,0.9877295966495896,1.0,"[[4], [3], [9], [1], [2], [5, 6, 10], [7, 8]]","[[4], [3], [9], [1, 2], [5, 6, 10], [7, 8]]"
00068-00000009.soi,soi,10,21,rankings,empate,b=0.1,3,6.986466165413539,10.872230487091167,7,6,0.052351900027133524,0.9877295966495896,0.1578947368421062,"[[4], [3], [9], [1], [2], [5, 6, 10], [7, 8]]","[[4], [3], [1, 9], [2], [5, 6, 10], [7, 8]]"
00068-00000009.soi,soi,10,21,rankings,empate,b=0.2,3,6.986466165413539,12.411474765344735,7,6,0.04515929997432977,0.93834311681711,2.157894736842107,"[[4], [3], [9], [1], [2], [5, 6, 10], [7, 8]]","[[4], [3], [1], [2, 9], [5, 6, 10], [7, 8]]"
00068-00000009.soi,soi,10,21,rankings,empate,b=0.3,3,6.986466165413539,14.731718333266324,7,5,0.08999839995522052,0.912050265488652,4.157894736842107,"[[4], [3], [9], [1], [2], [5, 6, 10], [7, 8]]","[[3], [1, 4, 9], [2], [5, 6, 10], [7, 8]]"
00068-00000009.soi,soi,10,21,rankings,intercambio,b=0.1,3,6.986466165413539,14.715553589856995,7,6,0.03847010002937168,0.8183436998901047,5.726315789473683,"[[4], [3], [9], [1], [2], [5, 6, 10], [7, 8]]","[[4], [3], [1], [2], [9], [5, 6, 7, 8, 10]]"
00068-00000009.soi,soi,10,21,rankings,intercambio,b=0.2,3,6.986466165413539,20.569130937861587,7,2,0.07742620003409684,0.31234752377721214,25.471512113617376,"[[4], [3], [9], [1], [2], [5, 6, 10], [7, 8]]","[[2, 3], [1, 4, 5, 6, 7, 8, 9, 10]]"
00068-00000009.soi,soi,10,21,rankings,intercambio,b=0.3,3,6.986466165413539,15.091239238917257,7,2,0.04658650001510978,0.31234752377721214,25.471512113617376,"[[4], [3], [9], [1], [2], [5, 6, 10], [7, 8]]","[[2, 3], [1, 4, 5, 6, 7, 8, 9, 10]]"
00068-00000009.soi,soi,10,21,rankings,local,b=0.1,3,6.986466165413539,15.147600730882463,7,6,1.4220902000088245,0.6863527805529911,10.357894736842105,"[[4], [3], [9], [1], [2], [5, 6, 10], [7, 8]]","[[4], [3], [9], [1, 5, 6, 8, 10], [2], [7]]"
00068-00000009.soi,soi,10,21,rankings,local,b=0.2,3,6.986466165413539,11.803656646071506,7,3,0.04766309994738549,0.6187251285745444,14.471512113617372,"[[4], [3], [9], [1], [2], [5, 6, 10], [7, 8]]","[[4], [2, 3], [1, 5, 6, 7, 8, 9, 10]]"
00068-00000009.soi,soi,10,21,rankings,local,b=0.3,3,6.986466165413539,12.412806972868895,7,4,0.07156579999718815,0.5738190417570046,17.471512113617372,"[[4], [3], [9], [1], [2], [5, 6, 10], [7, 8]]","[[3], [4], [2], [1, 5, 6, 7, 8, 9, 10]]"
00068-00000009.soi,soi,10,21,rankings,movimiento,b=0.1,3,6.986466165413539,9.96217504545678,7,6,0.03969090001191944,0.912050265488652,0.9263157894736826,"[[4], [3], [9], [1], [2], [5, 6, 10], [7, 8]]","[[4], [3], [1, 9], [2], [10], [5, 6, 7, 8]]"
00068-00000009.soi,soi,10,21,rankings,movimiento,b=0.2,3,6.986466165413539,14.684401065051219,7,4,0.0396341000450775,0.7884045093492035,5.157894736842107,"[[4], [3], [9], [1], [2], [5, 6, 10], [7, 8]]","[[4], [1, 9], [2, 3, 5, 6, 10], [7, 8]]"
00068-00000009.soi,soi,10,21,rankings,movimiento,b=0.3,3,6.986466165413539,17.63847006107068,7,4,0.06878500001039356,0.6599545966855683,9.715789473684211,"[[4], [3], [9], [1], [2], [5, 6, 10], [7, 8]]","[[2, 3], [4], [1, 9, 10], [5, 6, 7, 8]]"
00068-00000009.soi,soi,10,21,rankings,empate,b=0.1,4,6.986466165413539,11.270432766407994,7,6,0.057783600059337914,0.8395701571521511,3.000000000000001,"[[4], [3], [9], [1], [2], [5, 6, 10], [7, 8]]","[[4], [9], [1], [2, 3, 5], [6, 10], [7, 8]]"
00068-00000009.soi,soi,10,21,rankings,empate,b=0.2,4,6.986466165413539,12.472837173146772,7,5,0.047499500098638237,0.8035073760083702,5.568421052631579,"[[4], [3], [9], [1], [2], [5, 6, 10], [7, 8]]","[[4], [2, 3], [9], [1], [5, 6, 7, 8, 10]]"
00068-00000009.soi,soi,10,21,rankings,empate,b=0.3,4,6.986466165413539,15.050534535983452,7,6,0.06276599992997944,0.8183436998901047,5.726315789473683,"[[4], [3], [9], [1], [2], [5, 6, 10], [7, 8]]","[[4], [3], [1], [2], [9], [5, 6, 7, 8, 10]]"
00068-00000009.soi,soi,10,21,rankings,intercambio,b=0.1,4,6.986466165413539,14.336744713834497,7,5,0.0870110000250861,0.5624551632058592,14.991979949874683,"[[4], [3], [9], [1], [2], [5, 6, 10], [7, 8]]","[[3], [4], [1, 6, 8, 9, 10], [2, 5], [7]]"
00068-00000009.soi,soi,10,21,rankings,intercambio,b=0.2,4,6.986466165413539,15.77139551195279,7,3,0.04982299997936934,0.18938850476964256,28.471512113617376,"[[4], [3], [9], [1], [2], [5, 6, 10], [7, 8]]","[[3], [1, 4, 5, 6, 7, 8, 9, 10], [2]]"
00068-00000009.soi,soi,10,21,rankings,intercambio,b=0.3,4,6.986466165413539,16.20812861029579,7,3,0.09276369994040579,-0.18938850476964256,36.47151211361738,"[[4], [3], [9], [1], [2], [5, 6, 10], [7, 8]]","[[2], [1, 4, 5, 6, 7, 8, 9, 10], [3]]"
00068-00000009.soi,soi,10,21,rankings,local,b=0.1,4,6.986466165413539,10.232932152127198,7,5,0.036073700059205294,0.9106416928094863,2.7263157894736834,"[[4], [3], [9], [1], [2], [5, 6, 10], [7, 8]]","[[4], [3], [1, 9], [2], [5, 6, 7, 8, 10]]"
00068-00000009.soi,soi,10,21,rankings,local,b=0.2,4,6.986466165413539,12.241770647653002,7,5,0.03753900004085153,0.9106416928094863,2.7263157894736834,"[[4], [3], [9], [1], [2], [5, 6, 10], [7, 8]]","[[4], [3], [1, 9], [2], [5, 6, 7, 8, 10]]"
00068-00000009.soi,soi,10,21,rankings,local,b=0.3,4,6.986466165413539,11.656226126814364,7,3,0.03320450009778142,0.6187251285745444,14.471512113617372,"[[4], [3], [9], [1], [2], [5, 6, 10], [7, 8]]","[[4], [2, 3], [1, 5, 6, 7, 8, 9, 10]]"
00068-00000009.soi,soi,10,21,rankings,movimiento,b=0.1,4,6.986466165413539,10.173839009287926,7,6,0.04271730000618845,0.912050265488652,0.9263157894736826,"[[4], [3], [9], [1], [2], [5, 6, 10], [7, 8]]","[[4], [3], [1, 9], [2], [10], [5, 6, 7, 8]]"
00068-00000009.soi,soi,10,21,rankings,movimiento,b=0.2,4,6.986466165413539,10.920632463511721,7,6,0.07944499992299825,0.912050265488652,0.9263157894736826,"[[4], [3], [9], [1], [2], [5, 6, 10], [7, 8]]","[[4], [3], [1, 9], [2], [10], [5, 6, 7, 8]]"
00068-00000009.soi,soi,10,21,rankings,movimiento,b=0.3,4,6.986466165413539,13.787450354942616,7,4,0.04124980000779033,0.7884045093492035,5.157894736842107,"[[4], [3], [9], [1], [2], [5, 6, 10], [7, 8]]","[[4], [1, 9], [2, 3, 5, 6, 10], [7, 8]]"
00068-00000010.soi,soi,7,15,rankings,empate,b=0.1,0,4.966666666666667,7.541666666666666,2,3,0.03461039997637272,0.6963106238227914,3.0,"[[2, 3, 7], [1, 4, 5, 6]]","[[2], [7], [1, 3, 4, 5, 6]]"
00068-00000010.soi,soi,7,15,rankings,empate,b=0.2,0,4.966666666666667,7.541666666666666,2,3,0.034363499958999455,0.6963106238227914,3.0,"[[2, 3, 7], [1, 4, 5, 6]]","[[2], [7], [1, 3, 4, 5, 6]]"
00068-00000010.soi,soi,7,15,rankings,empate,b=0.3,0,4.966666666666667,7.416666666666667,2,1,0.018631000071763992,0.0,4.433333333333334,"[[2, 3, 7], [1, 4, 5, 6]]","[[1, 2, 3, 4, 5, 6, 7]]"
00068-00000010.soi,soi,7,15,rankings,intercambio,b=0.1,0,4.966666666666667,6.733333333333333,2,2,0.02327299991156906,0.35355339059327384,5.2333333333333325,"[[2, 3, 7], [1, 4, 5, 6]]","[[1, 2, 3, 5, 6, 7], [4]]"
00068-00000010.soi,soi,7,15,rankings,intercambio,b=0.2,0,4.966666666666667,6.733333333333333,2,2,0.022888300009071827,0.35355339059327384,5.2333333333333325,"[[2, 3, 7], [1, 4, 5, 6]]","[[1, 2, 3, 5, 6, 7], [4]]"
00068-00000010.soi,soi,7,15,rankings,intercambio,b=0.3,0,4.966666666666667,7.699999999999997,2,2,0.5990169000579044,0.09128709291752769,7.333333333333334,"[[2, 3, 7], [1, 4, 5, 6]]","[[4, 7], [1, 2, 3, 5, 6]]"
00068-00000010.soi,soi,7,15,rankings,local,b=0.1,0,4.966666666666667,7.083333333333334,2,2,0.019956200034357607,0.7500000000000001,3.0,"[[2, 3, 7], [1, 4, 5, 6]]","[[1, 2, 3, 7], [4, 5, 6]]"
00068-00000010.soi,soi,7,15,rankings,local,b=0.2,0,4.966666666666667,7.083333333333334,2,2,0.02001970005221665,0.7500000000000001,3.0,"[[2, 3, 7], [1, 4, 5, 6]]","[[1, 2, 3, 7], [4, 5, 6]]"
00068-00000010.soi,soi,7,15,rankings,local,b=0.3,0,4.966666666666667,5.6000000000000005,2,2,0.01854219997767359,0.4714045207910318,2.0,"[[2, 3, 7], [1, 4, 5, 6]]","[[7], [1, 2, 3, 4, 5, 6]]"
00068-00000010.soi,soi,7,15,rankings,movimiento,b=0.1,0,4.966666666666667,6.216666666666668,2,2,0.01811529998667538,0.7302967433402215,2.0,"[[2, 3, 7], [1, 4, 5, 6]]","[[3, 7], [1, 2, 4, 5, 6]]"
00068-00000010.soi,soi,7,15,rankings,movimiento,b=0.2,0,4.966666666666667,6.216666666666668,2,2,0.017714299960061908,0.7302967433402215,2.0,"[[2, 3, 7], [1, 4, 5, 6]]","[[3, 7], [1, 2, 4, 5, 6]]"
00068-00000010.soi,soi,7,15,rankings,movimiento,b=0.3,0,4.966666666666667,6.4,2,1,0.015476600034162402,0.0,4.433333333333334,"[[2, 3, 7], [1, 4, 5, 6]]","[[1, 2, 3, 4, 5, 6, 7]]"
00068-00000010.soi,soi,7,15,rankings,empate,b=0.1,1,4.966666666666667,7.183333333333333,2,3,0.024223600048571825,0.6172133998483678,2.299999999999999,"[[2, 3, 7], [1, 4, 5, 6]]","[[7], [1, 2, 3, 5], [4, 6]]"
00068-00000010.soi,soi,7,15,rankings,empate,b=0.2,1,4.966666666666667,7.183333333333333,2,3,0.024314999929629266,0.6172133998483678,2.299999999999999,"[[2, 3, 7], [1, 4, 5, 6]]","[[7], [1, 2, 3, 5], [4, 6]]"
00068-00000010.soi,soi,7,15,rankings,empate,b=0.3,1,4.966666666666667,6.016666666666667,2,2,0.01726210000924766,0.35355339059327384,3.533333333333333,"[[2, 3, 7], [1, 4, 5, 6]]","[[1, 2, 3, 4, 5, 7], [6]]"
00068-00000010.soi,soi,7,15,rankings,intercambio,b=0.1,1,4.966666666666667,8.183333333333334,2,2,0.026541100000031292,0.41666666666666674,5.0,"[[2, 3, 7], [1, 4, 5, 6]]","[[1, 2, 7], [3, 4, 5, 6]]"
00068-00000010.soi,soi,7,15,rankings,intercambio,b=0.2,1,4.966666666666667,8.183333333333334,2,2,0.028890099958516657,0.41666666666666674,5.0,"[[2, 3, 7], [1, 4, 5, 6]]","[[1, 2, 7], [3, 4, 5, 6]]"
00068-00000010.soi,soi,7,15,rankings,intercambio,b=0.3,1,4.966666666666667,6.45,2,1,0.020179000101052225,0.0,4.433333333333334,"[[2, 3, 7], [1, 4, 5, 6]]","[[1, 2, 3, 4, 5, 6, 7]]"
00068-00000010.soi,soi,7,15,rankings,local,b=0.1,1,4.966666666666667,8.8,2,3,0.040341999963857234,0.07715167498104597,10.533333333333335,"[[2, 3, 7], [1, 4, 5, 6]]","[[3, 4, 5, 7], [6], [1, 2]]"
00068-00000010.soi,soi,7,15,rankings,local,b=0.2,1,4.966666666666667,8.8,2,3,0.04032230004668236,0.07715167498104597,10.533333333333335,"[[2, 3, 7], [1, 4, 5, 6]]","[[3, 4, 5, 7], [6], [1, 2]]"
00068-00000010.soi,soi,7,15,rankings,local,b=0.3,1,4.966666666666667,7.016666666666667,2,2,0.023224800010211766,-0.4714045207910318,10.433333333333332,"[[2, 3, 7], [1, 4, 5, 6]]","[[1, 3, 4, 5, 6, 7], [2]]"
00068-00000010.soi,soi,7,15,rankings,movimiento,b=0.1,1,4.966666666666667,4.716666666666667,2,2,0.01890870009083301,0.4714045207910318,2.0,"[[2, 3, 7], [1, 4, 5, 6]]","[[7], [1, 2, 3, 4, 5, 6]]"
00068-00000010.soi,soi,7,15,rankings,movimiento,b=0.2,1,4.966666666666667,4.716666666666667,2,2,0.019004000001586974,0.4714045207910318,2.0,"[[2, 3, 7], [1, 4, 5, 6]]","[[7], [1, 2, 3, 4, 5, 6]]"
00068-00000010.soi,soi,7,15,rankings,movimiento,b=0.3,1,4.966666666666667,6.324999999999999,2,3,0.01854700001422316,0.6172133998483678,2.299999999999999,"[[2, 3, 7], [1, 4, 5, 6]]","[[7], [1, 2, 3, 5], [4, 6]]"
00068-00000010.soi,soi,7,15,rankings,empate,b=0.1,2,4.966666666666667,5.483333333333333,2,2,0.020131299970671535,0.5477225575051661,3.0,"[[2, 3, 7], [1, 4, 5, 6]]","[[1, 2, 3, 5, 7], [4, 6]]"
00068-00000010.soi,soi,7,15,rankings,empate,b=0.2,2,4.966666666666667,5.483333333333333,2,2,0.019363700062967837,0.5477225575051661,3.0,"[[2, 3, 7], [1, 4, 5, 6]]","[[1, 2, 3, 5, 7], [4, 6]]"
00068-00000010.soi,soi,7,15,rankings,empate,b=0.3,2,4.966666666666667,6.366666666666666,2,2,0.0233130999840796,0.5477225575051661,3.0,"[[2, 3, 7], [1, 4, 5, 6]]","[[1, 2, 3, 5, 7], [4, 6]]"
00068-00000010.soi,soi,7,15,rankings,intercambio,b=0.1,2,4.966666666666667,7.6000000000000005,2,2,0.019599499995820224,0.4714045207910318,2.0,"[[2, 3, 7], [1, 4, 5, 6]]","[[7], [1, 2, 3, 4, 5, 6]]"
00068-00000010.soi,soi,7,15,rankings,intercambio,b=0.2,2,4.966666666666667,7.6000000000000005,2,2,0.018723799963481724,0.4714045207910318,2.0,"[[2, 3, 7], [1, 4, 5, 6]]","[[7], [1, 2, 3, 4, 5, 6]]"
00068-00000010.soi,soi,7,15,rankings,intercambio,b=0.3,2,4.966666666666667,6.483333333333333,2,1,0.016697999904863536,0.0,4.433333333333334,"[[2, 3, 7], [1, 4, 5, 6]]","[[1, 2, 3, 4, 5, 6, 7]]"
00068-00000010.soi,soi,7,15,rankings,local,b=0.1,2,4.966666666666667,5.816666666666666,2,3,0.01603549998253584,0.5222329678670936,3.799999999999999,"[[2, 3, 7], [1, 4, 5, 6]]","[[7], [1, 2, 3, 5, 6], [4]]"
00068-00000010.soi,soi,7,15,rankings,local,b=0.2,2,4.966666666666667,5.816666666666666,2,3,0.0156916999258101,0.5222329678670936,3.799999999999999,"[[2, 3, 7], [1, 4, 5, 6]]","[[7], [1, 2, 3, 5, 6], [4]]"
00068-00000010.soi,soi,7,15,rankings,local,b=0.3,2,4.966666666666667,6.199999999999999,2,1,0.020063399919308722,0.0,4.433333333333334,"[[2, 3, 7], [1, 4, 5, 6]]","[[1, 2, 3, 4, 5, 6, 7]]"
00068-00000010.soi,soi,7,15,rankings,movimiento,b=0.1,2,4.966666666666667,6.95,2,2,0.019409900065511465,0.7500000000000001,3.0,"[[2, 3, 7], [1, 4, 5, 6]]","[[1, 2, 3, 7], [4, 5, 6]]"
00068-00000010.soi,soi,7,15,rankings,movimiento,b=0.2,2,4.966666666666667,6.95,2,2,0.01920310000423342,0.7500000000000001,3.0,"[[2, 3, 7], [1, 4, 5, 6]]","[[1, 2, 3, 7], [4, 5, 6]]"
00068-00000010.soi,soi,7,15,rankings,movimiento,b=0.3,2,4.966666666666667,6.808333333333334,2,2,0.0159095999551937,0.7302967433402215,2.0,"[[2, 3, 7], [1, 4, 5, 6]]","[[2, 7], [1, 3, 4, 5, 6]]"
00068-00000010.soi,soi,7,15,rankings,empate,b=0.1,3,4.966666666666667,5.008333333333334,2,2,0.017781400005333126,0.7500000000000001,2.0,"[[2, 3, 7], [1, 4, 5, 6]]","[[2, 3, 5, 7], [1, 4, 6]]"
00068-00000010.soi,soi,7,15,rankings,empate,b=0.2,3,4.966666666666667,5.008333333333334,2,2,0.017230099998414516,0.7500000000000001,2.0,"[[2, 3, 7], [1, 4, 5, 6]]","[[2, 3, 5, 7], [1, 4, 6]]"
00068-00000010.soi,soi,7,15,rankings,empate,b=0.3,3,4.966666666666667,7.616666666666667,2,2,0.020800000056624413,0.7500000000000001,3.0,"[[2, 3, 7], [1, 4, 5, 6]]","[[1, 2, 3, 7], [4, 5, 6]]"
00068-00000010.soi,soi,7,15,rankings,intercambio,b=0.1,3,4.966666666666667,4.699999999999999,2,1,0.012532800086773932,0.0,4.433333333333334,"[[2, 3, 7], [1, 4, 5, 6]]","[[1, 2, 3, 4, 5, 6, 7]]"
00068-00000010.soi,soi,7,15,rankings,intercambio,b=0.2,3,4.966666666666667,4.699999999999999,2,1,0.012432799907401204,0.0,4.433333333333334,"[[2, 3, 7], [1, 4, 5, 6]]","[[1, 2, 3, 4, 5, 6, 7]]"
00068-00000010.soi,soi,7,15,rankings,intercambio,b=0.3,3,4.966666666666667,7.6000000000000005,2,1,0.019003800000064075,0.0,4.433333333333334,"[[2, 3, 7], [1, 4, 5, 6]]","[[1, 2, 3, 4, 5, 6, 7]]"
00068-00000010.soi,soi,7,15,rankings,local,b=0.1,3,4.966666666666667,7.3,2,2,0.016492899972945452,0.35355339059327384,3.533333333333333,"[[2, 3, 7], [1, 4, 5, 6]]","[[1, 2, 3, 4, 5, 7], [6]]"
00068-00000010.soi,soi,7,15,rankings,local,b=0.2,3,4.966666666666667,7.3,2,2,0.016573700006119907,0.35355339059327384,3.533333333333333,"[[2, 3, 7], [1, 4, 5, 6]]","[[1, 2, 3, 4, 5, 7], [6]]"
00068-00000010.soi,soi,7,15,rankings,local,b=0.3,3,4.966666666666667,6.9833333333333325,2,3,0.018570999964140356,0.23145502494313788,6.333333333333334,"[[2, 3, 7], [1, 4, 5, 6]]","[[1, 7], [2, 3, 4, 5], [6]]"
00068-00000010.soi,soi,7,15,rankings,movimiento,b=0.1,3,4.966666666666667,6.708333333333333,2,2,0.01940630003809929,1.0,0.0,"[[2, 3, 7], [1, 4, 5, 6]]","[[2, 3, 7], [1, 4, 5, 6]]"
00068-00000010.soi,soi,7,15,rankings,movimiento,b=0.2,3,4.966666666666667,6.708333333333333,2,2,0.01952879992313683,1.0,0.0,"[[2, 3, 7], [1, 4, 5, 6]]","[[2, 3, 7], [1, 4, 5, 6]]"
00068-00000010.soi,soi,7,15,rankings,movimiento,b=0.3,3,4.966666666666667,6.591666666666667,2,2,0.01802830002270639,0.4714045207910318,2.0,"[[2, 3, 7], [1, 4, 5, 6]]","[[7], [1, 2, 3, 4, 5, 6]]"
00068-00000010.soi,soi,7,15,rankings,empate,b=0.1,4,4.966666666666667,7.183333333333334,2,2,0.01870260003488511,0.7500000000000001,2.0,"[[2, 3, 7], [1, 4, 5, 6]]","[[2, 3, 5, 7], [1, 4, 6]]"
00068-00000010.soi,soi,7,15,rankings,empate,b=0.2,4,4.966666666666667,7.183333333333334,2,2,0.01870110002346337,0.7500000000000001,2.0,"[[2, 3, 7], [1, 4, 5, 6]]","[[2, 3, 5, 7], [1, 4, 6]]"
00068-00000010.soi,soi,7,15,rankings,empate,b=0.3,4,4.966666666666667,5.558333333333334,2,1,0.01725449995137751,0.0,4.433333333333334,"[[2, 3, 7], [1, 4, 5, 6]]","[[1, 2, 3, 4, 5, 6, 7]]"
00068-00000010.soi,soi,7,15,rankings,intercambio,b=0.1,4,4.966666666666667,6.433333333333332,2,1,0.016152599942870438,0.0,4.433333333333334,"[[2, 3, 7], [1, 4, 5, 6]]","[[1, 2, 3, 4, 5, 6, 7]]"
00068-00000010.soi,soi,7,15,rankings,intercambio,b=0.2,4,4.966666666666667,6.433333333333332,2,1,0.016281999996863306,0.0,4.433333333333334,"[[2, 3, 7], [1, 4, 5, 6]]","[[1, 2, 3, 4, 5, 6, 7]]"
00068-00000010.soi,soi,7,15,rankings,intercambio,b=0.3,4,4.966666666666667,9.266666666666667,2,1,0.03160740004386753,0.0,4.433333333333334,"[[2, 3, 7], [1, 4, 5, 6]]","[[1, 2, 3, 4, 5, 6, 7]]"
00068-00000010.soi,soi,7,15,rankings,local,b=0.1,4,4.966666666666667,7.783333333333333,2,2,0.018479099962860346,0.4714045207910318,2.0,"[[2, 3, 7], [1, 4, 5, 6]]","[[7], [1, 2, 3, 4, 5, 6]]"
00068-00000010.soi,soi,7,15,rankings,local,b=0.2,4,4.966666666666667,7.783333333333333,2,2,0.018287800019606948,0.4714045207910318,2.0,"[[2, 3, 7], [1, 4, 5, 6]]","[[7], [1, 2, 3, 4, 5, 6]]"
00068-00000010.soi,soi,7,15,rankings,local,b=0.3,4,4.966666666666667,5.783333333333333,2,1,0.015469099977053702,0.0,4.433333333333334,"[[2, 3, 7], [1, 4, 5, 6]]","[[1, 2, 3, 4, 5, 6, 7]]"
00068-00000010.soi,soi,7,15,rankings,movimiento,b=0.1,4,4.966666666666667,6.725,2,2,0.02089360007084906,1.0,0.0,"[[2, 3, 7], [1, 4, 5, 6]]","[[2, 3, 7], [1, 4, 5, 6]]"
00068-00000010.soi,soi,7,15,rankings,movimiento,b=0.2,4,4.966666666666667,6.725,2,2,0.02108299999963492,1.0,0.0,"[[2, 3, 7], [1, 4, 5, 6]]","[[2, 3, 7], [1, 4, 5, 6]]"
00068-00000010.soi,soi,7,15,rankings,movimiento,b=0.3,4,4.966666666666667,5.616666666666667,2,2,0.012196299969218671,0.7500000000000001,3.0,"[[2, 3, 7], [1, 4, 5, 6]]","[[1, 2, 3, 7], [4, 5, 6]]"
00068-00000011.soi,soi,5,15,rankings,empate,b=0.1,0,2.6812742812742814,1.3484848484848486,1,1,0.009216299979016185,1.0,0.0,"[[1, 2, 3, 4, 5]]","[[1, 2, 3, 4, 5]]"
00068-00000011.soi,soi,5,15,rankings,empate,b=0.2,0,2.6812742812742814,1.3484848484848486,1,1,0.006342899985611439,1.0,0.0,"[[1, 2, 3, 4, 5]]","[[1, 2, 3, 4, 5]]"
00068-00000011.soi,soi,5,15,rankings,empate,b=0.3,0,2.6812742812742814,2.7981740481740482,1,2,0.012790299952030182,0.0,0.4717948717948719,"[[1, 2, 3, 4, 5]]","[[1, 2, 3, 5], [4]]"
00068-00000011.soi,soi,5,15,rankings,intercambio,b=0.1,0,2.6812742812742814,2.7883449883449885,1,1,0.007218000013381243,1.0,0.0,"[[1, 2, 3, 4, 5]]","[[1, 2, 3, 4, 5]]"
00068-00000011.soi,soi,5,15,rankings,intercambio,b=0.2,0,2.6812742812742814,2.7883449883449885,1,1,0.006296499981544912,1.0,0.0,"[[1, 2, 3, 4, 5]]","[[1, 2, 3, 4, 5]]"
00068-00000011.soi,soi,5,15,rankings,intercambio,b=0.3,0,2.6812742812742814,3.6233877233877236,1,1,0.012468400062061846,1.0,0.0,"[[1, 2, 3, 4, 5]]","[[1, 2, 3, 4, 5]]"
00068-00000011.soi,soi,5,15,rankings,local,b=0.1,0,2.6812742812742814,3.6314685314685313,1,1,0.0073379999957978725,1.0,0.0,"[[1, 2, 3, 4, 5]]","[[1, 2, 3, 4, 5]]"
00068-00000011.soi,soi,5,15,rankings,local,b=0.2,0,2.6812742812742814,3.6314685314685313,1,1,0.008507100050337613,1.0,0.0,"[[1, 2, 3, 4, 5]]","[[1, 2, 3, 4, 5]]"
00068-00000011.soi,soi,5,15,rankings,local,b=0.3,0,2.6812742812742814,2.732789432789433,1,1,0.011276500066742301,1.0,0.0,"[[1, 2, 3, 4, 5]]","[[1, 2, 3, 4, 5]]"
00068-00000011.soi,soi,5,15,rankings,movimiento,b=0.1,0,2.6812742812742814,2.05959595959596,1,1,0.011137500056065619,1.0,0.0,"[[1, 2, 3, 4, 5]]","[[1, 2, 3, 4, 5]]"
00068-00000011.soi,soi,5,15,rankings,movimiento,b=0.2,0,2.6812742812742814,2.05959595959596,1,1,0.01174899993930012,1.0,0.0,"[[1, 2, 3, 4, 5]]","[[1, 2, 3, 4, 5]]"
00068-00000011.soi,soi,5,15,rankings,movimiento,b=0.3,0,2.6812742812742814,2.0947552447552447,1,1,0.011227099923416972,1.0,0.0,"[[1, 2, 3, 4, 5]]","[[1, 2, 3, 4, 5]]"
00068-00000011.soi,soi,5,15,rankings,empate,b=0.1,1,2.6812742812742814,2.906837606837607,1,1,0.011422100011259317,1.0,0.0,"[[1, 2, 3, 4, 5]]","[[1, 2, 3, 4, 5]]"
00068-00000011.soi,soi,5,15,rankings,empate,b=0.2,1,2.6812742812742814,2.906837606837607,1,1,0.01154480001423508,1.0,0.0,"[[1, 2, 3, 4, 5]]","[[1, 2, 3, 4, 5]]"
00068-00000011.soi,soi,5,15,rankings,empate,b=0.3,1,2.6812742812742814,3.5168220668220673,1,1,0.011187099968083203,1.0,0.0,"[[1, 2, 3, 4, 5]]","[[1, 2, 3, 4, 5]]"
00068-00000011.soi,soi,5,15,rankings,intercambio,b=0.1,1,2.6812742812742814,3.6782439782439784,1,1,0.010727900080382824,1.0,0.0,"[[1, 2, 3, 4, 5]]","[[1, 2, 3, 4, 5]]"
00068-00000011.soi,soi,5,15,rankings,intercambio,b=0.2,1,2.6812742812742814,3.6782439782439784,1,1,0.010667099966667593,1.0,0.0,"[[1, 2, 3, 4, 5]]","[[1, 2, 3, 4, 5]]"
00068-00000011.soi,soi,5,15,rankings,intercambio,b=0.3,1,2.6812742812742814,2.866122766122766,1,1,0.007891099900007248,1.0,0.0,"[[1, 2, 3, 4, 5]]","[[1, 2, 3, 4, 5]]"
00068-00000011.soi,soi,5,15,rankings,local,b=0.1,1,2.6812742812742814,3.505205905205905,1,1,0.007962899981066585,1.0,0.0,"[[1, 2, 3, 4, 5]]","[[1, 2, 3, 4, 5]]"
00068-00000011.soi,soi,5,15,rankings,local,b=0.2,1,2.6812742812742814,3.505205905205905,1,1,0.008050100062973797,1.0,0.0,"[[1, 2, 3, 4, 5]]","[[1, 2, 3, 4, 5]]"
00068-00000011.soi,soi,5,15,rankings,local,b=0.3,1,2.6812742812742814,3.432789432789433,1,1,0.010865500080399215,1.0,0.0,"[[1, 2, 3, 4, 5]]","[[1, 2, 3, 4, 5]]"
00068-00000011.soi,soi,5,15,rankings,movimiento,b=0.1,1,2.6812742812742814,3.3625874125874127,1,2,0.012792799971066415,0.0,2.2666666666666666,"[[1, 2, 3, 4, 5]]","[[5], [1, 2, 3, 4]]"
00068-00000011.soi,soi,5,15,rankings,movimiento,b=0.2,1,2.6812742812742814,3.3625874125874127,1,2,0.013321499922312796,0.0,2.2666666666666666,"[[1, 2, 3, 4, 5]]","[[5], [1, 2, 3, 4]]"
00068-00000011.soi,soi,5,15,rankings,movimiento,b=0.3,1,2.6812742812742814,2.496114996114996,1,1,0.007702399976551533,1.0,0.0,"[[1, 2, 3, 4, 5]]","[[1, 2, 3, 4, 5]]"
00068-00000011.soi,soi,5,15,rankings,empate,b=0.1,2,2.6812742812742814,3.304156954156954,1,1,0.011349000036716461,1.0,0.0,"[[1, 2, 3, 4, 5]]","[[1, 2, 3, 4, 5]]"
00068-00000011.soi,soi,5,15,rankings,empate,b=0.2,2,2.6812742812742814,3.304156954156954,1,1,0.011749600060284138,1.0,0.0,"[[1, 2, 3, 4, 5]]","[[1, 2, 3, 4, 5]]"
00068-00000011.soi,soi,5,15,rankings,empate,b=0.3,2,2.6812742812742814,2.6393939393939396,1,1,0.011152799939736724,1.0,0.0,"[[1, 2, 3, 4, 5]]","[[1, 2, 3, 4, 5]]"
00068-00000011.soi,soi,5,15,rankings,intercambio,b=0.1,2,2.6812742812742814,3.543900543900544,1,2,0.011520199943333864,0.0,4.0,"[[1, 2, 3, 4, 5]]","[[1, 2, 3, 4], [5]]"
00068-00000011.soi,soi,5,15,rankings,intercambio,b=0.2,2,2.6812742812742814,3.543900543900544,1,2,0.011518999934196472,0.0,4.0,"[[1, 2, 3, 4, 5]]","[[1, 2, 3, 4], [5]]"
00068-00000011.soi,soi,5,15,rankings,intercambio,b=0.3,2,2.6812742812742814,3.8351204351204355,1,1,0.01136260002385825,1.0,0.0,"[[1, 2, 3, 4, 5]]","[[1, 2, 3, 4, 5]]"
00068-00000011.soi,soi,5,15,rankings,local,b=0.1,2,2.6812742812742814,3.050271950271951,1,1,0.006450599990785122,1.0,0.0,"[[1, 2, 3, 4, 5]]","[[1, 2, 3, 4, 5]]"
00068-00000011.soi,soi,5,15,rankings,local,b=0.2,2,2.6812742812742814,3.050271950271951,1,1,0.006019099964760244,1.0,0.0,"[[1, 2, 3, 4, 5]]","[[1, 2, 3, 4, 5]]"
00068-00000011.soi,soi,5,15,rankings,local,b=0.3,2,2.6812742812742814,3.5368298368298365,1,2,0.011514300014823675,0.0,4.0,"[[1, 2, 3, 4, 5]]","[[1, 2, 3, 4], [5]]"
00068-00000011.soi,soi,5,15,rankings,movimiento,b=0.1,2,2.6812742812742814,3.237257187257187,1,2,0.011188099975697696,0.0,0.4717948717948719,"[[1, 2, 3, 4, 5]]","[[1, 2, 3, 5], [4]]"
00068-00000011.soi,soi,5,15,rankings,movimiento,b=0.2,2,2.6812742812742814,3.237257187257187,1,2,0.011358699994161725,0.0,0.4717948717948719,"[[1, 2, 3, 4, 5]]","[[1, 2, 3, 5], [4]]"
00068-00000011.soi,soi,5,15,rankings,movimiento,b=0.3,2,2.6812742812742814,2.446891996891997,1,2,0.011783699970692396,0.0,0.4717948717948719,"[[1, 2, 3, 4, 5]]","[[1, 2, 3, 5], [4]]"
00068-00000011.soi,soi,5,15,rankings,empate,b=0.1,3,2.6812742812742814,2.523038073038073,1,1,0.010923000052571297,1.0,0.0,"[[1, 2, 3, 4, 5]]","[[1, 2, 3, 4, 5]]"
00068-00000011.soi,soi,5,15,rankings,empate,b=0.2,3,2.6812742812742814,2.523038073038073,1,1,0.011093499953858554,1.0,0.0,"[[1, 2, 3, 4, 5]]","[[1, 2, 3, 4, 5]]"
00068-00000011.soi,soi,5,15,rankings,empate,b=0.3,3,2.6812742812742814,3.826029526029526,1,2,0.013483799993991852,0.0,2.2666666666666666,"[[1, 2, 3, 4, 5]]","[[5], [1, 2, 3, 4]]"
00068-00000011.soi,soi,5,15,rankings,intercambio,b=0.1,3,2.6812742812742814,2.3344988344988344,1,1,0.010716599994339049,1.0,0.0,"[[1, 2, 3, 4, 5]]","[[1, 2, 3, 4, 5]]"
00068-00000011.soi,soi,5,15,rankings,intercambio,b=0.2,3,2.6812742812742814,2.3344988344988344,1,1,0.010950300027616322,1.0,0.0,"[[1, 2, 3, 4, 5]]","[[1, 2, 3, 4, 5]]"
00068-00000011.soi,soi,5,15,rankings,intercambio,b=0.3,3,2.6812742812742814,3.17995337995338,1,1,0.011122900061309338,1.0,0.0,"[[1, 2, 3, 4, 5]]","[[1, 2, 3, 4, 5]]"
00068-00000011.soi,soi,5,15,rankings,local,b=0.1,3,2.6812742812742814,1.8533022533022532,1,1,0.006006099982187152,1.0,0.0,"[[1, 2, 3, 4, 5]]","[[1, 2, 3, 4, 5]]"
00068-00000011.soi,soi,5,15,rankings,local,b=0.2,3,2.6812742812742814,1.8533022533022532,1,1,0.005974399973638356,1.0,0.0,"[[1, 2, 3, 4, 5]]","[[1, 2, 3, 4, 5]]"
00068-00000011.soi,soi,5,15,rankings,local,b=0.3,3,2.6812742812742814,3.1840714840714845,1,2,0.010909700067713857,0.0,0.4717948717948719,"[[1, 2, 3, 4, 5]]","[[1, 2, 3, 5], [4]]"
00068-00000011.soi,soi,5,15,rankings,movimiento,b=0.1,3,2.6812742812742814,2.6736985236985245,1,1,0.011005200096406043,1.0,0.0,"[[1, 2, 3, 4, 5]]","[[1, 2, 3, 4, 5]]"
00068-00000011.soi,soi,5,15,rankings,movimiento,b=0.2,3,2.6812742812742814,2.6736985236985245,1,1,0.0119387999875471,1.0,0.0,"[[1, 2, 3, 4, 5]]","[[1, 2, 3, 4, 5]]"
00068-00000011.soi,soi,5,15,rankings,movimiento,b=0.3,3,2.6812742812742814,2.767832167832168,1,1,0.011676899972371757,1.0,0.0,"[[1, 2, 3, 4, 5]]","[[1, 2, 3, 4, 5]]"
00068-00000011.soi,soi,5,15,rankings,empate,b=0.1,4,2.6812742812742814,2.7071484071484075,1,1,0.011038399999961257,1.0,0.0,"[[1, 2, 3, 4, 5]]","[[1, 2, 3, 4, 5]]"
00068-00000011.soi,soi,5,15,rankings,empate,b=0.2,4,2.6812742812742814,2.7071484071484075,1,1,0.011519300052896142,1.0,0.0,"[[1, 2, 3, 4, 5]]","[[1, 2, 3, 4, 5]]"
00068-00000011.soi,soi,5,15,rankings,empate,b=0.3,4,2.6812742812742814,3.217832167832168,1,1,0.009164900053292513,1.0,0.0,"[[1, 2, 3, 4, 5]]","[[1, 2, 3, 4, 5]]"
00068-00000011.soi,soi,5,15,rankings,intercambio,b=0.1,4,2.6812742812742814,2.988966588966589,1,1,0.010849199956282973,1.0,0.0,"[[1, 2, 3, 4, 5]]","[[1, 2, 3, 4, 5]]"
00068-00000011.soi,soi,5,15,rankings,intercambio,b=0.2,4,2.6812742812742814,2.988966588966589,1,1,0.01128669991157949,1.0,0.0,"[[1, 2, 3, 4, 5]]","[[1, 2, 3, 4, 5]]"
00068-00000011.soi,soi,5,15,rankings,intercambio,b=0.3,4,2.6812742812742814,2.578943278943279,1,1,0.011672399938106537,1.0,0.0,"[[1, 2, 3, 4, 5]]","[[1, 2, 3, 4, 5]]"
00068-00000011.soi,soi,5,15,rankings,local,b=0.1,4,2.6812742812742814,2.8507381507381506,1,2,0.01332249992992729,0.0,0.4717948717948719,"[[1, 2, 3, 4, 5]]","[[1, 2, 3, 5], [4]]"
00068-00000011.soi,soi,5,15,rankings,local,b=0.2,4,2.6812742812742814,2.8507381507381506,1,2,0.013027200009673834,0.0,0.4717948717948719,"[[1, 2, 3, 4, 5]]","[[1, 2, 3, 5], [4]]"
00068-00000011.soi,soi,5,15,rankings,local,b=0.3,4,2.6812742812742814,2.7701631701631704,1,1,0.007983200019225478,1.0,0.0,"[[1, 2, 3, 4, 5]]","[[1, 2, 3, 4, 5]]"
00068-00000011.soi,soi,5,15,rankings,movimiento,b=0.1,4,2.6812742812742814,2.66996891996892,1,1,0.011526699992828071,1.0,0.0,"[[1, 2, 3, 4, 5]]","[[1, 2, 3, 4, 5]]"
00068-00000011.soi,soi,5,15,rankings,movimiento,b=0.2,4,2.6812742812742814,2.66996891996892,1,1,0.010965700028464198,1.0,0.0,"[[1, 2, 3, 4, 5]]","[[1, 2, 3, 4, 5]]"
00068-00000011.soi,soi,5,15,rankings,movimiento,b=0.3,4,2.6812742812742814,2.7672882672882677,1,1,0.007020399905741215,1.0,0.0,"[[1, 2, 3, 4, 5]]","[[1, 2, 3, 4, 5]]"
00068-00000012.soi,soi,11,15,rankings,empate,b=0.1,0,19.339316239316236,18.681837606837608,4,2,0.08164480002596974,0.7382716607354268,2.521367521367523,"[[1, 2, 3, 6, 7, 10], [8], [4, 5, 9], [11]]","[[1, 2, 3, 6, 7, 8, 9, 10], [4, 5, 11]]"
00068-00000012.soi,soi,11,15,rankings,empate,b=0.2,0,19.339316239316236,19.26965811965812,4,2,0.11152270005550236,0.3119251469460218,6.388034188034187,"[[1, 2, 3, 6, 7, 10], [8], [4, 5, 9], [11]]","[[1, 2, 3, 5, 6, 7, 8, 9, 10, 11], [4]]"
00068-00000012.soi,soi,11,15,rankings,empate,b=0.3,0,19.339316239316236,18.626923076923077,4,1,0.0802549000363797,0.0,7.788034188034189,"[[1, 2, 3, 6, 7, 10], [8], [4, 5, 9], [11]]","[[1, 2, 3, 4, 5, 6, 7, 8, 9, 10, 11]]"
00068-00000012.soi,soi,11,15,rankings,intercambio,b=0.1,0,19.339316239316236,21.51025641025641,4,2,0.08665990002918988,0.5198752449100363,7.788034188034189,"[[1, 2, 3, 6, 7, 10], [8], [4, 5, 9], [11]]","[[1, 2, 3, 4, 5, 6, 7, 8, 9, 10], [11]]"
00068-00000012.soi,soi,11,15,rankings,intercambio,b=0.2,0,19.339316239316236,19.297435897435896,4,2,0.06321379996370524,-0.10067340828210365,16.67692307692308,"[[1, 2, 3, 6, 7, 10], [8], [4, 5, 9], [11]]","[[4, 8, 10], [1, 2, 3, 5, 6, 7, 9, 11]]"
00068-00000012.soi,soi,11,15,rankings,intercambio,b=0.3,0,19.339316239316236,19.43461538461538,4,1,0.1149262998951599,0.0,7.788034188034189,"[[1, 2, 3, 6, 7, 10], [8], [4, 5, 9], [11]]","[[1, 2, 3, 4, 5, 6, 7, 8, 9, 10, 11]]"
00068-00000012.soi,soi,11,15,rankings,local,b=0.1,0,19.339316239316236,25.004700854700857,4,1,4.40673400007654,0.0,7.788034188034189,"[[1, 2, 3, 6, 7, 10], [8], [4, 5, 9], [11]]","[[1, 2, 3, 4, 5, 6, 7, 8, 9, 10, 11]]"
00068-00000012.soi,soi,11,15,rankings,local,b=0.2,0,19.339316239316236,19.24188034188034,4,2,0.13062069995794445,0.6040404496926219,6.076923076923077,"[[1, 2, 3, 6, 7, 10], [8], [4, 5, 9], [11]]","[[1, 2, 3, 6, 7, 8, 10, 11], [4, 5, 9]]"
00068-00000012.soi,soi,11,15,rankings,local,b=0.3,0,19.339316239316236,17.984188034188033,4,2,0.07800510001834482,0.6213697660012,4.0,"[[1, 2, 3, 6, 7, 10], [8], [4, 5, 9], [11]]","[[1, 2, 3, 6, 7, 10, 11], [4, 5, 8, 9]]"
00068-00000012.soi,soi,11,15,rankings,movimiento,b=0.1,0,19.339316239316236,20.83675213675214,4,4,2.0210012999596074,0.8423970023882502,8.0,"[[1, 2, 3, 6, 7, 10], [8], [4, 5, 9], [11]]","[[1, 2, 3, 6, 10], [8], [4, 5, 7, 9], [11]]"
00068-00000012.soi,soi,11,15,rankings,movimiento,b=0.2,0,19.339316239316236,21.44508547008547,4,3,0.1875365999294445,0.9586025865388216,1.0,"[[1, 2, 3, 6, 7, 10], [8], [4, 5, 9], [11]]","[[1, 2, 3, 6, 7, 10], [8], [4, 5, 9, 11]]"
00068-00000012.soi,soi,11,15,rankings,movimiento,b=0.3,0,19.339316239316236,17.73931623931624,4,2,0.09335989993996918,0.5198752449100363,7.788034188034189,"[[1, 2, 3, 6, 7, 10], [8], [4, 5, 9], [11]]","[[1, 2, 3, 4, 5, 6, 7, 8, 9, 10], [11]]"
00068-00000012.soi,soi,11,15,rankings,empate,b=0.1,1,19.339316239316236,21.472863247863245,4,3,0.18100570002570748,0.32241294010958055,7.0,"[[1, 2, 3, 6, 7, 10], [8], [4, 5, 9], [11]]","[[7, 10], [8], [1, 2, 3, 4, 5, 6, 9, 11]]"
00068-00000012.soi,soi,11,15,rankings,empate,b=0.2,1,19.339316239316236,23.010470085470086,4,2,1.9171480999793857,0.36018013511259855,10.52136752136752,"[[1, 2, 3, 6, 7, 10], [8], [4, 5, 9], [11]]","[[2, 3, 6, 8, 9, 10], [1, 4, 5, 7, 11]]"
00068-00000012.soi,soi,11,15,rankings,empate,b=0.3,1,19.339316239316236,21.55662393162393,4,1,0.09324740001466125,0.0,7.788034188034189,"[[1, 2, 3, 6, 7, 10], [8], [4, 5, 9], [11]]","[[1, 2, 3, 4, 5, 6, 7, 8, 9, 10, 11]]"
00068-00000012.soi,soi,11,15,rankings,intercambio,b=0.1,1,19.339316239316236,23.575213675213675,4,4,4.2218044000910595,0.20293851577273642,18.47692307692308,"[[1, 2, 3, 6, 7, 10], [8], [4, 5, 9], [11]]","[[5, 7, 8, 10], [1, 3, 6, 9], [4], [2, 11]]"
00068-00000012.soi,soi,11,15,rankings,intercambio,b=0.2,1,19.339316239316236,19.573076923076925,4,2,0.09911929990630597,-0.10397504898200727,10.788034188034189,"[[1, 2, 3, 6, 7, 10], [8], [4, 5, 9], [11]]","[[8], [1, 2, 3, 4, 5, 6, 7, 9, 10, 11]]"
00068-00000012.soi,soi,11,15,rankings,intercambio,b=0.3,1,19.339316239316236,21.541880341880344,4,1,0.0865129999583587,0.0,7.788034188034189,"[[1, 2, 3, 6, 7, 10], [8], [4, 5, 9], [11]]","[[1, 2, 3, 4, 5, 6, 7, 8, 9, 10, 11]]"
00068-00000012.soi,soi,11,15,rankings,local,b=0.1,1,19.339316239316236,19.49871794871795,4,4,0.06311220000497997,0.6844475644404533,5.0,"[[1, 2, 3, 6, 7, 10], [8], [4, 5, 9], [11]]","[[1, 2, 6, 7, 10], [4, 5, 8, 9], [3], [11]]"
00068-00000012.soi,soi,11,15,rankings,local,b=0.2,1,19.339316239316236,25.325213675213675,4,1,1.6048901999602094,0.0,7.788034188034189,"[[1, 2, 3, 6, 7, 10], [8], [4, 5, 9], [11]]","[[1, 2, 3, 4, 5, 6, 7, 8, 9, 10, 11]]"
00068-00000012.soi,soi,11,15,rankings,local,b=0.3,1,19.339316239316236,21.466239316239317,4,1,0.18223709997255355,0.0,7.788034188034189,"[[1, 2, 3, 6, 7, 10], [8], [4, 5, 9], [11]]","[[1, 2, 3, 4, 5, 6, 7, 8, 9, 10, 11]]"
00068-00000012.soi,soi,11,15,rankings,movimiento,b=0.1,1,19.339316239316236,19.855982905982902,4,3,0.10537629993632436,0.9586025865388216,0.0,"[[1, 2, 3, 6, 7, 10], [8], [4, 5, 9], [11]]","[[1, 2, 3, 6, 7, 10], [4, 5, 8, 9], [11]]"
00068-00000012.soi,soi,11,15,rankings,movimiento,b=0.2,1,19.339316239316236,23.403418803418802,4,3,3.7207292000530288,0.7972271037326151,5.0,"[[1, 2, 3, 6, 7, 10], [8], [4, 5, 9], [11]]","[[1, 2, 3, 5, 6, 7, 10], [4, 8, 9], [11]]"
00068-00000012.soi,soi,11,15,rankings,movimiento,b=0.3,1,19.339316239316236,18.13568376068376,4,4,0.07447909994516522,0.601133397309916,4.31111111111111,"[[1, 2, 3, 6, 7, 10], [8], [4, 5, 9], [11]]","[[1, 2, 3, 5, 6, 7, 9, 10], [8], [11], [4]]"
00068-00000012.soi,soi,11,15,rankings,empate,b=0.1,2,19.339316239316236,17.964529914529916,4,3,0.06382530007977039,0.9586025865388216,0.0,"[[1, 2, 3, 6, 7, 10], [8], [4, 5, 9], [11]]","[[1, 2, 3, 6, 7, 10], [4, 5, 8, 9], [11]]"
00068-00000012.soi,soi,11,15,rankings,empate,b=0.2,2,19.339316239316236,20.006837606837607,4,1,0.09551740007009357,0.0,7.788034188034189,"[[1, 2, 3, 6, 7, 10], [8], [4, 5, 9], [11]]","[[1, 2, 3, 4, 5, 6, 7, 8, 9, 10, 11]]"
00068-00000012.soi,soi,11,15,rankings,empate,b=0.3,2,19.339316239316236,18.25042735042735,4,2,0.07038250006735325,0.46980923864981705,3.6444444444444457,"[[1, 2, 3, 6, 7, 10], [8], [4, 5, 9], [11]]","[[1, 2, 3, 6, 7, 9, 10, 11], [4, 5, 8]]"
00068-00000012.soi,soi,11,15,rankings,intercambio,b=0.1,2,19.339316239316236,21.484615384615385,4,1,0.06737750000320375,0.0,7.788034188034189,"[[1, 2, 3, 6, 7, 10], [8], [4, 5, 9], [11]]","[[1, 2, 3, 4, 5, 6, 7, 8, 9, 10, 11]]"
00068-00000012.soi,soi,11,15,rankings,intercambio,b=0.2,2,19.339316239316236,22.78803418803419,4,1,0.07647430000361055,0.0,7.788034188034189,"[[1, 2, 3, 6, 7, 10], [8], [4, 5, 9], [11]]","[[1, 2, 3, 4, 5, 6, 7, 8, 9, 10, 11]]"
00068-00000012.soi,soi,11,15,rankings,intercambio,b=0.3,2,19.339316239316236,21.343589743589742,4,3,1.6407314999960363,0.31589887589559384,22.78803418803419,"[[1, 2, 3, 6, 7, 10], [8], [4, 5, 9], [11]]","[[1, 2, 3], [4, 5, 8, 9, 10], [6, 7, 11]]"
00068-00000012.soi,soi,11,15,rankings,local,b=0.1,2,19.339316239316236,23.93974358974359,4,3,4.6504459999268875,0.9586025865388216,0.0,"[[1, 2, 3, 6, 7, 10], [8], [4, 5, 9], [11]]","[[1, 2, 3, 6, 7, 10], [4, 5, 8, 9], [11]]"
00068-00000012.soi,soi,11,15,rankings,local,b=0.2,2,19.339316239316236,23.03461538461538,4,2,1.7478690999560058,0.40389034790078004,12.076923076923077,"[[1, 2, 3, 6, 7, 10], [8], [4, 5, 9], [11]]","[[2, 3, 8, 10], [1, 4, 5, 6, 7, 9, 11]]"
00068-00000012.soi,soi,11,15,rankings,local,b=0.3,2,19.339316239316236,20.58076923076923,4,1,0.07857020001392812,0.0,7.788034188034189,"[[1, 2, 3, 6, 7, 10], [8], [4, 5, 9], [11]]","[[1, 2, 3, 4, 5, 6, 7, 8, 9, 10, 11]]"
00068-00000012.soi,soi,11,15,rankings,movimiento,b=0.1,2,19.339316239316236,22.358974358974358,4,2,3.88636859995313,0.25993762245501817,6.0,"[[1, 2, 3, 6, 7, 10], [8], [4, 5, 9], [11]]","[[10], [1, 2, 3, 4, 5, 6, 7, 8, 9, 11]]"
00068-00000012.soi,soi,11,15,rankings,movimiento,b=0.2,2,19.339316239316236,22.314957264957265,4,1,1.4998310999944806,0.0,7.788034188034189,"[[1, 2, 3, 6, 7, 10], [8], [4, 5, 9], [11]]","[[1, 2, 3, 4, 5, 6, 7, 8, 9, 10, 11]]"
00068-00000012.soi,soi,11,15,rankings,movimiento,b=0.3,2,19.339316239316236,19.189957264957265,4,4,0.08757419988978654,0.8423970023882502,2.0,"[[1, 2, 3, 6, 7, 10], [8], [4, 5, 9], [11]]","[[1, 2, 6, 7, 10], [8], [3, 4, 5, 9], [11]]"
00068-00000012.soi,soi,11,15,rankings,empate,b=0.1,3,19.339316239316236,18.09059829059829,4,3,0.06748019997030497,0.7972271037326151,0.6444444444444422,"[[1, 2, 3, 6, 7, 10], [8], [4, 5, 9], [11]]","[[1, 2, 3, 6, 7, 9, 10], [4, 5, 8], [11]]"
00068-00000012.soi,soi,11,15,rankings,empate,b=0.2,3,19.339316239316236,20.643376068376067,4,3,0.14612649998161942,0.9586025865388216,0.0,"[[1, 2, 3, 6, 7, 10], [8], [4, 5, 9], [11]]","[[1, 2, 3, 6, 7, 10], [4, 5, 8, 9], [11]]"
00068-00000012.soi,soi,11,15,rankings,empate,b=0.3,3,19.339316239316236,16.21602564102564,4,1,0.04333879996556789,0.0,7.788034188034189,"[[1, 2, 3, 6, 7, 10], [8], [4, 5, 9], [11]]","[[1, 2, 3, 4, 5, 6, 7, 8, 9, 10, 11]]"
00068-00000012.soi,soi,11,15,rankings,intercambio,b=0.1,3,19.339316239316236,22.506837606837607,4,1,0.18934589996933937,0.0,7.788034188034189,"[[1, 2, 3, 6, 7, 10], [8], [4, 5, 9], [11]]","[[1, 2, 3, 4, 5, 6, 7, 8, 9, 10, 11]]"
00068-00000012.soi,soi,11,15,rankings,intercambio,b=0.2,3,19.339316239316236,22.408547008547007,4,1,0.08463119994848967,0.0,7.788034188034189,"[[1, 2, 3, 6, 7, 10], [8], [4, 5, 9], [11]]","[[1, 2, 3, 4, 5, 6, 7, 8, 9, 10, 11]]"
00068-00000012.soi,soi,11,15,rankings,intercambio,b=0.3,3,19.339316239316236,20.691880341880342,4,1,0.12083369994070381,0.0,7.788034188034189,"[[1, 2, 3, 6, 7, 10], [8], [4, 5, 9], [11]]","[[1, 2, 3, 4, 5, 6, 7, 8, 9, 10, 11]]"
00068-00000012.soi,soi,11,15,rankings,local,b=0.1,3,19.339316239316236,22.502991452991452,4,1,0.10646319994702935,0.0,7.788034188034189,"[[1, 2, 3, 6, 7, 10], [8], [4, 5, 9], [11]]","[[1, 2, 3, 4, 5, 6, 7, 8, 9, 10, 11]]"
00068-00000012.soi,soi,11,15,rankings,local,b=0.2,3,19.339316239316236,22.088034188034193,4,1,0.0986826999578625,0.0,7.788034188034189,"[[1, 2, 3, 6, 7, 10], [8], [4, 5, 9], [11]]","[[1, 2, 3, 4, 5, 6, 7, 8, 9, 10, 11]]"
00068-00000012.soi,soi,11,15,rankings,local,b=0.3,3,19.339316239316236,20.100427350427353,4,2,0.09574849996715784,0.10397504898200727,8.711111111111109,"[[1, 2, 3, 6, 7, 10], [8], [4, 5, 9], [11]]","[[1, 2, 3, 4, 5, 6, 7, 9, 10, 11], [8]]"
00068-00000012.soi,soi,11,15,rankings,movimiento,b=0.1,3,19.339316239316236,20.923717948717947,4,3,0.14891200000420213,0.9586025865388216,0.0,"[[1, 2, 3, 6, 7, 10], [8], [4, 5, 9], [11]]","[[1, 2, 3, 6, 7, 10], [4, 5, 8, 9], [11]]"
00068-00000012.soi,soi,11,15,rankings,movimiento,b=0.2,3,19.339316239316236,21.4,4,1,0.10219839995261282,0.0,7.788034188034189,"[[1, 2, 3, 6, 7, 10], [8], [4, 5, 9], [11]]","[[1, 2, 3, 4, 5, 6, 7, 8, 9, 10, 11]]"
00068-00000012.soi,soi,11,15,rankings,movimiento,b=0.3,3,19.339316239316236,21.464957264957263,4,1,0.10794030001852661,0.0,7.788034188034189,"[[1, 2, 3, 6, 7, 10], [8], [4, 5, 9], [11]]","[[1, 2, 3, 4, 5, 6, 7, 8, 9, 10, 11]]"
00068-00000012.soi,soi,11,15,rankings,empate,b=0.1,4,19.339316239316236,19.472008547008546,4,4,0.18594039999879897,1.0,0.0,"[[1, 2, 3, 6, 7, 10], [8], [4, 5, 9], [11]]","[[1, 2, 3, 6, 7, 10], [8], [4, 5, 9], [11]]"
00068-00000012.soi,soi,11,15,rankings,empate,b=0.2,4,19.339316239316236,19.696581196581196,4,3,0.06965370010584593,0.2579303520876644,7.721367521367519,"[[1, 2, 3, 6, 7, 10], [8], [4, 5, 9], [11]]","[[8], [1, 2, 3, 6, 7, 9, 10, 11], [4, 5]]"
00068-00000012.soi,soi,11,15,rankings,empate,b=0.3,4,19.339316239316236,22.738247863247864,4,1,1.4700291000772268,0.0,7.788034188034189,"[[1, 2, 3, 6, 7, 10], [8], [4, 5, 9], [11]]","[[1, 2, 3, 4, 5, 6, 7, 8, 9, 10, 11]]"
00068-00000012.soi,soi,11,15,rankings,intercambio,b=0.1,4,19.339316239316236,20.94871794871795,4,2,0.2559631000040099,0.6213697660012,4.0,"[[1, 2, 3, 6, 7, 10], [8], [4, 5, 9], [11]]","[[1, 2, 3, 6, 7, 10, 11], [4, 5, 8, 9]]"
00068-00000012.soi,soi,11,15,rankings,intercambio,b=0.2,4,19.339316239316236,19.29700854700855,4,2,0.12233390007168055,0.6213697660012,4.0,"[[1, 2, 3, 6, 7, 10], [8], [4, 5, 9], [11]]","[[1, 2, 3, 6, 7, 10, 11], [4, 5, 8, 9]]"
00068-00000012.soi,soi,11,15,rankings,intercambio,b=0.3,4,19.339316239316236,17.45683760683761,4,1,0.05319680005777627,0.0,7.788034188034189,"[[1, 2, 3, 6, 7, 10], [8], [4, 5, 9], [11]]","[[1, 2, 3, 4, 5, 6, 7, 8, 9, 10, 11]]"
00068-00000012.soi,soi,11,15,rankings,local,b=0.1,4,19.339316239316236,22.943589743589737,4,2,1.7470962000079453,0.4649905549752772,4.521367521367523,"[[1, 2, 3, 6, 7, 10], [8], [4, 5, 9], [11]]","[[1, 2, 3, 6, 7, 8, 9, 10, 11], [4, 5]]"
00068-00000012.soi,soi,11,15,rankings,local,b=0.2,4,19.339316239316236,21.152991452991454,4,1,0.1395953999599442,0.0,7.788034188034189,"[[1, 2, 3, 6, 7, 10], [8], [4, 5, 9], [11]]","[[1, 2, 3, 4, 5, 6, 7, 8, 9, 10, 11]]"
00068-00000012.soi,soi,11,15,rankings,local,b=0.3,4,19.339316239316236,21.23803409385298,4,2,0.301253900048323,0.3119251469460218,6.388034188034187,"[[1, 2, 3, 6, 7, 10], [8], [4, 5, 9], [11]]","[[1, 2, 3, 5, 6, 7, 8, 9, 10, 11], [4]]"
00068-00000012.soi,soi,11,15,rankings,movimiento,b=0.1,4,19.339316239316236,20.388675213675214,4,4,0.07066440000198781,0.891891891891892,1.1999999999999993,"[[1, 2, 3, 6, 7, 10], [8], [4, 5, 9], [11]]","[[1, 2, 3, 6, 7, 10], [5, 8, 9], [11], [4]]"
00068-00000012.soi,soi,11,15,rankings,movimiento,b=0.2,4,19.339316239316236,21.469017094017094,4,2,1.4998135999776423,0.25993762245501817,6.0,"[[1, 2, 3, 6, 7, 10], [8], [4, 5, 9], [11]]","[[10], [1, 2, 3, 4, 5, 6, 7, 8, 9, 11]]"
00068-00000012.soi,soi,11,15,rankings,movimiento,b=0.3,4,19.339316239316236,21.798717948717954,4,3,1.8417073000455275,0.6495924548932419,7.0,"[[1, 2, 3, 6, 7, 10], [8], [4, 5, 9], [11]]","[[2, 6, 10], [1, 3, 4, 5, 7, 8, 9], [11]]"
00068-00000013.soi,soi,7,15,rankings,empate,b=0.1,0,9.116522366522366,7.100108225108225,3,2,0.02507900004275143,0.447213595499958,0.9285714285714288,"[[2, 5, 7], [3, 4, 6], [1]]","[[1, 2, 5, 7], [3, 4, 6]]"
00068-00000013.soi,soi,7,15,rankings,empate,b=0.2,0,9.116522366522366,7.100108225108225,3,2,0.026217999984510243,0.447213595499958,0.9285714285714288,"[[2, 5, 7], [3, 4, 6], [1]]","[[1, 2, 5, 7], [3, 4, 6]]"
00068-00000013.soi,soi,7,15,rankings,empate,b=0.3,0,9.116522366522366,8.577561327561328,3,1,0.022062300005927682,0.0,2.928571428571429,"[[2, 5, 7], [3, 4, 6], [1]]","[[1, 2, 3, 4, 5, 6, 7]]"
00068-00000013.soi,soi,7,15,rankings,intercambio,b=0.1,0,9.116522366522366,8.1002886002886,3,3,0.020234900061041117,-0.13801311186847082,6.989177489177488,"[[2, 5, 7], [3, 4, 6], [1]]","[[1, 3, 5, 7], [4, 6], [2]]"
00068-00000013.soi,soi,7,15,rankings,intercambio,b=0.2,0,9.116522366522366,8.1002886002886,3,3,0.02069050003774464,-0.13801311186847082,6.989177489177488,"[[2, 5, 7], [3, 4, 6], [1]]","[[1, 3, 5, 7], [4, 6], [2]]"
00068-00000013.soi,soi,7,15,rankings,intercambio,b=0.3,0,9.116522366522366,5.95995670995671,3,2,0.022578100091777742,-0.447213595499958,7.000000000000002,"[[2, 5, 7], [3, 4, 6], [1]]","[[3, 4, 6], [1, 2, 5, 7]]"
00068-00000013.soi,soi,7,15,rankings,local,b=0.1,0,9.116522366522366,6.284632034632034,3,3,0.01604999997653067,0.27602622373694163,4.928571428571429,"[[2, 5, 7], [3, 4, 6], [1]]","[[2, 7], [1, 3, 4, 6], [5]]"
00068-00000013.soi,soi,7,15,rankings,local,b=0.2,0,9.116522366522366,6.284632034632034,3,3,0.01569050003308803,0.27602622373694163,4.928571428571429,"[[2, 5, 7], [3, 4, 6], [1]]","[[2, 7], [1, 3, 4, 6], [5]]"
00068-00000013.soi,soi,7,15,rankings,local,b=0.3,0,9.116522366522366,6.245310245310245,3,4,0.02139139990322292,0.48686449556014766,3.0606060606060606,"[[2, 5, 7], [3, 4, 6], [1]]","[[2, 7], [3], [4, 6], [1, 5]]"
00068-00000013.soi,soi,7,15,rankings,movimiento,b=0.1,0,9.116522366522366,7.1608946608946615,3,3,0.017953600035980344,0.9999999999999999,0.0,"[[2, 5, 7], [3, 4, 6], [1]]","[[2, 5, 7], [3, 4, 6], [1]]"
00068-00000013.soi,soi,7,15,rankings,movimiento,b=0.2,0,9.116522366522366,7.1608946608946615,3,3,0.02026120002847165,0.9999999999999999,0.0,"[[2, 5, 7], [3, 4, 6], [1]]","[[2, 5, 7], [3, 4, 6], [1]]"
00068-00000013.soi,soi,7,15,rankings,movimiento,b=0.3,0,9.116522366522366,8.087842712842713,3,2,0.056486900080926716,0.447213595499958,0.9285714285714288,"[[2, 5, 7], [3, 4, 6], [1]]","[[1, 2, 5, 7], [3, 4, 6]]"
00068-00000013.soi,soi,7,15,rankings,empate,b=0.1,1,9.116522366522366,9.071248196248197,3,2,0.02445849997457117,0.3265986323710904,0.9891774891774912,"[[2, 5, 7], [3, 4, 6], [1]]","[[1, 2, 3, 5, 7], [4, 6]]"
00068-00000013.soi,soi,7,15,rankings,empate,b=0.2,1,9.116522366522366,9.071248196248197,3,2,0.024269800051115453,0.3265986323710904,0.9891774891774912,"[[2, 5, 7], [3, 4, 6], [1]]","[[1, 2, 3, 5, 7], [4, 6]]"
00068-00000013.soi,soi,7,15,rankings,empate,b=0.3,1,9.116522366522366,3.407828282828283,3,2,0.019975999952293932,0.3265986323710904,0.9891774891774912,"[[2, 5, 7], [3, 4, 6], [1]]","[[1, 2, 3, 5, 7], [4, 6]]"
00068-00000013.soi,soi,7,15,rankings,intercambio,b=0.1,1,9.116522366522366,7.904401154401154,3,2,0.024669699952937663,-0.447213595499958,7.000000000000002,"[[2, 5, 7], [3, 4, 6], [1]]","[[3, 4, 6], [1, 2, 5, 7]]"
00068-00000013.soi,soi,7,15,rankings,intercambio,b=0.2,1,9.116522366522366,7.904401154401154,3,2,0.02401550009381026,-0.447213595499958,7.000000000000002,"[[2, 5, 7], [3, 4, 6], [1]]","[[3, 4, 6], [1, 2, 5, 7]]"
00068-00000013.soi,soi,7,15,rankings,intercambio,b=0.3,1,9.116522366522366,8.872655122655122,3,2,0.024287500069476664,-0.894427190999916,10.928571428571429,"[[2, 5, 7], [3, 4, 6], [1]]","[[1, 3, 4, 6], [2, 5, 7]]"
00068-00000013.soi,soi,7,15,rankings,local,b=0.1,1,9.116522366522366,7.2518037518037515,3,3,0.020787400077097118,0.41403933560541256,1.6558441558441555,"[[2, 5, 7], [3, 4, 6], [1]]","[[1, 2, 5, 7], [3, 4], [6]]"
00068-00000013.soi,soi,7,15,rankings,local,b=0.2,1,9.116522366522366,7.2518037518037515,3,3,0.020233700051903725,0.41403933560541256,1.6558441558441555,"[[2, 5, 7], [3, 4, 6], [1]]","[[1, 2, 5, 7], [3, 4], [6]]"
00068-00000013.soi,soi,7,15,rankings,local,b=0.3,1,9.116522366522366,9.034632034632034,3,2,0.025327399955131114,0.447213595499958,0.9285714285714288,"[[2, 5, 7], [3, 4, 6], [1]]","[[1, 2, 5, 7], [3, 4, 6]]"
00068-00000013.soi,soi,7,15,rankings,movimiento,b=0.1,1,9.116522366522366,7.831529581529582,3,2,0.021642499952577055,0.894427190999916,0.9285714285714288,"[[2, 5, 7], [3, 4, 6], [1]]","[[2, 5, 7], [1, 3, 4, 6]]"
00068-00000013.soi,soi,7,15,rankings,movimiento,b=0.2,1,9.116522366522366,7.831529581529582,3,2,0.025722399936057627,0.894427190999916,0.9285714285714288,"[[2, 5, 7], [3, 4, 6], [1]]","[[2, 5, 7], [1, 3, 4, 6]]"
00068-00000013.soi,soi,7,15,rankings,movimiento,b=0.3,1,9.116522366522366,10.143398268398268,3,3,0.3920979999238625,0.3872983346207417,3.0606060606060606,"[[2, 5, 7], [3, 4, 6], [1]]","[[2, 3, 7], [4, 6], [1, 5]]"
00068-00000013.soi,soi,7,15,rankings,empate,b=0.1,2,9.116522366522366,8.3001443001443,3,3,0.030046300031244755,0.5163977794943222,7.000000000000002,"[[2, 5, 7], [3, 4, 6], [1]]","[[2, 5], [3, 4, 6], [1, 7]]"
00068-00000013.soi,soi,7,15,rankings,empate,b=0.2,2,9.116522366522366,8.3001443001443,3,3,0.02191010001115501,0.5163977794943222,7.000000000000002,"[[2, 5, 7], [3, 4, 6], [1]]","[[2, 5], [3, 4, 6], [1, 7]]"
00068-00000013.soi,soi,7,15,rankings,empate,b=0.3,2,9.116522366522366,5.033189033189033,3,2,0.014297699905000627,0.3265986323710904,2.7063492063492074,"[[2, 5, 7], [3, 4, 6], [1]]","[[1, 2, 5, 6, 7], [3, 4]]"
00068-00000013.soi,soi,7,15,rankings,intercambio,b=0.1,2,9.116522366522366,7.5313852813852815,3,2,0.0200433999998495,0.447213595499958,0.9285714285714288,"[[2, 5, 7], [3, 4, 6], [1]]","[[1, 2, 5, 7], [3, 4, 6]]"
00068-00000013.soi,soi,7,15,rankings,intercambio,b=0.2,2,9.116522366522366,7.5313852813852815,3,2,0.03303549997508526,0.447213595499958,0.9285714285714288,"[[2, 5, 7], [3, 4, 6], [1]]","[[1, 2, 5, 7], [3, 4, 6]]"
00068-00000013.soi,soi,7,15,rankings,intercambio,b=0.3,2,9.116522366522366,10.951298701298702,3,1,0.4290337999118492,0.0,2.928571428571429,"[[2, 5, 7], [3, 4, 6], [1]]","[[1, 2, 3, 4, 5, 6, 7]]"
00068-00000013.soi,soi,7,15,rankings,local,b=0.1,2,9.116522366522366,7.128066378066379,3,2,0.02034960000310093,0.3265986323710904,2.7063492063492074,"[[2, 5, 7], [3, 4, 6], [1]]","[[1, 2, 5, 6, 7], [3, 4]]"
00068-00000013.soi,soi,7,15,rankings,local,b=0.2,2,9.116522366522366,7.128066378066379,3,2,0.020252699963748455,0.3265986323710904,2.7063492063492074,"[[2, 5, 7], [3, 4, 6], [1]]","[[1, 2, 5, 6, 7], [3, 4]]"
00068-00000013.soi,soi,7,15,rankings,local,b=0.3,2,9.116522366522366,10.01154401154401,3,1,0.02325359999667853,0.0,2.928571428571429,"[[2, 5, 7], [3, 4, 6], [1]]","[[1, 2, 3, 4, 5, 6, 7]]"
00068-00000013.soi,soi,7,15,rankings,movimiento,b=0.1,2,9.116522366522366,8.375901875901876,3,1,0.018807800021022558,0.0,2.928571428571429,"[[2, 5, 7], [3, 4, 6], [1]]","[[1, 2, 3, 4, 5, 6, 7]]"
00068-00000013.soi,soi,7,15,rankings,movimiento,b=0.2,2,9.116522366522366,8.375901875901876,3,1,0.018819799995981157,0.0,2.928571428571429,"[[2, 5, 7], [3, 4, 6], [1]]","[[1, 2, 3, 4, 5, 6, 7]]"
00068-00000013.soi,soi,7,15,rankings,movimiento,b=0.3,2,9.116522366522366,8.481782106782106,3,1,0.01897179998923093,0.0,2.928571428571429,"[[2, 5, 7], [3, 4, 6], [1]]","[[1, 2, 3, 4, 5, 6, 7]]"
00068-00000013.soi,soi,7,15,rankings,empate,b=0.1,3,9.116522366522366,7.588924963924963,3,3,0.020797799923457205,0.5163977794943222,3.0000000000000018,"[[2, 5, 7], [3, 4, 6], [1]]","[[5, 7], [3, 4, 6], [1, 2]]"
00068-00000013.soi,soi,7,15,rankings,empate,b=0.2,3,9.116522366522366,7.588924963924963,3,3,0.021841700072400272,0.5163977794943222,3.0000000000000018,"[[2, 5, 7], [3, 4, 6], [1]]","[[5, 7], [3, 4, 6], [1, 2]]"
00068-00000013.soi,soi,7,15,rankings,empate,b=0.3,3,9.116522366522366,8.165223665223666,3,2,0.01821180002298206,0.447213595499958,0.9285714285714288,"[[2, 5, 7], [3, 4, 6], [1]]","[[1, 2, 5, 7], [3, 4, 6]]"
00068-00000013.soi,soi,7,15,rankings,intercambio,b=0.1,3,9.116522366522366,8.01948051948052,3,2,0.02705119992606342,0.894427190999916,0.9285714285714288,"[[2, 5, 7], [3, 4, 6], [1]]","[[2, 5, 7], [1, 3, 4, 6]]"
00068-00000013.soi,soi,7,15,rankings,intercambio,b=0.2,3,9.116522366522366,8.01948051948052,3,2,0.026848900015465915,0.894427190999916,0.9285714285714288,"[[2, 5, 7], [3, 4, 6], [1]]","[[2, 5, 7], [1, 3, 4, 6]]"
00068-00000013.soi,soi,7,15,rankings,intercambio,b=0.3,3,9.116522366522366,7.311327561327561,3,3,0.01665500004310161,-0.13801311186847082,6.727272727272728,"[[2, 5, 7], [3, 4, 6], [1]]","[[3, 4], [1, 2, 5, 7], [6]]"
00068-00000013.soi,soi,7,15,rankings,local,b=0.1,3,9.116522366522366,5.102813852813853,3,2,0.017144400044344366,0.447213595499958,0.9285714285714288,"[[2, 5, 7], [3, 4, 6], [1]]","[[1, 2, 5, 7], [3, 4, 6]]"
00068-00000013.soi,soi,7,15,rankings,local,b=0.2,3,9.116522366522366,5.102813852813853,3,2,0.016950699966400862,0.447213595499958,0.9285714285714288,"[[2, 5, 7], [3, 4, 6], [1]]","[[1, 2, 5, 7], [3, 4, 6]]"
00068-00000013.soi,soi,7,15,rankings,local,b=0.3,3,9.116522366522366,9.130591630591631,3,2,0.02970640000421554,-0.447213595499958,7.000000000000002,"[[2, 5, 7], [3, 4, 6], [1]]","[[3, 4, 6], [1, 2, 5, 7]]"
00068-00000013.soi,soi,7,15,rankings,movimiento,b=0.1,3,9.116522366522366,7.9108946608946615,3,2,0.022338700015097857,0.3265986323710904,0.9891774891774912,"[[2, 5, 7], [3, 4, 6], [1]]","[[1, 2, 3, 5, 7], [4, 6]]"
00068-00000013.soi,soi,7,15,rankings,movimiento,b=0.2,3,9.116522366522366,7.9108946608946615,3,2,0.022132699959911406,0.3265986323710904,0.9891774891774912,"[[2, 5, 7], [3, 4, 6], [1]]","[[1, 2, 3, 5, 7], [4, 6]]"
00068-00000013.soi,soi,7,15,rankings,movimiento,b=0.3,3,9.116522366522366,8.78553391053391,3,1,0.02055539994034916,0.0,2.928571428571429,"[[2, 5, 7], [3, 4, 6], [1]]","[[1, 2, 3, 4, 5, 6, 7]]"
00068-00000013.soi,soi,7,15,rankings,empate,b=0.1,4,9.116522366522366,5.095418470418471,3,2,0.01833330001682043,0.447213595499958,0.9285714285714288,"[[2, 5, 7], [3, 4, 6], [1]]","[[1, 2, 5, 7], [3, 4, 6]]"
00068-00000013.soi,soi,7,15,rankings,empate,b=0.2,4,9.116522366522366,5.095418470418471,3,2,0.01828459999524057,0.447213595499958,0.9285714285714288,"[[2, 5, 7], [3, 4, 6], [1]]","[[1, 2, 5, 7], [3, 4, 6]]"
00068-00000013.soi,soi,7,15,rankings,empate,b=0.3,4,9.116522366522366,8.186507936507937,3,3,0.020974699989892542,0.13801311186847082,3.6111111111111125,"[[2, 5, 7], [3, 4, 6], [1]]","[[7], [3, 6], [1, 2, 4, 5]]"
00068-00000013.soi,soi,7,15,rankings,intercambio,b=0.1,4,9.116522366522366,3.8805916305916304,3,2,0.017661699908785522,0.447213595499958,0.9285714285714288,"[[2, 5, 7], [3, 4, 6], [1]]","[[1, 2, 5, 7], [3, 4, 6]]"
00068-00000013.soi,soi,7,15,rankings,intercambio,b=0.2,4,9.116522366522366,3.8805916305916304,3,2,0.017780399997718632,0.447213595499958,0.9285714285714288,"[[2, 5, 7], [3, 4, 6], [1]]","[[1, 2, 5, 7], [3, 4, 6]]"
00068-00000013.soi,soi,7,15,rankings,intercambio,b=0.3,4,9.116522366522366,8.014069264069263,3,2,0.021117800031788647,0.447213595499958,0.9285714285714288,"[[2, 5, 7], [3, 4, 6], [1]]","[[1, 2, 5, 7], [3, 4, 6]]"
00068-00000013.soi,soi,7,15,rankings,local,b=0.1,4,9.116522366522366,6.144660894660895,3,3,0.016109699965454638,0.13801311186847082,1.5606060606060606,"[[2, 5, 7], [3, 4, 6], [1]]","[[3], [1, 2, 5, 7], [4, 6]]"
00068-00000013.soi,soi,7,15,rankings,local,b=0.2,4,9.116522366522366,6.144660894660895,3,3,0.016117299906909466,0.13801311186847082,1.5606060606060606,"[[2, 5, 7], [3, 4, 6], [1]]","[[3], [1, 2, 5, 7], [4, 6]]"
00068-00000013.soi,soi,7,15,rankings,local,b=0.3,4,9.116522366522366,9.225108225108226,3,3,0.02198980003595352,0.9999999999999999,0.0,"[[2, 5, 7], [3, 4, 6], [1]]","[[2, 5, 7], [3, 4, 6], [1]]"
00068-00000013.soi,soi,7,15,rankings,movimiento,b=0.1,4,9.116522366522366,8.621933621933621,3,2,0.03231350006535649,0.21081851067789195,2.0396825396825395,"[[2, 5, 7], [3, 4, 6], [1]]","[[1, 2, 3, 5, 6, 7], [4]]"
00068-00000013.soi,soi,7,15,rankings,movimiento,b=0.2,4,9.116522366522366,8.621933621933621,3,2,0.03162649995647371,0.21081851067789195,2.0396825396825395,"[[2, 5, 7], [3, 4, 6], [1]]","[[1, 2, 3, 5, 6, 7], [4]]"
00068-00000013.soi,soi,7,15,rankings,movimiento,b=0.3,4,9.116522366522366,6.361652236652237,3,2,0.017839299980551004,0.447213595499958,0.9285714285714288,"[[2, 5, 7], [3, 4, 6], [1]]","[[1, 2, 5, 7], [3, 4, 6]]"
00068-00000014.soi,soi,6,15,rankings,empate,b=0.1,0,5.175824175824175,3.809523809523809,3,1,0.016710500000044703,0.0,1.3150183150183157,"[[1, 5], [3], [2, 4, 6]]","[[1, 2, 3, 4, 5, 6]]"
00068-00000014.soi,soi,6,15,rankings,empate,b=0.2,0,5.175824175824175,3.809523809523809,3,1,0.01614069996867329,0.0,1.3150183150183157,"[[1, 5], [3], [2, 4, 6]]","[[1, 2, 3, 4, 5, 6]]"
00068-00000014.soi,soi,6,15,rankings,empate,b=0.3,0,5.175824175824175,4.360805860805861,3,3,0.017145299934782088,1.0,0.0,"[[1, 5], [3], [2, 4, 6]]","[[1, 5], [3], [2, 4, 6]]"
00068-00000014.soi,soi,6,15,rankings,intercambio,b=0.1,0,5.175824175824175,6.384615384615385,3,1,0.01899130002129823,0.0,1.3150183150183157,"[[1, 5], [3], [2, 4, 6]]","[[1, 2, 3, 4, 5, 6]]"
00068-00000014.soi,soi,6,15,rankings,intercambio,b=0.2,0,5.175824175824175,6.384615384615385,3,1,0.018959300010465086,0.0,1.3150183150183157,"[[1, 5], [3], [2, 4, 6]]","[[1, 2, 3, 4, 5, 6]]"
00068-00000014.soi,soi,6,15,rankings,intercambio,b=0.3,0,5.175824175824175,4.8058608058608066,3,3,0.019229199970141053,0.5454545454545455,2.571428571428573,"[[1, 5], [3], [2, 4, 6]]","[[1, 3], [4, 5, 6], [2]]"
00068-00000014.soi,soi,6,15,rankings,local,b=0.1,0,5.175824175824175,6.457875457875458,3,1,0.01709620002657175,0.0,1.3150183150183157,"[[1, 5], [3], [2, 4, 6]]","[[1, 2, 3, 4, 5, 6]]"
00068-00000014.soi,soi,6,15,rankings,local,b=0.2,0,5.175824175824175,6.457875457875458,3,1,0.017052700044587255,0.0,1.3150183150183157,"[[1, 5], [3], [2, 4, 6]]","[[1, 2, 3, 4, 5, 6]]"
00068-00000014.soi,soi,6,15,rankings,local,b=0.3,0,5.175824175824175,5.67032967032967,3,1,0.01246480003464967,0.0,1.3150183150183157,"[[1, 5], [3], [2, 4, 6]]","[[1, 2, 3, 4, 5, 6]]"
00068-00000014.soi,soi,6,15,rankings,movimiento,b=0.1,0,5.175824175824175,4.4010989010989015,3,2,0.014827599981799722,0.8528028654224417,1.0,"[[1, 5], [3], [2, 4, 6]]","[[1, 5], [2, 3, 4, 6]]"
00068-00000014.soi,soi,6,15,rankings,movimiento,b=0.2,0,5.175824175824175,4.4010989010989015,3,2,0.014698699931614101,0.8528028654224417,1.0,"[[1, 5], [3], [2, 4, 6]]","[[1, 5], [2, 3, 4, 6]]"
00068-00000014.soi,soi,6,15,rankings,movimiento,b=0.3,0,5.175824175824175,3.8498168498168495,3,1,0.010745800100266933,0.0,1.3150183150183157,"[[1, 5], [3], [2, 4, 6]]","[[1, 2, 3, 4, 5, 6]]"
00068-00000014.soi,soi,6,15,rankings,empate,b=0.1,1,5.175824175824175,4.818681318681318,3,1,0.011109899962320924,0.0,1.3150183150183157,"[[1, 5], [3], [2, 4, 6]]","[[1, 2, 3, 4, 5, 6]]"
00068-00000014.soi,soi,6,15,rankings,empate,b=0.2,1,5.175824175824175,4.818681318681318,3,1,0.011327999993227422,0.0,1.3150183150183157,"[[1, 5], [3], [2, 4, 6]]","[[1, 2, 3, 4, 5, 6]]"
00068-00000014.soi,soi,6,15,rankings,empate,b=0.3,1,5.175824175824175,6.069597069597069,3,2,0.019568699994124472,-0.20100756305184242,6.315018315018316,"[[1, 5], [3], [2, 4, 6]]","[[4, 5, 6], [1, 2, 3]]"
00068-00000014.soi,soi,6,15,rankings,intercambio,b=0.1,1,5.175824175824175,5.1831501831501825,3,2,0.018341099959798157,0.20100756305184242,2.9816849816849835,"[[1, 5], [3], [2, 4, 6]]","[[1, 2, 3], [4, 5, 6]]"
00068-00000014.soi,soi,6,15,rankings,intercambio,b=0.2,1,5.175824175824175,5.1831501831501825,3,2,0.018150800024159253,0.20100756305184242,2.9816849816849835,"[[1, 5], [3], [2, 4, 6]]","[[1, 2, 3], [4, 5, 6]]"
00068-00000014.soi,soi,6,15,rankings,intercambio,b=0.3,1,5.175824175824175,5.802197802197802,3,1,0.011217900086194277,0.0,1.3150183150183157,"[[1, 5], [3], [2, 4, 6]]","[[1, 2, 3, 4, 5, 6]]"
00068-00000014.soi,soi,6,15,rankings,local,b=0.1,1,5.175824175824175,5.113553113553113,3,3,0.013891200069338083,1.0,0.0,"[[1, 5], [3], [2, 4, 6]]","[[1, 5], [3], [2, 4, 6]]"
00068-00000014.soi,soi,6,15,rankings,local,b=0.2,1,5.175824175824175,5.113553113553113,3,3,0.014248999999836087,1.0,0.0,"[[1, 5], [3], [2, 4, 6]]","[[1, 5], [3], [2, 4, 6]]"
00068-00000014.soi,soi,6,15,rankings,local,b=0.3,1,5.175824175824175,5.5054945054945055,3,1,0.010483999969437718,0.0,1.3150183150183157,"[[1, 5], [3], [2, 4, 6]]","[[1, 2, 3, 4, 5, 6]]"
00068-00000014.soi,soi,6,15,rankings,movimiento,b=0.1,1,5.175824175824175,5.175824175824175,3,3,0.01699819997884333,0.5454545454545455,3.333333333333334,"[[1, 5], [3], [2, 4, 6]]","[[1, 5, 6], [2, 3], [4]]"
00068-00000014.soi,soi,6,15,rankings,movimiento,b=0.2,1,5.175824175824175,5.175824175824175,3,3,0.016732599935494363,0.5454545454545455,3.333333333333334,"[[1, 5], [3], [2, 4, 6]]","[[1, 5, 6], [2, 3], [4]]"
00068-00000014.soi,soi,6,15,rankings,movimiento,b=0.3,1,5.175824175824175,3.738095238095238,3,2,0.01677640003617853,-0.21320071635561041,4.64835164835165,"[[1, 5], [3], [2, 4, 6]]","[[2, 3], [1, 4, 5, 6]]"
00068-00000014.soi,soi,6,15,rankings,empate,b=0.1,2,5.175824175824175,3.998168498168498,3,1,0.01098449993878603,0.0,1.3150183150183157,"[[1, 5], [3], [2, 4, 6]]","[[1, 2, 3, 4, 5, 6]]"
00068-00000014.soi,soi,6,15,rankings,empate,b=0.2,2,5.175824175824175,3.998168498168498,3,1,0.012479999917559326,0.0,1.3150183150183157,"[[1, 5], [3], [2, 4, 6]]","[[1, 2, 3, 4, 5, 6]]"
00068-00000014.soi,soi,6,15,rankings,empate,b=0.3,2,5.175824175824175,4.886446886446886,3,1,0.011478500091470778,0.0,1.3150183150183157,"[[1, 5], [3], [2, 4, 6]]","[[1, 2, 3, 4, 5, 6]]"
00068-00000014.soi,soi,6,15,rankings,intercambio,b=0.1,2,5.175824175824175,4.219780219780221,3,3,0.010758099961094558,0.7272727272727273,0.9816849816849826,"[[1, 5], [3], [2, 4, 6]]","[[5], [1, 2, 3], [4, 6]]"
00068-00000014.soi,soi,6,15,rankings,intercambio,b=0.2,2,5.175824175824175,4.219780219780221,3,3,0.011115500004962087,0.7272727272727273,0.9816849816849826,"[[1, 5], [3], [2, 4, 6]]","[[5], [1, 2, 3], [4, 6]]"
00068-00000014.soi,soi,6,15,rankings,intercambio,b=0.3,2,5.175824175824175,5.791208791208792,3,1,0.014595699962228537,0.0,1.3150183150183157,"[[1, 5], [3], [2, 4, 6]]","[[1, 2, 3, 4, 5, 6]]"
00068-00000014.soi,soi,6,15,rankings,local,b=0.1,2,5.175824175824175,5.556776556776557,3,3,0.015046300017274916,-0.30151134457776363,7.076923076923077,"[[1, 5], [3], [2, 4, 6]]","[[2], [1, 4, 5, 6], [3]]"
00068-00000014.soi,soi,6,15,rankings,local,b=0.2,2,5.175824175824175,5.556776556776557,3,3,0.01615669997408986,-0.30151134457776363,7.076923076923077,"[[1, 5], [3], [2, 4, 6]]","[[2], [1, 4, 5, 6], [3]]"
00068-00000014.soi,soi,6,15,rankings,local,b=0.3,2,5.175824175824175,5.373626373626374,3,1,0.016951700090430677,0.0,1.3150183150183157,"[[1, 5], [3], [2, 4, 6]]","[[1, 2, 3, 4, 5, 6]]"
00068-00000014.soi,soi,6,15,rankings,movimiento,b=0.1,2,5.175824175824175,5.075091575091575,3,1,0.0181940000038594,0.0,1.3150183150183157,"[[1, 5], [3], [2, 4, 6]]","[[1, 2, 3, 4, 5, 6]]"
00068-00000014.soi,soi,6,15,rankings,movimiento,b=0.2,2,5.175824175824175,5.075091575091575,3,1,0.01646909990813583,0.0,1.3150183150183157,"[[1, 5], [3], [2, 4, 6]]","[[1, 2, 3, 4, 5, 6]]"
00068-00000014.soi,soi,6,15,rankings,movimiento,b=0.3,2,5.175824175824175,3.9853479853479845,3,2,0.015087800100445747,0.533001790889026,1.571428571428573,"[[1, 5], [3], [2, 4, 6]]","[[1, 3], [2, 4, 5, 6]]"
00068-00000014.soi,soi,6,15,rankings,empate,b=0.1,3,5.175824175824175,4.60989010989011,3,2,0.01628870004788041,0.9045340337332909,0.5714285714285721,"[[1, 5], [3], [2, 4, 6]]","[[1, 3, 5], [2, 4, 6]]"
00068-00000014.soi,soi,6,15,rankings,empate,b=0.2,3,5.175824175824175,4.60989010989011,3,2,0.01440989994443953,0.9045340337332909,0.5714285714285721,"[[1, 5], [3], [2, 4, 6]]","[[1, 3, 5], [2, 4, 6]]"
00068-00000014.soi,soi,6,15,rankings,empate,b=0.3,3,5.175824175824175,4.761904761904762,3,1,0.012965700007043779,0.0,1.3150183150183157,"[[1, 5], [3], [2, 4, 6]]","[[1, 2, 3, 4, 5, 6]]"
00068-00000014.soi,soi,6,15,rankings,intercambio,b=0.1,3,5.175824175824175,6.183150183150183,3,1,0.016341399983502924,0.0,1.3150183150183157,"[[1, 5], [3], [2, 4, 6]]","[[1, 2, 3, 4, 5, 6]]"
00068-00000014.soi,soi,6,15,rankings,intercambio,b=0.2,3,5.175824175824175,6.183150183150183,3,1,0.016350299934856594,0.0,1.3150183150183157,"[[1, 5], [3], [2, 4, 6]]","[[1, 2, 3, 4, 5, 6]]"
00068-00000014.soi,soi,6,15,rankings,intercambio,b=0.3,3,5.175824175824175,5.34065934065934,3,3,0.015953499940223992,-1.0,12.315018315018314,"[[1, 5], [3], [2, 4, 6]]","[[2, 4, 6], [3], [1, 5]]"
00068-00000014.soi,soi,6,15,rankings,local,b=0.1,3,5.175824175824175,5.5054945054945055,3,1,0.014255599933676422,0.0,1.3150183150183157,"[[1, 5], [3], [2, 4, 6]]","[[1, 2, 3, 4, 5, 6]]"
00068-00000014.soi,soi,6,15,rankings,local,b=0.2,3,5.175824175824175,5.5054945054945055,3,1,0.014337999979034066,0.0,1.3150183150183157,"[[1, 5], [3], [2, 4, 6]]","[[1, 2, 3, 4, 5, 6]]"
00068-00000014.soi,soi,6,15,rankings,local,b=0.3,3,5.175824175824175,3.553113553113553,3,2,0.013661400065757334,0.20100756305184242,2.9816849816849835,"[[1, 5], [3], [2, 4, 6]]","[[1, 2, 3], [4, 5, 6]]"
00068-00000014.soi,soi,6,15,rankings,movimiento,b=0.1,3,5.175824175824175,4.813186813186813,3,2,0.01822950004134327,0.20100756305184242,2.9816849816849835,"[[1, 5], [3], [2, 4, 6]]","[[1, 2, 3], [4, 5, 6]]"
00068-00000014.soi,soi,6,15,rankings,movimiento,b=0.2,3,5.175824175824175,4.813186813186813,3,2,0.017771099926903844,0.20100756305184242,2.9816849816849835,"[[1, 5], [3], [2, 4, 6]]","[[1, 2, 3], [4, 5, 6]]"
00068-00000014.soi,soi,6,15,rankings,movimiento,b=0.3,3,5.175824175824175,4.016483516483516,3,1,0.010112599935382605,0.0,1.3150183150183157,"[[1, 5], [3], [2, 4, 6]]","[[1, 2, 3, 4, 5, 6]]"
00068-00000014.soi,soi,6,15,rankings,empate,b=0.1,4,5.175824175824175,4.778388278388278,3,1,0.01319379999767989,0.0,1.3150183150183157,"[[1, 5], [3], [2, 4, 6]]","[[1, 2, 3, 4, 5, 6]]"
00068-00000014.soi,soi,6,15,rankings,empate,b=0.2,4,5.175824175824175,4.778388278388278,3,1,0.017991500091739,0.0,1.3150183150183157,"[[1, 5], [3], [2, 4, 6]]","[[1, 2, 3, 4, 5, 6]]"
00068-00000014.soi,soi,6,15,rankings,empate,b=0.3,4,5.175824175824175,4.891941391941391,3,1,0.01730049995239824,0.0,1.3150183150183157,"[[1, 5], [3], [2, 4, 6]]","[[1, 2, 3, 4, 5, 6]]"
00068-00000014.soi,soi,6,15,rankings,intercambio,b=0.1,4,5.175824175824175,2.3626373626373622,3,2,0.014734600088559091,0.20100756305184242,2.9816849816849835,"[[1, 5], [3], [2, 4, 6]]","[[1, 2, 3], [4, 5, 6]]"
00068-00000014.soi,soi,6,15,rankings,intercambio,b=0.2,4,5.175824175824175,2.3626373626373622,3,2,0.01074910000897944,0.20100756305184242,2.9816849816849835,"[[1, 5], [3], [2, 4, 6]]","[[1, 2, 3], [4, 5, 6]]"
00068-00000014.soi,soi,6,15,rankings,intercambio,b=0.3,4,5.175824175824175,6.282051282051282,3,3,0.02075739996507764,0.6363636363636364,2.666666666666667,"[[1, 5], [3], [2, 4, 6]]","[[1, 4, 5], [3], [2, 6]]"
00068-00000014.soi,soi,6,15,rankings,local,b=0.1,4,5.175824175824175,6.611721611721612,3,1,0.025437299977056682,0.0,1.3150183150183157,"[[1, 5], [3], [2, 4, 6]]","[[1, 2, 3, 4, 5, 6]]"
00068-00000014.soi,soi,6,15,rankings,local,b=0.2,4,5.175824175824175,6.611721611721612,3,1,0.018042300012893975,0.0,1.3150183150183157,"[[1, 5], [3], [2, 4, 6]]","[[1, 2, 3, 4, 5, 6]]"
00068-00000014.soi,soi,6,15,rankings,local,b=0.3,4,5.175824175824175,7.128205128205129,3,5,0.017054200056008995,0.08058229640253803,8.904761904761905,"[[1, 5], [3], [2, 4, 6]]","[[6], [3], [1, 5], [2], [4]]"
00068-00000014.soi,soi,6,15,rankings,movimiento,b=0.1,4,5.175824175824175,4.586080586080586,3,2,0.013982400065287948,0.8528028654224417,1.0,"[[1, 5], [3], [2, 4, 6]]","[[1, 5], [2, 3, 4, 6]]"
00068-00000014.soi,soi,6,15,rankings,movimiento,b=0.2,4,5.175824175824175,4.586080586080586,3,2,0.013615200063213706,0.8528028654224417,1.0,"[[1, 5], [3], [2, 4, 6]]","[[1, 5], [2, 3, 4, 6]]"
00068-00000014.soi,soi,6,15,rankings,movimiento,b=0.3,4,5.175824175824175,5.659340659340659,3,1,0.013809300027787685,0.0,1.3150183150183157,"[[1, 5], [3], [2, 4, 6]]","[[1, 2, 3, 4, 5, 6]]"
00068-00000015.soi,soi,7,15,rankings,empate,b=0.1,0,5.219047619047619,6.107142857142857,3,3,0.021187799982726574,1.0,0.0,"[[3], [4], [1, 2, 5, 6, 7]]","[[3], [4], [1, 2, 5, 6, 7]]"
00068-00000015.soi,soi,7,15,rankings,empate,b=0.2,0,5.219047619047619,6.107142857142857,3,3,0.0191867999965325,1.0,0.0,"[[3], [4], [1, 2, 5, 6, 7]]","[[3], [4], [1, 2, 5, 6, 7]]"
00068-00000015.soi,soi,7,15,rankings,empate,b=0.3,0,5.219047619047619,5.483333333333334,3,2,0.021219099988229573,0.7385489458759965,2.276190476190476,"[[3], [4], [1, 2, 5, 6, 7]]","[[3], [1, 2, 4, 5, 6, 7]]"
00068-00000015.soi,soi,7,15,rankings,intercambio,b=0.1,0,5.219047619047619,7.538095238095238,3,2,0.0276959000620991,0.2461829819586655,6.276190476190476,"[[3], [4], [1, 2, 5, 6, 7]]","[[2, 3, 4, 5, 6, 7], [1]]"
00068-00000015.soi,soi,7,15,rankings,intercambio,b=0.2,0,5.219047619047619,7.538095238095238,3,2,0.028392500011250377,0.2461829819586655,6.276190476190476,"[[3], [4], [1, 2, 5, 6, 7]]","[[2, 3, 4, 5, 6, 7], [1]]"
00068-00000015.soi,soi,7,15,rankings,intercambio,b=0.3,0,5.219047619047619,6.476190476190476,3,1,0.019589300034567714,0.0,6.276190476190478,"[[3], [4], [1, 2, 5, 6, 7]]","[[1, 2, 3, 4, 5, 6, 7]]"
00068-00000015.soi,soi,7,15,rankings,local,b=0.1,0,5.219047619047619,4.828571428571428,3,3,0.018024299992248416,1.0,0.0,"[[3], [4], [1, 2, 5, 6, 7]]","[[3], [4], [1, 2, 5, 6, 7]]"
00068-00000015.soi,soi,7,15,rankings,local,b=0.2,0,5.219047619047619,4.828571428571428,3,3,0.01841949997469783,1.0,0.0,"[[3], [4], [1, 2, 5, 6, 7]]","[[3], [4], [1, 2, 5, 6, 7]]"
00068-00000015.soi,soi,7,15,rankings,local,b=0.3,0,5.219047619047619,7.566666666666665,3,4,0.02451640006620437,0.8563488385776752,1.9999999999999991,"[[3], [4], [1, 2, 5, 6, 7]]","[[3], [4], [2, 5, 6, 7], [1]]"
00068-00000015.soi,soi,7,15,rankings,movimiento,b=0.1,0,5.219047619047619,5.569047619047619,3,3,0.0204832999734208,0.8058229640253802,1.2285714285714286,"[[3], [4], [1, 2, 5, 6, 7]]","[[3], [2, 4], [1, 5, 6, 7]]"
00068-00000015.soi,soi,7,15,rankings,movimiento,b=0.2,0,5.219047619047619,5.569047619047619,3,3,0.01319359999615699,0.8058229640253802,1.2285714285714286,"[[3], [4], [1, 2, 5, 6, 7]]","[[3], [2, 4], [1, 5, 6, 7]]"
00068-00000015.soi,soi,7,15,rankings,movimiento,b=0.3,0,5.219047619047619,5.678571428571429,3,3,0.016006599995307624,1.0,0.0,"[[3], [4], [1, 2, 5, 6, 7]]","[[3], [4], [1, 2, 5, 6, 7]]"
00068-00000015.soi,soi,7,15,rankings,empate,b=0.1,1,5.219047619047619,5.661904761904761,3,3,0.01816880004480481,1.0,0.0,"[[3], [4], [1, 2, 5, 6, 7]]","[[3], [4], [1, 2, 5, 6, 7]]"
00068-00000015.soi,soi,7,15,rankings,empate,b=0.2,1,5.219047619047619,5.661904761904761,3,3,0.027447499916888773,1.0,0.0,"[[3], [4], [1, 2, 5, 6, 7]]","[[3], [4], [1, 2, 5, 6, 7]]"
00068-00000015.soi,soi,7,15,rankings,empate,b=0.3,1,5.219047619047619,7.8309523809523816,3,2,0.03157170000486076,0.9534625892455922,1.0,"[[3], [4], [1, 2, 5, 6, 7]]","[[3, 4], [1, 2, 5, 6, 7]]"
00068-00000015.soi,soi,7,15,rankings,intercambio,b=0.1,1,5.219047619047619,6.938095238095238,3,2,0.022483800072222948,0.3813850356982369,3.819047619047619,"[[3], [4], [1, 2, 5, 6, 7]]","[[2, 3, 4, 5, 7], [1, 6]]"
00068-00000015.soi,soi,7,15,rankings,intercambio,b=0.2,1,5.219047619047619,6.938095238095238,3,2,0.021689700079150498,0.3813850356982369,3.819047619047619,"[[3], [4], [1, 2, 5, 6, 7]]","[[2, 3, 4, 5, 7], [1, 6]]"
00068-00000015.soi,soi,7,15,rankings,intercambio,b=0.3,1,5.219047619047619,5.809523809523809,3,1,0.015238699968904257,0.0,6.276190476190478,"[[3], [4], [1, 2, 5, 6, 7]]","[[1, 2, 3, 4, 5, 6, 7]]"
00068-00000015.soi,soi,7,15,rankings,local,b=0.1,1,5.219047619047619,5.914285714285714,3,3,0.01841779996175319,1.0,0.0,"[[3], [4], [1, 2, 5, 6, 7]]","[[3], [4], [1, 2, 5, 6, 7]]"
00068-00000015.soi,soi,7,15,rankings,local,b=0.2,1,5.219047619047619,5.914285714285714,3,3,0.018423500005155802,1.0,0.0,"[[3], [4], [1, 2, 5, 6, 7]]","[[3], [4], [1, 2, 5, 6, 7]]"
00068-00000015.soi,soi,7,15,rankings,local,b=0.3,1,5.219047619047619,4.823809523809523,3,2,0.01837760000489652,0.2461829819586655,6.276190476190476,"[[3], [4], [1, 2, 5, 6, 7]]","[[2, 3, 4, 5, 6, 7], [1]]"
00068-00000015.soi,soi,7,15,rankings,movimiento,b=0.1,1,5.219047619047619,4.930952380952381,3,3,0.016156200086697936,1.0,0.0,"[[3], [4], [1, 2, 5, 6, 7]]","[[3], [4], [1, 2, 5, 6, 7]]"
00068-00000015.soi,soi,7,15,rankings,movimiento,b=0.2,1,5.219047619047619,4.930952380952381,3,3,0.01522179995663464,1.0,0.0,"[[3], [4], [1, 2, 5, 6, 7]]","[[3], [4], [1, 2, 5, 6, 7]]"
00068-00000015.soi,soi,7,15,rankings,movimiento,b=0.3,1,5.219047619047619,5.478571428571429,3,3,0.028025000006891787,1.0,0.0,"[[3], [4], [1, 2, 5, 6, 7]]","[[3], [4], [1, 2, 5, 6, 7]]"
00068-00000015.soi,soi,7,15,rankings,empate,b=0.1,2,5.219047619047619,5.019047619047619,3,2,0.02728379995096475,0.7385489458759965,2.276190476190476,"[[3], [4], [1, 2, 5, 6, 7]]","[[3], [1, 2, 4, 5, 6, 7]]"
00068-00000015.soi,soi,7,15,rankings,empate,b=0.2,2,5.219047619047619,5.019047619047619,3,2,0.02063849999103695,0.7385489458759965,2.276190476190476,"[[3], [4], [1, 2, 5, 6, 7]]","[[3], [1, 2, 4, 5, 6, 7]]"
00068-00000015.soi,soi,7,15,rankings,empate,b=0.3,2,5.219047619047619,5.302380952380952,3,2,0.0189766000257805,0.9534625892455922,1.0,"[[3], [4], [1, 2, 5, 6, 7]]","[[3, 4], [1, 2, 5, 6, 7]]"
00068-00000015.soi,soi,7,15,rankings,intercambio,b=0.1,2,5.219047619047619,7.133333333333334,3,3,0.028013399918563664,0.6363636363636364,2.819047619047619,"[[3], [4], [1, 2, 5, 6, 7]]","[[3], [1, 2, 4, 5, 7], [6]]"
00068-00000015.soi,soi,7,15,rankings,intercambio,b=0.2,2,5.219047619047619,7.133333333333334,3,3,0.019208500045351684,0.6363636363636364,2.819047619047619,"[[3], [4], [1, 2, 5, 6, 7]]","[[3], [1, 2, 4, 5, 7], [6]]"
00068-00000015.soi,soi,7,15,rankings,intercambio,b=0.3,2,5.219047619047619,7.666666666666666,3,1,0.02929569990374148,0.0,6.276190476190478,"[[3], [4], [1, 2, 5, 6, 7]]","[[1, 2, 3, 4, 5, 6, 7]]"
00068-00000015.soi,soi,7,15,rankings,local,b=0.1,2,5.219047619047619,7.642857142857142,3,4,0.028499400010332465,0.8563488385776752,1.9999999999999991,"[[3], [4], [1, 2, 5, 6, 7]]","[[3], [4], [2, 5, 6, 7], [1]]"
00068-00000015.soi,soi,7,15,rankings,local,b=0.2,2,5.219047619047619,7.642857142857142,3,4,0.04133809998165816,0.8563488385776752,1.9999999999999991,"[[3], [4], [1, 2, 5, 6, 7]]","[[3], [4], [2, 5, 6, 7], [1]]"
00068-00000015.soi,soi,7,15,rankings,local,b=0.3,2,5.219047619047619,7.109523809523809,3,1,0.02720519993454218,0.0,6.276190476190478,"[[3], [4], [1, 2, 5, 6, 7]]","[[1, 2, 3, 4, 5, 6, 7]]"
00068-00000015.soi,soi,7,15,rankings,movimiento,b=0.1,2,5.219047619047619,5.476190476190476,3,3,0.012697300058789551,1.0,0.0,"[[3], [4], [1, 2, 5, 6, 7]]","[[3], [4], [1, 2, 5, 6, 7]]"
00068-00000015.soi,soi,7,15,rankings,movimiento,b=0.2,2,5.219047619047619,5.476190476190476,3,3,0.013037099968641996,1.0,0.0,"[[3], [4], [1, 2, 5, 6, 7]]","[[3], [4], [1, 2, 5, 6, 7]]"
00068-00000015.soi,soi,7,15,rankings,movimiento,b=0.3,2,5.219047619047619,6.407142857142857,3,3,0.02231140004005283,0.6446583712203042,1.8190476190476188,"[[3], [4], [1, 2, 5, 6, 7]]","[[3], [2, 4, 5, 7], [1, 6]]"
00068-00000015.soi,soi,7,15,rankings,empate,b=0.1,3,5.219047619047619,5.923809523809524,3,2,0.01755119999870658,0.7385489458759965,2.276190476190476,"[[3], [4], [1, 2, 5, 6, 7]]","[[3], [1, 2, 4, 5, 6, 7]]"
00068-00000015.soi,soi,7,15,rankings,empate,b=0.2,3,5.219047619047619,5.923809523809524,3,2,0.01759119995404035,0.7385489458759965,2.276190476190476,"[[3], [4], [1, 2, 5, 6, 7]]","[[3], [1, 2, 4, 5, 6, 7]]"
00068-00000015.soi,soi,7,15,rankings,empate,b=0.3,3,5.219047619047619,6.978571428571429,3,2,0.02749100001528859,0.3813850356982369,3.819047619047619,"[[3], [4], [1, 2, 5, 6, 7]]","[[2, 3, 4, 5, 7], [1, 6]]"
00068-00000015.soi,soi,7,15,rankings,intercambio,b=0.1,3,5.219047619047619,2.961904761904763,3,2,0.015678200055845082,0.7385489458759965,2.276190476190476,"[[3], [4], [1, 2, 5, 6, 7]]","[[3], [1, 2, 4, 5, 6, 7]]"
00068-00000015.soi,soi,7,15,rankings,intercambio,b=0.2,3,5.219047619047619,2.961904761904763,3,2,0.01587120001204312,0.7385489458759965,2.276190476190476,"[[3], [4], [1, 2, 5, 6, 7]]","[[3], [1, 2, 4, 5, 6, 7]]"
00068-00000015.soi,soi,7,15,rankings,intercambio,b=0.3,3,5.219047619047619,5.7,3,2,0.02781839994713664,0.7385489458759965,2.276190476190476,"[[3], [4], [1, 2, 5, 6, 7]]","[[3], [1, 2, 4, 5, 6, 7]]"
00068-00000015.soi,soi,7,15,rankings,local,b=0.1,3,5.219047619047619,6.199999999999999,3,2,0.02271579997614026,0.7385489458759965,2.276190476190476,"[[3], [4], [1, 2, 5, 6, 7]]","[[3], [1, 2, 4, 5, 6, 7]]"
00068-00000015.soi,soi,7,15,rankings,local,b=0.2,3,5.219047619047619,6.199999999999999,3,2,0.0162323999684304,0.7385489458759965,2.276190476190476,"[[3], [4], [1, 2, 5, 6, 7]]","[[3], [1, 2, 4, 5, 6, 7]]"
00068-00000015.soi,soi,7,15,rankings,local,b=0.3,3,5.219047619047619,6.852380952380953,3,2,0.02889979991596192,0.7385489458759965,2.276190476190476,"[[3], [4], [1, 2, 5, 6, 7]]","[[3], [1, 2, 4, 5, 6, 7]]"
00068-00000015.soi,soi,7,15,rankings,movimiento,b=0.1,3,5.219047619047619,6.095238095238096,3,3,0.019777200068347156,1.0,0.0,"[[3], [4], [1, 2, 5, 6, 7]]","[[3], [4], [1, 2, 5, 6, 7]]"
00068-00000015.soi,soi,7,15,rankings,movimiento,b=0.2,3,5.219047619047619,6.095238095238096,3,3,0.025611600023694336,1.0,0.0,"[[3], [4], [1, 2, 5, 6, 7]]","[[3], [4], [1, 2, 5, 6, 7]]"
00068-00000015.soi,soi,7,15,rankings,movimiento,b=0.3,3,5.219047619047619,5.819047619047618,3,2,0.02869269996881485,0.7385489458759965,2.276190476190476,"[[3], [4], [1, 2, 5, 6, 7]]","[[3], [1, 2, 4, 5, 6, 7]]"
00068-00000015.soi,soi,7,15,rankings,empate,b=0.1,4,5.219047619047619,4.647619047619047,3,3,0.02128169999923557,1.0,0.0,"[[3], [4], [1, 2, 5, 6, 7]]","[[3], [4], [1, 2, 5, 6, 7]]"
00068-00000015.soi,soi,7,15,rankings,empate,b=0.2,4,5.219047619047619,4.647619047619047,3,3,0.02453529997728765,1.0,0.0,"[[3], [4], [1, 2, 5, 6, 7]]","[[3], [4], [1, 2, 5, 6, 7]]"
00068-00000015.soi,soi,7,15,rankings,empate,b=0.3,4,5.219047619047619,5.542857142857143,3,3,0.02177960006520152,1.0,0.0,"[[3], [4], [1, 2, 5, 6, 7]]","[[3], [4], [1, 2, 5, 6, 7]]"
00068-00000015.soi,soi,7,15,rankings,intercambio,b=0.1,4,5.219047619047619,6.828571428571429,3,1,0.019099799916148186,0.0,6.276190476190478,"[[3], [4], [1, 2, 5, 6, 7]]","[[1, 2, 3, 4, 5, 6, 7]]"
00068-00000015.soi,soi,7,15,rankings,intercambio,b=0.2,4,5.219047619047619,6.828571428571429,3,1,0.02252919995225966,0.0,6.276190476190478,"[[3], [4], [1, 2, 5, 6, 7]]","[[1, 2, 3, 4, 5, 6, 7]]"
00068-00000015.soi,soi,7,15,rankings,intercambio,b=0.3,4,5.219047619047619,5.604761904761904,3,2,0.026376000023446977,0.7385489458759965,2.276190476190476,"[[3], [4], [1, 2, 5, 6, 7]]","[[3], [1, 2, 4, 5, 6, 7]]"
00068-00000015.soi,soi,7,15,rankings,local,b=0.1,4,5.219047619047619,5.7523809523809515,3,3,0.021393500035628676,1.0,0.0,"[[3], [4], [1, 2, 5, 6, 7]]","[[3], [4], [1, 2, 5, 6, 7]]"
00068-00000015.soi,soi,7,15,rankings,local,b=0.2,4,5.219047619047619,5.7523809523809515,3,3,0.01877930003684014,1.0,0.0,"[[3], [4], [1, 2, 5, 6, 7]]","[[3], [4], [1, 2, 5, 6, 7]]"
00068-00000015.soi,soi,7,15,rankings,local,b=0.3,4,5.219047619047619,6.776190476190476,3,1,0.024988100049085915,0.0,6.276190476190478,"[[3], [4], [1, 2, 5, 6, 7]]","[[1, 2, 3, 4, 5, 6, 7]]"
00068-00000015.soi,soi,7,15,rankings,movimiento,b=0.1,4,5.219047619047619,6.30952380952381,3,3,0.024794999975711107,1.0,0.0,"[[3], [4], [1, 2, 5, 6, 7]]","[[3], [4], [1, 2, 5, 6, 7]]"
00068-00000015.soi,soi,7,15,rankings,movimiento,b=0.2,4,5.219047619047619,6.30952380952381,3,3,0.018688800046220422,1.0,0.0,"[[3], [4], [1, 2, 5, 6, 7]]","[[3], [4], [1, 2, 5, 6, 7]]"
00068-00000015.soi,soi,7,15,rankings,movimiento,b=0.3,4,5.219047619047619,6.276190476190477,3,2,0.02249629993457347,0.7385489458759965,2.276190476190476,"[[3], [4], [1, 2, 5, 6, 7]]","[[3], [1, 2, 4, 5, 6, 7]]"
