instancia,tipo,n,m,metodo,tecnica,parametros,seed,obj_value,obj_value_ruido,n_buckets,n_buckets_ruido,tiempo,kendall_tau,perdida,buckets_original,buckets_ruido
00068-00000001.soi,soi,10,23,matriz,aleatoria,b=0.01,0,15.633208962109215,15.673724183305158,4,4,2.007646800018847,1.0,0.0,"[[6, 9], [1], [2, 4, 5, 7, 8, 10], [3]]","[[6, 9], [1], [2, 4, 5, 7, 8, 10], [3]]"
00068-00000001.soi,soi,10,23,matriz,aleatoria,b=0.05,0,15.633208962109215,15.83373265456315,4,4,1.6130968999350443,0.6064784348631228,0.06435786435786461,"[[6, 9], [1], [2, 4, 5, 7, 8, 10], [3]]","[[9], [1, 2, 5, 6, 7, 8, 10], [3], [4]]"
00068-00000001.soi,soi,10,23,matriz,aleatoria,b=0.1,0,15.633208962109215,15.969898482659215,4,4,1.4683547000167891,0.6064784348631228,0.06435786435786461,"[[6, 9], [1], [2, 4, 5, 7, 8, 10], [3]]","[[9], [1, 2, 5, 6, 7, 8, 10], [3], [4]]"
00068-00000001.soi,soi,10,23,matriz,cerca_empate,b=0.01,0,15.633208962109215,15.814028216724788,4,4,0.557427000021562,1.0,0.0,"[[6, 9], [1], [2, 4, 5, 7, 8, 10], [3]]","[[6, 9], [1], [2, 4, 5, 7, 8, 10], [3]]"
00068-00000001.soi,soi,10,23,matriz,cerca_empate,b=0.05,0,15.633208962109215,16.9361699461163,4,5,2.3148695001145825,0.8280086818880267,0.5532821824381955,"[[6, 9], [1], [2, 4, 5, 7, 8, 10], [3]]","[[9], [5, 6], [1], [2, 4, 7, 8, 10], [3]]"
00068-00000001.soi,soi,10,23,matriz,cerca_empate,b=0.1,0,15.633208962109215,17.361374850134297,4,5,0.6639953999547288,0.7427813527082074,1.2828282828282802,"[[6, 9], [1], [2, 4, 5, 7, 8, 10], [3]]","[[9], [1, 5, 6, 8], [4], [2, 7, 10], [3]]"
00068-00000001.soi,soi,10,23,matriz,todos,b=0.01,0,15.633208962109215,15.963225306202549,4,4,0.3660979999694973,1.0,0.0,"[[6, 9], [1], [2, 4, 5, 7, 8, 10], [3]]","[[6, 9], [1], [2, 4, 5, 7, 8, 10], [3]]"
00068-00000001.soi,soi,10,23,matriz,todos,b=0.05,0,15.633208962109215,16.62206941527479,4,5,0.19821719999890774,0.8280086818880267,0.5532821824381955,"[[6, 9], [1], [2, 4, 5, 7, 8, 10], [3]]","[[9], [5, 6], [1], [2, 4, 7, 8, 10], [3]]"
00068-00000001.soi,soi,10,23,matriz,todos,b=0.1,0,15.633208962109215,16.588969194029218,4,4,0.13389729999471456,0.8160942667466479,2.3838383838383805,"[[6, 9], [1], [2, 4, 5, 7, 8, 10], [3]]","[[6, 9], [1, 4, 5, 8], [2, 7, 10], [3]]"
00068-00000001.soi,soi,10,23,matriz,aleatoria,b=0.01,1,15.633208962109215,15.582638208340514,4,4,0.9689234000397846,1.0,0.0,"[[6, 9], [1], [2, 4, 5, 7, 8, 10], [3]]","[[6, 9], [1], [2, 4, 5, 7, 8, 10], [3]]"
00068-00000001.soi,soi,10,23,matriz,aleatoria,b=0.05,1,15.633208962109215,15.420305816981081,4,3,0.42612279998138547,0.6896551724137933,0.28282828282828554,"[[6, 9], [1], [2, 4, 5, 7, 8, 10], [3]]","[[9], [1, 5, 6, 8], [2, 3, 4, 7, 10]]"
00068-00000001.soi,soi,10,23,matriz,aleatoria,b=0.1,1,15.633208962109215,15.011530910763792,4,3,0.5157476000022143,0.6896551724137933,0.28282828282828554,"[[6, 9], [1], [2, 4, 5, 7, 8, 10], [3]]","[[9], [1, 5, 6, 8], [2, 3, 4, 7, 10]]"
00068-00000001.soi,soi,10,23,matriz,cerca_empate,b=0.01,1,15.633208962109215,15.719187380667966,4,4,0.9226066999835894,0.6064784348631228,0.06435786435786461,"[[6, 9], [1], [2, 4, 5, 7, 8, 10], [3]]","[[9], [1, 2, 5, 6, 7, 8, 10], [3], [4]]"
00068-00000001.soi,soi,10,23,matriz,cerca_empate,b=0.05,1,15.633208962109215,15.805669597471505,4,4,0.1004883999703452,0.6064784348631228,0.06435786435786461,"[[6, 9], [1], [2, 4, 5, 7, 8, 10], [3]]","[[9], [1, 2, 5, 6, 7, 8, 10], [3], [4]]"
00068-00000001.soi,soi,10,23,matriz,cerca_empate,b=0.1,1,15.633208962109215,15.91377236847593,4,4,0.19746209995355457,0.6064784348631228,0.06435786435786461,"[[6, 9], [1], [2, 4, 5, 7, 8, 10], [3]]","[[9], [1, 2, 5, 6, 7, 8, 10], [3], [4]]"
00068-00000001.soi,soi,10,23,matriz,todos,b=0.01,1,15.633208962109215,15.805942736626385,4,4,0.3952401999849826,1.0,0.0,"[[6, 9], [1], [2, 4, 5, 7, 8, 10], [3]]","[[6, 9], [1], [2, 4, 5, 7, 8, 10], [3]]"
00068-00000001.soi,soi,10,23,matriz,todos,b=0.05,1,15.633208962109215,15.437468875897567,4,3,0.29511169996112585,0.6896551724137933,0.28282828282828554,"[[6, 9], [1], [2, 4, 5, 7, 8, 10], [3]]","[[9], [1, 5, 6, 8], [2, 3, 4, 7, 10]]"
00068-00000001.soi,soi,10,23,matriz,todos,b=0.1,1,15.633208962109215,15.253268781548543,4,3,0.09891229995992035,0.6896551724137933,0.28282828282828554,"[[6, 9], [1], [2, 4, 5, 7, 8, 10], [3]]","[[9], [1, 5, 6, 8], [2, 3, 4, 7, 10]]"
00068-00000001.soi,soi,10,23,matriz,aleatoria,b=0.01,2,15.633208962109215,15.670930382285944,4,4,1.2944126999936998,1.0,0.0,"[[6, 9], [1], [2, 4, 5, 7, 8, 10], [3]]","[[6, 9], [1], [2, 4, 5, 7, 8, 10], [3]]"
00068-00000001.soi,soi,10,23,matriz,aleatoria,b=0.05,2,15.633208962109215,15.518532150750138,4,3,0.1186201999662444,0.7670929478598306,0.3838383838383841,"[[6, 9], [1], [2, 4, 5, 7, 8, 10], [3]]","[[6, 9], [1, 5, 8], [2, 3, 4, 7, 10]]"
00068-00000001.soi,soi,10,23,matriz,aleatoria,b=0.1,2,15.633208962109215,15.18821218463036,4,3,0.2502037000376731,0.7670929478598306,0.3838383838383841,"[[6, 9], [1], [2, 4, 5, 7, 8, 10], [3]]","[[6, 9], [1, 5, 8], [2, 3, 4, 7, 10]]"
00068-00000001.soi,soi,10,23,matriz,cerca_empate,b=0.01,2,15.633208962109215,15.788619333201597,4,4,0.35617650009226054,1.0,0.0,"[[6, 9], [1], [2, 4, 5, 7, 8, 10], [3]]","[[6, 9], [1], [2, 4, 5, 7, 8, 10], [3]]"
00068-00000001.soi,soi,10,23,matriz,cerca_empate,b=0.05,2,15.633208962109215,16.168769508288094,4,5,0.6026501999003813,0.6102571532587294,0.1393939393939423,"[[6, 9], [1], [2, 4, 5, 7, 8, 10], [3]]","[[9], [1, 2, 5, 6, 8, 10], [7], [3], [4]]"
00068-00000001.soi,soi,10,23,matriz,cerca_empate,b=0.1,2,15.633208962109215,16.264599581002535,4,3,1.3897676999913529,0.7550119889434047,0.967676767676771,"[[6, 9], [1], [2, 4, 5, 7, 8, 10], [3]]","[[6, 9], [1, 5, 8, 10], [2, 3, 4, 7]]"
00068-00000001.soi,soi,10,23,matriz,todos,b=0.01,2,15.633208962109215,15.925844178885143,4,4,1.5602885000407696,1.0,0.0,"[[6, 9], [1], [2, 4, 5, 7, 8, 10], [3]]","[[6, 9], [1], [2, 4, 5, 7, 8, 10], [3]]"
00068-00000001.soi,soi,10,23,matriz,todos,b=0.05,2,15.633208962109215,16.729893615643086,4,4,1.5527295999927446,0.6237055560836822,0.6411170528817607,"[[6, 9], [1], [2, 4, 5, 7, 8, 10], [3]]","[[9], [5, 6, 8], [1], [2, 3, 4, 7, 10]]"
00068-00000001.soi,soi,10,23,matriz,todos,b=0.1,2,15.633208962109215,17.296572327406302,4,4,0.3094658999470994,0.6237055560836822,0.6411170528817607,"[[6, 9], [1], [2, 4, 5, 7, 8, 10], [3]]","[[9], [5, 6, 8], [1], [2, 3, 4, 7, 10]]"
00068-00000001.soi,soi,10,23,matriz,aleatoria,b=0.01,3,15.633208962109215,15.756132521261039,4,4,0.30127279995940626,1.0,0.0,"[[6, 9], [1], [2, 4, 5, 7, 8, 10], [3]]","[[6, 9], [1], [2, 4, 5, 7, 8, 10], [3]]"
00068-00000001.soi,soi,10,23,matriz,aleatoria,b=0.05,3,15.633208962109215,15.765258989881508,4,3,1.1824673999799415,0.6896551724137933,0.28282828282828554,"[[6, 9], [1], [2, 4, 5, 7, 8, 10], [3]]","[[9], [1, 5, 6, 8], [2, 3, 4, 7, 10]]"
00068-00000001.soi,soi,10,23,matriz,aleatoria,b=0.1,3,15.633208962109215,15.777635921592832,4,3,0.5958666999358684,0.6896551724137933,0.28282828282828554,"[[6, 9], [1], [2, 4, 5, 7, 8, 10], [3]]","[[9], [1, 5, 6, 8], [2, 3, 4, 7, 10]]"
00068-00000001.soi,soi,10,23,matriz,cerca_empate,b=0.01,3,15.633208962109215,15.736703059538096,4,4,0.6490149999735877,1.0,0.0,"[[6, 9], [1], [2, 4, 5, 7, 8, 10], [3]]","[[6, 9], [1], [2, 4, 5, 7, 8, 10], [3]]"
00068-00000001.soi,soi,10,23,matriz,cerca_empate,b=0.05,3,15.633208962109215,16.06823160453027,4,4,1.1962692000670359,0.6064784348631228,0.06435786435786461,"[[6, 9], [1], [2, 4, 5, 7, 8, 10], [3]]","[[9], [1, 2, 5, 6, 7, 8, 10], [3], [4]]"
00068-00000001.soi,soi,10,23,matriz,cerca_empate,b=0.1,3,15.633208962109215,16.144655469422965,4,4,0.42078770010266453,0.7586206896551725,0.4380952380952401,"[[6, 9], [1], [2, 4, 5, 7, 8, 10], [3]]","[[6, 9], [1, 2, 5, 7, 8, 10], [3], [4]]"
00068-00000001.soi,soi,10,23,matriz,todos,b=0.01,3,15.633208962109215,15.867339973994572,4,4,2.027504300000146,1.0,0.0,"[[6, 9], [1], [2, 4, 5, 7, 8, 10], [3]]","[[6, 9], [1], [2, 4, 5, 7, 8, 10], [3]]"
00068-00000001.soi,soi,10,23,matriz,todos,b=0.05,3,15.633208962109215,16.803864021535986,4,4,0.7507189000025392,1.0,0.0,"[[6, 9], [1], [2, 4, 5, 7, 8, 10], [3]]","[[6, 9], [1], [2, 4, 5, 7, 8, 10], [3]]"
00068-00000001.soi,soi,10,23,matriz,todos,b=0.1,3,15.633208962109215,17.291377640919805,4,2,0.5011962000280619,0.7427813527082074,1.43809523809524,"[[6, 9], [1], [2, 4, 5, 7, 8, 10], [3]]","[[6, 9], [1, 2, 3, 4, 5, 7, 8, 10]]"
00068-00000001.soi,soi,10,23,matriz,aleatoria,b=0.01,4,15.633208962109215,15.670141275502122,4,4,1.0740837999619544,1.0,0.0,"[[6, 9], [1], [2, 4, 5, 7, 8, 10], [3]]","[[6, 9], [1], [2, 4, 5, 7, 8, 10], [3]]"
00068-00000001.soi,soi,10,23,matriz,aleatoria,b=0.05,4,15.633208962109215,15.698377701845622,4,5,0.35474199999589473,0.9831920802501751,0.04347826086956452,"[[6, 9], [1], [2, 4, 5, 7, 8, 10], [3]]","[[9], [6], [1], [2, 4, 5, 7, 8, 10], [3]]"
00068-00000001.soi,soi,10,23,matriz,aleatoria,b=0.1,4,15.633208962109215,15.720068180712463,4,5,0.397891900036484,0.9831920802501751,0.04347826086956452,"[[6, 9], [1], [2, 4, 5, 7, 8, 10], [3]]","[[9], [6], [1], [2, 4, 5, 7, 8, 10], [3]]"
00068-00000001.soi,soi,10,23,matriz,cerca_empate,b=0.01,4,15.633208962109215,15.739977844325418,4,4,0.6032508999342099,0.6064784348631228,0.06435786435786461,"[[6, 9], [1], [2, 4, 5, 7, 8, 10], [3]]","[[9], [1, 2, 5, 6, 7, 8, 10], [3], [4]]"
00068-00000001.soi,soi,10,23,matriz,cerca_empate,b=0.05,4,15.633208962109215,15.707741610928062,4,6,0.16322280000895262,0.7229702797545335,0.5532821824381955,"[[6, 9], [1], [2, 4, 5, 7, 8, 10], [3]]","[[9], [5, 6], [1], [2, 7, 8, 10], [3], [4]]"
00068-00000001.soi,soi,10,23,matriz,cerca_empate,b=0.1,4,15.633208962109215,15.228992077308716,4,6,0.057954899966716766,0.7229702797545335,0.5532821824381955,"[[6, 9], [1], [2, 4, 5, 7, 8, 10], [3]]","[[9], [5, 6], [1], [2, 7, 8, 10], [3], [4]]"
00068-00000001.soi,soi,10,23,matriz,todos,b=0.01,4,15.633208962109215,15.775458722259422,4,4,0.45999260002281517,1.0,0.0,"[[6, 9], [1], [2, 4, 5, 7, 8, 10], [3]]","[[6, 9], [1], [2, 4, 5, 7, 8, 10], [3]]"
00068-00000001.soi,soi,10,23,matriz,todos,b=0.05,4,15.633208962109215,16.247495751493272,4,5,0.09118400001898408,0.8280086818880267,0.5532821824381955,"[[6, 9], [1], [2, 4, 5, 7, 8, 10], [3]]","[[9], [5, 6], [1], [2, 4, 7, 8, 10], [3]]"
00068-00000001.soi,soi,10,23,matriz,todos,b=0.1,4,15.633208962109215,16.473987048770454,4,4,0.146433399990201,0.7241379310344829,1.5532821824381955,"[[6, 9], [1], [2, 4, 5, 7, 8, 10], [3]]","[[9], [5, 6], [1], [2, 3, 4, 7, 8, 10]]"
00068-00000002.soi,soi,14,15,matriz,aleatoria,b=0.01,0,34.13672438672439,34.24213206681235,4,4,6.7833127999911085,1.0,0.0,"[[13], [11], [1, 2, 3, 5, 6, 7, 8, 9, 10, 12, 14], [4]]","[[13], [11], [1, 2, 3, 5, 6, 7, 8, 9, 10, 12, 14], [4]]"
00068-00000002.soi,soi,14,15,matriz,aleatoria,b=0.05,0,34.13672438672439,34.66376278716423,4,4,4.596583500038832,1.0,0.0,"[[13], [11], [1, 2, 3, 5, 6, 7, 8, 9, 10, 12, 14], [4]]","[[13], [11], [1, 2, 3, 5, 6, 7, 8, 9, 10, 12, 14], [4]]"
00068-00000002.soi,soi,14,15,matriz,aleatoria,b=0.1,0,34.13672438672439,35.19080118760408,4,4,5.995706500019878,1.0,0.0,"[[13], [11], [1, 2, 3, 5, 6, 7, 8, 9, 10, 12, 14], [4]]","[[13], [11], [1, 2, 3, 5, 6, 7, 8, 9, 10, 12, 14], [4]]"
00068-00000002.soi,soi,14,15,matriz,cerca_empate,b=0.01,0,34.13672438672439,34.96252551983804,4,4,2.8895538999931887,1.0,0.0,"[[13], [11], [1, 2, 3, 5, 6, 7, 8, 9, 10, 12, 14], [4]]","[[13], [11], [1, 2, 3, 5, 6, 7, 8, 9, 10, 12, 14], [4]]"
00068-00000002.soi,soi,14,15,matriz,cerca_empate,b=0.05,0,34.13672438672439,38.265730052292646,4,4,5.682213900028728,1.0,0.0,"[[13], [11], [1, 2, 3, 5, 6, 7, 8, 9, 10, 12, 14], [4]]","[[13], [11], [1, 2, 3, 5, 6, 7, 8, 9, 10, 12, 14], [4]]"
00068-00000002.soi,soi,14,15,matriz,cerca_empate,b=0.1,0,34.13672438672439,42.31558747800436,4,4,8.850344900041819,1.0,0.0,"[[13], [11], [1, 2, 3, 5, 6, 7, 8, 9, 10, 12, 14], [4]]","[[13], [11], [1, 2, 3, 5, 6, 7, 8, 9, 10, 12, 14], [4]]"
00068-00000002.soi,soi,14,15,matriz,todos,b=0.01,0,34.13672438672439,34.54938881976332,4,3,6.220593599951826,0.9860132971832692,0.0,"[[13], [11], [1, 2, 3, 5, 6, 7, 8, 9, 10, 12, 14], [4]]","[[11, 13], [1, 2, 3, 5, 6, 7, 8, 9, 10, 12, 14], [4]]"
00068-00000002.soi,soi,14,15,matriz,todos,b=0.05,0,34.13672438672439,35.85322723821028,4,2,3.3753435000544414,0.8164965809277261,1.0,"[[13], [11], [1, 2, 3, 5, 6, 7, 8, 9, 10, 12, 14], [4]]","[[11, 13], [1, 2, 3, 4, 5, 6, 7, 8, 9, 10, 12, 14]]"
00068-00000002.soi,soi,14,15,matriz,todos,b=0.1,0,34.13672438672439,36.716977650620095,4,2,2.665179600007832,0.8164965809277261,1.0,"[[13], [11], [1, 2, 3, 5, 6, 7, 8, 9, 10, 12, 14], [4]]","[[11, 13], [1, 2, 3, 4, 5, 6, 7, 8, 9, 10, 12, 14]]"
00068-00000002.soi,soi,14,15,matriz,aleatoria,b=0.01,1,34.13672438672439,34.410412801911974,4,4,8.971941399970092,1.0,0.0,"[[13], [11], [1, 2, 3, 5, 6, 7, 8, 9, 10, 12, 14], [4]]","[[13], [11], [1, 2, 3, 5, 6, 7, 8, 9, 10, 12, 14], [4]]"
00068-00000002.soi,soi,14,15,matriz,aleatoria,b=0.05,1,34.13672438672439,35.50516646266231,4,3,5.887872099992819,0.9860132971832692,0.0,"[[13], [11], [1, 2, 3, 5, 6, 7, 8, 9, 10, 12, 14], [4]]","[[11, 13], [1, 2, 3, 5, 6, 7, 8, 9, 10, 12, 14], [4]]"
00068-00000002.soi,soi,14,15,matriz,aleatoria,b=0.1,1,34.13672438672439,36.87360853860023,4,4,11.31366009998601,1.0,0.0,"[[13], [11], [1, 2, 3, 5, 6, 7, 8, 9, 10, 12, 14], [4]]","[[13], [11], [1, 2, 3, 5, 6, 7, 8, 9, 10, 12, 14], [4]]"
00068-00000002.soi,soi,14,15,matriz,cerca_empate,b=0.01,1,34.13672438672439,34.884742817401055,4,3,7.230283300043084,0.9860132971832692,0.0,"[[13], [11], [1, 2, 3, 5, 6, 7, 8, 9, 10, 12, 14], [4]]","[[11, 13], [1, 2, 3, 5, 6, 7, 8, 9, 10, 12, 14], [4]]"
00068-00000002.soi,soi,14,15,matriz,cerca_empate,b=0.05,1,34.13672438672439,37.87681654010776,4,3,11.482057300047018,0.9860132971832692,0.0,"[[13], [11], [1, 2, 3, 5, 6, 7, 8, 9, 10, 12, 14], [4]]","[[11, 13], [1, 2, 3, 5, 6, 7, 8, 9, 10, 12, 14], [4]]"
00068-00000002.soi,soi,14,15,matriz,cerca_empate,b=0.1,1,34.13672438672439,40.87917057532943,4,4,5.7904949999647215,0.5547001962252291,2.0,"[[13], [11], [1, 2, 3, 5, 6, 7, 8, 9, 10, 12, 14], [4]]","[[13], [1, 2, 3, 6, 7, 8, 10, 11, 14], [4, 5, 12], [9]]"
00068-00000002.soi,soi,14,15,matriz,todos,b=0.01,1,34.13672438672439,35.00725371141618,4,3,10.421339599997737,0.9860132971832692,0.0,"[[13], [11], [1, 2, 3, 5, 6, 7, 8, 9, 10, 12, 14], [4]]","[[11, 13], [1, 2, 3, 5, 6, 7, 8, 9, 10, 12, 14], [4]]"
00068-00000002.soi,soi,14,15,matriz,todos,b=0.05,1,34.13672438672439,38.48937101018333,4,3,7.270837899995968,0.9860132971832692,0.0,"[[13], [11], [1, 2, 3, 5, 6, 7, 8, 9, 10, 12, 14], [4]]","[[11, 13], [1, 2, 3, 5, 6, 7, 8, 9, 10, 12, 14], [4]]"
00068-00000002.soi,soi,14,15,matriz,todos,b=0.1,1,34.13672438672439,41.88648370802659,4,3,10.383600399945863,0.8333333333333334,1.0,"[[13], [11], [1, 2, 3, 5, 6, 7, 8, 9, 10, 12, 14], [4]]","[[13], [1, 2, 3, 5, 6, 7, 8, 9, 10, 11, 12, 14], [4]]"
00068-00000002.soi,soi,14,15,matriz,aleatoria,b=0.01,2,34.13672438672439,34.30310024847923,4,4,8.611022599972785,1.0,0.0,"[[13], [11], [1, 2, 3, 5, 6, 7, 8, 9, 10, 12, 14], [4]]","[[13], [11], [1, 2, 3, 5, 6, 7, 8, 9, 10, 12, 14], [4]]"
00068-00000002.soi,soi,14,15,matriz,aleatoria,b=0.05,2,34.13672438672439,34.968603695498594,4,4,2.488797300029546,1.0,0.0,"[[13], [11], [1, 2, 3, 5, 6, 7, 8, 9, 10, 12, 14], [4]]","[[13], [11], [1, 2, 3, 5, 6, 7, 8, 9, 10, 12, 14], [4]]"
00068-00000002.soi,soi,14,15,matriz,aleatoria,b=0.1,2,34.13672438672439,35.80048300427281,4,4,7.229015100048855,1.0,0.0,"[[13], [11], [1, 2, 3, 5, 6, 7, 8, 9, 10, 12, 14], [4]]","[[13], [11], [1, 2, 3, 5, 6, 7, 8, 9, 10, 12, 14], [4]]"
00068-00000002.soi,soi,14,15,matriz,cerca_empate,b=0.01,2,34.13672438672439,34.78441645293503,4,3,1.3204978000139818,0.9860132971832692,0.0,"[[13], [11], [1, 2, 3, 5, 6, 7, 8, 9, 10, 12, 14], [4]]","[[11, 13], [1, 2, 3, 5, 6, 7, 8, 9, 10, 12, 14], [4]]"
00068-00000002.soi,soi,14,15,matriz,cerca_empate,b=0.05,2,34.13672438672439,37.375184717777586,4,3,4.1895554000511765,0.9860132971832692,0.0,"[[13], [11], [1, 2, 3, 5, 6, 7, 8, 9, 10, 12, 14], [4]]","[[11, 13], [1, 2, 3, 5, 6, 7, 8, 9, 10, 12, 14], [4]]"
00068-00000002.soi,soi,14,15,matriz,cerca_empate,b=0.1,2,34.13672438672439,40.61364504883079,4,3,4.613196499994956,0.9860132971832692,0.0,"[[13], [11], [1, 2, 3, 5, 6, 7, 8, 9, 10, 12, 14], [4]]","[[11, 13], [1, 2, 3, 5, 6, 7, 8, 9, 10, 12, 14], [4]]"
00068-00000002.soi,soi,14,15,matriz,todos,b=0.01,2,34.13672438672439,34.58764153619373,4,4,7.767120499978773,1.0,0.0,"[[13], [11], [1, 2, 3, 5, 6, 7, 8, 9, 10, 12, 14], [4]]","[[13], [11], [1, 2, 3, 5, 6, 7, 8, 9, 10, 12, 14], [4]]"
00068-00000002.soi,soi,14,15,matriz,todos,b=0.05,2,34.13672438672439,36.391310134071105,4,4,6.902121299994178,1.0,0.0,"[[13], [11], [1, 2, 3, 5, 6, 7, 8, 9, 10, 12, 14], [4]]","[[13], [11], [1, 2, 3, 5, 6, 7, 8, 9, 10, 12, 14], [4]]"
00068-00000002.soi,soi,14,15,matriz,todos,b=0.1,2,34.13672438672439,39.03666751239138,4,4,2.4055963999126107,1.0,0.0,"[[13], [11], [1, 2, 3, 5, 6, 7, 8, 9, 10, 12, 14], [4]]","[[13], [11], [1, 2, 3, 5, 6, 7, 8, 9, 10, 12, 14], [4]]"
00068-00000002.soi,soi,14,15,matriz,aleatoria,b=0.01,3,34.13672438672439,34.50312490633667,4,3,5.870926100062206,0.9860132971832692,0.0,"[[13], [11], [1, 2, 3, 5, 6, 7, 8, 9, 10, 12, 14], [4]]","[[11, 13], [1, 2, 3, 5, 6, 7, 8, 9, 10, 12, 14], [4]]"
00068-00000002.soi,soi,14,15,matriz,aleatoria,b=0.05,3,34.13672438672439,35.96872698478578,4,3,11.124418699997477,0.9860132971832692,0.0,"[[13], [11], [1, 2, 3, 5, 6, 7, 8, 9, 10, 12, 14], [4]]","[[11, 13], [1, 2, 3, 5, 6, 7, 8, 9, 10, 12, 14], [4]]"
00068-00000002.soi,soi,14,15,matriz,aleatoria,b=0.1,3,34.13672438672439,37.609359286101416,4,3,8.161743900040165,0.9860132971832692,0.0,"[[13], [11], [1, 2, 3, 5, 6, 7, 8, 9, 10, 12, 14], [4]]","[[11, 13], [1, 2, 3, 5, 6, 7, 8, 9, 10, 12, 14], [4]]"
00068-00000002.soi,soi,14,15,matriz,cerca_empate,b=0.01,3,34.13672438672439,34.92250719845169,4,3,9.869467899901792,0.9860132971832692,0.0,"[[13], [11], [1, 2, 3, 5, 6, 7, 8, 9, 10, 12, 14], [4]]","[[11, 13], [1, 2, 3, 5, 6, 7, 8, 9, 10, 12, 14], [4]]"
00068-00000002.soi,soi,14,15,matriz,cerca_empate,b=0.05,3,34.13672438672439,38.06563844536089,4,3,4.769844599999487,0.9860132971832692,0.0,"[[13], [11], [1, 2, 3, 5, 6, 7, 8, 9, 10, 12, 14], [4]]","[[11, 13], [1, 2, 3, 5, 6, 7, 8, 9, 10, 12, 14], [4]]"
00068-00000002.soi,soi,14,15,matriz,cerca_empate,b=0.1,3,34.13672438672439,41.83139731723008,4,4,2.6085666000144556,1.0,0.0,"[[13], [11], [1, 2, 3, 5, 6, 7, 8, 9, 10, 12, 14], [4]]","[[13], [11], [1, 2, 3, 5, 6, 7, 8, 9, 10, 12, 14], [4]]"
00068-00000002.soi,soi,14,15,matriz,todos,b=0.01,3,34.13672438672439,34.99311876400403,4,4,5.265491699916311,1.0,0.0,"[[13], [11], [1, 2, 3, 5, 6, 7, 8, 9, 10, 12, 14], [4]]","[[13], [11], [1, 2, 3, 5, 6, 7, 8, 9, 10, 12, 14], [4]]"
00068-00000002.soi,soi,14,15,matriz,todos,b=0.05,3,34.13672438672439,38.41869627312261,4,4,3.690525299985893,1.0,0.0,"[[13], [11], [1, 2, 3, 5, 6, 7, 8, 9, 10, 12, 14], [4]]","[[13], [11], [1, 2, 3, 5, 6, 7, 8, 9, 10, 12, 14], [4]]"
00068-00000002.soi,soi,14,15,matriz,todos,b=0.1,3,34.13672438672439,42.04607417375189,4,4,3.008771200082265,0.5547001962252291,2.0,"[[13], [11], [1, 2, 3, 5, 6, 7, 8, 9, 10, 12, 14], [4]]","[[13], [1, 2, 3, 6, 7, 8, 10, 11, 14], [4, 5, 12], [9]]"
00068-00000002.soi,soi,14,15,matriz,aleatoria,b=0.01,4,34.13672438672439,34.29000562756165,4,4,6.576521000009961,1.0,0.0,"[[13], [11], [1, 2, 3, 5, 6, 7, 8, 9, 10, 12, 14], [4]]","[[13], [11], [1, 2, 3, 5, 6, 7, 8, 9, 10, 12, 14], [4]]"
00068-00000002.soi,soi,14,15,matriz,aleatoria,b=0.05,4,34.13672438672439,34.90313059091069,4,3,6.0741005999734625,0.9860132971832692,0.0,"[[13], [11], [1, 2, 3, 5, 6, 7, 8, 9, 10, 12, 14], [4]]","[[11, 13], [1, 2, 3, 5, 6, 7, 8, 9, 10, 12, 14], [4]]"
00068-00000002.soi,soi,14,15,matriz,aleatoria,b=0.1,4,34.13672438672439,35.66953679509699,4,3,10.688049399992451,0.9860132971832692,0.0,"[[13], [11], [1, 2, 3, 5, 6, 7, 8, 9, 10, 12, 14], [4]]","[[11, 13], [1, 2, 3, 5, 6, 7, 8, 9, 10, 12, 14], [4]]"
00068-00000002.soi,soi,14,15,matriz,cerca_empate,b=0.01,4,34.13672438672439,34.92402429311581,4,4,3.8370993999997154,1.0,0.0,"[[13], [11], [1, 2, 3, 5, 6, 7, 8, 9, 10, 12, 14], [4]]","[[13], [11], [1, 2, 3, 5, 6, 7, 8, 9, 10, 12, 14], [4]]"
00068-00000002.soi,soi,14,15,matriz,cerca_empate,b=0.05,4,34.13672438672439,38.0732239186815,4,3,5.303092300076969,0.9860132971832692,0.0,"[[13], [11], [1, 2, 3, 5, 6, 7, 8, 9, 10, 12, 14], [4]]","[[11, 13], [1, 2, 3, 5, 6, 7, 8, 9, 10, 12, 14], [4]]"
00068-00000002.soi,soi,14,15,matriz,cerca_empate,b=0.1,4,34.13672438672439,40.879089585636166,4,4,4.380275600007735,0.5547001962252291,2.0,"[[13], [11], [1, 2, 3, 5, 6, 7, 8, 9, 10, 12, 14], [4]]","[[13], [1, 2, 3, 6, 7, 8, 10, 11, 14], [4, 5, 12], [9]]"
00068-00000002.soi,soi,14,15,matriz,todos,b=0.01,4,34.13672438672439,34.79627638024425,4,3,9.713273899978958,0.9860132971832692,0.0,"[[13], [11], [1, 2, 3, 5, 6, 7, 8, 9, 10, 12, 14], [4]]","[[11, 13], [1, 2, 3, 5, 6, 7, 8, 9, 10, 12, 14], [4]]"
00068-00000002.soi,soi,14,15,matriz,todos,b=0.05,4,34.13672438672439,37.434484354323686,4,3,10.955278799985535,0.9860132971832692,0.0,"[[13], [11], [1, 2, 3, 5, 6, 7, 8, 9, 10, 12, 14], [4]]","[[11, 13], [1, 2, 3, 5, 6, 7, 8, 9, 10, 12, 14], [4]]"
00068-00000002.soi,soi,14,15,matriz,todos,b=0.1,4,34.13672438672439,40.92311524551364,4,3,8.536725899903104,0.9860132971832692,0.0,"[[13], [11], [1, 2, 3, 5, 6, 7, 8, 9, 10, 12, 14], [4]]","[[11, 13], [1, 2, 3, 5, 6, 7, 8, 9, 10, 12, 14], [4]]"
00068-00000003.soi,soi,9,15,matriz,aleatoria,b=0.01,0,12.285714285714285,12.32952563248934,4,4,0.22051969997119159,1.0,0.0,"[[1, 3, 8, 9], [7], [5], [2, 4, 6]]","[[1, 3, 8, 9], [7], [5], [2, 4, 6]]"
00068-00000003.soi,soi,9,15,matriz,aleatoria,b=0.05,0,12.285714285714285,12.504771019589557,4,4,0.09746580000501126,1.0,0.0,"[[1, 3, 8, 9], [7], [5], [2, 4, 6]]","[[1, 3, 8, 9], [7], [5], [2, 4, 6]]"
00068-00000003.soi,soi,9,15,matriz,aleatoria,b=0.1,0,12.285714285714285,12.723827753464827,4,4,0.11003119999077171,1.0,0.0,"[[1, 3, 8, 9], [7], [5], [2, 4, 6]]","[[1, 3, 8, 9], [7], [5], [2, 4, 6]]"
00068-00000003.soi,soi,9,15,matriz,cerca_empate,b=0.01,0,12.285714285714285,12.30408174588507,4,4,0.08874829998239875,1.0,0.0,"[[1, 3, 8, 9], [7], [5], [2, 4, 6]]","[[1, 3, 8, 9], [7], [5], [2, 4, 6]]"
00068-00000003.soi,soi,9,15,matriz,cerca_empate,b=0.05,0,12.285714285714285,12.377551211931458,4,4,0.13997620006557554,1.0,0.0,"[[1, 3, 8, 9], [7], [5], [2, 4, 6]]","[[1, 3, 8, 9], [7], [5], [2, 4, 6]]"
00068-00000003.soi,soi,9,15,matriz,cerca_empate,b=0.1,0,12.285714285714285,12.18115878496413,4,5,0.033071600017137825,0.9649012813540154,2.0,"[[1, 3, 8, 9], [7], [5], [2, 4, 6]]","[[1, 3, 8, 9], [7], [5], [6], [2, 4]]"
00068-00000003.soi,soi,9,15,matriz,todos,b=0.01,0,12.285714285714285,12.762502796443318,4,4,0.7500007000053301,1.0,0.0,"[[1, 3, 8, 9], [7], [5], [2, 4, 6]]","[[1, 3, 8, 9], [7], [5], [2, 4, 6]]"
00068-00000003.soi,soi,9,15,matriz,todos,b=0.05,0,12.285714285714285,14.663360260014088,4,2,0.40847659995779395,0.5143444998736397,1.0,"[[1, 3, 8, 9], [7], [5], [2, 4, 6]]","[[1, 9], [2, 3, 4, 5, 6, 7, 8]]"
00068-00000003.soi,soi,9,15,matriz,todos,b=0.1,0,12.285714285714285,15.355430118340418,4,3,0.0730219999095425,0.6024640760767093,3.0,"[[1, 3, 8, 9], [7], [5], [2, 4, 6]]","[[1, 9], [3, 4, 5, 6, 7, 8], [2]]"
00068-00000003.soi,soi,9,15,matriz,aleatoria,b=0.01,1,12.285714285714285,12.36803118459946,4,4,0.06522360001690686,1.0,0.0,"[[1, 3, 8, 9], [7], [5], [2, 4, 6]]","[[1, 3, 8, 9], [7], [5], [2, 4, 6]]"
00068-00000003.soi,soi,9,15,matriz,aleatoria,b=0.05,1,12.285714285714285,12.697298780140162,4,4,0.06580860004760325,1.0,0.0,"[[1, 3, 8, 9], [7], [5], [2, 4, 6]]","[[1, 3, 8, 9], [7], [5], [2, 4, 6]]"
00068-00000003.soi,soi,9,15,matriz,aleatoria,b=0.1,1,12.285714285714285,13.108883274566036,4,4,0.051452500047162175,1.0,0.0,"[[1, 3, 8, 9], [7], [5], [2, 4, 6]]","[[1, 3, 8, 9], [7], [5], [2, 4, 6]]"
00068-00000003.soi,soi,9,15,matriz,cerca_empate,b=0.01,1,12.285714285714285,12.404319979186642,4,4,0.06394719996023923,1.0,0.0,"[[1, 3, 8, 9], [7], [5], [2, 4, 6]]","[[1, 3, 8, 9], [7], [5], [2, 4, 6]]"
00068-00000003.soi,soi,9,15,matriz,cerca_empate,b=0.05,1,12.285714285714285,12.878742753076065,4,4,0.08351249992847443,1.0,0.0,"[[1, 3, 8, 9], [7], [5], [2, 4, 6]]","[[1, 3, 8, 9], [7], [5], [2, 4, 6]]"
00068-00000003.soi,soi,9,15,matriz,cerca_empate,b=0.1,1,12.285714285714285,13.164331693964773,4,4,0.05693710001651198,0.7273929674533078,1.0,"[[1, 3, 8, 9], [7], [5], [2, 4, 6]]","[[1, 9], [3, 4, 7, 8], [5], [2, 6]]"
00068-00000003.soi,soi,9,15,matriz,todos,b=0.01,1,12.285714285714285,12.58246881307475,4,4,0.5522205999586731,1.0,0.0,"[[1, 3, 8, 9], [7], [5], [2, 4, 6]]","[[1, 3, 8, 9], [7], [5], [2, 4, 6]]"
00068-00000003.soi,soi,9,15,matriz,todos,b=0.05,1,12.285714285714285,13.769486922516599,4,4,0.34605669998563826,1.0,0.0,"[[1, 3, 8, 9], [7], [5], [2, 4, 6]]","[[1, 3, 8, 9], [7], [5], [2, 4, 6]]"
00068-00000003.soi,soi,9,15,matriz,todos,b=0.1,1,12.285714285714285,14.286416413972685,4,4,0.0511834000935778,0.731310340973526,2.0,"[[1, 3, 8, 9], [7], [5], [2, 4, 6]]","[[1, 3, 4, 8, 9], [7], [5], [2, 6]]"
00068-00000003.soi,soi,9,15,matriz,aleatoria,b=0.01,2,12.285714285714285,12.390461888622433,4,4,0.07466250006109476,1.0,0.0,"[[1, 3, 8, 9], [7], [5], [2, 4, 6]]","[[1, 3, 8, 9], [7], [5], [2, 4, 6]]"
00068-00000003.soi,soi,9,15,matriz,aleatoria,b=0.05,2,12.285714285714285,12.809452300255025,4,4,0.06463750009424984,1.0,0.0,"[[1, 3, 8, 9], [7], [5], [2, 4, 6]]","[[1, 3, 8, 9], [7], [5], [2, 4, 6]]"
00068-00000003.soi,soi,9,15,matriz,aleatoria,b=0.1,2,12.285714285714285,13.333190314795765,4,4,0.05587409995496273,1.0,0.0,"[[1, 3, 8, 9], [7], [5], [2, 4, 6]]","[[1, 3, 8, 9], [7], [5], [2, 4, 6]]"
00068-00000003.soi,soi,9,15,matriz,cerca_empate,b=0.01,2,12.285714285714285,12.399101263722724,4,4,0.17538670008070767,1.0,0.0,"[[1, 3, 8, 9], [7], [5], [2, 4, 6]]","[[1, 3, 8, 9], [7], [5], [2, 4, 6]]"
00068-00000003.soi,soi,9,15,matriz,cerca_empate,b=0.05,2,12.285714285714285,12.852649175756474,4,4,0.06184980005491525,1.0,0.0,"[[1, 3, 8, 9], [7], [5], [2, 4, 6]]","[[1, 3, 8, 9], [7], [5], [2, 4, 6]]"
00068-00000003.soi,soi,9,15,matriz,cerca_empate,b=0.1,2,12.285714285714285,13.419584065798663,4,4,0.10359519999474287,1.0,0.0,"[[1, 3, 8, 9], [7], [5], [2, 4, 6]]","[[1, 3, 8, 9], [7], [5], [2, 4, 6]]"
00068-00000003.soi,soi,9,15,matriz,todos,b=0.01,2,12.285714285714285,12.481585836998761,4,4,0.28178670001216233,1.0,0.0,"[[1, 3, 8, 9], [7], [5], [2, 4, 6]]","[[1, 3, 8, 9], [7], [5], [2, 4, 6]]"
00068-00000003.soi,soi,9,15,matriz,todos,b=0.05,2,12.285714285714285,13.265072042136662,4,4,1.2083336999639869,1.0,0.0,"[[1, 3, 8, 9], [7], [5], [2, 4, 6]]","[[1, 3, 8, 9], [7], [5], [2, 4, 6]]"
00068-00000003.soi,soi,9,15,matriz,todos,b=0.1,2,12.285714285714285,14.554846230740392,4,4,0.4328618999570608,1.0,0.0,"[[1, 3, 8, 9], [7], [5], [2, 4, 6]]","[[1, 3, 8, 9], [7], [5], [2, 4, 6]]"
00068-00000003.soi,soi,9,15,matriz,aleatoria,b=0.01,3,12.285714285714285,12.220637064020151,4,4,0.24938459997065365,1.0,0.0,"[[1, 3, 8, 9], [7], [5], [2, 4, 6]]","[[1, 3, 8, 9], [7], [5], [2, 4, 6]]"
00068-00000003.soi,soi,9,15,matriz,aleatoria,b=0.05,3,12.285714285714285,11.96032817724361,4,4,0.2438659000908956,1.0,0.0,"[[1, 3, 8, 9], [7], [5], [2, 4, 6]]","[[1, 3, 8, 9], [7], [5], [2, 4, 6]]"
00068-00000003.soi,soi,9,15,matriz,aleatoria,b=0.1,3,12.285714285714285,11.798097255540252,4,4,0.14494389994069934,1.0,0.0,"[[1, 3, 8, 9], [7], [5], [2, 4, 6]]","[[1, 3, 8, 9], [7], [5], [2, 4, 6]]"
00068-00000003.soi,soi,9,15,matriz,cerca_empate,b=0.01,3,12.285714285714285,12.402947465442896,4,4,0.16603980003856122,1.0,0.0,"[[1, 3, 8, 9], [7], [5], [2, 4, 6]]","[[1, 3, 8, 9], [7], [5], [2, 4, 6]]"
00068-00000003.soi,soi,9,15,matriz,cerca_empate,b=0.05,3,12.285714285714285,12.871880184357348,4,4,0.11505869997199625,1.0,0.0,"[[1, 3, 8, 9], [7], [5], [2, 4, 6]]","[[1, 3, 8, 9], [7], [5], [2, 4, 6]]"
00068-00000003.soi,soi,9,15,matriz,cerca_empate,b=0.1,3,12.285714285714285,13.304041069486654,4,4,0.10013280005659908,0.7273929674533078,1.0,"[[1, 3, 8, 9], [7], [5], [2, 4, 6]]","[[1, 9], [3, 4, 7, 8], [5], [2, 6]]"
00068-00000003.soi,soi,9,15,matriz,todos,b=0.01,3,12.285714285714285,12.591988216876821,4,4,0.2962169999955222,1.0,0.0,"[[1, 3, 8, 9], [7], [5], [2, 4, 6]]","[[1, 3, 8, 9], [7], [5], [2, 4, 6]]"
00068-00000003.soi,soi,9,15,matriz,todos,b=0.05,3,12.285714285714285,13.121870369594886,4,4,0.04642070003319532,0.7273929674533078,1.0,"[[1, 3, 8, 9], [7], [5], [2, 4, 6]]","[[1, 9], [3, 4, 7, 8], [5], [2, 6]]"
00068-00000003.soi,soi,9,15,matriz,todos,b=0.1,3,12.285714285714285,13.121181640242803,4,4,0.04999570001382381,0.7273929674533078,1.0,"[[1, 3, 8, 9], [7], [5], [2, 4, 6]]","[[1, 9], [3, 4, 7, 8], [5], [2, 6]]"
00068-00000003.soi,soi,9,15,matriz,aleatoria,b=0.01,4,12.285714285714285,12.364553318793385,4,4,0.19938479992561042,1.0,0.0,"[[1, 3, 8, 9], [7], [5], [2, 4, 6]]","[[1, 3, 8, 9], [7], [5], [2, 4, 6]]"
00068-00000003.soi,soi,9,15,matriz,aleatoria,b=0.05,4,12.285714285714285,12.679909451109786,4,4,0.3163746999343857,1.0,0.0,"[[1, 3, 8, 9], [7], [5], [2, 4, 6]]","[[1, 3, 8, 9], [7], [5], [2, 4, 6]]"
00068-00000003.soi,soi,9,15,matriz,aleatoria,b=0.1,4,12.285714285714285,13.074104616505283,4,4,0.16510209999978542,1.0,0.0,"[[1, 3, 8, 9], [7], [5], [2, 4, 6]]","[[1, 3, 8, 9], [7], [5], [2, 4, 6]]"
00068-00000003.soi,soi,9,15,matriz,cerca_empate,b=0.01,4,12.285714285714285,12.513052824593682,4,4,0.1516271000728011,1.0,0.0,"[[1, 3, 8, 9], [7], [5], [2, 4, 6]]","[[1, 3, 8, 9], [7], [5], [2, 4, 6]]"
00068-00000003.soi,soi,9,15,matriz,cerca_empate,b=0.05,4,12.285714285714285,13.422406980111266,4,4,0.04039189999457449,1.0,0.0,"[[1, 3, 8, 9], [7], [5], [2, 4, 6]]","[[1, 3, 8, 9], [7], [5], [2, 4, 6]]"
00068-00000003.soi,soi,9,15,matriz,cerca_empate,b=0.1,4,12.285714285714285,14.559099674508246,4,4,0.06811830005608499,1.0,0.0,"[[1, 3, 8, 9], [7], [5], [2, 4, 6]]","[[1, 3, 8, 9], [7], [5], [2, 4, 6]]"
00068-00000003.soi,soi,9,15,matriz,todos,b=0.01,4,12.285714285714285,12.562564022178968,4,4,0.15423990006092936,1.0,0.0,"[[1, 3, 8, 9], [7], [5], [2, 4, 6]]","[[1, 3, 8, 9], [7], [5], [2, 4, 6]]"
00068-00000003.soi,soi,9,15,matriz,todos,b=0.05,4,12.285714285714285,13.669962968037698,4,4,1.145367700024508,1.0,0.0,"[[1, 3, 8, 9], [7], [5], [2, 4, 6]]","[[1, 3, 8, 9], [7], [5], [2, 4, 6]]"
00068-00000003.soi,soi,9,15,matriz,todos,b=0.1,4,12.285714285714285,14.832522894875126,4,3,0.29561699996702373,0.8642416214502249,1.0,"[[1, 3, 8, 9], [7], [5], [2, 4, 6]]","[[1, 3, 8, 9], [2, 4, 5, 7], [6]]"
00068-00000004.soi,soi,17,15,matriz,aleatoria,b=0.01,0,29.77777777777778,30.29236826890962,3,3,2.01284349989146,1.0,0.0,"[[1], [3, 4, 5, 6, 7, 8, 9, 10, 11, 12, 13, 14, 15, 16, 17], [2]]","[[1], [3, 4, 5, 6, 7, 8, 9, 10, 11, 12, 13, 14, 15, 16, 17], [2]]"
00068-00000004.soi,soi,17,15,matriz,aleatoria,b=0.05,0,29.77777777777778,32.350730233436984,3,3,5.097555599990301,1.0,0.0,"[[1], [3, 4, 5, 6, 7, 8, 9, 10, 11, 12, 13, 14, 15, 16, 17], [2]]","[[1], [3, 4, 5, 6, 7, 8, 9, 10, 11, 12, 13, 14, 15, 16, 17], [2]]"
00068-00000004.soi,soi,17,15,matriz,aleatoria,b=0.1,0,29.77777777777778,34.92368268909623,3,3,5.037749000010081,1.0,0.0,"[[1], [3, 4, 5, 6, 7, 8, 9, 10, 11, 12, 13, 14, 15, 16, 17], [2]]","[[1], [3, 4, 5, 6, 7, 8, 9, 10, 11, 12, 13, 14, 15, 16, 17], [2]]"
00068-00000004.soi,soi,17,15,matriz,cerca_empate,b=0.01,0,29.77777777777778,31.414570863217495,3,3,0.6346666000317782,1.0,0.0,"[[1], [3, 4, 5, 6, 7, 8, 9, 10, 11, 12, 13, 14, 15, 16, 17], [2]]","[[1], [3, 4, 5, 6, 7, 8, 9, 10, 11, 12, 13, 14, 15, 16, 17], [2]]"
00068-00000004.soi,soi,17,15,matriz,cerca_empate,b=0.05,0,29.77777777777778,37.96174320497626,3,3,3.4885565999429673,1.0,0.0,"[[1], [3, 4, 5, 6, 7, 8, 9, 10, 11, 12, 13, 14, 15, 16, 17], [2]]","[[1], [3, 4, 5, 6, 7, 8, 9, 10, 11, 12, 13, 14, 15, 16, 17], [2]]"
00068-00000004.soi,soi,17,15,matriz,cerca_empate,b=0.1,0,29.77777777777778,46.0665603923182,3,3,2.9338559999596328,1.0,0.0,"[[1], [3, 4, 5, 6, 7, 8, 9, 10, 11, 12, 13, 14, 15, 16, 17], [2]]","[[1], [3, 4, 5, 6, 7, 8, 9, 10, 11, 12, 13, 14, 15, 16, 17], [2]]"
00068-00000004.soi,soi,17,15,matriz,todos,b=0.01,0,29.77777777777778,31.33792367127453,3,3,0.528785299975425,1.0,0.0,"[[1], [3, 4, 5, 6, 7, 8, 9, 10, 11, 12, 13, 14, 15, 16, 17], [2]]","[[1], [3, 4, 5, 6, 7, 8, 9, 10, 11, 12, 13, 14, 15, 16, 17], [2]]"
00068-00000004.soi,soi,17,15,matriz,todos,b=0.05,0,29.77777777777778,37.617106936071856,3,3,0.6755441999994218,1.0,0.0,"[[1], [3, 4, 5, 6, 7, 8, 9, 10, 11, 12, 13, 14, 15, 16, 17], [2]]","[[1], [3, 4, 5, 6, 7, 8, 9, 10, 11, 12, 13, 14, 15, 16, 17], [2]]"
00068-00000004.soi,soi,17,15,matriz,todos,b=0.1,0,29.77777777777778,46.123102761032584,3,3,0.8606199999339879,1.0,0.0,"[[1], [3, 4, 5, 6, 7, 8, 9, 10, 11, 12, 13, 14, 15, 16, 17], [2]]","[[1], [3, 4, 5, 6, 7, 8, 9, 10, 11, 12, 13, 14, 15, 16, 17], [2]]"
00068-00000004.soi,soi,17,15,matriz,aleatoria,b=0.01,1,29.77777777777778,30.350407823522442,3,3,3.639557500020601,1.0,0.0,"[[1], [3, 4, 5, 6, 7, 8, 9, 10, 11, 12, 13, 14, 15, 16, 17], [2]]","[[1], [3, 4, 5, 6, 7, 8, 9, 10, 11, 12, 13, 14, 15, 16, 17], [2]]"
00068-00000004.soi,soi,17,15,matriz,aleatoria,b=0.05,1,29.77777777777778,32.640928006501056,3,3,2.7554657000582665,1.0,0.0,"[[1], [3, 4, 5, 6, 7, 8, 9, 10, 11, 12, 13, 14, 15, 16, 17], [2]]","[[1], [3, 4, 5, 6, 7, 8, 9, 10, 11, 12, 13, 14, 15, 16, 17], [2]]"
00068-00000004.soi,soi,17,15,matriz,aleatoria,b=0.1,1,29.77777777777778,35.23722096559609,3,3,6.860651800059713,0.8122955416108236,2.3333333333333393,"[[1], [3, 4, 5, 6, 7, 8, 9, 10, 11, 12, 13, 14, 15, 16, 17], [2]]","[[1], [3, 4, 5, 6, 7, 8, 9, 11, 12, 13, 14, 15, 16, 17], [2, 10]]"
00068-00000004.soi,soi,17,15,matriz,cerca_empate,b=0.01,1,29.77777777777778,31.339468323194296,3,3,0.6462274000514299,1.0,0.0,"[[1], [3, 4, 5, 6, 7, 8, 9, 10, 11, 12, 13, 14, 15, 16, 17], [2]]","[[1], [3, 4, 5, 6, 7, 8, 9, 10, 11, 12, 13, 14, 15, 16, 17], [2]]"
00068-00000004.soi,soi,17,15,matriz,cerca_empate,b=0.05,1,29.77777777777778,37.58623050486034,3,3,0.5533458000281826,1.0,0.0,"[[1], [3, 4, 5, 6, 7, 8, 9, 10, 11, 12, 13, 14, 15, 16, 17], [2]]","[[1], [3, 4, 5, 6, 7, 8, 9, 10, 11, 12, 13, 14, 15, 16, 17], [2]]"
00068-00000004.soi,soi,17,15,matriz,cerca_empate,b=0.1,1,29.77777777777778,45.39468323194293,3,3,0.752875299891457,1.0,0.0,"[[1], [3, 4, 5, 6, 7, 8, 9, 10, 11, 12, 13, 14, 15, 16, 17], [2]]","[[1], [3, 4, 5, 6, 7, 8, 9, 10, 11, 12, 13, 14, 15, 16, 17], [2]]"
00068-00000004.soi,soi,17,15,matriz,todos,b=0.01,1,29.77777777777778,31.16644533918027,3,3,0.5329962000250816,1.0,0.0,"[[1], [3, 4, 5, 6, 7, 8, 9, 10, 11, 12, 13, 14, 15, 16, 17], [2]]","[[1], [3, 4, 5, 6, 7, 8, 9, 10, 11, 12, 13, 14, 15, 16, 17], [2]]"
00068-00000004.soi,soi,17,15,matriz,todos,b=0.05,1,29.77777777777778,36.72648660212276,3,3,0.5250499999383464,1.0,0.0,"[[1], [3, 4, 5, 6, 7, 8, 9, 10, 11, 12, 13, 14, 15, 16, 17], [2]]","[[1], [3, 4, 5, 6, 7, 8, 9, 10, 11, 12, 13, 14, 15, 16, 17], [2]]"
00068-00000004.soi,soi,17,15,matriz,todos,b=0.1,1,29.77777777777778,43.89741764868998,3,3,0.4528444999596104,1.0,0.0,"[[1], [3, 4, 5, 6, 7, 8, 9, 10, 11, 12, 13, 14, 15, 16, 17], [2]]","[[1], [3, 4, 5, 6, 7, 8, 9, 10, 11, 12, 13, 14, 15, 16, 17], [2]]"
00068-00000004.soi,soi,17,15,matriz,aleatoria,b=0.01,2,29.77777777777778,30.196173972337725,3,3,5.016239099903032,1.0,0.0,"[[1], [3, 4, 5, 6, 7, 8, 9, 10, 11, 12, 13, 14, 15, 16, 17], [2]]","[[1], [3, 4, 5, 6, 7, 8, 9, 10, 11, 12, 13, 14, 15, 16, 17], [2]]"
00068-00000004.soi,soi,17,15,matriz,aleatoria,b=0.05,2,29.77777777777778,31.869758750577503,3,3,3.1783744000131264,1.0,0.0,"[[1], [3, 4, 5, 6, 7, 8, 9, 10, 11, 12, 13, 14, 15, 16, 17], [2]]","[[1], [3, 4, 5, 6, 7, 8, 9, 10, 11, 12, 13, 14, 15, 16, 17], [2]]"
00068-00000004.soi,soi,17,15,matriz,aleatoria,b=0.1,2,29.77777777777778,33.96173972337722,3,3,4.1208128000143915,1.0,0.0,"[[1], [3, 4, 5, 6, 7, 8, 9, 10, 11, 12, 13, 14, 15, 16, 17], [2]]","[[1], [3, 4, 5, 6, 7, 8, 9, 10, 11, 12, 13, 14, 15, 16, 17], [2]]"
00068-00000004.soi,soi,17,15,matriz,cerca_empate,b=0.01,2,29.77777777777778,31.1799758066292,3,3,1.2953577000880614,1.0,0.0,"[[1], [3, 4, 5, 6, 7, 8, 9, 10, 11, 12, 13, 14, 15, 16, 17], [2]]","[[1], [3, 4, 5, 6, 7, 8, 9, 10, 11, 12, 13, 14, 15, 16, 17], [2]]"
00068-00000004.soi,soi,17,15,matriz,cerca_empate,b=0.05,2,29.77777777777778,36.788767922034964,3,3,4.360988199943677,1.0,0.0,"[[1], [3, 4, 5, 6, 7, 8, 9, 10, 11, 12, 13, 14, 15, 16, 17], [2]]","[[1], [3, 4, 5, 6, 7, 8, 9, 10, 11, 12, 13, 14, 15, 16, 17], [2]]"
00068-00000004.soi,soi,17,15,matriz,cerca_empate,b=0.1,2,29.77777777777778,43.03793278816109,3,3,4.660207299981266,0.8122955416108236,2.3333333333333393,"[[1], [3, 4, 5, 6, 7, 8, 9, 10, 11, 12, 13, 14, 15, 16, 17], [2]]","[[1], [3, 4, 5, 6, 7, 8, 9, 11, 12, 13, 14, 15, 16, 17], [2, 10]]"
00068-00000004.soi,soi,17,15,matriz,todos,b=0.01,2,29.77777777777778,31.835729367353515,3,3,0.2802413000026718,1.0,0.0,"[[1], [3, 4, 5, 6, 7, 8, 9, 10, 11, 12, 13, 14, 15, 16, 17], [2]]","[[1], [3, 4, 5, 6, 7, 8, 9, 10, 11, 12, 13, 14, 15, 16, 17], [2]]"
00068-00000004.soi,soi,17,15,matriz,todos,b=0.05,2,29.77777777777778,40.06753572565646,3,3,0.3105389999691397,1.0,0.0,"[[1], [3, 4, 5, 6, 7, 8, 9, 10, 11, 12, 13, 14, 15, 16, 17], [2]]","[[1], [3, 4, 5, 6, 7, 8, 9, 10, 11, 12, 13, 14, 15, 16, 17], [2]]"
00068-00000004.soi,soi,17,15,matriz,todos,b=0.1,2,29.77777777777778,50.35729246944961,3,3,1.331354400026612,1.0,0.0,"[[1], [3, 4, 5, 6, 7, 8, 9, 10, 11, 12, 13, 14, 15, 16, 17], [2]]","[[1], [3, 4, 5, 6, 7, 8, 9, 10, 11, 12, 13, 14, 15, 16, 17], [2]]"
00068-00000004.soi,soi,17,15,matriz,aleatoria,b=0.01,3,29.77777777777778,30.340607578967745,3,3,2.0539682999951765,1.0,0.0,"[[1], [3, 4, 5, 6, 7, 8, 9, 10, 11, 12, 13, 14, 15, 16, 17], [2]]","[[1], [3, 4, 5, 6, 7, 8, 9, 10, 11, 12, 13, 14, 15, 16, 17], [2]]"
00068-00000004.soi,soi,17,15,matriz,aleatoria,b=0.05,3,29.77777777777778,32.591926783727686,3,3,7.893337599933147,1.0,0.0,"[[1], [3, 4, 5, 6, 7, 8, 9, 10, 11, 12, 13, 14, 15, 16, 17], [2]]","[[1], [3, 4, 5, 6, 7, 8, 9, 10, 11, 12, 13, 14, 15, 16, 17], [2]]"
00068-00000004.soi,soi,17,15,matriz,aleatoria,b=0.1,3,29.77777777777778,35.406075789677594,3,3,7.577992599923164,1.0,0.0,"[[1], [3, 4, 5, 6, 7, 8, 9, 10, 11, 12, 13, 14, 15, 16, 17], [2]]","[[1], [3, 4, 5, 6, 7, 8, 9, 10, 11, 12, 13, 14, 15, 16, 17], [2]]"
00068-00000004.soi,soi,17,15,matriz,cerca_empate,b=0.01,3,29.77777777777778,31.307742806286832,3,3,0.5487228001002222,1.0,0.0,"[[1], [3, 4, 5, 6, 7, 8, 9, 10, 11, 12, 13, 14, 15, 16, 17], [2]]","[[1], [3, 4, 5, 6, 7, 8, 9, 10, 11, 12, 13, 14, 15, 16, 17], [2]]"
00068-00000004.soi,soi,17,15,matriz,cerca_empate,b=0.05,3,29.77777777777778,37.42760292032308,3,3,0.23797069990541786,1.0,0.0,"[[1], [3, 4, 5, 6, 7, 8, 9, 10, 11, 12, 13, 14, 15, 16, 17], [2]]","[[1], [3, 4, 5, 6, 7, 8, 9, 10, 11, 12, 13, 14, 15, 16, 17], [2]]"
00068-00000004.soi,soi,17,15,matriz,cerca_empate,b=0.1,3,29.77777777777778,44.914272876101066,3,3,1.5275949999922886,1.0,0.0,"[[1], [3, 4, 5, 6, 7, 8, 9, 10, 11, 12, 13, 14, 15, 16, 17], [2]]","[[1], [3, 4, 5, 6, 7, 8, 9, 10, 11, 12, 13, 14, 15, 16, 17], [2]]"
00068-00000004.soi,soi,17,15,matriz,todos,b=0.01,3,29.77777777777778,31.074355960884155,3,3,0.526362199918367,1.0,0.0,"[[1], [3, 4, 5, 6, 7, 8, 9, 10, 11, 12, 13, 14, 15, 16, 17], [2]]","[[1], [3, 4, 5, 6, 7, 8, 9, 10, 11, 12, 13, 14, 15, 16, 17], [2]]"
00068-00000004.soi,soi,17,15,matriz,todos,b=0.05,3,29.77777777777778,36.26066869330967,3,3,0.5021039000712335,1.0,0.0,"[[1], [3, 4, 5, 6, 7, 8, 9, 10, 11, 12, 13, 14, 15, 16, 17], [2]]","[[1], [3, 4, 5, 6, 7, 8, 9, 10, 11, 12, 13, 14, 15, 16, 17], [2]]"
00068-00000004.soi,soi,17,15,matriz,todos,b=0.1,3,29.77777777777778,42.74355960884156,3,3,0.22641569992993027,1.0,0.0,"[[1], [3, 4, 5, 6, 7, 8, 9, 10, 11, 12, 13, 14, 15, 16, 17], [2]]","[[1], [3, 4, 5, 6, 7, 8, 9, 10, 11, 12, 13, 14, 15, 16, 17], [2]]"
00068-00000004.soi,soi,17,15,matriz,aleatoria,b=0.01,4,29.77777777777778,30.054614019615705,3,3,1.581123000010848,1.0,0.0,"[[1], [3, 4, 5, 6, 7, 8, 9, 10, 11, 12, 13, 14, 15, 16, 17], [2]]","[[1], [3, 4, 5, 6, 7, 8, 9, 10, 11, 12, 13, 14, 15, 16, 17], [2]]"
00068-00000004.soi,soi,17,15,matriz,aleatoria,b=0.05,4,29.77777777777778,31.1619589869674,3,3,3.32287220004946,1.0,0.0,"[[1], [3, 4, 5, 6, 7, 8, 9, 10, 11, 12, 13, 14, 15, 16, 17], [2]]","[[1], [3, 4, 5, 6, 7, 8, 9, 10, 11, 12, 13, 14, 15, 16, 17], [2]]"
00068-00000004.soi,soi,17,15,matriz,aleatoria,b=0.1,4,29.77777777777778,32.546140196157054,3,3,4.3058138999622315,1.0,0.0,"[[1], [3, 4, 5, 6, 7, 8, 9, 10, 11, 12, 13, 14, 15, 16, 17], [2]]","[[1], [3, 4, 5, 6, 7, 8, 9, 10, 11, 12, 13, 14, 15, 16, 17], [2]]"
00068-00000004.soi,soi,17,15,matriz,cerca_empate,b=0.01,4,29.77777777777778,31.24959377683898,3,3,0.4933164999820292,1.0,0.0,"[[1], [3, 4, 5, 6, 7, 8, 9, 10, 11, 12, 13, 14, 15, 16, 17], [2]]","[[1], [3, 4, 5, 6, 7, 8, 9, 10, 11, 12, 13, 14, 15, 16, 17], [2]]"
00068-00000004.soi,soi,17,15,matriz,cerca_empate,b=0.05,4,29.77777777777778,37.13685777308375,3,3,4.2043674000306055,1.0,0.0,"[[1], [3, 4, 5, 6, 7, 8, 9, 10, 11, 12, 13, 14, 15, 16, 17], [2]]","[[1], [3, 4, 5, 6, 7, 8, 9, 10, 11, 12, 13, 14, 15, 16, 17], [2]]"
00068-00000004.soi,soi,17,15,matriz,cerca_empate,b=0.1,4,29.77777777777778,44.4959377683897,3,3,1.757491399999708,1.0,0.0,"[[1], [3, 4, 5, 6, 7, 8, 9, 10, 11, 12, 13, 14, 15, 16, 17], [2]]","[[1], [3, 4, 5, 6, 7, 8, 9, 10, 11, 12, 13, 14, 15, 16, 17], [2]]"
00068-00000004.soi,soi,17,15,matriz,todos,b=0.01,4,29.77777777777778,30.928232549296887,3,3,0.5726123000495136,1.0,0.0,"[[1], [3, 4, 5, 6, 7, 8, 9, 10, 11, 12, 13, 14, 15, 16, 17], [2]]","[[1], [3, 4, 5, 6, 7, 8, 9, 10, 11, 12, 13, 14, 15, 16, 17], [2]]"
00068-00000004.soi,soi,17,15,matriz,todos,b=0.05,4,29.77777777777778,35.5300566361922,3,3,0.5561927000526339,1.0,0.0,"[[1], [3, 4, 5, 6, 7, 8, 9, 10, 11, 12, 13, 14, 15, 16, 17], [2]]","[[1], [3, 4, 5, 6, 7, 8, 9, 10, 11, 12, 13, 14, 15, 16, 17], [2]]"
00068-00000004.soi,soi,17,15,matriz,todos,b=0.1,4,29.77777777777778,41.28233421148618,3,3,0.6378839000826702,1.0,0.0,"[[1], [3, 4, 5, 6, 7, 8, 9, 10, 11, 12, 13, 14, 15, 16, 17], [2]]","[[1], [3, 4, 5, 6, 7, 8, 9, 10, 11, 12, 13, 14, 15, 16, 17], [2]]"
00068-00000005.soi,soi,5,15,matriz,aleatoria,b=0.01,0,3.935803085803086,3.9804437472663565,1,1,0.015495400060899556,1.0,0.0,"[[1, 2, 3, 4, 5]]","[[1, 2, 3, 4, 5]]"
00068-00000005.soi,soi,5,15,matriz,aleatoria,b=0.05,0,3.935803085803086,3.8853544202112738,1,2,0.020685299998149276,0.0,0.22668442668442657,"[[1, 2, 3, 4, 5]]","[[2, 3], [1, 4, 5]]"
00068-00000005.soi,soi,5,15,matriz,aleatoria,b=0.1,0,3.935803085803086,3.681824131350943,1,2,0.010052799945697188,0.0,0.22668442668442657,"[[1, 2, 3, 4, 5]]","[[2, 3], [1, 4, 5]]"
00068-00000005.soi,soi,5,15,matriz,cerca_empate,b=0.01,0,3.935803085803086,3.867027923328258,1,1,0.016543300007469952,1.0,0.0,"[[1, 2, 3, 4, 5]]","[[1, 2, 3, 4, 5]]"
00068-00000005.soi,soi,5,15,matriz,cerca_empate,b=0.05,0,3.935803085803086,3.7589303396882032,1,1,0.01434490003157407,1.0,0.0,"[[1, 2, 3, 4, 5]]","[[1, 2, 3, 4, 5]]"
00068-00000005.soi,soi,5,15,matriz,cerca_empate,b=0.1,0,3.935803085803086,4.008335333308764,1,1,0.011650200001895428,1.0,0.0,"[[1, 2, 3, 4, 5]]","[[1, 2, 3, 4, 5]]"
00068-00000005.soi,soi,5,15,matriz,todos,b=0.01,0,3.935803085803086,3.9925983265064406,1,1,0.029462100006639957,1.0,0.0,"[[1, 2, 3, 4, 5]]","[[1, 2, 3, 4, 5]]"
00068-00000005.soi,soi,5,15,matriz,todos,b=0.05,0,3.935803085803086,3.848811755856652,1,2,0.01872609998099506,0.0,0.22668442668442657,"[[1, 2, 3, 4, 5]]","[[2, 3], [1, 4, 5]]"
00068-00000005.soi,soi,5,15,matriz,todos,b=0.1,0,3.935803085803086,3.52939762834461,1,2,0.01102460001129657,0.0,0.6357753357753357,"[[1, 2, 3, 4, 5]]","[[2, 3, 5], [1, 4]]"
00068-00000005.soi,soi,5,15,matriz,aleatoria,b=0.01,1,3.935803085803086,3.9822082013811455,1,2,0.01100369996856898,0.0,0.07777777777777706,"[[1, 2, 3, 4, 5]]","[[1, 2, 3, 5], [4]]"
00068-00000005.soi,soi,5,15,matriz,aleatoria,b=0.05,1,3.935803085803086,3.8567175525822757,1,2,0.013463700073771179,0.0,0.07777777777777706,"[[1, 2, 3, 4, 5]]","[[1, 2, 3, 5], [4]]"
00068-00000005.soi,soi,5,15,matriz,aleatoria,b=0.1,1,3.935803085803086,3.710596276248749,1,2,0.0071826999774202704,0.0,0.07777777777777706,"[[1, 2, 3, 4, 5]]","[[1, 2, 3, 5], [4]]"
00068-00000005.soi,soi,5,15,matriz,cerca_empate,b=0.01,1,3.935803085803086,3.9566888470605583,1,1,0.021468900027684867,1.0,0.0,"[[1, 2, 3, 4, 5]]","[[1, 2, 3, 4, 5]]"
00068-00000005.soi,soi,5,15,matriz,cerca_empate,b=0.05,1,3.935803085803086,4.040231892090449,1,1,0.010052799945697188,1.0,0.0,"[[1, 2, 3, 4, 5]]","[[1, 2, 3, 4, 5]]"
00068-00000005.soi,soi,5,15,matriz,cerca_empate,b=0.1,1,3.935803085803086,4.0441811055544274,1,2,0.009894000017084181,0.0,0.6601398601398603,"[[1, 2, 3, 4, 5]]","[[2], [1, 3, 4, 5]]"
00068-00000005.soi,soi,5,15,matriz,todos,b=0.01,1,3.935803085803086,3.883276166040224,1,1,0.010528900078497827,1.0,0.0,"[[1, 2, 3, 4, 5]]","[[1, 2, 3, 4, 5]]"
00068-00000005.soi,soi,5,15,matriz,todos,b=0.05,1,3.935803085803086,3.6152559720725406,1,2,0.010376299964264035,0.0,0.07777777777777706,"[[1, 2, 3, 4, 5]]","[[1, 2, 3, 5], [4]]"
00068-00000005.soi,soi,5,15,matriz,todos,b=0.1,1,3.935803085803086,3.5852763698506336,1,2,0.010244600009173155,0.0,0.07777777777777706,"[[1, 2, 3, 4, 5]]","[[1, 2, 3, 5], [4]]"
00068-00000005.soi,soi,5,15,matriz,aleatoria,b=0.01,2,3.935803085803086,3.9111644397366616,1,1,0.021024899906478822,1.0,0.0,"[[1, 2, 3, 4, 5]]","[[1, 2, 3, 4, 5]]"
00068-00000005.soi,soi,5,15,matriz,aleatoria,b=0.05,2,3.935803085803086,4.086101507333662,1,2,0.011662099976092577,0.0,0.07777777777777706,"[[1, 2, 3, 4, 5]]","[[1, 2, 3, 5], [4]]"
00068-00000005.soi,soi,5,15,matriz,aleatoria,b=0.1,2,3.935803085803086,4.312468304932616,1,2,0.01302620000205934,0.0,0.07777777777777706,"[[1, 2, 3, 4, 5]]","[[1, 2, 3, 5], [4]]"
00068-00000005.soi,soi,5,15,matriz,cerca_empate,b=0.01,2,3.935803085803086,3.9582421473977725,1,1,0.011682700016535819,1.0,0.0,"[[1, 2, 3, 4, 5]]","[[1, 2, 3, 4, 5]]"
00068-00000005.soi,soi,5,15,matriz,cerca_empate,b=0.05,2,3.935803085803086,4.047998393776518,1,1,0.011372600100003183,1.0,0.0,"[[1, 2, 3, 4, 5]]","[[1, 2, 3, 4, 5]]"
00068-00000005.soi,soi,5,15,matriz,cerca_empate,b=0.1,2,3.935803085803086,4.043348780762412,1,2,0.010124600026756525,0.0,0.22668442668442657,"[[1, 2, 3, 4, 5]]","[[2, 3], [1, 4, 5]]"
00068-00000005.soi,soi,5,15,matriz,todos,b=0.01,2,3.935803085803086,3.946248924055098,1,1,0.013924999977461994,1.0,0.0,"[[1, 2, 3, 4, 5]]","[[1, 2, 3, 4, 5]]"
00068-00000005.soi,soi,5,15,matriz,todos,b=0.05,2,3.935803085803086,3.9880322770631436,1,1,0.0104867999907583,1.0,0.0,"[[1, 2, 3, 4, 5]]","[[1, 2, 3, 4, 5]]"
00068-00000005.soi,soi,5,15,matriz,todos,b=0.1,2,3.935803085803086,3.8147105366820053,1,3,0.008725900086574256,0.0,0.524664224664225,"[[1, 2, 3, 4, 5]]","[[2, 3, 5], [1], [4]]"
00068-00000005.soi,soi,5,15,matriz,aleatoria,b=0.01,3,3.935803085803086,3.961380923083257,1,1,0.013967900071293116,1.0,0.0,"[[1, 2, 3, 4, 5]]","[[1, 2, 3, 4, 5]]"
00068-00000005.soi,soi,5,15,matriz,aleatoria,b=0.05,3,3.935803085803086,4.014813272165457,1,2,0.011393599910661578,0.0,0.07777777777777706,"[[1, 2, 3, 4, 5]]","[[1, 2, 3, 5], [4]]"
00068-00000005.soi,soi,5,15,matriz,aleatoria,b=0.1,3,3.935803085803086,3.964140039232043,1,2,0.010162800084799528,0.0,0.22668442668442657,"[[1, 2, 3, 4, 5]]","[[2, 3], [1, 4, 5]]"
00068-00000005.soi,soi,5,15,matriz,cerca_empate,b=0.01,3,3.935803085803086,3.9745967701664355,1,1,0.010443500010296702,1.0,0.0,"[[1, 2, 3, 4, 5]]","[[1, 2, 3, 4, 5]]"
00068-00000005.soi,soi,5,15,matriz,cerca_empate,b=0.05,3,3.935803085803086,4.129771507619833,1,1,0.010923800058662891,1.0,0.0,"[[1, 2, 3, 4, 5]]","[[1, 2, 3, 4, 5]]"
00068-00000005.soi,soi,5,15,matriz,cerca_empate,b=0.1,3,3.935803085803086,4.287757692124744,1,3,0.00994010001886636,0.0,0.524664224664225,"[[1, 2, 3, 4, 5]]","[[2, 3, 5], [1], [4]]"
00068-00000005.soi,soi,5,15,matriz,todos,b=0.01,3,3.935803085803086,3.983244074031832,1,1,0.01111209997907281,1.0,0.0,"[[1, 2, 3, 4, 5]]","[[1, 2, 3, 4, 5]]"
00068-00000005.soi,soi,5,15,matriz,todos,b=0.05,3,3.935803085803086,4.124422428958797,1,3,0.013612100039608777,0.0,0.615573315573315,"[[1, 2, 3, 4, 5]]","[[2, 3], [1, 5], [4]]"
00068-00000005.soi,soi,5,15,matriz,todos,b=0.1,3,3.935803085803086,3.8513146103873463,1,3,0.011727999895811081,0.0,0.615573315573315,"[[1, 2, 3, 4, 5]]","[[2, 3], [1, 5], [4]]"
00068-00000005.soi,soi,5,15,matriz,aleatoria,b=0.01,4,3.935803085803086,3.9581636486905927,1,1,0.009665000019595027,1.0,0.0,"[[1, 2, 3, 4, 5]]","[[1, 2, 3, 4, 5]]"
00068-00000005.soi,soi,5,15,matriz,aleatoria,b=0.05,4,3.935803085803086,4.002343833725697,1,2,0.025899200001731515,0.0,0.22668442668442657,"[[1, 2, 3, 4, 5]]","[[2, 3], [1, 4, 5]]"
00068-00000005.soi,soi,5,15,matriz,aleatoria,b=0.1,4,3.935803085803086,3.842200154963882,1,2,0.02032340003643185,0.0,0.22668442668442657,"[[1, 2, 3, 4, 5]]","[[2, 3], [1, 4, 5]]"
00068-00000005.soi,soi,5,15,matriz,cerca_empate,b=0.01,4,3.935803085803086,3.9537457784459664,1,1,0.01818659994751215,1.0,0.0,"[[1, 2, 3, 4, 5]]","[[1, 2, 3, 4, 5]]"
00068-00000005.soi,soi,5,15,matriz,cerca_empate,b=0.05,4,3.935803085803086,3.74402385104937,1,2,0.011218799976631999,0.0,0.22668442668442657,"[[1, 2, 3, 4, 5]]","[[2, 3], [1, 4, 5]]"
00068-00000005.soi,soi,5,15,matriz,cerca_empate,b=0.1,4,3.935803085803086,3.658893522944561,1,2,0.011025600018911064,0.0,0.22668442668442657,"[[1, 2, 3, 4, 5]]","[[2, 3], [1, 4, 5]]"
00068-00000005.soi,soi,5,15,matriz,todos,b=0.01,4,3.935803085803086,4.011253710986672,1,1,0.010179699980653822,1.0,0.0,"[[1, 2, 3, 4, 5]]","[[1, 2, 3, 4, 5]]"
00068-00000005.soi,soi,5,15,matriz,todos,b=0.05,4,3.935803085803086,4.067129161253559,1,2,0.013955899979919195,0.0,0.07777777777777706,"[[1, 2, 3, 4, 5]]","[[1, 2, 3, 5], [4]]"
00068-00000005.soi,soi,5,15,matriz,todos,b=0.1,4,3.935803085803086,4.285585130525886,1,2,0.00823609996587038,0.0,0.07777777777777706,"[[1, 2, 3, 4, 5]]","[[1, 2, 3, 5], [4]]"
00068-00000006.soi,soi,9,15,matriz,aleatoria,b=0.01,0,11.25,11.250634142774704,3,3,0.12104759993962944,0.9999999999999999,0.0,"[[4], [1, 2, 3, 5, 7, 8, 9], [6]]","[[4], [1, 2, 3, 5, 7, 8, 9], [6]]"
00068-00000006.soi,soi,9,15,matriz,aleatoria,b=0.05,0,11.25,11.253170713873526,3,3,0.06806620000861585,0.9999999999999999,0.0,"[[4], [1, 2, 3, 5, 7, 8, 9], [6]]","[[4], [1, 2, 3, 5, 7, 8, 9], [6]]"
00068-00000006.soi,soi,9,15,matriz,aleatoria,b=0.1,0,11.25,11.256341427747051,3,3,0.03445040003862232,0.9999999999999999,0.0,"[[4], [1, 2, 3, 5, 7, 8, 9], [6]]","[[4], [1, 2, 3, 5, 7, 8, 9], [6]]"
00068-00000006.soi,soi,9,15,matriz,cerca_empate,b=0.01,0,11.25,11.725173090474142,3,3,0.06959219998680055,0.9999999999999999,0.0,"[[4], [1, 2, 3, 5, 7, 8, 9], [6]]","[[4], [1, 2, 3, 5, 7, 8, 9], [6]]"
00068-00000006.soi,soi,9,15,matriz,cerca_empate,b=0.05,0,11.25,13.625865452370707,3,3,0.10776899999473244,0.9999999999999999,0.0,"[[4], [1, 2, 3, 5, 7, 8, 9], [6]]","[[4], [1, 2, 3, 5, 7, 8, 9], [6]]"
00068-00000006.soi,soi,9,15,matriz,cerca_empate,b=0.1,0,11.25,15.466481650100938,3,4,0.21935020003002137,0.3415650255319866,5.0,"[[4], [1, 2, 3, 5, 7, 8, 9], [6]]","[[4, 5, 8, 9], [1], [3, 6], [2, 7]]"
00068-00000006.soi,soi,9,15,matriz,todos,b=0.01,0,11.25,11.513950032298526,3,3,0.10064730001613498,0.9999999999999999,0.0,"[[4], [1, 2, 3, 5, 7, 8, 9], [6]]","[[4], [1, 2, 3, 5, 7, 8, 9], [6]]"
00068-00000006.soi,soi,9,15,matriz,todos,b=0.05,0,11.25,12.838604510316031,3,3,0.05604259995743632,0.9999999999999999,0.0,"[[4], [1, 2, 3, 5, 7, 8, 9], [6]]","[[4], [1, 2, 3, 5, 7, 8, 9], [6]]"
00068-00000006.soi,soi,9,15,matriz,todos,b=0.1,0,11.25,14.677209020632063,3,3,0.06544449995271862,0.9999999999999999,0.0,"[[4], [1, 2, 3, 5, 7, 8, 9], [6]]","[[4], [1, 2, 3, 5, 7, 8, 9], [6]]"
00068-00000006.soi,soi,9,15,matriz,aleatoria,b=0.01,1,11.25,11.333911343128543,3,3,0.04452660004608333,0.9999999999999999,0.0,"[[4], [1, 2, 3, 5, 7, 8, 9], [6]]","[[4], [1, 2, 3, 5, 7, 8, 9], [6]]"
00068-00000006.soi,soi,9,15,matriz,aleatoria,b=0.05,1,11.25,11.66955671564271,3,3,0.07051420002244413,0.9999999999999999,0.0,"[[4], [1, 2, 3, 5, 7, 8, 9], [6]]","[[4], [1, 2, 3, 5, 7, 8, 9], [6]]"
00068-00000006.soi,soi,9,15,matriz,aleatoria,b=0.1,1,11.25,12.089113431285421,3,3,0.05934859998524189,0.9999999999999999,0.0,"[[4], [1, 2, 3, 5, 7, 8, 9], [6]]","[[4], [1, 2, 3, 5, 7, 8, 9], [6]]"
00068-00000006.soi,soi,9,15,matriz,cerca_empate,b=0.01,1,11.25,11.488752350849314,3,3,0.08228289999533445,0.9999999999999999,0.0,"[[4], [1, 2, 3, 5, 7, 8, 9], [6]]","[[4], [1, 2, 3, 5, 7, 8, 9], [6]]"
00068-00000006.soi,soi,9,15,matriz,cerca_empate,b=0.05,1,11.25,12.443761754246575,3,3,0.03912760003004223,0.9999999999999999,0.0,"[[4], [1, 2, 3, 5, 7, 8, 9], [6]]","[[4], [1, 2, 3, 5, 7, 8, 9], [6]]"
00068-00000006.soi,soi,9,15,matriz,cerca_empate,b=0.1,1,11.25,13.637523508493151,3,3,0.10129059990867972,0.9999999999999999,0.0,"[[4], [1, 2, 3, 5, 7, 8, 9], [6]]","[[4], [1, 2, 3, 5, 7, 8, 9], [6]]"
00068-00000006.soi,soi,9,15,matriz,todos,b=0.01,1,11.25,11.384307391828404,3,3,0.06368659995496273,0.9999999999999999,0.0,"[[4], [1, 2, 3, 5, 7, 8, 9], [6]]","[[4], [1, 2, 3, 5, 7, 8, 9], [6]]"
00068-00000006.soi,soi,9,15,matriz,todos,b=0.05,1,11.25,11.921536959142014,3,3,0.06893199996557087,0.9999999999999999,0.0,"[[4], [1, 2, 3, 5, 7, 8, 9], [6]]","[[4], [1, 2, 3, 5, 7, 8, 9], [6]]"
00068-00000006.soi,soi,9,15,matriz,todos,b=0.1,1,11.25,12.59307391828403,3,3,0.05835099995601922,0.9999999999999999,0.0,"[[4], [1, 2, 3, 5, 7, 8, 9], [6]]","[[4], [1, 2, 3, 5, 7, 8, 9], [6]]"
00068-00000006.soi,soi,9,15,matriz,aleatoria,b=0.01,2,11.25,11.358000536743836,3,3,0.0469796999823302,0.9999999999999999,0.0,"[[4], [1, 2, 3, 5, 7, 8, 9], [6]]","[[4], [1, 2, 3, 5, 7, 8, 9], [6]]"
00068-00000006.soi,soi,9,15,matriz,aleatoria,b=0.05,2,11.25,11.790002683719178,3,3,0.06259180000051856,0.9999999999999999,0.0,"[[4], [1, 2, 3, 5, 7, 8, 9], [6]]","[[4], [1, 2, 3, 5, 7, 8, 9], [6]]"
00068-00000006.soi,soi,9,15,matriz,aleatoria,b=0.1,2,11.25,11.948160363828428,3,2,0.05497220007237047,0.7302967433402213,0.5,"[[4], [1, 2, 3, 5, 7, 8, 9], [6]]","[[4], [1, 2, 3, 5, 6, 7, 8, 9]]"
00068-00000006.soi,soi,9,15,matriz,cerca_empate,b=0.01,2,11.25,11.546004535969047,3,3,0.05646690004505217,0.9999999999999999,0.0,"[[4], [1, 2, 3, 5, 7, 8, 9], [6]]","[[4], [1, 2, 3, 5, 7, 8, 9], [6]]"
00068-00000006.soi,soi,9,15,matriz,cerca_empate,b=0.05,2,11.25,12.730022679845238,3,3,0.07004460005555302,0.9999999999999999,0.0,"[[4], [1, 2, 3, 5, 7, 8, 9], [6]]","[[4], [1, 2, 3, 5, 7, 8, 9], [6]]"
00068-00000006.soi,soi,9,15,matriz,cerca_empate,b=0.1,2,11.25,14.210045359690476,3,3,0.04595179995521903,0.9999999999999999,0.0,"[[4], [1, 2, 3, 5, 7, 8, 9], [6]]","[[4], [1, 2, 3, 5, 7, 8, 9], [6]]"
00068-00000006.soi,soi,9,15,matriz,todos,b=0.01,2,11.25,11.546275322621614,3,3,0.07121029996778816,0.9999999999999999,0.0,"[[4], [1, 2, 3, 5, 7, 8, 9], [6]]","[[4], [1, 2, 3, 5, 7, 8, 9], [6]]"
00068-00000006.soi,soi,9,15,matriz,todos,b=0.05,2,11.25,12.731376613108075,3,3,0.08886130002792925,0.9999999999999999,0.0,"[[4], [1, 2, 3, 5, 7, 8, 9], [6]]","[[4], [1, 2, 3, 5, 7, 8, 9], [6]]"
00068-00000006.soi,soi,9,15,matriz,todos,b=0.1,2,11.25,14.212753226216137,3,3,0.06246010004542768,0.9999999999999999,0.0,"[[4], [1, 2, 3, 5, 7, 8, 9], [6]]","[[4], [1, 2, 3, 5, 7, 8, 9], [6]]"
00068-00000006.soi,soi,9,15,matriz,aleatoria,b=0.01,3,11.25,11.441560698791136,3,3,0.3778499000472948,0.9999999999999999,0.0,"[[4], [1, 2, 3, 5, 7, 8, 9], [6]]","[[4], [1, 2, 3, 5, 7, 8, 9], [6]]"
00068-00000006.soi,soi,9,15,matriz,aleatoria,b=0.05,3,11.25,12.207803639542044,3,3,0.08508460002485663,0.9999999999999999,0.0,"[[4], [1, 2, 3, 5, 7, 8, 9], [6]]","[[4], [1, 2, 3, 5, 7, 8, 9], [6]]"
00068-00000006.soi,soi,9,15,matriz,aleatoria,b=0.1,3,11.25,13.002452092316728,3,3,0.16576540004462004,0.9999999999999999,0.0,"[[4], [1, 2, 3, 5, 7, 8, 9], [6]]","[[4], [1, 2, 3, 5, 7, 8, 9], [6]]"
00068-00000006.soi,soi,9,15,matriz,cerca_empate,b=0.01,3,11.25,11.482015919528738,3,3,0.09041289996821433,0.9999999999999999,0.0,"[[4], [1, 2, 3, 5, 7, 8, 9], [6]]","[[4], [1, 2, 3, 5, 7, 8, 9], [6]]"
00068-00000006.soi,soi,9,15,matriz,cerca_empate,b=0.05,3,11.25,12.410079597643698,3,3,0.054720800020731986,0.9999999999999999,0.0,"[[4], [1, 2, 3, 5, 7, 8, 9], [6]]","[[4], [1, 2, 3, 5, 7, 8, 9], [6]]"
00068-00000006.soi,soi,9,15,matriz,cerca_empate,b=0.1,3,11.25,13.570159195287394,3,3,0.04886240011546761,0.9999999999999999,0.0,"[[4], [1, 2, 3, 5, 7, 8, 9], [6]]","[[4], [1, 2, 3, 5, 7, 8, 9], [6]]"
00068-00000006.soi,soi,9,15,matriz,todos,b=0.01,3,11.25,11.625498113609016,3,3,0.08631839998997748,0.9999999999999999,0.0,"[[4], [1, 2, 3, 5, 7, 8, 9], [6]]","[[4], [1, 2, 3, 5, 7, 8, 9], [6]]"
00068-00000006.soi,soi,9,15,matriz,todos,b=0.05,3,11.25,13.127490568045083,3,3,0.07698479993268847,0.9999999999999999,0.0,"[[4], [1, 2, 3, 5, 7, 8, 9], [6]]","[[4], [1, 2, 3, 5, 7, 8, 9], [6]]"
00068-00000006.soi,soi,9,15,matriz,todos,b=0.1,3,11.25,14.752250119619136,3,2,0.12991289992351085,0.7302967433402213,0.5,"[[4], [1, 2, 3, 5, 7, 8, 9], [6]]","[[4], [1, 2, 3, 5, 6, 7, 8, 9]]"
00068-00000006.soi,soi,9,15,matriz,aleatoria,b=0.01,4,11.25,11.327108193104324,3,3,0.034838999970816076,0.9999999999999999,0.0,"[[4], [1, 2, 3, 5, 7, 8, 9], [6]]","[[4], [1, 2, 3, 5, 7, 8, 9], [6]]"
00068-00000006.soi,soi,9,15,matriz,aleatoria,b=0.05,4,11.25,11.635540965521624,3,3,0.04182980000041425,0.9999999999999999,0.0,"[[4], [1, 2, 3, 5, 7, 8, 9], [6]]","[[4], [1, 2, 3, 5, 7, 8, 9], [6]]"
00068-00000006.soi,soi,9,15,matriz,aleatoria,b=0.1,4,11.25,12.021081931043248,3,3,0.04585819994099438,0.9999999999999999,0.0,"[[4], [1, 2, 3, 5, 7, 8, 9], [6]]","[[4], [1, 2, 3, 5, 7, 8, 9], [6]]"
00068-00000006.soi,soi,9,15,matriz,cerca_empate,b=0.01,4,11.25,11.63061079029121,3,3,0.07679590000770986,0.9999999999999999,0.0,"[[4], [1, 2, 3, 5, 7, 8, 9], [6]]","[[4], [1, 2, 3, 5, 7, 8, 9], [6]]"
00068-00000006.soi,soi,9,15,matriz,cerca_empate,b=0.05,4,11.25,13.153053951456048,3,3,0.07784189993981272,0.9999999999999999,0.0,"[[4], [1, 2, 3, 5, 7, 8, 9], [6]]","[[4], [1, 2, 3, 5, 7, 8, 9], [6]]"
00068-00000006.soi,soi,9,15,matriz,cerca_empate,b=0.1,4,11.25,15.056107902912094,3,3,0.04338279995135963,0.9999999999999999,0.0,"[[4], [1, 2, 3, 5, 7, 8, 9], [6]]","[[4], [1, 2, 3, 5, 7, 8, 9], [6]]"
00068-00000006.soi,soi,9,15,matriz,todos,b=0.01,4,11.25,11.703804318042588,3,3,0.05960489995777607,0.9999999999999999,0.0,"[[4], [1, 2, 3, 5, 7, 8, 9], [6]]","[[4], [1, 2, 3, 5, 7, 8, 9], [6]]"
00068-00000006.soi,soi,9,15,matriz,todos,b=0.05,4,11.25,13.51902159021294,3,3,0.08877060003578663,0.9999999999999999,0.0,"[[4], [1, 2, 3, 5, 7, 8, 9], [6]]","[[4], [1, 2, 3, 5, 7, 8, 9], [6]]"
00068-00000006.soi,soi,9,15,matriz,todos,b=0.1,4,11.25,15.670695785517744,3,2,0.06417909997981042,0.7302967433402213,1.666666666666666,"[[4], [1, 2, 3, 5, 7, 8, 9], [6]]","[[1, 2, 3, 4, 5, 7, 8, 9], [6]]"
00068-00000007.soi,soi,13,15,matriz,aleatoria,b=0.01,0,25.734343434343437,25.95020054743722,3,3,0.17638540000189096,1.0,0.0,"[[1, 13], [3, 9, 10], [2, 4, 5, 6, 7, 8, 11, 12]]","[[1, 13], [3, 9, 10], [2, 4, 5, 6, 7, 8, 11, 12]]"
00068-00000007.soi,soi,13,15,matriz,aleatoria,b=0.05,0,25.734343434343437,26.81362899981235,3,3,0.12118949997238815,1.0,0.0,"[[1, 13], [3, 9, 10], [2, 4, 5, 6, 7, 8, 11, 12]]","[[1, 13], [3, 9, 10], [2, 4, 5, 6, 7, 8, 11, 12]]"
00068-00000007.soi,soi,13,15,matriz,aleatoria,b=0.1,0,25.734343434343437,27.892914565281263,3,3,1.9367099999217317,1.0,0.0,"[[1, 13], [3, 9, 10], [2, 4, 5, 6, 7, 8, 11, 12]]","[[1, 13], [3, 9, 10], [2, 4, 5, 6, 7, 8, 11, 12]]"
00068-00000007.soi,soi,13,15,matriz,cerca_empate,b=0.01,0,25.734343434343437,26.267338204615694,3,3,0.6117892999900505,1.0,0.0,"[[1, 13], [3, 9, 10], [2, 4, 5, 6, 7, 8, 11, 12]]","[[1, 13], [3, 9, 10], [2, 4, 5, 6, 7, 8, 11, 12]]"
00068-00000007.soi,soi,13,15,matriz,cerca_empate,b=0.05,0,25.734343434343437,28.399317285704733,3,3,0.4549777000211179,1.0,0.0,"[[1, 13], [3, 9, 10], [2, 4, 5, 6, 7, 8, 11, 12]]","[[1, 13], [3, 9, 10], [2, 4, 5, 6, 7, 8, 11, 12]]"
00068-00000007.soi,soi,13,15,matriz,cerca_empate,b=0.1,0,25.734343434343437,30.985142897209478,3,3,0.3004036999773234,1.0,0.0,"[[1, 13], [3, 9, 10], [2, 4, 5, 6, 7, 8, 11, 12]]","[[1, 13], [3, 9, 10], [2, 4, 5, 6, 7, 8, 11, 12]]"
00068-00000007.soi,soi,13,15,matriz,todos,b=0.01,0,25.734343434343437,26.464229975669877,3,3,3.472777499933727,1.0,0.0,"[[1, 13], [3, 9, 10], [2, 4, 5, 6, 7, 8, 11, 12]]","[[1, 13], [3, 9, 10], [2, 4, 5, 6, 7, 8, 11, 12]]"
00068-00000007.soi,soi,13,15,matriz,todos,b=0.05,0,25.734343434343437,29.3423365987659,3,4,0.6863541000057012,0.9893045053244826,1.0,"[[1, 13], [3, 9, 10], [2, 4, 5, 6, 7, 8, 11, 12]]","[[13], [1], [3, 9, 10], [2, 4, 5, 6, 7, 8, 11, 12]]"
00068-00000007.soi,soi,13,15,matriz,todos,b=0.1,0,25.734343434343437,31.991769305398087,3,4,3.5057224999181926,0.9893045053244826,1.0,"[[1, 13], [3, 9, 10], [2, 4, 5, 6, 7, 8, 11, 12]]","[[13], [1], [3, 9, 10], [2, 4, 5, 6, 7, 8, 11, 12]]"
00068-00000007.soi,soi,13,15,matriz,aleatoria,b=0.01,1,25.734343434343437,25.94151564640906,3,3,4.8389072000281885,1.0,0.0,"[[1, 13], [3, 9, 10], [2, 4, 5, 6, 7, 8, 11, 12]]","[[1, 13], [3, 9, 10], [2, 4, 5, 6, 7, 8, 11, 12]]"
00068-00000007.soi,soi,13,15,matriz,aleatoria,b=0.05,1,25.734343434343437,26.770204494671557,3,3,0.29706980008631945,1.0,0.0,"[[1, 13], [3, 9, 10], [2, 4, 5, 6, 7, 8, 11, 12]]","[[1, 13], [3, 9, 10], [2, 4, 5, 6, 7, 8, 11, 12]]"
00068-00000007.soi,soi,13,15,matriz,aleatoria,b=0.1,1,25.734343434343437,27.806065554999673,3,3,0.7998806999530643,1.0,0.0,"[[1, 13], [3, 9, 10], [2, 4, 5, 6, 7, 8, 11, 12]]","[[1, 13], [3, 9, 10], [2, 4, 5, 6, 7, 8, 11, 12]]"
00068-00000007.soi,soi,13,15,matriz,cerca_empate,b=0.01,1,25.734343434343437,26.05775888367834,3,3,0.0774596999399364,1.0,0.0,"[[1, 13], [3, 9, 10], [2, 4, 5, 6, 7, 8, 11, 12]]","[[1, 13], [3, 9, 10], [2, 4, 5, 6, 7, 8, 11, 12]]"
00068-00000007.soi,soi,13,15,matriz,cerca_empate,b=0.05,1,25.734343434343437,27.351420681017967,3,3,0.12002519995439798,1.0,0.0,"[[1, 13], [3, 9, 10], [2, 4, 5, 6, 7, 8, 11, 12]]","[[1, 13], [3, 9, 10], [2, 4, 5, 6, 7, 8, 11, 12]]"
00068-00000007.soi,soi,13,15,matriz,cerca_empate,b=0.1,1,25.734343434343437,28.9684979276925,3,3,0.1927014000248164,1.0,0.0,"[[1, 13], [3, 9, 10], [2, 4, 5, 6, 7, 8, 11, 12]]","[[1, 13], [3, 9, 10], [2, 4, 5, 6, 7, 8, 11, 12]]"
00068-00000007.soi,soi,13,15,matriz,todos,b=0.01,1,25.734343434343437,26.521505325980733,3,3,4.328055500052869,1.0,0.0,"[[1, 13], [3, 9, 10], [2, 4, 5, 6, 7, 8, 11, 12]]","[[1, 13], [3, 9, 10], [2, 4, 5, 6, 7, 8, 11, 12]]"
00068-00000007.soi,soi,13,15,matriz,todos,b=0.05,1,25.734343434343437,29.440801543503063,3,4,0.18712810007855296,0.978945010372561,0.5212121212121197,"[[1, 13], [3, 9, 10], [2, 4, 5, 6, 7, 8, 11, 12]]","[[1, 13], [3, 9], [10], [2, 4, 5, 6, 7, 8, 11, 12]]"
00068-00000007.soi,soi,13,15,matriz,todos,b=0.1,1,25.734343434343437,32.65489971335287,3,4,2.8071601999690756,0.978945010372561,0.5212121212121197,"[[1, 13], [3, 9, 10], [2, 4, 5, 6, 7, 8, 11, 12]]","[[1, 13], [3, 9], [10], [2, 4, 5, 6, 7, 8, 11, 12]]"
00068-00000007.soi,soi,13,15,matriz,aleatoria,b=0.01,2,25.734343434343437,25.905580010902987,3,3,0.1818231000797823,1.0,0.0,"[[1, 13], [3, 9, 10], [2, 4, 5, 6, 7, 8, 11, 12]]","[[1, 13], [3, 9, 10], [2, 4, 5, 6, 7, 8, 11, 12]]"
00068-00000007.soi,soi,13,15,matriz,aleatoria,b=0.05,2,25.734343434343437,26.59052631714118,3,3,0.762569300015457,1.0,0.0,"[[1, 13], [3, 9, 10], [2, 4, 5, 6, 7, 8, 11, 12]]","[[1, 13], [3, 9, 10], [2, 4, 5, 6, 7, 8, 11, 12]]"
00068-00000007.soi,soi,13,15,matriz,aleatoria,b=0.1,2,25.734343434343437,27.446709199938915,3,3,0.5600187999662012,1.0,0.0,"[[1, 13], [3, 9, 10], [2, 4, 5, 6, 7, 8, 11, 12]]","[[1, 13], [3, 9, 10], [2, 4, 5, 6, 7, 8, 11, 12]]"
00068-00000007.soi,soi,13,15,matriz,cerca_empate,b=0.01,2,25.734343434343437,26.189077696823816,3,3,0.19424039998557419,1.0,0.0,"[[1, 13], [3, 9, 10], [2, 4, 5, 6, 7, 8, 11, 12]]","[[1, 13], [3, 9, 10], [2, 4, 5, 6, 7, 8, 11, 12]]"
00068-00000007.soi,soi,13,15,matriz,cerca_empate,b=0.05,2,25.734343434343437,28.00801474674534,3,3,0.3507328999694437,1.0,0.0,"[[1, 13], [3, 9, 10], [2, 4, 5, 6, 7, 8, 11, 12]]","[[1, 13], [3, 9, 10], [2, 4, 5, 6, 7, 8, 11, 12]]"
00068-00000007.soi,soi,13,15,matriz,cerca_empate,b=0.1,2,25.734343434343437,30.281686059147226,3,3,0.4339852000121027,1.0,0.0,"[[1, 13], [3, 9, 10], [2, 4, 5, 6, 7, 8, 11, 12]]","[[1, 13], [3, 9, 10], [2, 4, 5, 6, 7, 8, 11, 12]]"
00068-00000007.soi,soi,13,15,matriz,todos,b=0.01,2,25.734343434343437,26.237426827546308,3,3,3.666085100034252,1.0,0.0,"[[1, 13], [3, 9, 10], [2, 4, 5, 6, 7, 8, 11, 12]]","[[1, 13], [3, 9, 10], [2, 4, 5, 6, 7, 8, 11, 12]]"
00068-00000007.soi,soi,13,15,matriz,todos,b=0.05,2,25.734343434343437,28.2497604003578,3,3,5.809633899945766,1.0,0.0,"[[1, 13], [3, 9, 10], [2, 4, 5, 6, 7, 8, 11, 12]]","[[1, 13], [3, 9, 10], [2, 4, 5, 6, 7, 8, 11, 12]]"
00068-00000007.soi,soi,13,15,matriz,todos,b=0.1,2,25.734343434343437,30.835660291412147,3,3,4.174655399983749,1.0,0.0,"[[1, 13], [3, 9, 10], [2, 4, 5, 6, 7, 8, 11, 12]]","[[1, 13], [3, 9, 10], [2, 4, 5, 6, 7, 8, 11, 12]]"
00068-00000007.soi,soi,13,15,matriz,aleatoria,b=0.01,3,25.734343434343437,26.07147018621813,3,3,0.32672559993807226,1.0,0.0,"[[1, 13], [3, 9, 10], [2, 4, 5, 6, 7, 8, 11, 12]]","[[1, 13], [3, 9, 10], [2, 4, 5, 6, 7, 8, 11, 12]]"
00068-00000007.soi,soi,13,15,matriz,aleatoria,b=0.05,3,25.734343434343437,27.419977193716903,3,3,0.27274929999839514,1.0,0.0,"[[1, 13], [3, 9, 10], [2, 4, 5, 6, 7, 8, 11, 12]]","[[1, 13], [3, 9, 10], [2, 4, 5, 6, 7, 8, 11, 12]]"
00068-00000007.soi,soi,13,15,matriz,aleatoria,b=0.1,3,25.734343434343437,28.94245576632306,3,3,1.0929675999796018,1.0,0.0,"[[1, 13], [3, 9, 10], [2, 4, 5, 6, 7, 8, 11, 12]]","[[1, 13], [3, 9, 10], [2, 4, 5, 6, 7, 8, 11, 12]]"
00068-00000007.soi,soi,13,15,matriz,cerca_empate,b=0.01,3,25.734343434343437,26.002361415604206,3,3,0.4547961000353098,1.0,0.0,"[[1, 13], [3, 9, 10], [2, 4, 5, 6, 7, 8, 11, 12]]","[[1, 13], [3, 9, 10], [2, 4, 5, 6, 7, 8, 11, 12]]"
00068-00000007.soi,soi,13,15,matriz,cerca_empate,b=0.05,3,25.734343434343437,27.074433340647275,3,3,0.1450860999757424,1.0,0.0,"[[1, 13], [3, 9, 10], [2, 4, 5, 6, 7, 8, 11, 12]]","[[1, 13], [3, 9, 10], [2, 4, 5, 6, 7, 8, 11, 12]]"
00068-00000007.soi,soi,13,15,matriz,cerca_empate,b=0.1,3,25.734343434343437,28.57767843371844,3,3,0.16698710003402084,1.0,0.0,"[[1, 13], [3, 9, 10], [2, 4, 5, 6, 7, 8, 11, 12]]","[[1, 13], [3, 9, 10], [2, 4, 5, 6, 7, 8, 11, 12]]"
00068-00000007.soi,soi,13,15,matriz,todos,b=0.01,3,25.734343434343437,26.491951268875383,3,3,0.8296069001080468,1.0,0.0,"[[1, 13], [3, 9, 10], [2, 4, 5, 6, 7, 8, 11, 12]]","[[1, 13], [3, 9, 10], [2, 4, 5, 6, 7, 8, 11, 12]]"
00068-00000007.soi,soi,13,15,matriz,todos,b=0.05,3,25.734343434343437,29.42345042553646,3,4,3.077518100035377,0.978945010372561,0.5212121212121197,"[[1, 13], [3, 9, 10], [2, 4, 5, 6, 7, 8, 11, 12]]","[[1, 13], [3, 9], [10], [2, 4, 5, 6, 7, 8, 11, 12]]"
00068-00000007.soi,soi,13,15,matriz,todos,b=0.1,3,25.734343434343437,32.973644654204584,3,4,4.32194559997879,0.978945010372561,0.5212121212121197,"[[1, 13], [3, 9, 10], [2, 4, 5, 6, 7, 8, 11, 12]]","[[1, 13], [3, 9], [10], [2, 4, 5, 6, 7, 8, 11, 12]]"
00068-00000007.soi,soi,13,15,matriz,aleatoria,b=0.01,4,25.734343434343437,25.82575016675821,3,3,2.101274300017394,1.0,0.0,"[[1, 13], [3, 9, 10], [2, 4, 5, 6, 7, 8, 11, 12]]","[[1, 13], [3, 9, 10], [2, 4, 5, 6, 7, 8, 11, 12]]"
00068-00000007.soi,soi,13,15,matriz,aleatoria,b=0.05,4,25.734343434343437,26.1913770964173,3,3,0.8757773999823257,1.0,0.0,"[[1, 13], [3, 9, 10], [2, 4, 5, 6, 7, 8, 11, 12]]","[[1, 13], [3, 9, 10], [2, 4, 5, 6, 7, 8, 11, 12]]"
00068-00000007.soi,soi,13,15,matriz,aleatoria,b=0.1,4,25.734343434343437,26.384463125045077,3,4,1.0553961000405252,0.978945010372561,0.5212121212121197,"[[1, 13], [3, 9, 10], [2, 4, 5, 6, 7, 8, 11, 12]]","[[1, 13], [3], [9, 10], [2, 4, 5, 6, 7, 8, 11, 12]]"
00068-00000007.soi,soi,13,15,matriz,cerca_empate,b=0.01,4,25.734343434343437,26.17307290237309,3,3,0.40429730003234,1.0,0.0,"[[1, 13], [3, 9, 10], [2, 4, 5, 6, 7, 8, 11, 12]]","[[1, 13], [3, 9, 10], [2, 4, 5, 6, 7, 8, 11, 12]]"
00068-00000007.soi,soi,13,15,matriz,cerca_empate,b=0.05,4,25.734343434343437,27.92799077449178,3,3,0.16550690005533397,1.0,0.0,"[[1, 13], [3, 9, 10], [2, 4, 5, 6, 7, 8, 11, 12]]","[[1, 13], [3, 9, 10], [2, 4, 5, 6, 7, 8, 11, 12]]"
00068-00000007.soi,soi,13,15,matriz,cerca_empate,b=0.1,4,25.734343434343437,30.121638114640117,3,3,1.1388403000310063,1.0,0.0,"[[1, 13], [3, 9, 10], [2, 4, 5, 6, 7, 8, 11, 12]]","[[1, 13], [3, 9, 10], [2, 4, 5, 6, 7, 8, 11, 12]]"
00068-00000007.soi,soi,13,15,matriz,todos,b=0.01,4,25.734343434343437,26.23743243746447,3,3,0.4474142000544816,1.0,0.0,"[[1, 13], [3, 9, 10], [2, 4, 5, 6, 7, 8, 11, 12]]","[[1, 13], [3, 9, 10], [2, 4, 5, 6, 7, 8, 11, 12]]"
00068-00000007.soi,soi,13,15,matriz,todos,b=0.05,4,25.734343434343437,28.249788449948603,3,3,0.7542269000550732,1.0,0.0,"[[1, 13], [3, 9, 10], [2, 4, 5, 6, 7, 8, 11, 12]]","[[1, 13], [3, 9, 10], [2, 4, 5, 6, 7, 8, 11, 12]]"
00068-00000007.soi,soi,13,15,matriz,todos,b=0.1,4,25.734343434343437,30.765233465553777,3,3,3.606222999980673,1.0,0.0,"[[1, 13], [3, 9, 10], [2, 4, 5, 6, 7, 8, 11, 12]]","[[1, 13], [3, 9, 10], [2, 4, 5, 6, 7, 8, 11, 12]]"
00068-00000008.soi,soi,7,15,matriz,aleatoria,b=0.01,0,6.383333333333333,6.3939390823257405,3,3,0.01674959994852543,1.0,0.0,"[[1, 3, 6, 7], [2], [4, 5]]","[[1, 3, 6, 7], [2], [4, 5]]"
00068-00000008.soi,soi,7,15,matriz,aleatoria,b=0.05,0,6.383333333333333,6.436362078295372,3,3,0.0216933999909088,1.0,0.0,"[[1, 3, 6, 7], [2], [4, 5]]","[[1, 3, 6, 7], [2], [4, 5]]"
00068-00000008.soi,soi,7,15,matriz,aleatoria,b=0.1,0,6.383333333333333,6.174921992738049,3,2,0.030886200023815036,0.8451542547285165,0.43333333333333357,"[[1, 3, 6, 7], [2], [4, 5]]","[[1, 2, 3, 6, 7], [4, 5]]"
00068-00000008.soi,soi,7,15,matriz,cerca_empate,b=0.01,0,6.383333333333333,6.339237226883332,3,3,0.027563199982978404,1.0,0.0,"[[1, 3, 6, 7], [2], [4, 5]]","[[1, 3, 6, 7], [2], [4, 5]]"
00068-00000008.soi,soi,7,15,matriz,cerca_empate,b=0.05,0,6.383333333333333,6.263189200675916,3,3,0.025612100027501583,1.0,0.0,"[[1, 3, 6, 7], [2], [4, 5]]","[[1, 3, 6, 7], [2], [4, 5]]"
00068-00000008.soi,soi,7,15,matriz,cerca_empate,b=0.1,0,6.383333333333333,6.543045068018499,3,3,0.013496799976564944,1.0,0.0,"[[1, 3, 6, 7], [2], [4, 5]]","[[1, 3, 6, 7], [2], [4, 5]]"
00068-00000008.soi,soi,7,15,matriz,todos,b=0.01,0,6.383333333333333,6.620714082536939,3,3,0.01376549992710352,1.0,0.0,"[[1, 3, 6, 7], [2], [4, 5]]","[[1, 3, 6, 7], [2], [4, 5]]"
00068-00000008.soi,soi,7,15,matriz,todos,b=0.05,0,6.383333333333333,7.551675732873021,3,2,0.018462599953636527,0.8451542547285165,0.43333333333333357,"[[1, 3, 6, 7], [2], [4, 5]]","[[1, 2, 3, 6, 7], [4, 5]]"
00068-00000008.soi,soi,7,15,matriz,todos,b=0.1,0,6.383333333333333,8.871723760461194,3,2,0.03090899996459484,0.545544725589981,2.6761904761904773,"[[1, 3, 6, 7], [2], [4, 5]]","[[1, 2, 3, 4, 6, 7], [5]]"
00068-00000008.soi,soi,7,15,matriz,aleatoria,b=0.01,1,6.383333333333333,6.3058581979308865,3,3,0.013799400068819523,1.0,0.0,"[[1, 3, 6, 7], [2], [4, 5]]","[[1, 3, 6, 7], [2], [4, 5]]"
00068-00000008.soi,soi,7,15,matriz,aleatoria,b=0.05,1,6.383333333333333,5.995957656321103,3,3,0.013392699998803437,1.0,0.0,"[[1, 3, 6, 7], [2], [4, 5]]","[[1, 3, 6, 7], [2], [4, 5]]"
00068-00000008.soi,soi,7,15,matriz,aleatoria,b=0.1,1,6.383333333333333,5.663768458418378,3,3,0.01360399997793138,1.0,0.0,"[[1, 3, 6, 7], [2], [4, 5]]","[[1, 3, 6, 7], [2], [4, 5]]"
00068-00000008.soi,soi,7,15,matriz,cerca_empate,b=0.01,1,6.383333333333333,6.311743002986702,3,3,0.013374599977396429,1.0,0.0,"[[1, 3, 6, 7], [2], [4, 5]]","[[1, 3, 6, 7], [2], [4, 5]]"
00068-00000008.soi,soi,7,15,matriz,cerca_empate,b=0.05,1,6.383333333333333,6.087762139620696,3,3,0.013253099983558059,1.0,0.0,"[[1, 3, 6, 7], [2], [4, 5]]","[[1, 3, 6, 7], [2], [4, 5]]"
00068-00000008.soi,soi,7,15,matriz,cerca_empate,b=0.1,1,6.383333333333333,6.28966574231918,3,3,0.013224599999375641,1.0,0.0,"[[1, 3, 6, 7], [2], [4, 5]]","[[1, 3, 6, 7], [2], [4, 5]]"
00068-00000008.soi,soi,7,15,matriz,todos,b=0.01,1,6.383333333333333,6.257622282025991,3,3,0.013524100068025291,1.0,0.0,"[[1, 3, 6, 7], [2], [4, 5]]","[[1, 3, 6, 7], [2], [4, 5]]"
00068-00000008.soi,soi,7,15,matriz,todos,b=0.05,1,6.383333333333333,5.754778076796617,3,3,0.014345100033096969,1.0,0.0,"[[1, 3, 6, 7], [2], [4, 5]]","[[1, 3, 6, 7], [2], [4, 5]]"
00068-00000008.soi,soi,7,15,matriz,todos,b=0.1,1,6.383333333333333,5.5194252192782685,3,3,0.018276500049978495,1.0,0.0,"[[1, 3, 6, 7], [2], [4, 5]]","[[1, 3, 6, 7], [2], [4, 5]]"
00068-00000008.soi,soi,7,15,matriz,aleatoria,b=0.01,2,6.383333333333333,6.421241032590212,3,3,0.020805499982088804,1.0,0.0,"[[1, 3, 6, 7], [2], [4, 5]]","[[1, 3, 6, 7], [2], [4, 5]]"
00068-00000008.soi,soi,7,15,matriz,aleatoria,b=0.05,2,6.383333333333333,6.572871829617726,3,3,0.013450899976305664,1.0,0.0,"[[1, 3, 6, 7], [2], [4, 5]]","[[1, 3, 6, 7], [2], [4, 5]]"
00068-00000008.soi,soi,7,15,matriz,aleatoria,b=0.1,2,6.383333333333333,6.76241032590212,3,3,0.028823699918575585,1.0,0.0,"[[1, 3, 6, 7], [2], [4, 5]]","[[1, 3, 6, 7], [2], [4, 5]]"
00068-00000008.soi,soi,7,15,matriz,cerca_empate,b=0.01,2,6.383333333333333,6.426407108381385,3,3,0.014637799933552742,1.0,0.0,"[[1, 3, 6, 7], [2], [4, 5]]","[[1, 3, 6, 7], [2], [4, 5]]"
00068-00000008.soi,soi,7,15,matriz,cerca_empate,b=0.05,2,6.383333333333333,6.598702208573595,3,3,0.013834299985319376,1.0,0.0,"[[1, 3, 6, 7], [2], [4, 5]]","[[1, 3, 6, 7], [2], [4, 5]]"
00068-00000008.soi,soi,7,15,matriz,cerca_empate,b=0.1,2,6.383333333333333,6.814071083813857,3,3,0.013314400101080537,1.0,0.0,"[[1, 3, 6, 7], [2], [4, 5]]","[[1, 3, 6, 7], [2], [4, 5]]"
00068-00000008.soi,soi,7,15,matriz,todos,b=0.01,2,6.383333333333333,6.554992827376724,3,3,0.013795000035315752,1.0,0.0,"[[1, 3, 6, 7], [2], [4, 5]]","[[1, 3, 6, 7], [2], [4, 5]]"
00068-00000008.soi,soi,7,15,matriz,todos,b=0.05,2,6.383333333333333,7.023975765323974,3,2,0.017888600006699562,0.9258200997725515,0.3428571428571425,"[[1, 3, 6, 7], [2], [4, 5]]","[[1, 3, 6, 7], [2, 4, 5]]"
00068-00000008.soi,soi,7,15,matriz,todos,b=0.1,2,6.383333333333333,7.321761054457472,3,2,0.018188999965786934,0.9258200997725515,0.3428571428571425,"[[1, 3, 6, 7], [2], [4, 5]]","[[1, 3, 6, 7], [2, 4, 5]]"
00068-00000008.soi,soi,7,15,matriz,aleatoria,b=0.01,3,6.383333333333333,6.2579591025131975,3,3,0.016024000011384487,1.0,0.0,"[[1, 3, 6, 7], [2], [4, 5]]","[[1, 3, 6, 7], [2], [4, 5]]"
00068-00000008.soi,soi,7,15,matriz,aleatoria,b=0.05,3,6.383333333333333,5.919617365999972,3,3,0.018865799997001886,1.0,0.0,"[[1, 3, 6, 7], [2], [4, 5]]","[[1, 3, 6, 7], [2], [4, 5]]"
00068-00000008.soi,soi,7,15,matriz,aleatoria,b=0.1,3,6.383333333333333,6.4559013986666125,3,3,0.016151799936778843,1.0,0.0,"[[1, 3, 6, 7], [2], [4, 5]]","[[1, 3, 6, 7], [2], [4, 5]]"
00068-00000008.soi,soi,7,15,matriz,cerca_empate,b=0.01,3,6.383333333333333,6.452020930789692,3,3,0.014712900039739907,1.0,0.0,"[[1, 3, 6, 7], [2], [4, 5]]","[[1, 3, 6, 7], [2], [4, 5]]"
00068-00000008.soi,soi,7,15,matriz,cerca_empate,b=0.05,3,6.383333333333333,6.72677132061513,3,3,0.014164999942295253,1.0,0.0,"[[1, 3, 6, 7], [2], [4, 5]]","[[1, 3, 6, 7], [2], [4, 5]]"
00068-00000008.soi,soi,7,15,matriz,cerca_empate,b=0.1,3,6.383333333333333,7.070209307896929,3,3,0.015383300022222102,1.0,0.0,"[[1, 3, 6, 7], [2], [4, 5]]","[[1, 3, 6, 7], [2], [4, 5]]"
00068-00000008.soi,soi,7,15,matriz,todos,b=0.01,3,6.383333333333333,6.612357514163196,3,3,0.014239500043913722,1.0,0.0,"[[1, 3, 6, 7], [2], [4, 5]]","[[1, 3, 6, 7], [2], [4, 5]]"
00068-00000008.soi,soi,7,15,matriz,todos,b=0.05,3,6.383333333333333,7.155795708503315,3,3,0.01577469997573644,0.9285714285714286,0.3428571428571425,"[[1, 3, 6, 7], [2], [4, 5]]","[[1, 3, 6, 7], [2, 4], [5]]"
00068-00000008.soi,soi,7,15,matriz,todos,b=0.1,3,6.383333333333333,6.164057934354307,3,6,0.014738800004124641,0.7768985960673558,2.442857142857143,"[[1, 3, 6, 7], [2], [4, 5]]","[[3], [7], [6], [1, 2], [4], [5]]"
00068-00000008.soi,soi,7,15,matriz,aleatoria,b=0.01,4,6.383333333333333,6.410689796950942,3,3,0.013807799899950624,1.0,0.0,"[[1, 3, 6, 7], [2], [4, 5]]","[[1, 3, 6, 7], [2], [4, 5]]"
00068-00000008.soi,soi,7,15,matriz,aleatoria,b=0.05,4,6.383333333333333,6.5201156514213805,3,3,0.014081800007261336,1.0,0.0,"[[1, 3, 6, 7], [2], [4, 5]]","[[1, 3, 6, 7], [2], [4, 5]]"
00068-00000008.soi,soi,7,15,matriz,aleatoria,b=0.1,4,6.383333333333333,6.5463383164440625,3,2,0.017974000074900687,0.8451542547285165,0.43333333333333357,"[[1, 3, 6, 7], [2], [4, 5]]","[[1, 2, 3, 6, 7], [4, 5]]"
00068-00000008.soi,soi,7,15,matriz,cerca_empate,b=0.01,4,6.383333333333333,6.400359398954295,3,3,0.014215399976819754,1.0,0.0,"[[1, 3, 6, 7], [2], [4, 5]]","[[1, 3, 6, 7], [2], [4, 5]]"
00068-00000008.soi,soi,7,15,matriz,cerca_empate,b=0.05,4,6.383333333333333,6.502971986163006,3,3,0.02087729994673282,1.0,0.0,"[[1, 3, 6, 7], [2], [4, 5]]","[[1, 3, 6, 7], [2], [4, 5]]"
00068-00000008.soi,soi,7,15,matriz,cerca_empate,b=0.1,4,6.383333333333333,6.603906406904526,3,4,0.015909899957478046,0.9074852129730301,0.7999999999999989,"[[1, 3, 6, 7], [2], [4, 5]]","[[3], [1, 6, 7], [2], [4, 5]]"
00068-00000008.soi,soi,7,15,matriz,todos,b=0.01,4,6.383333333333333,6.515087665128629,3,3,0.01887829997576773,1.0,0.0,"[[1, 3, 6, 7], [2], [4, 5]]","[[1, 3, 6, 7], [2], [4, 5]]"
00068-00000008.soi,soi,7,15,matriz,todos,b=0.05,4,6.383333333333333,6.9838630555287535,3,4,0.022472399985417724,0.9074852129730301,0.7999999999999989,"[[1, 3, 6, 7], [2], [4, 5]]","[[3], [1, 6, 7], [2], [4, 5]]"
00068-00000008.soi,soi,7,15,matriz,todos,b=0.1,4,6.383333333333333,7.248123945629084,3,4,0.022719300002790987,0.9074852129730301,0.7999999999999989,"[[1, 3, 6, 7], [2], [4, 5]]","[[3], [1, 6, 7], [2], [4, 5]]"
00068-00000009.soi,soi,10,21,matriz,aleatoria,b=0.01,0,6.986466165413539,7.047162661078826,7,7,0.06476690003182739,1.0,0.0,"[[4], [3], [9], [1], [2], [5, 6, 10], [7, 8]]","[[4], [3], [9], [1], [2], [5, 6, 10], [7, 8]]"
00068-00000009.soi,soi,10,21,matriz,aleatoria,b=0.05,0,6.986466165413539,7.289948643739988,7,7,0.06199640000704676,1.0,0.0,"[[4], [3], [9], [1], [2], [5, 6, 10], [7, 8]]","[[4], [3], [9], [1], [2], [5, 6, 10], [7, 8]]"
00068-00000009.soi,soi,10,21,matriz,aleatoria,b=0.1,0,6.986466165413539,7.593431122066441,7,7,0.04754469997715205,1.0,0.0,"[[4], [3], [9], [1], [2], [5, 6, 10], [7, 8]]","[[4], [3], [9], [1], [2], [5, 6, 10], [7, 8]]"
00068-00000009.soi,soi,10,21,matriz,cerca_empate,b=0.01,0,6.986466165413539,7.123432812649298,7,8,0.04247159999795258,0.9764672918705589,0.0,"[[4], [3], [9], [1], [2], [5, 6, 10], [7, 8]]","[[4], [3], [9], [1], [2], [10], [5, 6], [7, 8]]"
00068-00000009.soi,soi,10,21,matriz,cerca_empate,b=0.05,0,6.986466165413539,7.656051220649644,7,8,0.03304110001772642,0.9764672918705589,0.666666666666667,"[[4], [3], [9], [1], [2], [5, 6, 10], [7, 8]]","[[4], [3], [9], [1], [2], [6, 10], [5], [7, 8]]"
00068-00000009.soi,soi,10,21,matriz,cerca_empate,b=0.1,0,6.986466165413539,7.658969609219092,7,7,0.03180080000311136,0.951219512195122,0.6666666666666661,"[[4], [3], [9], [1], [2], [5, 6, 10], [7, 8]]","[[4], [3], [9], [1], [2], [6, 10], [5, 7, 8]]"
00068-00000009.soi,soi,10,21,matriz,todos,b=0.01,0,6.986466165413539,7.427592505931667,7,7,0.04537900001741946,1.0,0.0,"[[4], [3], [9], [1], [2], [5, 6, 10], [7, 8]]","[[4], [3], [9], [1], [2], [5, 6, 10], [7, 8]]"
00068-00000009.soi,soi,10,21,matriz,todos,b=0.05,0,6.986466165413539,9.192097868004197,7,7,0.037914899992756546,1.0,0.0,"[[4], [3], [9], [1], [2], [5, 6, 10], [7, 8]]","[[4], [3], [9], [1], [2], [5, 6, 10], [7, 8]]"
00068-00000009.soi,soi,10,21,matriz,todos,b=0.1,0,6.986466165413539,10.946823722943495,7,7,0.03912730002775788,0.9157291161525717,3.000000000000001,"[[4], [3], [9], [1], [2], [5, 6, 10], [7, 8]]","[[4], [3], [9], [1, 5], [2], [6, 10], [7, 8]]"
00068-00000009.soi,soi,10,21,matriz,aleatoria,b=0.01,1,6.986466165413539,7.0136081627340445,7,7,0.038041000021621585,1.0,0.0,"[[4], [3], [9], [1], [2], [5, 6, 10], [7, 8]]","[[4], [3], [9], [1], [2], [5, 6, 10], [7, 8]]"
00068-00000009.soi,soi,10,21,matriz,aleatoria,b=0.05,1,6.986466165413539,7.122176152016085,7,7,0.048791199922561646,1.0,0.0,"[[4], [3], [9], [1], [2], [5, 6, 10], [7, 8]]","[[4], [3], [9], [1], [2], [5, 6, 10], [7, 8]]"
00068-00000009.soi,soi,10,21,matriz,aleatoria,b=0.1,1,6.986466165413539,7.294082837836228,7,7,0.04568700003437698,1.0,0.0,"[[4], [3], [9], [1], [2], [5, 6, 10], [7, 8]]","[[4], [3], [9], [1], [2], [5, 6, 10], [7, 8]]"
00068-00000009.soi,soi,10,21,matriz,cerca_empate,b=0.01,1,6.986466165413539,7.01109905206701,7,7,0.03252580005209893,1.0,0.0,"[[4], [3], [9], [1], [2], [5, 6, 10], [7, 8]]","[[4], [3], [9], [1], [2], [5, 6, 10], [7, 8]]"
00068-00000009.soi,soi,10,21,matriz,cerca_empate,b=0.05,1,6.986466165413539,7.10963059868093,7,7,0.0324409999884665,1.0,0.0,"[[4], [3], [9], [1], [2], [5, 6, 10], [7, 8]]","[[4], [3], [9], [1], [2], [5, 6, 10], [7, 8]]"
00068-00000009.soi,soi,10,21,matriz,cerca_empate,b=0.1,1,6.986466165413539,7.232795031948321,7,7,0.0344066999386996,1.0,0.0,"[[4], [3], [9], [1], [2], [5, 6, 10], [7, 8]]","[[4], [3], [9], [1], [2], [5, 6, 10], [7, 8]]"
00068-00000009.soi,soi,10,21,matriz,todos,b=0.01,1,6.986466165413539,7.211488063073972,7,7,0.07256460003554821,1.0,0.0,"[[4], [3], [9], [1], [2], [5, 6, 10], [7, 8]]","[[4], [3], [9], [1], [2], [5, 6, 10], [7, 8]]"
00068-00000009.soi,soi,10,21,matriz,todos,b=0.05,1,6.986466165413539,7.901241543426524,7,8,0.061117300065234303,0.9398272507881658,0.6222222222222218,"[[4], [3], [9], [1], [2], [5, 6, 10], [7, 8]]","[[4], [3], [9], [1], [2], [10], [5, 6, 8], [7]]"
00068-00000009.soi,soi,10,21,matriz,todos,b=0.1,1,6.986466165413539,8.370553812637015,7,8,0.04467910004314035,0.9398272507881658,0.6222222222222218,"[[4], [3], [9], [1], [2], [5, 6, 10], [7, 8]]","[[4], [3], [9], [1], [2], [10], [5, 6, 8], [7]]"
00068-00000009.soi,soi,10,21,matriz,aleatoria,b=0.01,2,6.986466165413539,7.123510380319393,7,8,0.04496269999071956,0.9764672918705589,0.0,"[[4], [3], [9], [1], [2], [5, 6, 10], [7, 8]]","[[4], [3], [9], [1], [2], [10], [5, 6], [7, 8]]"
00068-00000009.soi,soi,10,21,matriz,aleatoria,b=0.05,2,6.986466165413539,7.6716872399428215,7,8,0.04738650005310774,0.9764672918705589,0.0,"[[4], [3], [9], [1], [2], [5, 6, 10], [7, 8]]","[[4], [3], [9], [1], [2], [10], [5, 6], [7, 8]]"
00068-00000009.soi,soi,10,21,matriz,aleatoria,b=0.1,2,6.986466165413539,8.27149325821118,7,9,0.041102199931629,0.9653072991634227,0.5555555555555554,"[[4], [3], [9], [1], [2], [5, 6, 10], [7, 8]]","[[4], [3], [9], [1], [2], [10], [5, 6], [8], [7]]"
00068-00000009.soi,soi,10,21,matriz,cerca_empate,b=0.01,2,6.986466165413539,6.997901776048266,7,8,0.041838099947199225,0.9764672918705589,0.0,"[[4], [3], [9], [1], [2], [5, 6, 10], [7, 8]]","[[4], [3], [9], [1], [2], [10], [5, 6], [7, 8]]"
00068-00000009.soi,soi,10,21,matriz,cerca_empate,b=0.05,2,6.986466165413539,7.04364421858719,7,8,0.04080209997482598,0.9764672918705589,0.0,"[[4], [3], [9], [1], [2], [5, 6, 10], [7, 8]]","[[4], [3], [9], [1], [2], [10], [5, 6], [7, 8]]"
00068-00000009.soi,soi,10,21,matriz,cerca_empate,b=0.1,2,6.986466165413539,7.089995493839169,7,8,0.0427483000094071,0.9764672918705589,0.666666666666667,"[[4], [3], [9], [1], [2], [5, 6, 10], [7, 8]]","[[4], [3], [9], [1], [2], [6, 10], [5], [7, 8]]"
00068-00000009.soi,soi,10,21,matriz,todos,b=0.01,2,6.986466165413539,7.234996910007895,7,7,0.04885190003551543,1.0,0.0,"[[4], [3], [9], [1], [2], [5, 6, 10], [7, 8]]","[[4], [3], [9], [1], [2], [5, 6, 10], [7, 8]]"
00068-00000009.soi,soi,10,21,matriz,todos,b=0.05,2,6.986466165413539,8.229119888385334,7,7,0.0532241000328213,1.0,0.0,"[[4], [3], [9], [1], [2], [5, 6, 10], [7, 8]]","[[4], [3], [9], [1], [2], [5, 6, 10], [7, 8]]"
00068-00000009.soi,soi,10,21,matriz,todos,b=0.1,2,6.986466165413539,9.491643481583157,7,7,0.050784299965016544,1.0,0.0,"[[4], [3], [9], [1], [2], [5, 6, 10], [7, 8]]","[[4], [3], [9], [1], [2], [5, 6, 10], [7, 8]]"
00068-00000009.soi,soi,10,21,matriz,aleatoria,b=0.01,3,6.986466165413539,7.055771749998197,7,7,0.05069000006187707,1.0,0.0,"[[4], [3], [9], [1], [2], [5, 6, 10], [7, 8]]","[[4], [3], [9], [1], [2], [5, 6, 10], [7, 8]]"
00068-00000009.soi,soi,10,21,matriz,aleatoria,b=0.05,3,6.986466165413539,7.334999595633683,7,7,0.04526609997265041,1.0,0.0,"[[4], [3], [9], [1], [2], [5, 6, 10], [7, 8]]","[[4], [3], [9], [1], [2], [5, 6, 10], [7, 8]]"
00068-00000009.soi,soi,10,21,matriz,aleatoria,b=0.1,3,6.986466165413539,7.881438564139618,7,7,0.04298709996510297,1.0,0.0,"[[4], [3], [9], [1], [2], [5, 6, 10], [7, 8]]","[[4], [3], [9], [1], [2], [5, 6, 10], [7, 8]]"
00068-00000009.soi,soi,10,21,matriz,cerca_empate,b=0.01,3,6.986466165413539,6.951262768792958,7,8,0.044160200050100684,0.9764672918705589,0.0,"[[4], [3], [9], [1], [2], [5, 6, 10], [7, 8]]","[[4], [3], [9], [1], [2], [10], [5, 6], [7, 8]]"
00068-00000009.soi,soi,10,21,matriz,cerca_empate,b=0.05,3,6.986466165413539,6.8104491823106486,7,8,0.034647999913431704,0.9764672918705589,0.0,"[[4], [3], [9], [1], [2], [5, 6, 10], [7, 8]]","[[4], [3], [9], [1], [2], [10], [5, 6], [7, 8]]"
00068-00000009.soi,soi,10,21,matriz,cerca_empate,b=0.1,3,6.986466165413539,6.634432199207758,7,8,0.05957809998653829,0.9764672918705589,0.0,"[[4], [3], [9], [1], [2], [5, 6, 10], [7, 8]]","[[4], [3], [9], [1], [2], [10], [5, 6], [7, 8]]"
00068-00000009.soi,soi,10,21,matriz,todos,b=0.01,3,6.986466165413539,7.437376251910317,7,8,0.0547499000094831,0.9764672918705589,0.0,"[[4], [3], [9], [1], [2], [5, 6, 10], [7, 8]]","[[4], [3], [9], [1], [2], [10], [5, 6], [7, 8]]"
00068-00000009.soi,soi,10,21,matriz,todos,b=0.05,3,6.986466165413539,9.241016597897453,7,8,0.042367200017906725,0.9764672918705589,0.0,"[[4], [3], [9], [1], [2], [5, 6, 10], [7, 8]]","[[4], [3], [9], [1], [2], [10], [5, 6], [7, 8]]"
00068-00000009.soi,soi,10,21,matriz,todos,b=0.1,3,6.986466165413539,11.305421463420313,7,7,0.042900700005702674,0.951219512195122,0.6666666666666661,"[[4], [3], [9], [1], [2], [5, 6, 10], [7, 8]]","[[4], [3], [9], [1], [2], [6, 10], [5, 7, 8]]"
00068-00000009.soi,soi,10,21,matriz,aleatoria,b=0.01,4,6.986466165413539,6.98990981588495,7,7,0.0782611999893561,1.0,0.0,"[[4], [3], [9], [1], [2], [5, 6, 10], [7, 8]]","[[4], [3], [9], [1], [2], [5, 6, 10], [7, 8]]"
00068-00000009.soi,soi,10,21,matriz,aleatoria,b=0.05,4,6.986466165413539,7.028546553259179,7,7,0.07542300003115088,1.0,0.0,"[[4], [3], [9], [1], [2], [5, 6, 10], [7, 8]]","[[4], [3], [9], [1], [2], [5, 6, 10], [7, 8]]"
00068-00000009.soi,soi,10,21,matriz,aleatoria,b=0.1,4,6.986466165413539,7.249471045075516,7,7,0.038697100011631846,1.0,0.0,"[[4], [3], [9], [1], [2], [5, 6, 10], [7, 8]]","[[4], [3], [9], [1], [2], [5, 6, 10], [7, 8]]"
00068-00000009.soi,soi,10,21,matriz,cerca_empate,b=0.01,4,6.986466165413539,7.00496718060986,7,7,0.031231099972501397,1.0,0.0,"[[4], [3], [9], [1], [2], [5, 6, 10], [7, 8]]","[[4], [3], [9], [1], [2], [5, 6, 10], [7, 8]]"
00068-00000009.soi,soi,10,21,matriz,cerca_empate,b=0.05,4,6.986466165413539,7.078971241395166,7,7,0.0306659999769181,1.0,0.0,"[[4], [3], [9], [1], [2], [5, 6, 10], [7, 8]]","[[4], [3], [9], [1], [2], [5, 6, 10], [7, 8]]"
00068-00000009.soi,soi,10,21,matriz,cerca_empate,b=0.1,4,6.986466165413539,7.1092688272593385,7,7,0.032704300014302135,0.951219512195122,0.6666666666666661,"[[4], [3], [9], [1], [2], [5, 6, 10], [7, 8]]","[[4], [3], [9], [1], [2], [6, 10], [5, 7, 8]]"
00068-00000009.soi,soi,10,21,matriz,todos,b=0.01,4,6.986466165413539,7.125330390009543,7,8,0.04678070009686053,0.9764672918705589,0.0,"[[4], [3], [9], [1], [2], [5, 6, 10], [7, 8]]","[[4], [3], [9], [1], [2], [10], [5, 6], [7, 8]]"
00068-00000009.soi,soi,10,21,matriz,todos,b=0.05,4,6.986466165413539,7.711497377098514,7,8,0.03593469993211329,0.9764672918705589,0.0,"[[4], [3], [9], [1], [2], [5, 6, 10], [7, 8]]","[[4], [3], [9], [1], [2], [10], [5, 6], [7, 8]]"
00068-00000009.soi,soi,10,21,matriz,todos,b=0.1,4,6.986466165413539,8.69263948672141,7,8,0.034766700002364814,0.9764672918705589,0.0,"[[4], [3], [9], [1], [2], [5, 6, 10], [7, 8]]","[[4], [3], [9], [1], [2], [10], [5, 6], [7, 8]]"
00068-00000010.soi,soi,7,15,matriz,aleatoria,b=0.01,0,4.966666666666667,5.003945521250547,2,2,0.01903850003145635,1.0,0.0,"[[2, 3, 7], [1, 4, 5, 6]]","[[2, 3, 7], [1, 4, 5, 6]]"
00068-00000010.soi,soi,7,15,matriz,aleatoria,b=0.05,0,4.966666666666667,5.153060939586069,2,2,0.01461170008406043,1.0,0.0,"[[2, 3, 7], [1, 4, 5, 6]]","[[2, 3, 7], [1, 4, 5, 6]]"
00068-00000010.soi,soi,7,15,matriz,aleatoria,b=0.1,0,4.966666666666667,5.339455212505472,2,2,0.015490700025111437,1.0,0.0,"[[2, 3, 7], [1, 4, 5, 6]]","[[2, 3, 7], [1, 4, 5, 6]]"
00068-00000010.soi,soi,7,15,matriz,cerca_empate,b=0.01,0,4.966666666666667,5.128167177823021,2,2,0.0323127000592649,1.0,0.0,"[[2, 3, 7], [1, 4, 5, 6]]","[[2, 3, 7], [1, 4, 5, 6]]"
00068-00000010.soi,soi,7,15,matriz,cerca_empate,b=0.05,0,4.966666666666667,5.774169222448434,2,2,0.020089600002393126,1.0,0.0,"[[2, 3, 7], [1, 4, 5, 6]]","[[2, 3, 7], [1, 4, 5, 6]]"
00068-00000010.soi,soi,7,15,matriz,cerca_empate,b=0.1,0,4.966666666666667,6.581671778230199,2,2,0.015311699942685664,1.0,0.0,"[[2, 3, 7], [1, 4, 5, 6]]","[[2, 3, 7], [1, 4, 5, 6]]"
00068-00000010.soi,soi,7,15,matriz,todos,b=0.01,0,4.966666666666667,5.2910100757236656,2,2,0.024757899926044047,1.0,0.0,"[[2, 3, 7], [1, 4, 5, 6]]","[[2, 3, 7], [1, 4, 5, 6]]"
00068-00000010.soi,soi,7,15,matriz,todos,b=0.05,0,4.966666666666667,6.74215552279426,2,2,0.021081399987451732,1.0,0.0,"[[2, 3, 7], [1, 4, 5, 6]]","[[2, 3, 7], [1, 4, 5, 6]]"
00068-00000010.soi,soi,7,15,matriz,todos,b=0.1,0,4.966666666666667,8.553288248940529,2,3,0.039560799952596426,0.7216878364870323,3.333333333333334,"[[2, 3, 7], [1, 4, 5, 6]]","[[2, 7], [3, 4, 5], [1, 6]]"
00068-00000010.soi,soi,7,15,matriz,aleatoria,b=0.01,1,4.966666666666667,5.015248520181172,2,2,0.015315999975427985,1.0,0.0,"[[2, 3, 7], [1, 4, 5, 6]]","[[2, 3, 7], [1, 4, 5, 6]]"
00068-00000010.soi,soi,7,15,matriz,aleatoria,b=0.05,1,4.966666666666667,5.2095759342391865,2,2,0.015196099993772805,1.0,0.0,"[[2, 3, 7], [1, 4, 5, 6]]","[[2, 3, 7], [1, 4, 5, 6]]"
00068-00000010.soi,soi,7,15,matriz,aleatoria,b=0.1,1,4.966666666666667,5.452485201811707,2,2,0.017301299958489835,1.0,0.0,"[[2, 3, 7], [1, 4, 5, 6]]","[[2, 3, 7], [1, 4, 5, 6]]"
00068-00000010.soi,soi,7,15,matriz,cerca_empate,b=0.01,1,4.966666666666667,5.081337403265905,2,2,0.017806099960580468,1.0,0.0,"[[2, 3, 7], [1, 4, 5, 6]]","[[2, 3, 7], [1, 4, 5, 6]]"
00068-00000010.soi,soi,7,15,matriz,cerca_empate,b=0.05,1,4.966666666666667,5.540020349662852,2,2,0.018817499978467822,1.0,0.0,"[[2, 3, 7], [1, 4, 5, 6]]","[[2, 3, 7], [1, 4, 5, 6]]"
00068-00000010.soi,soi,7,15,matriz,cerca_empate,b=0.1,1,4.966666666666667,6.003001074440025,2,3,0.01577449997421354,0.9258200997725515,0.7999999999999989,"[[2, 3, 7], [1, 4, 5, 6]]","[[2, 7], [3], [1, 4, 5, 6]]"
00068-00000010.soi,soi,7,15,matriz,todos,b=0.01,1,4.966666666666667,5.190584357992578,2,2,0.02101519994903356,1.0,0.0,"[[2, 3, 7], [1, 4, 5, 6]]","[[2, 3, 7], [1, 4, 5, 6]]"
00068-00000010.soi,soi,7,15,matriz,todos,b=0.05,1,4.966666666666667,6.086255123296228,2,2,0.04129800002556294,1.0,0.0,"[[2, 3, 7], [1, 4, 5, 6]]","[[2, 3, 7], [1, 4, 5, 6]]"
00068-00000010.soi,soi,7,15,matriz,todos,b=0.1,1,4.966666666666667,6.915041848775667,2,2,0.01750070007983595,0.4714045207910318,2.0,"[[2, 3, 7], [1, 4, 5, 6]]","[[7], [1, 2, 3, 4, 5, 6]]"
00068-00000010.soi,soi,7,15,matriz,aleatoria,b=0.01,2,4.966666666666667,4.934547903861021,2,2,0.029953300021588802,1.0,0.0,"[[2, 3, 7], [1, 4, 5, 6]]","[[2, 3, 7], [1, 4, 5, 6]]"
00068-00000010.soi,soi,7,15,matriz,aleatoria,b=0.05,2,4.966666666666667,4.806072852638438,2,2,0.017433100030757487,1.0,0.0,"[[2, 3, 7], [1, 4, 5, 6]]","[[2, 3, 7], [1, 4, 5, 6]]"
00068-00000010.soi,soi,7,15,matriz,aleatoria,b=0.1,2,4.966666666666667,5.027324042220136,2,2,0.017528400057926774,1.0,0.0,"[[2, 3, 7], [1, 4, 5, 6]]","[[2, 3, 7], [1, 4, 5, 6]]"
00068-00000010.soi,soi,7,15,matriz,cerca_empate,b=0.01,2,4.966666666666667,5.1010798582561385,2,2,0.01764580002054572,1.0,0.0,"[[2, 3, 7], [1, 4, 5, 6]]","[[2, 3, 7], [1, 4, 5, 6]]"
00068-00000010.soi,soi,7,15,matriz,cerca_empate,b=0.05,2,4.966666666666667,5.638732624614027,2,2,0.02797539997845888,1.0,0.0,"[[2, 3, 7], [1, 4, 5, 6]]","[[2, 3, 7], [1, 4, 5, 6]]"
00068-00000010.soi,soi,7,15,matriz,cerca_empate,b=0.1,2,4.966666666666667,6.310798582561387,2,2,0.02286150003783405,1.0,0.0,"[[2, 3, 7], [1, 4, 5, 6]]","[[2, 3, 7], [1, 4, 5, 6]]"
00068-00000010.soi,soi,7,15,matriz,todos,b=0.01,2,4.966666666666667,5.200140335322798,2,2,0.03240080003160983,1.0,0.0,"[[2, 3, 7], [1, 4, 5, 6]]","[[2, 3, 7], [1, 4, 5, 6]]"
00068-00000010.soi,soi,7,15,matriz,todos,b=0.05,2,4.966666666666667,6.134035009947324,2,2,0.018723899964243174,1.0,0.0,"[[2, 3, 7], [1, 4, 5, 6]]","[[2, 3, 7], [1, 4, 5, 6]]"
00068-00000010.soi,soi,7,15,matriz,todos,b=0.1,2,4.966666666666667,6.781550900603063,2,3,0.027742299949750304,0.5222329678670936,1.833333333333334,"[[2, 3, 7], [1, 4, 5, 6]]","[[7], [1, 2, 3, 4, 5], [6]]"
00068-00000010.soi,soi,7,15,matriz,aleatoria,b=0.01,3,4.966666666666667,5.072122945761129,2,2,0.01978530001360923,1.0,0.0,"[[2, 3, 7], [1, 4, 5, 6]]","[[2, 3, 7], [1, 4, 5, 6]]"
00068-00000010.soi,soi,7,15,matriz,aleatoria,b=0.05,3,4.966666666666667,5.312370468755324,2,3,0.03894799994304776,0.9258200997725515,0.7999999999999989,"[[2, 3, 7], [1, 4, 5, 6]]","[[7], [2, 3], [1, 4, 5, 6]]"
00068-00000010.soi,soi,7,15,matriz,aleatoria,b=0.1,3,4.966666666666667,5.258074270843983,2,3,0.03742399998009205,0.9258200997725515,0.7999999999999989,"[[2, 3, 7], [1, 4, 5, 6]]","[[2, 7], [3], [1, 4, 5, 6]]"
00068-00000010.soi,soi,7,15,matriz,cerca_empate,b=0.01,3,4.966666666666667,5.040984101304553,2,2,0.02112030005082488,1.0,0.0,"[[2, 3, 7], [1, 4, 5, 6]]","[[2, 3, 7], [1, 4, 5, 6]]"
00068-00000010.soi,soi,7,15,matriz,cerca_empate,b=0.05,3,4.966666666666667,5.338253839856097,2,2,0.02385979995597154,1.0,0.0,"[[2, 3, 7], [1, 4, 5, 6]]","[[2, 3, 7], [1, 4, 5, 6]]"
00068-00000010.soi,soi,7,15,matriz,cerca_empate,b=0.1,3,4.966666666666667,5.709841013045527,2,2,0.03017750009894371,1.0,0.0,"[[2, 3, 7], [1, 4, 5, 6]]","[[2, 3, 7], [1, 4, 5, 6]]"
00068-00000010.soi,soi,7,15,matriz,todos,b=0.01,3,4.966666666666667,4.890222993360235,2,2,0.018818799988366663,1.0,0.0,"[[2, 3, 7], [1, 4, 5, 6]]","[[2, 3, 7], [1, 4, 5, 6]]"
00068-00000010.soi,soi,7,15,matriz,todos,b=0.05,3,4.966666666666667,5.032692560184831,2,2,0.024577700067311525,1.0,0.0,"[[2, 3, 7], [1, 4, 5, 6]]","[[2, 3, 7], [1, 4, 5, 6]]"
00068-00000010.soi,soi,7,15,matriz,todos,b=0.1,3,4.966666666666667,5.400030073944192,2,2,0.020246600033715367,1.0,0.0,"[[2, 3, 7], [1, 4, 5, 6]]","[[2, 3, 7], [1, 4, 5, 6]]"
00068-00000010.soi,soi,7,15,matriz,aleatoria,b=0.01,4,4.966666666666667,5.003520346243573,2,2,0.023518200032413006,1.0,0.0,"[[2, 3, 7], [1, 4, 5, 6]]","[[2, 3, 7], [1, 4, 5, 6]]"
00068-00000010.soi,soi,7,15,matriz,aleatoria,b=0.05,4,4.966666666666667,5.150935064551203,2,2,0.020564400008879602,1.0,0.0,"[[2, 3, 7], [1, 4, 5, 6]]","[[2, 3, 7], [1, 4, 5, 6]]"
00068-00000010.soi,soi,7,15,matriz,aleatoria,b=0.1,4,4.966666666666667,5.335203462435739,2,2,0.020201199920848012,1.0,0.0,"[[2, 3, 7], [1, 4, 5, 6]]","[[2, 3, 7], [1, 4, 5, 6]]"
00068-00000010.soi,soi,7,15,matriz,cerca_empate,b=0.01,4,4.966666666666667,5.138523443208847,2,2,0.021873599966056645,1.0,0.0,"[[2, 3, 7], [1, 4, 5, 6]]","[[2, 3, 7], [1, 4, 5, 6]]"
00068-00000010.soi,soi,7,15,matriz,cerca_empate,b=0.05,4,4.966666666666667,5.825950549377563,2,2,0.020354900043457747,1.0,0.0,"[[2, 3, 7], [1, 4, 5, 6]]","[[2, 3, 7], [1, 4, 5, 6]]"
00068-00000010.soi,soi,7,15,matriz,cerca_empate,b=0.1,4,4.966666666666667,6.685234432088459,2,2,0.01847110001835972,1.0,0.0,"[[2, 3, 7], [1, 4, 5, 6]]","[[2, 3, 7], [1, 4, 5, 6]]"
00068-00000010.soi,soi,7,15,matriz,todos,b=0.01,4,4.966666666666667,5.223817014958372,2,2,0.024831100017763674,1.0,0.0,"[[2, 3, 7], [1, 4, 5, 6]]","[[2, 3, 7], [1, 4, 5, 6]]"
00068-00000010.soi,soi,7,15,matriz,todos,b=0.05,4,4.966666666666667,6.2524184081251954,2,2,0.020232300041243434,1.0,0.0,"[[2, 3, 7], [1, 4, 5, 6]]","[[2, 3, 7], [1, 4, 5, 6]]"
00068-00000010.soi,soi,7,15,matriz,todos,b=0.1,4,4.966666666666667,7.718821304029741,2,2,0.026093100081197917,1.0,0.0,"[[2, 3, 7], [1, 4, 5, 6]]","[[2, 3, 7], [1, 4, 5, 6]]"
00068-00000011.soi,soi,5,15,matriz,aleatoria,b=0.01,0,2.6812742812742814,2.6258476628190337,1,1,0.011324799968861043,1.0,0.0,"[[1, 2, 3, 4, 5]]","[[1, 2, 3, 4, 5]]"
00068-00000011.soi,soi,5,15,matriz,aleatoria,b=0.05,0,2.6812742812742814,2.404141188998043,1,1,0.012742600054480135,1.0,0.0,"[[1, 2, 3, 4, 5]]","[[1, 2, 3, 4, 5]]"
00068-00000011.soi,soi,5,15,matriz,aleatoria,b=0.1,0,2.6812742812742814,2.5822263504524394,1,1,0.011782199959270656,1.0,0.0,"[[1, 2, 3, 4, 5]]","[[1, 2, 3, 4, 5]]"
00068-00000011.soi,soi,5,15,matriz,cerca_empate,b=0.01,0,2.6812742812742814,2.8054369395037373,1,1,0.012113899923861027,1.0,0.0,"[[1, 2, 3, 4, 5]]","[[1, 2, 3, 4, 5]]"
00068-00000011.soi,soi,5,15,matriz,cerca_empate,b=0.05,0,2.6812742812742814,3.302087572421559,1,1,0.014364600065164268,1.0,0.0,"[[1, 2, 3, 4, 5]]","[[1, 2, 3, 4, 5]]"
00068-00000011.soi,soi,5,15,matriz,cerca_empate,b=0.1,0,2.6812742812742814,3.8250650358315457,1,2,0.012716999975964427,0.0,2.2666666666666666,"[[1, 2, 3, 4, 5]]","[[5], [1, 2, 3, 4]]"
00068-00000011.soi,soi,5,15,matriz,todos,b=0.01,0,2.6812742812742814,2.709738736362986,1,1,0.02169970003888011,1.0,0.0,"[[1, 2, 3, 4, 5]]","[[1, 2, 3, 4, 5]]"
00068-00000011.soi,soi,5,15,matriz,todos,b=0.05,0,2.6812742812742814,2.823596556717803,1,1,0.019172300002537668,1.0,0.0,"[[1, 2, 3, 4, 5]]","[[1, 2, 3, 4, 5]]"
00068-00000011.soi,soi,5,15,matriz,todos,b=0.1,0,2.6812742812742814,3.1520321560065327,1,1,0.006812699954025447,1.0,0.0,"[[1, 2, 3, 4, 5]]","[[1, 2, 3, 4, 5]]"
00068-00000011.soi,soi,5,15,matriz,aleatoria,b=0.01,1,2.6812742812742814,2.7126469434739993,1,1,0.019420299911871552,1.0,0.0,"[[1, 2, 3, 4, 5]]","[[1, 2, 3, 4, 5]]"
00068-00000011.soi,soi,5,15,matriz,aleatoria,b=0.05,1,2.6812742812742814,2.838137592272869,1,1,0.010062900022603571,1.0,0.0,"[[1, 2, 3, 4, 5]]","[[1, 2, 3, 4, 5]]"
00068-00000011.soi,soi,5,15,matriz,aleatoria,b=0.1,1,2.6812742812742814,2.5564228168473173,1,2,0.009864000021480024,0.0,0.4717948717948719,"[[1, 2, 3, 4, 5]]","[[1, 2, 3, 5], [4]]"
00068-00000011.soi,soi,5,15,matriz,cerca_empate,b=0.01,1,2.6812742812742814,2.7063888742619158,1,1,0.009809699957259,1.0,0.0,"[[1, 2, 3, 4, 5]]","[[1, 2, 3, 4, 5]]"
00068-00000011.soi,soi,5,15,matriz,cerca_empate,b=0.05,1,2.6812742812742814,2.8620337253219583,1,1,0.00936799996998161,1.0,0.0,"[[1, 2, 3, 4, 5]]","[[1, 2, 3, 4, 5]]"
00068-00000011.soi,soi,5,15,matriz,cerca_empate,b=0.1,1,2.6812742812742814,3.4427931693696348,1,1,0.009440100053325295,1.0,0.0,"[[1, 2, 3, 4, 5]]","[[1, 2, 3, 4, 5]]"
00068-00000011.soi,soi,5,15,matriz,todos,b=0.01,1,2.6812742812742814,2.735930943825069,1,1,0.009439299930818379,1.0,0.0,"[[1, 2, 3, 4, 5]]","[[1, 2, 3, 4, 5]]"
00068-00000011.soi,soi,5,15,matriz,todos,b=0.05,1,2.6812742812742814,2.954557594028219,1,1,0.009629799984395504,1.0,0.0,"[[1, 2, 3, 4, 5]]","[[1, 2, 3, 4, 5]]"
00068-00000011.soi,soi,5,15,matriz,todos,b=0.1,1,2.6812742812742814,3.428255193189,1,2,0.010719300014898181,0.0,0.4717948717948719,"[[1, 2, 3, 4, 5]]","[[1, 2, 3, 5], [4]]"
00068-00000011.soi,soi,5,15,matriz,aleatoria,b=0.01,2,2.6812742812742814,2.7448201355688497,1,1,0.009382300078868866,1.0,0.0,"[[1, 2, 3, 4, 5]]","[[1, 2, 3, 4, 5]]"
00068-00000011.soi,soi,5,15,matriz,aleatoria,b=0.05,2,2.6812742812742814,2.999003552747122,1,1,0.00928680005017668,1.0,0.0,"[[1, 2, 3, 4, 5]]","[[1, 2, 3, 4, 5]]"
00068-00000011.soi,soi,5,15,matriz,aleatoria,b=0.1,2,2.6812742812742814,3.316732824219962,1,1,0.00935930002015084,1.0,0.0,"[[1, 2, 3, 4, 5]]","[[1, 2, 3, 4, 5]]"
00068-00000011.soi,soi,5,15,matriz,cerca_empate,b=0.01,2,2.6812742812742814,2.7582227285517504,1,1,0.00956080004107207,1.0,0.0,"[[1, 2, 3, 4, 5]]","[[1, 2, 3, 4, 5]]"
00068-00000011.soi,soi,5,15,matriz,cerca_empate,b=0.05,2,2.6812742812742814,3.0660165176616276,1,1,0.009315599920228124,1.0,0.0,"[[1, 2, 3, 4, 5]]","[[1, 2, 3, 4, 5]]"
00068-00000011.soi,soi,5,15,matriz,cerca_empate,b=0.1,2,2.6812742812742814,3.450758754048974,1,1,0.009253300027921796,1.0,0.0,"[[1, 2, 3, 4, 5]]","[[1, 2, 3, 4, 5]]"
00068-00000011.soi,soi,5,15,matriz,todos,b=0.01,2,2.6812742812742814,2.7341510411119754,1,1,0.009317999938502908,1.0,0.0,"[[1, 2, 3, 4, 5]]","[[1, 2, 3, 4, 5]]"
00068-00000011.soi,soi,5,15,matriz,todos,b=0.05,2,2.6812742812742814,2.9456580804627497,1,1,0.009368399973027408,1.0,0.0,"[[1, 2, 3, 4, 5]]","[[1, 2, 3, 4, 5]]"
00068-00000011.soi,soi,5,15,matriz,todos,b=0.1,2,2.6812742812742814,3.6303484217226827,1,1,0.011044399929232895,1.0,0.0,"[[1, 2, 3, 4, 5]]","[[1, 2, 3, 4, 5]]"
00068-00000011.soi,soi,5,15,matriz,aleatoria,b=0.01,3,2.6812742812742814,2.7166648026049973,1,1,0.022854799986816943,1.0,0.0,"[[1, 2, 3, 4, 5]]","[[1, 2, 3, 4, 5]]"
00068-00000011.soi,soi,5,15,matriz,aleatoria,b=0.05,3,2.6812742812742814,2.8582268879278603,1,1,0.022137799998745322,1.0,0.0,"[[1, 2, 3, 4, 5]]","[[1, 2, 3, 4, 5]]"
00068-00000011.soi,soi,5,15,matriz,aleatoria,b=0.1,3,2.6812742812742814,3.035179494581439,1,1,0.01026739994995296,1.0,0.0,"[[1, 2, 3, 4, 5]]","[[1, 2, 3, 4, 5]]"
00068-00000011.soi,soi,5,15,matriz,cerca_empate,b=0.01,3,2.6812742812742814,2.746371590987869,1,1,0.009968700003810227,1.0,0.0,"[[1, 2, 3, 4, 5]]","[[1, 2, 3, 4, 5]]"
00068-00000011.soi,soi,5,15,matriz,cerca_empate,b=0.05,3,2.6812742812742814,3.006760829842219,1,1,0.009324999991804361,1.0,0.0,"[[1, 2, 3, 4, 5]]","[[1, 2, 3, 4, 5]]"
00068-00000011.soi,soi,5,15,matriz,cerca_empate,b=0.1,3,2.6812742812742814,3.332247378410156,1,1,0.009262399980798364,1.0,0.0,"[[1, 2, 3, 4, 5]]","[[1, 2, 3, 4, 5]]"
00068-00000011.soi,soi,5,15,matriz,todos,b=0.01,3,2.6812742812742814,2.7419998460377797,1,1,0.009388200007379055,1.0,0.0,"[[1, 2, 3, 4, 5]]","[[1, 2, 3, 4, 5]]"
00068-00000011.soi,soi,5,15,matriz,todos,b=0.05,3,2.6812742812742814,2.984902105091773,1,1,0.00999510008841753,1.0,0.0,"[[1, 2, 3, 4, 5]]","[[1, 2, 3, 4, 5]]"
00068-00000011.soi,soi,5,15,matriz,todos,b=0.1,3,2.6812742812742814,3.288529928909265,1,1,0.009244999964721501,1.0,0.0,"[[1, 2, 3, 4, 5]]","[[1, 2, 3, 4, 5]]"
00068-00000011.soi,soi,5,15,matriz,aleatoria,b=0.01,4,2.6812742812742814,2.7036348441617886,1,1,0.016859499970450997,1.0,0.0,"[[1, 2, 3, 4, 5]]","[[1, 2, 3, 4, 5]]"
00068-00000011.soi,soi,5,15,matriz,aleatoria,b=0.05,4,2.6812742812742814,2.7930770957118156,1,1,0.011002099956385791,1.0,0.0,"[[1, 2, 3, 4, 5]]","[[1, 2, 3, 4, 5]]"
00068-00000011.soi,soi,5,15,matriz,aleatoria,b=0.1,4,2.6812742812742814,2.9048799101493503,1,1,0.009342000004835427,1.0,0.0,"[[1, 2, 3, 4, 5]]","[[1, 2, 3, 4, 5]]"
00068-00000011.soi,soi,5,15,matriz,cerca_empate,b=0.01,4,2.6812742812742814,2.735660681756368,1,1,0.009294799994677305,1.0,0.0,"[[1, 2, 3, 4, 5]]","[[1, 2, 3, 4, 5]]"
00068-00000011.soi,soi,5,15,matriz,cerca_empate,b=0.05,4,2.6812742812742814,3.165492386187354,1,1,0.009387800004333258,1.0,0.0,"[[1, 2, 3, 4, 5]]","[[1, 2, 3, 4, 5]]"
00068-00000011.soi,soi,5,15,matriz,cerca_empate,b=0.1,4,2.6812742812742814,3.871932713322649,1,1,0.009309699991717935,1.0,0.0,"[[1, 2, 3, 4, 5]]","[[1, 2, 3, 4, 5]]"
00068-00000011.soi,soi,5,15,matriz,todos,b=0.01,4,2.6812742812742814,2.703252234839917,1,1,0.009744800045154989,1.0,0.0,"[[1, 2, 3, 4, 5]]","[[1, 2, 3, 4, 5]]"
00068-00000011.soi,soi,5,15,matriz,todos,b=0.05,4,2.6812742812742814,3.0034501516050987,1,1,0.01242619997356087,1.0,0.0,"[[1, 2, 3, 4, 5]]","[[1, 2, 3, 4, 5]]"
00068-00000011.soi,soi,5,15,matriz,todos,b=0.1,4,2.6812742812742814,3.5254785619053126,1,2,0.00962729996535927,0.0,0.4717948717948719,"[[1, 2, 3, 4, 5]]","[[1, 2, 3, 5], [4]]"
00068-00000012.soi,soi,11,15,matriz,aleatoria,b=0.01,0,19.339316239316236,19.484259269681772,4,4,1.6190115000354126,1.0,0.0,"[[1, 2, 3, 6, 7, 10], [8], [4, 5, 9], [11]]","[[1, 2, 3, 6, 7, 10], [8], [4, 5, 9], [11]]"
00068-00000012.soi,soi,11,15,matriz,aleatoria,b=0.05,0,19.339316239316236,20.0640313911439,4,4,0.7471204999601468,1.0,0.0,"[[1, 2, 3, 6, 7, 10], [8], [4, 5, 9], [11]]","[[1, 2, 3, 6, 7, 10], [8], [4, 5, 9], [11]]"
00068-00000012.soi,soi,11,15,matriz,aleatoria,b=0.1,0,19.339316239316236,20.78874654297156,4,4,1.0735198999755085,1.0,0.0,"[[1, 2, 3, 6, 7, 10], [8], [4, 5, 9], [11]]","[[1, 2, 3, 6, 7, 10], [8], [4, 5, 9], [11]]"
00068-00000012.soi,soi,11,15,matriz,cerca_empate,b=0.01,0,19.339316239316236,19.795445223753426,4,3,0.16557499999180436,0.9586025865388216,0.0,"[[1, 2, 3, 6, 7, 10], [8], [4, 5, 9], [11]]","[[1, 2, 3, 6, 7, 10], [4, 5, 8, 9], [11]]"
00068-00000012.soi,soi,11,15,matriz,cerca_empate,b=0.05,0,19.339316239316236,21.613309717228443,4,5,0.5736864999635145,0.8524007579586304,0.5333333333333314,"[[1, 2, 3, 6, 7, 10], [8], [4, 5, 9], [11]]","[[1, 2, 6, 7, 10], [8], [3, 9], [4, 5], [11]]"
00068-00000012.soi,soi,11,15,matriz,cerca_empate,b=0.1,0,19.339316239316236,23.312530319597577,4,5,2.3291532000293955,0.8524007579586304,0.5333333333333314,"[[1, 2, 3, 6, 7, 10], [8], [4, 5, 9], [11]]","[[1, 2, 6, 7, 10], [8], [3, 9], [4, 5], [11]]"
00068-00000012.soi,soi,11,15,matriz,todos,b=0.01,0,19.339316239316236,19.966814470783724,4,4,0.20743529999163002,1.0,0.0,"[[1, 2, 3, 6, 7, 10], [8], [4, 5, 9], [11]]","[[1, 2, 3, 6, 7, 10], [8], [4, 5, 9], [11]]"
00068-00000012.soi,soi,11,15,matriz,todos,b=0.05,0,19.339316239316236,22.476807396653673,4,4,0.15992660005576909,1.0,0.0,"[[1, 2, 3, 6, 7, 10], [8], [4, 5, 9], [11]]","[[1, 2, 3, 6, 7, 10], [8], [4, 5, 9], [11]]"
00068-00000012.soi,soi,11,15,matriz,todos,b=0.1,0,19.339316239316236,25.149217160782353,4,4,1.4681617999449372,0.8215938655409549,1.1999999999999957,"[[1, 2, 3, 6, 7, 10], [8], [4, 5, 9], [11]]","[[1, 2, 6, 7, 10], [8], [3, 5, 9], [4, 11]]"
00068-00000012.soi,soi,11,15,matriz,aleatoria,b=0.01,1,19.339316239316236,19.48612701989167,4,3,0.7067100000567734,0.9586025865388216,0.0,"[[1, 2, 3, 6, 7, 10], [8], [4, 5, 9], [11]]","[[1, 2, 3, 6, 7, 10], [4, 5, 8, 9], [11]]"
00068-00000012.soi,soi,11,15,matriz,aleatoria,b=0.05,1,19.339316239316236,20.073370142193383,4,3,0.42443839996121824,0.9586025865388216,0.0,"[[1, 2, 3, 6, 7, 10], [8], [4, 5, 9], [11]]","[[1, 2, 3, 6, 7, 10], [4, 5, 8, 9], [11]]"
00068-00000012.soi,soi,11,15,matriz,aleatoria,b=0.1,1,19.339316239316236,20.489516735462523,4,5,0.8330138999735937,0.938590635448906,1.0,"[[1, 2, 3, 6, 7, 10], [8], [4, 5, 9], [11]]","[[10], [1, 2, 3, 6, 7], [8], [4, 5, 9], [11]]"
00068-00000012.soi,soi,11,15,matriz,cerca_empate,b=0.01,1,19.339316239316236,19.571655489354217,4,4,0.11058870004490018,1.0,0.0,"[[1, 2, 3, 6, 7, 10], [8], [4, 5, 9], [11]]","[[1, 2, 3, 6, 7, 10], [8], [4, 5, 9], [11]]"
00068-00000012.soi,soi,11,15,matriz,cerca_empate,b=0.05,1,19.339316239316236,20.469176117291056,4,5,0.3420398000162095,0.8273301474304354,0.5333333333333314,"[[1, 2, 3, 6, 7, 10], [8], [4, 5, 9], [11]]","[[1, 2, 6, 7, 10], [8], [3, 9], [5], [4, 11]]"
00068-00000012.soi,soi,11,15,matriz,cerca_empate,b=0.1,1,19.339316239316236,21.065702661932544,4,5,0.5223265999229625,0.8273301474304354,0.5333333333333314,"[[1, 2, 3, 6, 7, 10], [8], [4, 5, 9], [11]]","[[1, 2, 6, 7, 10], [8], [3, 9], [5], [4, 11]]"
00068-00000012.soi,soi,11,15,matriz,todos,b=0.01,1,19.339316239316236,19.608852155960033,4,4,0.2209337999811396,1.0,0.0,"[[1, 2, 3, 6, 7, 10], [8], [4, 5, 9], [11]]","[[1, 2, 3, 6, 7, 10], [8], [4, 5, 9], [11]]"
00068-00000012.soi,soi,11,15,matriz,todos,b=0.05,1,19.339316239316236,20.63756698194834,4,4,0.17957789998035878,0.960085344712797,0.19999999999999574,"[[1, 2, 3, 6, 7, 10], [8], [4, 5, 9], [11]]","[[1, 2, 3, 6, 7, 10], [8], [5, 9], [4, 11]]"
00068-00000012.soi,soi,11,15,matriz,todos,b=0.1,1,19.339316239316236,21.60354706976257,4,4,0.10936640005093068,0.945945945945946,0.5333333333333314,"[[1, 2, 3, 6, 7, 10], [8], [4, 5, 9], [11]]","[[1, 2, 3, 6, 7, 10], [8], [9], [4, 5, 11]]"
00068-00000012.soi,soi,11,15,matriz,aleatoria,b=0.01,2,19.339316239316236,19.493946768674107,4,3,0.2973884999519214,0.9586025865388216,0.0,"[[1, 2, 3, 6, 7, 10], [8], [4, 5, 9], [11]]","[[1, 2, 3, 6, 7, 10], [4, 5, 8, 9], [11]]"
00068-00000012.soi,soi,11,15,matriz,aleatoria,b=0.05,2,19.339316239316236,20.11246888610558,4,3,1.0978812999092042,0.9586025865388216,0.0,"[[1, 2, 3, 6, 7, 10], [8], [4, 5, 9], [11]]","[[1, 2, 3, 6, 7, 10], [4, 5, 8, 9], [11]]"
00068-00000012.soi,soi,11,15,matriz,aleatoria,b=0.1,2,19.339316239316236,20.577984254411774,4,3,1.2975870999507606,0.9315942613970246,0.33333333333333215,"[[1, 2, 3, 6, 7, 10], [8], [4, 5, 9], [11]]","[[1, 2, 3, 6, 7, 10], [8, 9], [4, 5, 11]]"
00068-00000012.soi,soi,11,15,matriz,cerca_empate,b=0.01,2,19.339316239316236,19.49996391742008,4,3,0.2866022000089288,0.9586025865388216,0.0,"[[1, 2, 3, 6, 7, 10], [8], [4, 5, 9], [11]]","[[1, 2, 3, 6, 7, 10], [4, 5, 8, 9], [11]]"
00068-00000012.soi,soi,11,15,matriz,cerca_empate,b=0.05,2,19.339316239316236,20.142554629835434,4,4,0.1521918000653386,1.0,0.0,"[[1, 2, 3, 6, 7, 10], [8], [4, 5, 9], [11]]","[[1, 2, 3, 6, 7, 10], [8], [4, 5, 9], [11]]"
00068-00000012.soi,soi,11,15,matriz,cerca_empate,b=0.1,2,19.339316239316236,20.94579302035463,4,4,0.18275019992142916,1.0,0.0,"[[1, 2, 3, 6, 7, 10], [8], [4, 5, 9], [11]]","[[1, 2, 3, 6, 7, 10], [8], [4, 5, 9], [11]]"
00068-00000012.soi,soi,11,15,matriz,todos,b=0.01,2,19.339316239316236,19.579684277335176,4,3,0.15445739997085184,0.9586025865388216,0.0,"[[1, 2, 3, 6, 7, 10], [8], [4, 5, 9], [11]]","[[1, 2, 3, 6, 7, 10], [4, 5, 8, 9], [11]]"
00068-00000012.soi,soi,11,15,matriz,todos,b=0.05,2,19.339316239316236,20.54115642941091,4,3,0.2625823999987915,0.9586025865388216,0.0,"[[1, 2, 3, 6, 7, 10], [8], [4, 5, 9], [11]]","[[1, 2, 3, 6, 7, 10], [4, 5, 8, 9], [11]]"
00068-00000012.soi,soi,11,15,matriz,todos,b=0.1,2,19.339316239316236,21.967496153466982,4,3,0.3092447000090033,0.9586025865388216,0.0,"[[1, 2, 3, 6, 7, 10], [8], [4, 5, 9], [11]]","[[1, 2, 3, 6, 7, 10], [4, 5, 8, 9], [11]]"
00068-00000012.soi,soi,11,15,matriz,aleatoria,b=0.01,3,19.339316239316236,19.375620038551848,4,4,0.1809642999432981,1.0,0.0,"[[1, 2, 3, 6, 7, 10], [8], [4, 5, 9], [11]]","[[1, 2, 3, 6, 7, 10], [8], [4, 5, 9], [11]]"
00068-00000012.soi,soi,11,15,matriz,aleatoria,b=0.05,3,19.339316239316236,19.520835235494275,4,4,0.13654420000966638,1.0,0.0,"[[1, 2, 3, 6, 7, 10], [8], [4, 5, 9], [11]]","[[1, 2, 3, 6, 7, 10], [8], [4, 5, 9], [11]]"
00068-00000012.soi,soi,11,15,matriz,aleatoria,b=0.1,3,19.339316239316236,19.70235423167231,4,4,0.10357590008061379,1.0,0.0,"[[1, 2, 3, 6, 7, 10], [8], [4, 5, 9], [11]]","[[1, 2, 3, 6, 7, 10], [8], [4, 5, 9], [11]]"
00068-00000012.soi,soi,11,15,matriz,cerca_empate,b=0.01,3,19.339316239316236,19.61468562256182,4,4,0.15470119996462017,1.0,0.0,"[[1, 2, 3, 6, 7, 10], [8], [4, 5, 9], [11]]","[[1, 2, 3, 6, 7, 10], [8], [4, 5, 9], [11]]"
00068-00000012.soi,soi,11,15,matriz,cerca_empate,b=0.05,3,19.339316239316236,20.400710722220307,4,5,0.33192110003437847,0.938590635448906,1.0,"[[1, 2, 3, 6, 7, 10], [8], [4, 5, 9], [11]]","[[10], [1, 2, 3, 6, 7], [8], [4, 5, 9], [11]]"
00068-00000012.soi,soi,11,15,matriz,cerca_empate,b=0.1,3,19.339316239316236,20.625260391891686,4,5,0.6759926000377163,0.938590635448906,1.0,"[[1, 2, 3, 6, 7, 10], [8], [4, 5, 9], [11]]","[[10], [1, 2, 3, 6, 7], [8], [4, 5, 9], [11]]"
00068-00000012.soi,soi,11,15,matriz,todos,b=0.01,3,19.339316239316236,19.74472734622264,4,4,0.3185739000327885,1.0,0.0,"[[1, 2, 3, 6, 7, 10], [8], [4, 5, 9], [11]]","[[1, 2, 3, 6, 7, 10], [8], [4, 5, 9], [11]]"
00068-00000012.soi,soi,11,15,matriz,todos,b=0.05,3,19.339316239316236,21.36637177384823,4,4,0.17913159995805472,1.0,0.0,"[[1, 2, 3, 6, 7, 10], [8], [4, 5, 9], [11]]","[[1, 2, 3, 6, 7, 10], [8], [4, 5, 9], [11]]"
00068-00000012.soi,soi,11,15,matriz,todos,b=0.1,3,19.339316239316236,23.18632199161138,4,4,0.9445269000716507,0.8215938655409549,1.1999999999999957,"[[1, 2, 3, 6, 7, 10], [8], [4, 5, 9], [11]]","[[1, 2, 6, 7, 10], [8], [3, 5, 9], [4, 11]]"
00068-00000012.soi,soi,11,15,matriz,aleatoria,b=0.01,4,19.339316239316236,19.35289708777077,4,3,0.19264700007624924,0.9586025865388216,0.0,"[[1, 2, 3, 6, 7, 10], [8], [4, 5, 9], [11]]","[[1, 2, 3, 6, 7, 10], [4, 5, 8, 9], [11]]"
00068-00000012.soi,soi,11,15,matriz,aleatoria,b=0.05,4,19.339316239316236,19.407220495889305,4,3,0.3491675000404939,0.9586025865388216,0.0,"[[1, 2, 3, 6, 7, 10], [8], [4, 5, 9], [11]]","[[1, 2, 3, 6, 7, 10], [4, 5, 8, 9], [11]]"
00068-00000012.soi,soi,11,15,matriz,aleatoria,b=0.1,4,19.339316239316236,19.475124752462385,4,4,0.2949913999764249,1.0,0.0,"[[1, 2, 3, 6, 7, 10], [8], [4, 5, 9], [11]]","[[1, 2, 3, 6, 7, 10], [8], [4, 5, 9], [11]]"
00068-00000012.soi,soi,11,15,matriz,cerca_empate,b=0.01,4,19.339316239316236,19.338154257698676,4,3,0.9683133000507951,0.9586025865388216,0.0,"[[1, 2, 3, 6, 7, 10], [8], [4, 5, 9], [11]]","[[1, 2, 3, 6, 7, 10], [4, 5, 8, 9], [11]]"
00068-00000012.soi,soi,11,15,matriz,cerca_empate,b=0.05,4,19.339316239316236,19.333506331228417,4,4,0.06922460009809583,1.0,0.0,"[[1, 2, 3, 6, 7, 10], [8], [4, 5, 9], [11]]","[[1, 2, 3, 6, 7, 10], [8], [4, 5, 9], [11]]"
00068-00000012.soi,soi,11,15,matriz,cerca_empate,b=0.1,4,19.339316239316236,19.327696423140594,4,4,0.05569539999123663,1.0,0.0,"[[1, 2, 3, 6, 7, 10], [8], [4, 5, 9], [11]]","[[1, 2, 3, 6, 7, 10], [8], [4, 5, 9], [11]]"
00068-00000012.soi,soi,11,15,matriz,todos,b=0.01,4,19.339316239316236,19.78189058881403,4,3,0.25122850004117936,0.9586025865388216,0.0,"[[1, 2, 3, 6, 7, 10], [8], [4, 5, 9], [11]]","[[1, 2, 3, 6, 7, 10], [4, 5, 8, 9], [11]]"
00068-00000012.soi,soi,11,15,matriz,todos,b=0.05,4,19.339316239316236,21.506708365854124,4,3,2.516236299998127,0.7972271037326151,0.44444444444444287,"[[1, 2, 3, 6, 7, 10], [8], [4, 5, 9], [11]]","[[1, 2, 3, 6, 7, 9, 10], [8], [4, 5, 11]]"
00068-00000012.soi,soi,11,15,matriz,todos,b=0.1,4,19.339316239316236,23.229656096295468,4,3,0.33191419998183846,0.7972271037326151,0.44444444444444287,"[[1, 2, 3, 6, 7, 10], [8], [4, 5, 9], [11]]","[[1, 2, 3, 6, 7, 9, 10], [8], [4, 5, 11]]"
00068-00000013.soi,soi,7,15,matriz,aleatoria,b=0.01,0,9.116522366522366,9.12104502438037,3,3,0.019744300050660968,0.9999999999999999,0.0,"[[2, 5, 7], [3, 4, 6], [1]]","[[2, 5, 7], [3, 4, 6], [1]]"
00068-00000013.soi,soi,7,15,matriz,aleatoria,b=0.05,0,9.116522366522366,8.97415003521228,3,4,0.019268900039605796,0.9393364366277241,0.06060606060606055,"[[2, 5, 7], [3, 4, 6], [1]]","[[2, 5, 7], [3], [4, 6], [1]]"
00068-00000013.soi,soi,7,15,matriz,aleatoria,b=0.1,0,9.116522366522366,8.985793757174434,3,5,0.016378600033931434,0.77005354108682,0.06060606060606055,"[[2, 5, 7], [3, 4, 6], [1]]","[[5, 7], [3], [2], [4, 6], [1]]"
00068-00000013.soi,soi,7,15,matriz,cerca_empate,b=0.01,0,9.116522366522366,9.042544235506574,3,5,0.031209000037051737,0.77005354108682,0.06060606060606055,"[[2, 5, 7], [3, 4, 6], [1]]","[[5, 7], [3], [2], [4, 6], [1]]"
00068-00000013.soi,soi,7,15,matriz,cerca_empate,b=0.05,0,9.116522366522366,8.63116413926426,3,5,0.01757190003991127,0.77005354108682,0.06060606060606055,"[[2, 5, 7], [3, 4, 6], [1]]","[[5, 7], [3], [2], [4, 6], [1]]"
00068-00000013.soi,soi,7,15,matriz,cerca_empate,b=0.1,0,9.116522366522366,8.307422073622318,3,5,0.01512420002836734,0.77005354108682,0.06060606060606055,"[[2, 5, 7], [3, 4, 6], [1]]","[[5, 7], [3], [2], [4, 6], [1]]"
00068-00000013.soi,soi,7,15,matriz,todos,b=0.01,0,9.116522366522366,8.922390489709525,3,3,0.07413650001399219,0.9999999999999999,0.0,"[[2, 5, 7], [3, 4, 6], [1]]","[[2, 5, 7], [3, 4, 6], [1]]"
00068-00000013.soi,soi,7,15,matriz,todos,b=0.05,0,9.116522366522366,8.557768641317809,3,3,0.01622680004220456,0.9999999999999999,0.0,"[[2, 5, 7], [3, 4, 6], [1]]","[[2, 5, 7], [3, 4, 6], [1]]"
00068-00000013.soi,soi,7,15,matriz,todos,b=0.1,0,9.116522366522366,9.13790380500214,3,3,0.018797599943354726,0.9999999999999999,0.0,"[[2, 5, 7], [3, 4, 6], [1]]","[[2, 5, 7], [3, 4, 6], [1]]"
00068-00000013.soi,soi,7,15,matriz,aleatoria,b=0.01,1,9.116522366522366,9.17618700014455,3,3,0.016011999920010567,0.9999999999999999,0.0,"[[2, 5, 7], [3, 4, 6], [1]]","[[2, 5, 7], [3, 4, 6], [1]]"
00068-00000013.soi,soi,7,15,matriz,aleatoria,b=0.05,1,9.116522366522366,9.414845534633283,3,3,0.023432099958881736,0.9999999999999999,0.0,"[[2, 5, 7], [3, 4, 6], [1]]","[[2, 5, 7], [3, 4, 6], [1]]"
00068-00000013.soi,soi,7,15,matriz,aleatoria,b=0.1,1,9.116522366522366,9.363401805131252,3,3,0.015289800008758903,0.8666666666666666,0.5606060606060606,"[[2, 5, 7], [3, 4, 6], [1]]","[[2, 5, 7], [3], [1, 4, 6]]"
00068-00000013.soi,soi,7,15,matriz,cerca_empate,b=0.01,1,9.116522366522366,9.217963780211504,3,3,0.022023000055924058,0.9999999999999999,0.0,"[[2, 5, 7], [3, 4, 6], [1]]","[[2, 5, 7], [3, 4, 6], [1]]"
00068-00000013.soi,soi,7,15,matriz,cerca_empate,b=0.05,1,9.116522366522366,9.589906440674493,3,5,0.020430699922144413,0.77005354108682,0.06060606060606055,"[[2, 5, 7], [3, 4, 6], [1]]","[[5, 7], [3], [2], [4, 6], [1]]"
00068-00000013.soi,soi,7,15,matriz,cerca_empate,b=0.1,1,9.116522366522366,10.002684454220557,3,5,0.0177274999441579,0.77005354108682,0.06060606060606055,"[[2, 5, 7], [3, 4, 6], [1]]","[[5, 7], [3], [2], [4, 6], [1]]"
00068-00000013.soi,soi,7,15,matriz,todos,b=0.01,1,9.116522366522366,9.299923355518306,3,3,0.021553199971094728,0.9999999999999999,0.0,"[[2, 5, 7], [3, 4, 6], [1]]","[[2, 5, 7], [3, 4, 6], [1]]"
00068-00000013.soi,soi,7,15,matriz,todos,b=0.05,1,9.116522366522366,9.90625346923849,3,4,0.026215799967758358,0.9393364366277241,0.06060606060606055,"[[2, 5, 7], [3, 4, 6], [1]]","[[2, 5, 7], [3], [4, 6], [1]]"
00068-00000013.soi,soi,7,15,matriz,todos,b=0.1,1,9.116522366522366,10.635378511348556,3,4,0.058056100038811564,0.9393364366277241,0.06060606060606055,"[[2, 5, 7], [3, 4, 6], [1]]","[[2, 5, 7], [3], [4, 6], [1]]"
00068-00000013.soi,soi,7,15,matriz,aleatoria,b=0.01,2,9.116522366522366,9.07703794345381,3,3,0.02842590003274381,0.9999999999999999,0.0,"[[2, 5, 7], [3, 4, 6], [1]]","[[2, 5, 7], [3, 4, 6], [1]]"
00068-00000013.soi,soi,7,15,matriz,aleatoria,b=0.05,2,9.116522366522366,8.919100251179579,3,3,0.024974899948574603,0.9999999999999999,0.0,"[[2, 5, 7], [3, 4, 6], [1]]","[[2, 5, 7], [3, 4, 6], [1]]"
00068-00000013.soi,soi,7,15,matriz,aleatoria,b=0.1,2,9.116522366522366,8.72167813583679,3,3,0.019754600012674928,0.9999999999999999,0.0,"[[2, 5, 7], [3, 4, 6], [1]]","[[2, 5, 7], [3, 4, 6], [1]]"
00068-00000013.soi,soi,7,15,matriz,cerca_empate,b=0.01,2,9.116522366522366,9.151607381859804,3,5,0.019270499935373664,0.77005354108682,0.06060606060606055,"[[2, 5, 7], [3, 4, 6], [1]]","[[5, 7], [3], [2], [4, 6], [1]]"
00068-00000013.soi,soi,7,15,matriz,cerca_empate,b=0.05,2,9.116522366522366,9.049523200785318,3,5,0.02179269993212074,0.77005354108682,0.06060606060606055,"[[2, 5, 7], [3, 4, 6], [1]]","[[5, 7], [3], [2], [4, 6], [1]]"
00068-00000013.soi,soi,7,15,matriz,cerca_empate,b=0.1,2,9.116522366522366,8.944043319720764,3,5,0.02209199999924749,0.77005354108682,0.06060606060606055,"[[2, 5, 7], [3, 4, 6], [1]]","[[5, 7], [3], [2], [4, 6], [1]]"
00068-00000013.soi,soi,7,15,matriz,todos,b=0.01,2,9.116522366522366,9.119098177960666,3,3,0.022768200025893748,0.9999999999999999,0.0,"[[2, 5, 7], [3, 4, 6], [1]]","[[2, 5, 7], [3, 4, 6], [1]]"
00068-00000013.soi,soi,7,15,matriz,todos,b=0.05,2,9.116522366522366,9.453459052661906,3,3,0.03437349991872907,0.9999999999999999,0.0,"[[2, 5, 7], [3, 4, 6], [1]]","[[2, 5, 7], [3, 4, 6], [1]]"
00068-00000013.soi,soi,7,15,matriz,todos,b=0.1,2,9.116522366522366,9.614839925189685,3,3,0.019038200029172003,0.9036961141150639,0.7272727272727284,"[[2, 5, 7], [3, 4, 6], [1]]","[[2, 5, 7], [3, 4], [1, 6]]"
00068-00000013.soi,soi,7,15,matriz,aleatoria,b=0.01,3,9.116522366522366,9.12772539060015,3,3,0.019752199994400144,0.9999999999999999,0.0,"[[2, 5, 7], [3, 4, 6], [1]]","[[2, 5, 7], [3, 4, 6], [1]]"
00068-00000013.soi,soi,7,15,matriz,aleatoria,b=0.05,3,9.116522366522366,9.172537486911283,3,3,0.020477499929256737,0.9999999999999999,0.0,"[[2, 5, 7], [3, 4, 6], [1]]","[[2, 5, 7], [3, 4, 6], [1]]"
00068-00000013.soi,soi,7,15,matriz,aleatoria,b=0.1,3,9.116522366522366,9.228552607300198,3,3,0.023823499912396073,0.9999999999999999,0.0,"[[2, 5, 7], [3, 4, 6], [1]]","[[2, 5, 7], [3, 4, 6], [1]]"
00068-00000013.soi,soi,7,15,matriz,cerca_empate,b=0.01,3,9.116522366522366,9.119267094210581,3,5,0.033184200059622526,0.77005354108682,0.06060606060606055,"[[2, 5, 7], [3, 4, 6], [1]]","[[5, 7], [3], [2], [4, 6], [1]]"
00068-00000013.soi,soi,7,15,matriz,cerca_empate,b=0.05,3,9.116522366522366,8.887821762539197,3,5,0.016214199946261942,0.77005354108682,0.06060606060606055,"[[2, 5, 7], [3, 4, 6], [1]]","[[5, 7], [3], [2], [4, 6], [1]]"
00068-00000013.soi,soi,7,15,matriz,cerca_empate,b=0.1,3,9.116522366522366,8.598515097949969,3,5,0.029204499907791615,0.77005354108682,0.06060606060606055,"[[2, 5, 7], [3, 4, 6], [1]]","[[5, 7], [3], [2], [4, 6], [1]]"
00068-00000013.soi,soi,7,15,matriz,todos,b=0.01,3,9.116522366522366,9.207309889942714,3,3,0.06473839993122965,0.9999999999999999,0.0,"[[2, 5, 7], [3, 4, 6], [1]]","[[2, 5, 7], [3, 4, 6], [1]]"
00068-00000013.soi,soi,7,15,matriz,todos,b=0.05,3,9.116522366522366,9.53705731015965,3,5,0.05062800005543977,0.77005354108682,0.06060606060606055,"[[2, 5, 7], [3, 4, 6], [1]]","[[5, 7], [3], [2], [4, 6], [1]]"
00068-00000013.soi,soi,7,15,matriz,todos,b=0.1,3,9.116522366522366,9.896986193190873,3,5,0.031778200063854456,0.77005354108682,0.06060606060606055,"[[2, 5, 7], [3, 4, 6], [1]]","[[5, 7], [3], [2], [4, 6], [1]]"
00068-00000013.soi,soi,7,15,matriz,aleatoria,b=0.01,4,9.116522366522366,9.089251381357537,3,3,0.044674200005829334,0.9999999999999999,0.0,"[[2, 5, 7], [3, 4, 6], [1]]","[[2, 5, 7], [3, 4, 6], [1]]"
00068-00000013.soi,soi,7,15,matriz,aleatoria,b=0.05,4,9.116522366522366,8.980167440698214,3,3,0.032388299936428666,0.9999999999999999,0.0,"[[2, 5, 7], [3, 4, 6], [1]]","[[2, 5, 7], [3, 4, 6], [1]]"
00068-00000013.soi,soi,7,15,matriz,aleatoria,b=0.1,4,9.116522366522366,8.843812514874063,3,3,0.03199280006811023,0.9999999999999999,0.0,"[[2, 5, 7], [3, 4, 6], [1]]","[[2, 5, 7], [3, 4, 6], [1]]"
00068-00000013.soi,soi,7,15,matriz,cerca_empate,b=0.01,4,9.116522366522366,9.274554521746065,3,5,0.023820800008252263,0.77005354108682,0.06060606060606055,"[[2, 5, 7], [3, 4, 6], [1]]","[[5, 7], [3], [2], [4, 6], [1]]"
00068-00000013.soi,soi,7,15,matriz,cerca_empate,b=0.05,4,9.116522366522366,9.664258900216621,3,5,0.027552600018680096,0.77005354108682,0.06060606060606055,"[[2, 5, 7], [3, 4, 6], [1]]","[[5, 7], [3], [2], [4, 6], [1]]"
00068-00000013.soi,soi,7,15,matriz,cerca_empate,b=0.1,4,9.116522366522366,10.151389373304816,3,5,0.0362902000779286,0.77005354108682,0.06060606060606055,"[[2, 5, 7], [3, 4, 6], [1]]","[[5, 7], [3], [2], [4, 6], [1]]"
00068-00000013.soi,soi,7,15,matriz,todos,b=0.01,4,9.116522366522366,9.330725492216708,3,3,0.24990209995303303,0.9999999999999999,0.0,"[[2, 5, 7], [3, 4, 6], [1]]","[[2, 5, 7], [3, 4, 6], [1]]"
00068-00000013.soi,soi,7,15,matriz,todos,b=0.05,4,9.116522366522366,10.260774865490431,3,3,0.03057160007301718,0.8666666666666666,0.5606060606060606,"[[2, 5, 7], [3, 4, 6], [1]]","[[2, 5, 7], [3], [1, 4, 6]]"
00068-00000013.soi,soi,7,15,matriz,todos,b=0.1,4,9.116522366522366,10.68599237162864,3,2,0.05003260006196797,0.7453559924999299,1.5606060606060606,"[[2, 5, 7], [3, 4, 6], [1]]","[[2, 3, 5, 7], [1, 4, 6]]"
00068-00000014.soi,soi,6,15,matriz,aleatoria,b=0.01,0,5.175824175824175,5.249657524694069,3,3,0.012366499984636903,1.0,0.0,"[[1, 5], [3], [2, 4, 6]]","[[1, 5], [3], [2, 4, 6]]"
00068-00000014.soi,soi,6,15,matriz,aleatoria,b=0.05,0,5.175824175824175,5.4931009262806505,3,2,0.019301700056530535,0.9045340337332909,0.5714285714285721,"[[1, 5], [3], [2, 4, 6]]","[[1, 3, 5], [2, 4, 6]]"
00068-00000014.soi,soi,6,15,matriz,aleatoria,b=0.1,0,5.175824175824175,5.6681933330651635,3,2,0.01443670003209263,0.9045340337332909,0.5714285714285721,"[[1, 5], [3], [2, 4, 6]]","[[1, 3, 5], [2, 4, 6]]"
00068-00000014.soi,soi,6,15,matriz,cerca_empate,b=0.01,0,5.175824175824175,5.136509821390254,3,3,0.009933799970895052,1.0,0.0,"[[1, 5], [3], [2, 4, 6]]","[[1, 5], [3], [2, 4, 6]]"
00068-00000014.soi,soi,6,15,matriz,cerca_empate,b=0.05,0,5.175824175824175,4.9792524036545665,3,3,0.014161500032059848,1.0,0.0,"[[1, 5], [3], [2, 4, 6]]","[[1, 5], [3], [2, 4, 6]]"
00068-00000014.soi,soi,6,15,matriz,cerca_empate,b=0.1,0,5.175824175824175,4.7826806314849595,3,3,0.021332299918867648,1.0,0.0,"[[1, 5], [3], [2, 4, 6]]","[[1, 5], [3], [2, 4, 6]]"
00068-00000014.soi,soi,6,15,matriz,todos,b=0.01,0,5.175824175824175,5.544739889544509,3,3,0.04522199998609722,1.0,0.0,"[[1, 5], [3], [2, 4, 6]]","[[1, 5], [3], [2, 4, 6]]"
00068-00000014.soi,soi,6,15,matriz,todos,b=0.05,0,5.175824175824175,6.534611939773172,3,1,0.022330299951136112,0.0,1.3150183150183157,"[[1, 5], [3], [2, 4, 6]]","[[1, 2, 3, 4, 5, 6]]"
00068-00000014.soi,soi,6,15,matriz,todos,b=0.1,0,5.175824175824175,6.6583315245237875,3,4,0.027022199938073754,0.7833494518006404,2.333333333333334,"[[1, 5], [3], [2, 4, 6]]","[[5], [1], [2, 3, 6], [4]]"
00068-00000014.soi,soi,6,15,matriz,aleatoria,b=0.01,1,5.175824175824175,5.14875933787201,3,3,0.013542899978347123,1.0,0.0,"[[1, 5], [3], [2, 4, 6]]","[[1, 5], [3], [2, 4, 6]]"
00068-00000014.soi,soi,6,15,matriz,aleatoria,b=0.05,1,5.175824175824175,5.040499986063348,3,3,0.012614000006578863,1.0,0.0,"[[1, 5], [3], [2, 4, 6]]","[[1, 5], [3], [2, 4, 6]]"
00068-00000014.soi,soi,6,15,matriz,aleatoria,b=0.1,1,5.175824175824175,4.90517579630252,3,3,0.0116586999502033,1.0,0.0,"[[1, 5], [3], [2, 4, 6]]","[[1, 5], [3], [2, 4, 6]]"
00068-00000014.soi,soi,6,15,matriz,cerca_empate,b=0.01,1,5.175824175824175,5.305705348972507,3,3,0.012515800073742867,1.0,0.0,"[[1, 5], [3], [2, 4, 6]]","[[1, 5], [3], [2, 4, 6]]"
00068-00000014.soi,soi,6,15,matriz,cerca_empate,b=0.05,1,5.175824175824175,5.825230041565829,3,3,0.01182459993287921,1.0,0.0,"[[1, 5], [3], [2, 4, 6]]","[[1, 5], [3], [2, 4, 6]]"
00068-00000014.soi,soi,6,15,matriz,cerca_empate,b=0.1,1,5.175824175824175,6.474635907307485,3,3,0.021066699991934,1.0,0.0,"[[1, 5], [3], [2, 4, 6]]","[[1, 5], [3], [2, 4, 6]]"
00068-00000014.soi,soi,6,15,matriz,todos,b=0.01,1,5.175824175824175,5.320000947728789,3,3,0.013188499957323074,1.0,0.0,"[[1, 5], [3], [2, 4, 6]]","[[1, 5], [3], [2, 4, 6]]"
00068-00000014.soi,soi,6,15,matriz,todos,b=0.05,1,5.175824175824175,5.896708035347247,3,3,0.012677900027483702,1.0,0.0,"[[1, 5], [3], [2, 4, 6]]","[[1, 5], [3], [2, 4, 6]]"
00068-00000014.soi,soi,6,15,matriz,todos,b=0.1,1,5.175824175824175,6.498106581088519,3,2,0.013342399965040386,0.5393598899705937,2.0,"[[1, 5], [3], [2, 4, 6]]","[[1], [2, 3, 4, 5, 6]]"
00068-00000014.soi,soi,6,15,matriz,aleatoria,b=0.01,2,5.175824175824175,5.240694362694742,3,3,0.013726799981668591,1.0,0.0,"[[1, 5], [3], [2, 4, 6]]","[[1, 5], [3], [2, 4, 6]]"
00068-00000014.soi,soi,6,15,matriz,aleatoria,b=0.05,2,5.175824175824175,5.500175110177011,3,3,0.015217800042591989,1.0,0.0,"[[1, 5], [3], [2, 4, 6]]","[[1, 5], [3], [2, 4, 6]]"
00068-00000014.soi,soi,6,15,matriz,aleatoria,b=0.1,2,5.175824175824175,5.824526044529849,3,3,0.02100599999539554,1.0,0.0,"[[1, 5], [3], [2, 4, 6]]","[[1, 5], [3], [2, 4, 6]]"
00068-00000014.soi,soi,6,15,matriz,cerca_empate,b=0.01,2,5.175824175824175,5.156639084770671,3,3,0.01134610001463443,1.0,0.0,"[[1, 5], [3], [2, 4, 6]]","[[1, 5], [3], [2, 4, 6]]"
00068-00000014.soi,soi,6,15,matriz,cerca_empate,b=0.05,2,5.175824175824175,5.079898720556653,3,3,0.009011900052428246,1.0,0.0,"[[1, 5], [3], [2, 4, 6]]","[[1, 5], [3], [2, 4, 6]]"
00068-00000014.soi,soi,6,15,matriz,cerca_empate,b=0.1,2,5.175824175824175,4.983973265289129,3,3,0.008736499934457242,1.0,0.0,"[[1, 5], [3], [2, 4, 6]]","[[1, 5], [3], [2, 4, 6]]"
00068-00000014.soi,soi,6,15,matriz,todos,b=0.01,2,5.175824175824175,5.2532313610538015,3,3,0.019393699942156672,1.0,0.0,"[[1, 5], [3], [2, 4, 6]]","[[1, 5], [3], [2, 4, 6]]"
00068-00000014.soi,soi,6,15,matriz,todos,b=0.05,2,5.175824175824175,5.562860101972305,3,3,0.0124132001074031,1.0,0.0,"[[1, 5], [3], [2, 4, 6]]","[[1, 5], [3], [2, 4, 6]]"
00068-00000014.soi,soi,6,15,matriz,todos,b=0.1,2,5.175824175824175,5.637484020427008,3,3,0.01419969997368753,0.9090909090909091,0.5714285714285721,"[[1, 5], [3], [2, 4, 6]]","[[5], [1, 3], [2, 4, 6]]"
00068-00000014.soi,soi,6,15,matriz,aleatoria,b=0.01,3,5.175824175824175,5.32476818574073,3,3,0.015232700039632618,1.0,0.0,"[[1, 5], [3], [2, 4, 6]]","[[1, 5], [3], [2, 4, 6]]"
00068-00000014.soi,soi,6,15,matriz,aleatoria,b=0.05,3,5.175824175824175,5.92054422540695,3,3,0.014654500060714781,1.0,0.0,"[[1, 5], [3], [2, 4, 6]]","[[1, 5], [3], [2, 4, 6]]"
00068-00000014.soi,soi,6,15,matriz,aleatoria,b=0.1,3,5.175824175824175,6.502109088222404,3,3,0.013142800075002015,1.0,0.0,"[[1, 5], [3], [2, 4, 6]]","[[1, 5], [3], [2, 4, 6]]"
00068-00000014.soi,soi,6,15,matriz,cerca_empate,b=0.01,3,5.175824175824175,5.254478607253002,3,3,0.012700399965979159,1.0,0.0,"[[1, 5], [3], [2, 4, 6]]","[[1, 5], [3], [2, 4, 6]]"
00068-00000014.soi,soi,6,15,matriz,cerca_empate,b=0.05,3,5.175824175824175,5.56909633296831,3,3,0.010760699980892241,1.0,0.0,"[[1, 5], [3], [2, 4, 6]]","[[1, 5], [3], [2, 4, 6]]"
00068-00000014.soi,soi,6,15,matriz,cerca_empate,b=0.1,3,5.175824175824175,5.828057622481009,3,3,0.01106459996663034,0.9090909090909091,0.5714285714285721,"[[1, 5], [3], [2, 4, 6]]","[[5], [1, 3], [2, 4, 6]]"
00068-00000014.soi,soi,6,15,matriz,todos,b=0.01,3,5.175824175824175,5.27107087445471,3,3,0.011959300027228892,1.0,0.0,"[[1, 5], [3], [2, 4, 6]]","[[1, 5], [3], [2, 4, 6]]"
00068-00000014.soi,soi,6,15,matriz,todos,b=0.05,3,5.175824175824175,5.652057668976849,3,3,0.015622000093571842,1.0,0.0,"[[1, 5], [3], [2, 4, 6]]","[[1, 5], [3], [2, 4, 6]]"
00068-00000014.soi,soi,6,15,matriz,todos,b=0.1,3,5.175824175824175,5.922643811570577,3,1,0.01354469999205321,0.0,1.3150183150183157,"[[1, 5], [3], [2, 4, 6]]","[[1, 2, 3, 4, 5, 6]]"
00068-00000014.soi,soi,6,15,matriz,aleatoria,b=0.01,4,5.175824175824175,5.207852911576538,3,3,0.011310500092804432,1.0,0.0,"[[1, 5], [3], [2, 4, 6]]","[[1, 5], [3], [2, 4, 6]]"
00068-00000014.soi,soi,6,15,matriz,aleatoria,b=0.05,4,5.175824175824175,5.3359678545859905,3,3,0.013050799956545234,1.0,0.0,"[[1, 5], [3], [2, 4, 6]]","[[1, 5], [3], [2, 4, 6]]"
00068-00000014.soi,soi,6,15,matriz,aleatoria,b=0.1,4,5.175824175824175,5.285551880282441,3,3,0.009858699981123209,0.8703882797784892,0.3333333333333339,"[[1, 5], [3], [2, 4, 6]]","[[1, 5], [2, 3], [4, 6]]"
00068-00000014.soi,soi,6,15,matriz,cerca_empate,b=0.01,4,5.175824175824175,5.254733425690874,3,3,0.01227080007083714,1.0,0.0,"[[1, 5], [3], [2, 4, 6]]","[[1, 5], [3], [2, 4, 6]]"
00068-00000014.soi,soi,6,15,matriz,cerca_empate,b=0.05,4,5.175824175824175,5.294351642446929,3,3,0.010660000029020011,0.8703882797784892,0.3333333333333339,"[[1, 5], [3], [2, 4, 6]]","[[1, 5], [2, 3], [4, 6]]"
00068-00000014.soi,soi,6,15,matriz,cerca_empate,b=0.1,4,5.175824175824175,5.079545775736349,3,3,0.008929300005547702,0.8703882797784892,0.3333333333333339,"[[1, 5], [3], [2, 4, 6]]","[[1, 5], [2, 3], [4, 6]]"
00068-00000014.soi,soi,6,15,matriz,todos,b=0.01,4,5.175824175824175,5.126256660365618,3,3,0.014312000013887882,1.0,0.0,"[[1, 5], [3], [2, 4, 6]]","[[1, 5], [3], [2, 4, 6]]"
00068-00000014.soi,soi,6,15,matriz,todos,b=0.05,4,5.175824175824175,4.860950128012213,3,3,0.02278140000998974,0.8703882797784892,0.3333333333333339,"[[1, 5], [3], [2, 4, 6]]","[[1, 5], [2, 3], [4, 6]]"
00068-00000014.soi,soi,6,15,matriz,todos,b=0.1,4,5.175824175824175,4.212742746866919,3,3,0.013630600064061582,0.8703882797784892,0.3333333333333339,"[[1, 5], [3], [2, 4, 6]]","[[1, 5], [2, 3], [4, 6]]"
00068-00000015.soi,soi,7,15,matriz,aleatoria,b=0.01,0,5.219047619047619,5.307337045825488,3,3,0.023487100028432906,1.0,0.0,"[[3], [4], [1, 2, 5, 6, 7]]","[[3], [4], [1, 2, 5, 6, 7]]"
00068-00000015.soi,soi,7,15,matriz,aleatoria,b=0.05,0,5.219047619047619,5.660494752936966,3,3,0.022251600050367415,1.0,0.0,"[[3], [4], [1, 2, 5, 6, 7]]","[[3], [4], [1, 2, 5, 6, 7]]"
00068-00000015.soi,soi,7,15,matriz,aleatoria,b=0.1,0,5.219047619047619,6.101941886826312,3,3,0.024687599972821772,1.0,0.0,"[[3], [4], [1, 2, 5, 6, 7]]","[[3], [4], [1, 2, 5, 6, 7]]"
00068-00000015.soi,soi,7,15,matriz,cerca_empate,b=0.01,0,5.219047619047619,5.3560142662833865,3,3,0.022561300080269575,1.0,0.0,"[[3], [4], [1, 2, 5, 6, 7]]","[[3], [4], [1, 2, 5, 6, 7]]"
00068-00000015.soi,soi,7,15,matriz,cerca_empate,b=0.05,0,5.219047619047619,5.903880855226452,3,3,0.014582799980416894,1.0,0.0,"[[3], [4], [1, 2, 5, 6, 7]]","[[3], [4], [1, 2, 5, 6, 7]]"
00068-00000015.soi,soi,7,15,matriz,cerca_empate,b=0.1,0,5.219047619047619,6.588714091405286,3,3,0.018473399919457734,1.0,0.0,"[[3], [4], [1, 2, 5, 6, 7]]","[[3], [4], [1, 2, 5, 6, 7]]"
00068-00000015.soi,soi,7,15,matriz,todos,b=0.01,0,5.219047619047619,5.592046746016182,3,3,0.015949000022374094,1.0,0.0,"[[3], [4], [1, 2, 5, 6, 7]]","[[3], [4], [1, 2, 5, 6, 7]]"
00068-00000015.soi,soi,7,15,matriz,todos,b=0.05,0,5.219047619047619,6.820779154590537,3,3,0.02956539997830987,0.753778361444409,2.2761904761904743,"[[3], [4], [1, 2, 5, 6, 7]]","[[3, 4], [2, 5, 7], [1, 6]]"
00068-00000015.soi,soi,7,15,matriz,todos,b=0.1,0,5.219047619047619,6.436967618381027,3,3,0.0174073000671342,0.753778361444409,2.2761904761904743,"[[3], [4], [1, 2, 5, 6, 7]]","[[3, 4], [2, 5, 7], [1, 6]]"
00068-00000015.soi,soi,7,15,matriz,aleatoria,b=0.01,1,5.219047619047619,5.296522754450065,3,3,0.017350699985399842,1.0,0.0,"[[3], [4], [1, 2, 5, 6, 7]]","[[3], [4], [1, 2, 5, 6, 7]]"
00068-00000015.soi,soi,7,15,matriz,aleatoria,b=0.05,1,5.219047619047619,5.60642329605985,3,3,0.023981399950571358,1.0,0.0,"[[3], [4], [1, 2, 5, 6, 7]]","[[3], [4], [1, 2, 5, 6, 7]]"
00068-00000015.soi,soi,7,15,matriz,aleatoria,b=0.1,1,5.219047619047619,5.99379897307208,3,3,0.02103139995597303,1.0,0.0,"[[3], [4], [1, 2, 5, 6, 7]]","[[3], [4], [1, 2, 5, 6, 7]]"
00068-00000015.soi,soi,7,15,matriz,cerca_empate,b=0.01,1,5.219047619047619,5.2451193014833,3,3,0.01690659997984767,1.0,0.0,"[[3], [4], [1, 2, 5, 6, 7]]","[[3], [4], [1, 2, 5, 6, 7]]"
00068-00000015.soi,soi,7,15,matriz,cerca_empate,b=0.05,1,5.219047619047619,5.671259177002192,3,3,0.022356900037266314,1.0,0.0,"[[3], [4], [1, 2, 5, 6, 7]]","[[3], [4], [1, 2, 5, 6, 7]]"
00068-00000015.soi,soi,7,15,matriz,cerca_empate,b=0.1,1,5.219047619047619,6.256804068290098,3,3,0.016834700014442205,1.0,0.0,"[[3], [4], [1, 2, 5, 6, 7]]","[[3], [4], [1, 2, 5, 6, 7]]"
00068-00000015.soi,soi,7,15,matriz,todos,b=0.01,1,5.219047619047619,5.239576442551778,3,3,0.01818029989954084,1.0,0.0,"[[3], [4], [1, 2, 5, 6, 7]]","[[3], [4], [1, 2, 5, 6, 7]]"
00068-00000015.soi,soi,7,15,matriz,todos,b=0.05,1,5.219047619047619,5.32169173656842,3,3,0.015829100040718913,1.0,0.0,"[[3], [4], [1, 2, 5, 6, 7]]","[[3], [4], [1, 2, 5, 6, 7]]"
00068-00000015.soi,soi,7,15,matriz,todos,b=0.1,1,5.219047619047619,5.836875886485311,3,3,0.018169500050134957,1.0,0.0,"[[3], [4], [1, 2, 5, 6, 7]]","[[3], [4], [1, 2, 5, 6, 7]]"
00068-00000015.soi,soi,7,15,matriz,aleatoria,b=0.01,2,5.219047619047619,5.289959133605098,3,3,0.017717699985951185,1.0,0.0,"[[3], [4], [1, 2, 5, 6, 7]]","[[3], [4], [1, 2, 5, 6, 7]]"
00068-00000015.soi,soi,7,15,matriz,aleatoria,b=0.05,2,5.219047619047619,5.57360519183502,3,3,0.017713699955493212,1.0,0.0,"[[3], [4], [1, 2, 5, 6, 7]]","[[3], [4], [1, 2, 5, 6, 7]]"
00068-00000015.soi,soi,7,15,matriz,aleatoria,b=0.1,2,5.219047619047619,5.928162764622419,3,3,0.017568500014021993,1.0,0.0,"[[3], [4], [1, 2, 5, 6, 7]]","[[3], [4], [1, 2, 5, 6, 7]]"
00068-00000015.soi,soi,7,15,matriz,cerca_empate,b=0.01,2,5.219047619047619,5.295996066325089,3,3,0.02685400005429983,1.0,0.0,"[[3], [4], [1, 2, 5, 6, 7]]","[[3], [4], [1, 2, 5, 6, 7]]"
00068-00000015.soi,soi,7,15,matriz,cerca_empate,b=0.05,2,5.219047619047619,5.603789855434965,3,3,0.014902499970048666,1.0,0.0,"[[3], [4], [1, 2, 5, 6, 7]]","[[3], [4], [1, 2, 5, 6, 7]]"
00068-00000015.soi,soi,7,15,matriz,cerca_empate,b=0.1,2,5.219047619047619,5.988532091822311,3,3,0.014373099897056818,1.0,0.0,"[[3], [4], [1, 2, 5, 6, 7]]","[[3], [4], [1, 2, 5, 6, 7]]"
00068-00000015.soi,soi,7,15,matriz,todos,b=0.01,2,5.219047619047619,5.243381517584195,3,3,0.016340199974365532,1.0,0.0,"[[3], [4], [1, 2, 5, 6, 7]]","[[3], [4], [1, 2, 5, 6, 7]]"
00068-00000015.soi,soi,7,15,matriz,todos,b=0.05,2,5.219047619047619,5.480523703982293,3,3,0.02311439998447895,1.0,0.0,"[[3], [4], [1, 2, 5, 6, 7]]","[[3], [4], [1, 2, 5, 6, 7]]"
00068-00000015.soi,soi,7,15,matriz,todos,b=0.1,2,5.219047619047619,5.8876841954838355,3,3,0.03034479997586459,1.0,0.0,"[[3], [4], [1, 2, 5, 6, 7]]","[[3], [4], [1, 2, 5, 6, 7]]"
00068-00000015.soi,soi,7,15,matriz,aleatoria,b=0.01,3,5.219047619047619,5.363195514905192,3,3,0.028293399955146015,1.0,0.0,"[[3], [4], [1, 2, 5, 6, 7]]","[[3], [4], [1, 2, 5, 6, 7]]"
00068-00000015.soi,soi,7,15,matriz,aleatoria,b=0.05,3,5.219047619047619,5.939787098335486,3,3,0.018621600000187755,1.0,0.0,"[[3], [4], [1, 2, 5, 6, 7]]","[[3], [4], [1, 2, 5, 6, 7]]"
00068-00000015.soi,soi,7,15,matriz,aleatoria,b=0.1,3,5.219047619047619,6.660526577623353,3,3,0.015383899910375476,1.0,0.0,"[[3], [4], [1, 2, 5, 6, 7]]","[[3], [4], [1, 2, 5, 6, 7]]"
00068-00000015.soi,soi,7,15,matriz,cerca_empate,b=0.01,3,5.219047619047619,5.284144928761207,3,3,0.015402100048959255,1.0,0.0,"[[3], [4], [1, 2, 5, 6, 7]]","[[3], [4], [1, 2, 5, 6, 7]]"
00068-00000015.soi,soi,7,15,matriz,cerca_empate,b=0.05,3,5.219047619047619,5.544534167615556,3,3,0.02585530001670122,1.0,0.0,"[[3], [4], [1, 2, 5, 6, 7]]","[[3], [4], [1, 2, 5, 6, 7]]"
00068-00000015.soi,soi,7,15,matriz,cerca_empate,b=0.1,3,5.219047619047619,5.870020716183493,3,3,0.014765100087970495,1.0,0.0,"[[3], [4], [1, 2, 5, 6, 7]]","[[3], [4], [1, 2, 5, 6, 7]]"
00068-00000015.soi,soi,7,15,matriz,todos,b=0.01,3,5.219047619047619,5.355418628568929,3,3,0.01572999998461455,1.0,0.0,"[[3], [4], [1, 2, 5, 6, 7]]","[[3], [4], [1, 2, 5, 6, 7]]"
00068-00000015.soi,soi,7,15,matriz,todos,b=0.05,3,5.219047619047619,5.864855594185733,3,4,0.02240789995994419,0.8043996665398437,1.2761904761904752,"[[3], [4], [1, 2, 5, 6, 7]]","[[3], [4], [2, 5, 7], [1, 6]]"
00068-00000015.soi,soi,7,15,matriz,todos,b=0.1,3,5.219047619047619,5.818263805167402,3,4,0.01610660005826503,0.8043996665398437,1.2761904761904752,"[[3], [4], [1, 2, 5, 6, 7]]","[[3], [4], [2, 5, 7], [1, 6]]"
00068-00000015.soi,soi,7,15,matriz,aleatoria,b=0.01,4,5.219047619047619,5.2365832381105815,3,3,0.017986400052905083,1.0,0.0,"[[3], [4], [1, 2, 5, 6, 7]]","[[3], [4], [1, 2, 5, 6, 7]]"
00068-00000015.soi,soi,7,15,matriz,aleatoria,b=0.05,4,5.219047619047619,5.3067257143624325,3,3,0.017706899903714657,1.0,0.0,"[[3], [4], [1, 2, 5, 6, 7]]","[[3], [4], [1, 2, 5, 6, 7]]"
00068-00000015.soi,soi,7,15,matriz,aleatoria,b=0.1,4,5.219047619047619,5.394403809677246,3,3,0.019682100042700768,1.0,0.0,"[[3], [4], [1, 2, 5, 6, 7]]","[[3], [4], [1, 2, 5, 6, 7]]"
00068-00000015.soi,soi,7,15,matriz,cerca_empate,b=0.01,4,5.219047619047619,5.360335684474679,3,3,0.030222699977457523,1.0,0.0,"[[3], [4], [1, 2, 5, 6, 7]]","[[3], [4], [1, 2, 5, 6, 7]]"
00068-00000015.soi,soi,7,15,matriz,cerca_empate,b=0.05,4,5.219047619047619,5.925487946182915,3,3,0.015782999922521412,1.0,0.0,"[[3], [4], [1, 2, 5, 6, 7]]","[[3], [4], [1, 2, 5, 6, 7]]"
00068-00000015.soi,soi,7,15,matriz,cerca_empate,b=0.1,4,5.219047619047619,6.4989383269443435,3,4,0.015831499942578375,0.8563488385776752,1.0857142857142854,"[[3], [4], [1, 2, 5, 6, 7]]","[[3], [4], [2], [1, 5, 6, 7]]"
00068-00000015.soi,soi,7,15,matriz,todos,b=0.01,4,5.219047619047619,5.222285713849036,3,3,0.018351499922573566,1.0,0.0,"[[3], [4], [1, 2, 5, 6, 7]]","[[3], [4], [1, 2, 5, 6, 7]]"
00068-00000015.soi,soi,7,15,matriz,todos,b=0.05,4,5.219047619047619,5.37975053265513,3,3,0.02249659993685782,1.0,0.0,"[[3], [4], [1, 2, 5, 6, 7]]","[[3], [4], [1, 2, 5, 6, 7]]"
00068-00000015.soi,soi,7,15,matriz,todos,b=0.1,4,5.219047619047619,5.673786779595974,3,3,0.02079310000408441,1.0,0.0,"[[3], [4], [1, 2, 5, 6, 7]]","[[3], [4], [1, 2, 5, 6, 7]]"
