instancia,tipo,n,m,metodo,tecnica,parametros,seed,obj_value,obj_value_ruido,n_buckets,n_buckets_ruido,tiempo,kendall_tau,perdida,buckets_original,buckets_ruido
00071-00000001.toc,toc,12,215,rankings,empate,b=0.1,0,11.50232558139535,11.56279069767442,1,1,0.060204399982467294,1.0,0.0,"[[1, 2, 3, 4, 5, 6, 7, 8, 9, 10, 11, 12]]","[[1, 2, 3, 4, 5, 6, 7, 8, 9, 10, 11, 12]]"
00071-00000001.toc,toc,12,215,rankings,empate,b=0.2,0,11.50232558139535,10.418604651162791,1,1,0.06894959998317063,1.0,0.0,"[[1, 2, 3, 4, 5, 6, 7, 8, 9, 10, 11, 12]]","[[1, 2, 3, 4, 5, 6, 7, 8, 9, 10, 11, 12]]"
00071-00000001.toc,toc,12,215,rankings,empate,b=0.3,0,11.50232558139535,8.96279069767442,1,1,0.0727568999864161,1.0,0.0,"[[1, 2, 3, 4, 5, 6, 7, 8, 9, 10, 11, 12]]","[[1, 2, 3, 4, 5, 6, 7, 8, 9, 10, 11, 12]]"
00071-00000001.toc,toc,12,215,rankings,intercambio,b=0.1,0,11.50232558139535,9.437209302325583,1,1,0.06342350004706532,1.0,0.0,"[[1, 2, 3, 4, 5, 6, 7, 8, 9, 10, 11, 12]]","[[1, 2, 3, 4, 5, 6, 7, 8, 9, 10, 11, 12]]"
00071-00000001.toc,toc,12,215,rankings,intercambio,b=0.2,0,11.50232558139535,7.0279069767441875,1,1,0.06406080001033843,1.0,0.0,"[[1, 2, 3, 4, 5, 6, 7, 8, 9, 10, 11, 12]]","[[1, 2, 3, 4, 5, 6, 7, 8, 9, 10, 11, 12]]"
00071-00000001.toc,toc,12,215,rankings,intercambio,b=0.3,0,11.50232558139535,5.269767441860467,1,1,0.0713984000030905,1.0,0.0,"[[1, 2, 3, 4, 5, 6, 7, 8, 9, 10, 11, 12]]","[[1, 2, 3, 4, 5, 6, 7, 8, 9, 10, 11, 12]]"
00071-00000001.toc,toc,12,215,rankings,local,b=0.1,0,11.50232558139535,11.50232558139535,1,1,0.05870320007670671,1.0,0.0,"[[1, 2, 3, 4, 5, 6, 7, 8, 9, 10, 11, 12]]","[[1, 2, 3, 4, 5, 6, 7, 8, 9, 10, 11, 12]]"
00071-00000001.toc,toc,12,215,rankings,local,b=0.2,0,11.50232558139535,11.50232558139535,1,1,0.05931439995765686,1.0,0.0,"[[1, 2, 3, 4, 5, 6, 7, 8, 9, 10, 11, 12]]","[[1, 2, 3, 4, 5, 6, 7, 8, 9, 10, 11, 12]]"
00071-00000001.toc,toc,12,215,rankings,local,b=0.3,0,11.50232558139535,11.50232558139535,1,1,0.06217509997077286,1.0,0.0,"[[1, 2, 3, 4, 5, 6, 7, 8, 9, 10, 11, 12]]","[[1, 2, 3, 4, 5, 6, 7, 8, 9, 10, 11, 12]]"
00071-00000001.toc,toc,12,215,rankings,movimiento,b=0.1,0,11.50232558139535,10.348837209302326,1,1,0.060333100031130016,1.0,0.0,"[[1, 2, 3, 4, 5, 6, 7, 8, 9, 10, 11, 12]]","[[1, 2, 3, 4, 5, 6, 7, 8, 9, 10, 11, 12]]"
00071-00000001.toc,toc,12,215,rankings,movimiento,b=0.2,0,11.50232558139535,10.316279069767443,1,1,0.06343380000907928,1.0,0.0,"[[1, 2, 3, 4, 5, 6, 7, 8, 9, 10, 11, 12]]","[[1, 2, 3, 4, 5, 6, 7, 8, 9, 10, 11, 12]]"
00071-00000001.toc,toc,12,215,rankings,movimiento,b=0.3,0,11.50232558139535,9.06046511627907,1,1,0.0687289999332279,1.0,0.0,"[[1, 2, 3, 4, 5, 6, 7, 8, 9, 10, 11, 12]]","[[1, 2, 3, 4, 5, 6, 7, 8, 9, 10, 11, 12]]"
00071-00000001.toc,toc,12,215,rankings,empate,b=0.1,1,11.50232558139535,10.372093023255815,1,1,0.06034580001141876,1.0,0.0,"[[1, 2, 3, 4, 5, 6, 7, 8, 9, 10, 11, 12]]","[[1, 2, 3, 4, 5, 6, 7, 8, 9, 10, 11, 12]]"
00071-00000001.toc,toc,12,215,rankings,empate,b=0.2,1,11.50232558139535,9.28372093023256,1,1,0.06338849989697337,1.0,0.0,"[[1, 2, 3, 4, 5, 6, 7, 8, 9, 10, 11, 12]]","[[1, 2, 3, 4, 5, 6, 7, 8, 9, 10, 11, 12]]"
00071-00000001.toc,toc,12,215,rankings,empate,b=0.3,1,11.50232558139535,8.874418604651165,1,1,0.06823189998976886,1.0,0.0,"[[1, 2, 3, 4, 5, 6, 7, 8, 9, 10, 11, 12]]","[[1, 2, 3, 4, 5, 6, 7, 8, 9, 10, 11, 12]]"
00071-00000001.toc,toc,12,215,rankings,intercambio,b=0.1,1,11.50232558139535,9.204651162790698,1,1,0.0625729999737814,1.0,0.0,"[[1, 2, 3, 4, 5, 6, 7, 8, 9, 10, 11, 12]]","[[1, 2, 3, 4, 5, 6, 7, 8, 9, 10, 11, 12]]"
00071-00000001.toc,toc,12,215,rankings,intercambio,b=0.2,1,11.50232558139535,7.4372093023255825,1,1,0.06302820006385446,1.0,0.0,"[[1, 2, 3, 4, 5, 6, 7, 8, 9, 10, 11, 12]]","[[1, 2, 3, 4, 5, 6, 7, 8, 9, 10, 11, 12]]"
00071-00000001.toc,toc,12,215,rankings,intercambio,b=0.3,1,11.50232558139535,5.883720930232559,1,1,0.07116189994849265,1.0,0.0,"[[1, 2, 3, 4, 5, 6, 7, 8, 9, 10, 11, 12]]","[[1, 2, 3, 4, 5, 6, 7, 8, 9, 10, 11, 12]]"
00071-00000001.toc,toc,12,215,rankings,local,b=0.1,1,11.50232558139535,11.50232558139535,1,1,0.05826590000651777,1.0,0.0,"[[1, 2, 3, 4, 5, 6, 7, 8, 9, 10, 11, 12]]","[[1, 2, 3, 4, 5, 6, 7, 8, 9, 10, 11, 12]]"
00071-00000001.toc,toc,12,215,rankings,local,b=0.2,1,11.50232558139535,11.50232558139535,1,1,0.059648299938999116,1.0,0.0,"[[1, 2, 3, 4, 5, 6, 7, 8, 9, 10, 11, 12]]","[[1, 2, 3, 4, 5, 6, 7, 8, 9, 10, 11, 12]]"
00071-00000001.toc,toc,12,215,rankings,local,b=0.3,1,11.50232558139535,11.50232558139535,1,1,0.060630699968896806,1.0,0.0,"[[1, 2, 3, 4, 5, 6, 7, 8, 9, 10, 11, 12]]","[[1, 2, 3, 4, 5, 6, 7, 8, 9, 10, 11, 12]]"
00071-00000001.toc,toc,12,215,rankings,movimiento,b=0.1,1,11.50232558139535,10.590697674418605,1,1,0.061073799966834486,1.0,0.0,"[[1, 2, 3, 4, 5, 6, 7, 8, 9, 10, 11, 12]]","[[1, 2, 3, 4, 5, 6, 7, 8, 9, 10, 11, 12]]"
00071-00000001.toc,toc,12,215,rankings,movimiento,b=0.2,1,11.50232558139535,9.855813953488374,1,1,0.0625506000360474,1.0,0.0,"[[1, 2, 3, 4, 5, 6, 7, 8, 9, 10, 11, 12]]","[[1, 2, 3, 4, 5, 6, 7, 8, 9, 10, 11, 12]]"
00071-00000001.toc,toc,12,215,rankings,movimiento,b=0.3,1,11.50232558139535,7.804651162790698,1,1,0.06714940001256764,1.0,0.0,"[[1, 2, 3, 4, 5, 6, 7, 8, 9, 10, 11, 12]]","[[1, 2, 3, 4, 5, 6, 7, 8, 9, 10, 11, 12]]"
00071-00000001.toc,toc,12,215,rankings,empate,b=0.1,2,11.50232558139535,10.511627906976747,1,1,0.05995600007008761,1.0,0.0,"[[1, 2, 3, 4, 5, 6, 7, 8, 9, 10, 11, 12]]","[[1, 2, 3, 4, 5, 6, 7, 8, 9, 10, 11, 12]]"
00071-00000001.toc,toc,12,215,rankings,empate,b=0.2,2,11.50232558139535,10.493023255813954,1,1,0.06241310003679246,1.0,0.0,"[[1, 2, 3, 4, 5, 6, 7, 8, 9, 10, 11, 12]]","[[1, 2, 3, 4, 5, 6, 7, 8, 9, 10, 11, 12]]"
00071-00000001.toc,toc,12,215,rankings,empate,b=0.3,2,11.50232558139535,9.832558139534884,1,1,0.06727630004752427,1.0,0.0,"[[1, 2, 3, 4, 5, 6, 7, 8, 9, 10, 11, 12]]","[[1, 2, 3, 4, 5, 6, 7, 8, 9, 10, 11, 12]]"
00071-00000001.toc,toc,12,215,rankings,intercambio,b=0.1,2,11.50232558139535,10.079069767441862,1,1,0.06175300001632422,1.0,0.0,"[[1, 2, 3, 4, 5, 6, 7, 8, 9, 10, 11, 12]]","[[1, 2, 3, 4, 5, 6, 7, 8, 9, 10, 11, 12]]"
00071-00000001.toc,toc,12,215,rankings,intercambio,b=0.2,2,11.50232558139535,7.493023255813954,1,1,0.06395480001810938,1.0,0.0,"[[1, 2, 3, 4, 5, 6, 7, 8, 9, 10, 11, 12]]","[[1, 2, 3, 4, 5, 6, 7, 8, 9, 10, 11, 12]]"
00071-00000001.toc,toc,12,215,rankings,intercambio,b=0.3,2,11.50232558139535,6.097674418604652,1,1,0.07241729996167123,1.0,0.0,"[[1, 2, 3, 4, 5, 6, 7, 8, 9, 10, 11, 12]]","[[1, 2, 3, 4, 5, 6, 7, 8, 9, 10, 11, 12]]"
00071-00000001.toc,toc,12,215,rankings,local,b=0.1,2,11.50232558139535,11.50232558139535,1,1,0.07037109998054802,1.0,0.0,"[[1, 2, 3, 4, 5, 6, 7, 8, 9, 10, 11, 12]]","[[1, 2, 3, 4, 5, 6, 7, 8, 9, 10, 11, 12]]"
00071-00000001.toc,toc,12,215,rankings,local,b=0.2,2,11.50232558139535,11.50232558139535,1,1,0.059031100012362,1.0,0.0,"[[1, 2, 3, 4, 5, 6, 7, 8, 9, 10, 11, 12]]","[[1, 2, 3, 4, 5, 6, 7, 8, 9, 10, 11, 12]]"
00071-00000001.toc,toc,12,215,rankings,local,b=0.3,2,11.50232558139535,11.50232558139535,1,1,0.06021850008983165,1.0,0.0,"[[1, 2, 3, 4, 5, 6, 7, 8, 9, 10, 11, 12]]","[[1, 2, 3, 4, 5, 6, 7, 8, 9, 10, 11, 12]]"
00071-00000001.toc,toc,12,215,rankings,movimiento,b=0.1,2,11.50232558139535,10.879069767441862,1,1,0.060569999972358346,1.0,0.0,"[[1, 2, 3, 4, 5, 6, 7, 8, 9, 10, 11, 12]]","[[1, 2, 3, 4, 5, 6, 7, 8, 9, 10, 11, 12]]"
00071-00000001.toc,toc,12,215,rankings,movimiento,b=0.2,2,11.50232558139535,10.572093023255814,1,1,0.06383730005472898,1.0,0.0,"[[1, 2, 3, 4, 5, 6, 7, 8, 9, 10, 11, 12]]","[[1, 2, 3, 4, 5, 6, 7, 8, 9, 10, 11, 12]]"
00071-00000001.toc,toc,12,215,rankings,movimiento,b=0.3,2,11.50232558139535,8.916279069767443,1,1,0.06769359996542335,1.0,0.0,"[[1, 2, 3, 4, 5, 6, 7, 8, 9, 10, 11, 12]]","[[1, 2, 3, 4, 5, 6, 7, 8, 9, 10, 11, 12]]"
00071-00000001.toc,toc,12,215,rankings,empate,b=0.1,3,11.50232558139535,11.06511627906977,1,1,0.059964300016872585,1.0,0.0,"[[1, 2, 3, 4, 5, 6, 7, 8, 9, 10, 11, 12]]","[[1, 2, 3, 4, 5, 6, 7, 8, 9, 10, 11, 12]]"
00071-00000001.toc,toc,12,215,rankings,empate,b=0.2,3,11.50232558139535,9.986046511627908,1,1,0.0663175000809133,1.0,0.0,"[[1, 2, 3, 4, 5, 6, 7, 8, 9, 10, 11, 12]]","[[1, 2, 3, 4, 5, 6, 7, 8, 9, 10, 11, 12]]"
00071-00000001.toc,toc,12,215,rankings,empate,b=0.3,3,11.50232558139535,9.246511627906978,1,1,0.06843480002135038,1.0,0.0,"[[1, 2, 3, 4, 5, 6, 7, 8, 9, 10, 11, 12]]","[[1, 2, 3, 4, 5, 6, 7, 8, 9, 10, 11, 12]]"
00071-00000001.toc,toc,12,215,rankings,intercambio,b=0.1,3,11.50232558139535,9.213953488372095,1,1,0.060918099945411086,1.0,0.0,"[[1, 2, 3, 4, 5, 6, 7, 8, 9, 10, 11, 12]]","[[1, 2, 3, 4, 5, 6, 7, 8, 9, 10, 11, 12]]"
00071-00000001.toc,toc,12,215,rankings,intercambio,b=0.2,3,11.50232558139535,8.497674418604651,1,1,0.06360439991112798,1.0,0.0,"[[1, 2, 3, 4, 5, 6, 7, 8, 9, 10, 11, 12]]","[[1, 2, 3, 4, 5, 6, 7, 8, 9, 10, 11, 12]]"
00071-00000001.toc,toc,12,215,rankings,intercambio,b=0.3,3,11.50232558139535,5.679069767441861,1,1,0.0684868999524042,1.0,0.0,"[[1, 2, 3, 4, 5, 6, 7, 8, 9, 10, 11, 12]]","[[1, 2, 3, 4, 5, 6, 7, 8, 9, 10, 11, 12]]"
00071-00000001.toc,toc,12,215,rankings,local,b=0.1,3,11.50232558139535,11.50232558139535,1,1,0.05851899995468557,1.0,0.0,"[[1, 2, 3, 4, 5, 6, 7, 8, 9, 10, 11, 12]]","[[1, 2, 3, 4, 5, 6, 7, 8, 9, 10, 11, 12]]"
00071-00000001.toc,toc,12,215,rankings,local,b=0.2,3,11.50232558139535,11.50232558139535,1,1,0.05937399994581938,1.0,0.0,"[[1, 2, 3, 4, 5, 6, 7, 8, 9, 10, 11, 12]]","[[1, 2, 3, 4, 5, 6, 7, 8, 9, 10, 11, 12]]"
00071-00000001.toc,toc,12,215,rankings,local,b=0.3,3,11.50232558139535,11.50232558139535,1,1,0.06053380004595965,1.0,0.0,"[[1, 2, 3, 4, 5, 6, 7, 8, 9, 10, 11, 12]]","[[1, 2, 3, 4, 5, 6, 7, 8, 9, 10, 11, 12]]"
00071-00000001.toc,toc,12,215,rankings,movimiento,b=0.1,3,11.50232558139535,10.000000000000002,1,1,0.06306309998035431,1.0,0.0,"[[1, 2, 3, 4, 5, 6, 7, 8, 9, 10, 11, 12]]","[[1, 2, 3, 4, 5, 6, 7, 8, 9, 10, 11, 12]]"
00071-00000001.toc,toc,12,215,rankings,movimiento,b=0.2,3,11.50232558139535,10.16279069767442,1,1,0.06485450000036508,1.0,0.0,"[[1, 2, 3, 4, 5, 6, 7, 8, 9, 10, 11, 12]]","[[1, 2, 3, 4, 5, 6, 7, 8, 9, 10, 11, 12]]"
00071-00000001.toc,toc,12,215,rankings,movimiento,b=0.3,3,11.50232558139535,8.460465116279071,1,1,0.06741490005515516,1.0,0.0,"[[1, 2, 3, 4, 5, 6, 7, 8, 9, 10, 11, 12]]","[[1, 2, 3, 4, 5, 6, 7, 8, 9, 10, 11, 12]]"
00071-00000001.toc,toc,12,215,rankings,empate,b=0.1,4,11.50232558139535,11.176744186046513,1,1,0.08443459996487945,1.0,0.0,"[[1, 2, 3, 4, 5, 6, 7, 8, 9, 10, 11, 12]]","[[1, 2, 3, 4, 5, 6, 7, 8, 9, 10, 11, 12]]"
00071-00000001.toc,toc,12,215,rankings,empate,b=0.2,4,11.50232558139535,9.902325581395349,1,1,0.07236940006259829,1.0,0.0,"[[1, 2, 3, 4, 5, 6, 7, 8, 9, 10, 11, 12]]","[[1, 2, 3, 4, 5, 6, 7, 8, 9, 10, 11, 12]]"
00071-00000001.toc,toc,12,215,rankings,empate,b=0.3,4,11.50232558139535,9.344186046511629,1,1,0.06858759990427643,1.0,0.0,"[[1, 2, 3, 4, 5, 6, 7, 8, 9, 10, 11, 12]]","[[1, 2, 3, 4, 5, 6, 7, 8, 9, 10, 11, 12]]"
00071-00000001.toc,toc,12,215,rankings,intercambio,b=0.1,4,11.50232558139535,9.781395348837211,1,1,0.06100340001285076,1.0,0.0,"[[1, 2, 3, 4, 5, 6, 7, 8, 9, 10, 11, 12]]","[[1, 2, 3, 4, 5, 6, 7, 8, 9, 10, 11, 12]]"
00071-00000001.toc,toc,12,215,rankings,intercambio,b=0.2,4,11.50232558139535,7.316279069767443,1,1,0.0633562000002712,1.0,0.0,"[[1, 2, 3, 4, 5, 6, 7, 8, 9, 10, 11, 12]]","[[1, 2, 3, 4, 5, 6, 7, 8, 9, 10, 11, 12]]"
00071-00000001.toc,toc,12,215,rankings,intercambio,b=0.3,4,11.50232558139535,5.76279069767442,1,1,0.06220479996409267,1.0,0.0,"[[1, 2, 3, 4, 5, 6, 7, 8, 9, 10, 11, 12]]","[[1, 2, 3, 4, 5, 6, 7, 8, 9, 10, 11, 12]]"
00071-00000001.toc,toc,12,215,rankings,local,b=0.1,4,11.50232558139535,11.50232558139535,1,1,0.0498912000330165,1.0,0.0,"[[1, 2, 3, 4, 5, 6, 7, 8, 9, 10, 11, 12]]","[[1, 2, 3, 4, 5, 6, 7, 8, 9, 10, 11, 12]]"
00071-00000001.toc,toc,12,215,rankings,local,b=0.2,4,11.50232558139535,11.50232558139535,1,1,0.05057329998817295,1.0,0.0,"[[1, 2, 3, 4, 5, 6, 7, 8, 9, 10, 11, 12]]","[[1, 2, 3, 4, 5, 6, 7, 8, 9, 10, 11, 12]]"
00071-00000001.toc,toc,12,215,rankings,local,b=0.3,4,11.50232558139535,11.50232558139535,1,1,0.060418999986723065,1.0,0.0,"[[1, 2, 3, 4, 5, 6, 7, 8, 9, 10, 11, 12]]","[[1, 2, 3, 4, 5, 6, 7, 8, 9, 10, 11, 12]]"
00071-00000001.toc,toc,12,215,rankings,movimiento,b=0.1,4,11.50232558139535,10.288372093023257,1,1,0.06146550003904849,1.0,0.0,"[[1, 2, 3, 4, 5, 6, 7, 8, 9, 10, 11, 12]]","[[1, 2, 3, 4, 5, 6, 7, 8, 9, 10, 11, 12]]"
00071-00000001.toc,toc,12,215,rankings,movimiento,b=0.2,4,11.50232558139535,9.572093023255816,1,1,0.06432209990452975,1.0,0.0,"[[1, 2, 3, 4, 5, 6, 7, 8, 9, 10, 11, 12]]","[[1, 2, 3, 4, 5, 6, 7, 8, 9, 10, 11, 12]]"
00071-00000001.toc,toc,12,215,rankings,movimiento,b=0.3,4,11.50232558139535,8.70232558139535,1,1,0.06916020007338375,1.0,0.0,"[[1, 2, 3, 4, 5, 6, 7, 8, 9, 10, 11, 12]]","[[1, 2, 3, 4, 5, 6, 7, 8, 9, 10, 11, 12]]"
00071-00000002.toc,toc,12,340,rankings,empate,b=0.1,0,12.155882352941177,11.608823529411765,1,1,0.06918049999512732,1.0,0.0,"[[1, 2, 3, 4, 5, 6, 7, 8, 9, 10, 11, 12]]","[[1, 2, 3, 4, 5, 6, 7, 8, 9, 10, 11, 12]]"
00071-00000002.toc,toc,12,340,rankings,empate,b=0.2,0,12.155882352941177,11.014705882352942,1,1,0.07298840000294149,1.0,0.0,"[[1, 2, 3, 4, 5, 6, 7, 8, 9, 10, 11, 12]]","[[1, 2, 3, 4, 5, 6, 7, 8, 9, 10, 11, 12]]"
00071-00000002.toc,toc,12,340,rankings,empate,b=0.3,0,12.155882352941177,10.091176470588238,1,1,0.08533559995703399,1.0,0.0,"[[1, 2, 3, 4, 5, 6, 7, 8, 9, 10, 11, 12]]","[[1, 2, 3, 4, 5, 6, 7, 8, 9, 10, 11, 12]]"
00071-00000002.toc,toc,12,340,rankings,intercambio,b=0.1,0,12.155882352941177,9.708823529411765,1,1,0.06568900006823242,1.0,0.0,"[[1, 2, 3, 4, 5, 6, 7, 8, 9, 10, 11, 12]]","[[1, 2, 3, 4, 5, 6, 7, 8, 9, 10, 11, 12]]"
00071-00000002.toc,toc,12,340,rankings,intercambio,b=0.2,0,12.155882352941177,8.855882352941178,1,1,0.06410910002887249,1.0,0.0,"[[1, 2, 3, 4, 5, 6, 7, 8, 9, 10, 11, 12]]","[[1, 2, 3, 4, 5, 6, 7, 8, 9, 10, 11, 12]]"
00071-00000002.toc,toc,12,340,rankings,intercambio,b=0.3,0,12.155882352941177,6.2323529411764715,1,1,0.07034530001692474,1.0,0.0,"[[1, 2, 3, 4, 5, 6, 7, 8, 9, 10, 11, 12]]","[[1, 2, 3, 4, 5, 6, 7, 8, 9, 10, 11, 12]]"
00071-00000002.toc,toc,12,340,rankings,local,b=0.1,0,12.155882352941177,12.155882352941179,1,1,0.05639280006289482,1.0,0.0,"[[1, 2, 3, 4, 5, 6, 7, 8, 9, 10, 11, 12]]","[[1, 2, 3, 4, 5, 6, 7, 8, 9, 10, 11, 12]]"
00071-00000002.toc,toc,12,340,rankings,local,b=0.2,0,12.155882352941177,12.155882352941177,1,1,0.06762999994680285,1.0,0.0,"[[1, 2, 3, 4, 5, 6, 7, 8, 9, 10, 11, 12]]","[[1, 2, 3, 4, 5, 6, 7, 8, 9, 10, 11, 12]]"
00071-00000002.toc,toc,12,340,rankings,local,b=0.3,0,12.155882352941177,12.155882352941177,1,1,0.07145320007111877,1.0,0.0,"[[1, 2, 3, 4, 5, 6, 7, 8, 9, 10, 11, 12]]","[[1, 2, 3, 4, 5, 6, 7, 8, 9, 10, 11, 12]]"
00071-00000002.toc,toc,12,340,rankings,movimiento,b=0.1,0,12.155882352941177,11.297058823529413,1,1,0.062035199953243136,1.0,0.0,"[[1, 2, 3, 4, 5, 6, 7, 8, 9, 10, 11, 12]]","[[1, 2, 3, 4, 5, 6, 7, 8, 9, 10, 11, 12]]"
00071-00000002.toc,toc,12,340,rankings,movimiento,b=0.2,0,12.155882352941177,10.611764705882354,1,1,0.062246100045740604,1.0,0.0,"[[1, 2, 3, 4, 5, 6, 7, 8, 9, 10, 11, 12]]","[[1, 2, 3, 4, 5, 6, 7, 8, 9, 10, 11, 12]]"
00071-00000002.toc,toc,12,340,rankings,movimiento,b=0.3,0,12.155882352941177,9.444117647058823,1,1,0.08220429997891188,1.0,0.0,"[[1, 2, 3, 4, 5, 6, 7, 8, 9, 10, 11, 12]]","[[1, 2, 3, 4, 5, 6, 7, 8, 9, 10, 11, 12]]"
00071-00000002.toc,toc,12,340,rankings,empate,b=0.1,1,12.155882352941177,11.308823529411766,1,1,0.062192399986088276,1.0,0.0,"[[1, 2, 3, 4, 5, 6, 7, 8, 9, 10, 11, 12]]","[[1, 2, 3, 4, 5, 6, 7, 8, 9, 10, 11, 12]]"
00071-00000002.toc,toc,12,340,rankings,empate,b=0.2,1,12.155882352941177,10.908823529411766,1,1,0.07033819996286184,1.0,0.0,"[[1, 2, 3, 4, 5, 6, 7, 8, 9, 10, 11, 12]]","[[1, 2, 3, 4, 5, 6, 7, 8, 9, 10, 11, 12]]"
00071-00000002.toc,toc,12,340,rankings,empate,b=0.3,1,12.155882352941177,9.629411764705884,1,1,0.07890129997394979,1.0,0.0,"[[1, 2, 3, 4, 5, 6, 7, 8, 9, 10, 11, 12]]","[[1, 2, 3, 4, 5, 6, 7, 8, 9, 10, 11, 12]]"
00071-00000002.toc,toc,12,340,rankings,intercambio,b=0.1,1,12.155882352941177,10.114705882352942,1,1,0.0787126999348402,1.0,0.0,"[[1, 2, 3, 4, 5, 6, 7, 8, 9, 10, 11, 12]]","[[1, 2, 3, 4, 5, 6, 7, 8, 9, 10, 11, 12]]"
00071-00000002.toc,toc,12,340,rankings,intercambio,b=0.2,1,12.155882352941177,8.402941176470588,1,1,0.07530770008452237,1.0,0.0,"[[1, 2, 3, 4, 5, 6, 7, 8, 9, 10, 11, 12]]","[[1, 2, 3, 4, 5, 6, 7, 8, 9, 10, 11, 12]]"
00071-00000002.toc,toc,12,340,rankings,intercambio,b=0.3,1,12.155882352941177,5.950000000000001,1,1,0.08171499997843057,1.0,0.0,"[[1, 2, 3, 4, 5, 6, 7, 8, 9, 10, 11, 12]]","[[1, 2, 3, 4, 5, 6, 7, 8, 9, 10, 11, 12]]"
00071-00000002.toc,toc,12,340,rankings,local,b=0.1,1,12.155882352941177,12.155882352941179,1,1,0.06655200000386685,1.0,0.0,"[[1, 2, 3, 4, 5, 6, 7, 8, 9, 10, 11, 12]]","[[1, 2, 3, 4, 5, 6, 7, 8, 9, 10, 11, 12]]"
00071-00000002.toc,toc,12,340,rankings,local,b=0.2,1,12.155882352941177,12.155882352941177,1,1,0.06881670001894236,1.0,0.0,"[[1, 2, 3, 4, 5, 6, 7, 8, 9, 10, 11, 12]]","[[1, 2, 3, 4, 5, 6, 7, 8, 9, 10, 11, 12]]"
00071-00000002.toc,toc,12,340,rankings,local,b=0.3,1,12.155882352941177,12.155882352941177,1,1,0.06921069999225438,1.0,0.0,"[[1, 2, 3, 4, 5, 6, 7, 8, 9, 10, 11, 12]]","[[1, 2, 3, 4, 5, 6, 7, 8, 9, 10, 11, 12]]"
00071-00000002.toc,toc,12,340,rankings,movimiento,b=0.1,1,12.155882352941177,11.352941176470587,1,1,0.06815569999162108,1.0,0.0,"[[1, 2, 3, 4, 5, 6, 7, 8, 9, 10, 11, 12]]","[[1, 2, 3, 4, 5, 6, 7, 8, 9, 10, 11, 12]]"
00071-00000002.toc,toc,12,340,rankings,movimiento,b=0.2,1,12.155882352941177,10.802941176470588,1,1,0.07327189994975924,1.0,0.0,"[[1, 2, 3, 4, 5, 6, 7, 8, 9, 10, 11, 12]]","[[1, 2, 3, 4, 5, 6, 7, 8, 9, 10, 11, 12]]"
00071-00000002.toc,toc,12,340,rankings,movimiento,b=0.3,1,12.155882352941177,8.688235294117648,1,1,0.08028120000381023,1.0,0.0,"[[1, 2, 3, 4, 5, 6, 7, 8, 9, 10, 11, 12]]","[[1, 2, 3, 4, 5, 6, 7, 8, 9, 10, 11, 12]]"
00071-00000002.toc,toc,12,340,rankings,empate,b=0.1,2,12.155882352941177,11.299999999999999,1,1,0.06846850004512817,1.0,0.0,"[[1, 2, 3, 4, 5, 6, 7, 8, 9, 10, 11, 12]]","[[1, 2, 3, 4, 5, 6, 7, 8, 9, 10, 11, 12]]"
00071-00000002.toc,toc,12,340,rankings,empate,b=0.2,2,12.155882352941177,10.75294117647059,1,1,0.07191759999841452,1.0,0.0,"[[1, 2, 3, 4, 5, 6, 7, 8, 9, 10, 11, 12]]","[[1, 2, 3, 4, 5, 6, 7, 8, 9, 10, 11, 12]]"
00071-00000002.toc,toc,12,340,rankings,empate,b=0.3,2,12.155882352941177,9.700000000000001,1,1,0.08193290000781417,1.0,0.0,"[[1, 2, 3, 4, 5, 6, 7, 8, 9, 10, 11, 12]]","[[1, 2, 3, 4, 5, 6, 7, 8, 9, 10, 11, 12]]"
00071-00000002.toc,toc,12,340,rankings,intercambio,b=0.1,2,12.155882352941177,10.202941176470588,1,1,0.0693660998949781,1.0,0.0,"[[1, 2, 3, 4, 5, 6, 7, 8, 9, 10, 11, 12]]","[[1, 2, 3, 4, 5, 6, 7, 8, 9, 10, 11, 12]]"
00071-00000002.toc,toc,12,340,rankings,intercambio,b=0.2,2,12.155882352941177,8.273529411764708,1,1,0.07368799997493625,1.0,0.0,"[[1, 2, 3, 4, 5, 6, 7, 8, 9, 10, 11, 12]]","[[1, 2, 3, 4, 5, 6, 7, 8, 9, 10, 11, 12]]"
00071-00000002.toc,toc,12,340,rankings,intercambio,b=0.3,2,12.155882352941177,4.997058823529412,1,1,0.08095009997487068,1.0,0.0,"[[1, 2, 3, 4, 5, 6, 7, 8, 9, 10, 11, 12]]","[[1, 2, 3, 4, 5, 6, 7, 8, 9, 10, 11, 12]]"
00071-00000002.toc,toc,12,340,rankings,local,b=0.1,2,12.155882352941177,12.155882352941179,1,1,0.0574664999730885,1.0,0.0,"[[1, 2, 3, 4, 5, 6, 7, 8, 9, 10, 11, 12]]","[[1, 2, 3, 4, 5, 6, 7, 8, 9, 10, 11, 12]]"
00071-00000002.toc,toc,12,340,rankings,local,b=0.2,2,12.155882352941177,12.155882352941177,1,1,0.05697239993605763,1.0,0.0,"[[1, 2, 3, 4, 5, 6, 7, 8, 9, 10, 11, 12]]","[[1, 2, 3, 4, 5, 6, 7, 8, 9, 10, 11, 12]]"
00071-00000002.toc,toc,12,340,rankings,local,b=0.3,2,12.155882352941177,12.155882352941177,1,1,0.05866850004531443,1.0,0.0,"[[1, 2, 3, 4, 5, 6, 7, 8, 9, 10, 11, 12]]","[[1, 2, 3, 4, 5, 6, 7, 8, 9, 10, 11, 12]]"
00071-00000002.toc,toc,12,340,rankings,movimiento,b=0.1,2,12.155882352941177,11.100000000000001,1,1,0.057731600012630224,1.0,0.0,"[[1, 2, 3, 4, 5, 6, 7, 8, 9, 10, 11, 12]]","[[1, 2, 3, 4, 5, 6, 7, 8, 9, 10, 11, 12]]"
00071-00000002.toc,toc,12,340,rankings,movimiento,b=0.2,2,12.155882352941177,10.611764705882353,1,1,0.06117789994459599,1.0,0.0,"[[1, 2, 3, 4, 5, 6, 7, 8, 9, 10, 11, 12]]","[[1, 2, 3, 4, 5, 6, 7, 8, 9, 10, 11, 12]]"
00071-00000002.toc,toc,12,340,rankings,movimiento,b=0.3,2,12.155882352941177,9.426470588235295,1,1,0.06840310001280159,1.0,0.0,"[[1, 2, 3, 4, 5, 6, 7, 8, 9, 10, 11, 12]]","[[1, 2, 3, 4, 5, 6, 7, 8, 9, 10, 11, 12]]"
00071-00000002.toc,toc,12,340,rankings,empate,b=0.1,3,12.155882352941177,11.708823529411767,1,1,0.05794389999937266,1.0,0.0,"[[1, 2, 3, 4, 5, 6, 7, 8, 9, 10, 11, 12]]","[[1, 2, 3, 4, 5, 6, 7, 8, 9, 10, 11, 12]]"
00071-00000002.toc,toc,12,340,rankings,empate,b=0.2,3,12.155882352941177,11.341176470588236,1,1,0.06265300000086427,1.0,0.0,"[[1, 2, 3, 4, 5, 6, 7, 8, 9, 10, 11, 12]]","[[1, 2, 3, 4, 5, 6, 7, 8, 9, 10, 11, 12]]"
00071-00000002.toc,toc,12,340,rankings,empate,b=0.3,3,12.155882352941177,9.408823529411766,1,1,0.07120950007811189,1.0,0.0,"[[1, 2, 3, 4, 5, 6, 7, 8, 9, 10, 11, 12]]","[[1, 2, 3, 4, 5, 6, 7, 8, 9, 10, 11, 12]]"
00071-00000002.toc,toc,12,340,rankings,intercambio,b=0.1,3,12.155882352941177,9.755882352941176,1,1,0.05910369998309761,1.0,0.0,"[[1, 2, 3, 4, 5, 6, 7, 8, 9, 10, 11, 12]]","[[1, 2, 3, 4, 5, 6, 7, 8, 9, 10, 11, 12]]"
00071-00000002.toc,toc,12,340,rankings,intercambio,b=0.2,3,12.155882352941177,8.58529411764706,1,1,0.06239159998949617,1.0,0.0,"[[1, 2, 3, 4, 5, 6, 7, 8, 9, 10, 11, 12]]","[[1, 2, 3, 4, 5, 6, 7, 8, 9, 10, 11, 12]]"
00071-00000002.toc,toc,12,340,rankings,intercambio,b=0.3,3,12.155882352941177,6.114705882352942,1,1,0.07155589992180467,1.0,0.0,"[[1, 2, 3, 4, 5, 6, 7, 8, 9, 10, 11, 12]]","[[1, 2, 3, 4, 5, 6, 7, 8, 9, 10, 11, 12]]"
00071-00000002.toc,toc,12,340,rankings,local,b=0.1,3,12.155882352941177,12.155882352941179,1,1,0.056669300072826445,1.0,0.0,"[[1, 2, 3, 4, 5, 6, 7, 8, 9, 10, 11, 12]]","[[1, 2, 3, 4, 5, 6, 7, 8, 9, 10, 11, 12]]"
00071-00000002.toc,toc,12,340,rankings,local,b=0.2,3,12.155882352941177,12.155882352941177,1,1,0.05752739997114986,1.0,0.0,"[[1, 2, 3, 4, 5, 6, 7, 8, 9, 10, 11, 12]]","[[1, 2, 3, 4, 5, 6, 7, 8, 9, 10, 11, 12]]"
00071-00000002.toc,toc,12,340,rankings,local,b=0.3,3,12.155882352941177,12.155882352941177,1,1,0.05889830004889518,1.0,0.0,"[[1, 2, 3, 4, 5, 6, 7, 8, 9, 10, 11, 12]]","[[1, 2, 3, 4, 5, 6, 7, 8, 9, 10, 11, 12]]"
00071-00000002.toc,toc,12,340,rankings,movimiento,b=0.1,3,12.155882352941177,10.491176470588236,1,1,0.05975490005221218,1.0,0.0,"[[1, 2, 3, 4, 5, 6, 7, 8, 9, 10, 11, 12]]","[[1, 2, 3, 4, 5, 6, 7, 8, 9, 10, 11, 12]]"
00071-00000002.toc,toc,12,340,rankings,movimiento,b=0.2,3,12.155882352941177,10.179411764705883,1,1,0.07536849996540695,1.0,0.0,"[[1, 2, 3, 4, 5, 6, 7, 8, 9, 10, 11, 12]]","[[1, 2, 3, 4, 5, 6, 7, 8, 9, 10, 11, 12]]"
00071-00000002.toc,toc,12,340,rankings,movimiento,b=0.3,3,12.155882352941177,8.511764705882355,1,1,0.0682776999892667,1.0,0.0,"[[1, 2, 3, 4, 5, 6, 7, 8, 9, 10, 11, 12]]","[[1, 2, 3, 4, 5, 6, 7, 8, 9, 10, 11, 12]]"
00071-00000002.toc,toc,12,340,rankings,empate,b=0.1,4,12.155882352941177,11.773529411764706,1,1,0.057863099966198206,1.0,0.0,"[[1, 2, 3, 4, 5, 6, 7, 8, 9, 10, 11, 12]]","[[1, 2, 3, 4, 5, 6, 7, 8, 9, 10, 11, 12]]"
00071-00000002.toc,toc,12,340,rankings,empate,b=0.2,4,12.155882352941177,11.076470588235296,1,1,0.06220410007517785,1.0,0.0,"[[1, 2, 3, 4, 5, 6, 7, 8, 9, 10, 11, 12]]","[[1, 2, 3, 4, 5, 6, 7, 8, 9, 10, 11, 12]]"
00071-00000002.toc,toc,12,340,rankings,empate,b=0.3,4,12.155882352941177,10.017647058823531,1,1,0.07135600002948195,1.0,0.0,"[[1, 2, 3, 4, 5, 6, 7, 8, 9, 10, 11, 12]]","[[1, 2, 3, 4, 5, 6, 7, 8, 9, 10, 11, 12]]"
00071-00000002.toc,toc,12,340,rankings,intercambio,b=0.1,4,12.155882352941177,9.691176470588237,1,1,0.06619469996076077,1.0,0.0,"[[1, 2, 3, 4, 5, 6, 7, 8, 9, 10, 11, 12]]","[[1, 2, 3, 4, 5, 6, 7, 8, 9, 10, 11, 12]]"
00071-00000002.toc,toc,12,340,rankings,intercambio,b=0.2,4,12.155882352941177,7.726470588235295,1,1,0.0724962999811396,1.0,0.0,"[[1, 2, 3, 4, 5, 6, 7, 8, 9, 10, 11, 12]]","[[1, 2, 3, 4, 5, 6, 7, 8, 9, 10, 11, 12]]"
00071-00000002.toc,toc,12,340,rankings,intercambio,b=0.3,4,12.155882352941177,5.114705882352941,1,1,0.0811027999734506,1.0,0.0,"[[1, 2, 3, 4, 5, 6, 7, 8, 9, 10, 11, 12]]","[[1, 2, 3, 4, 5, 6, 7, 8, 9, 10, 11, 12]]"
00071-00000002.toc,toc,12,340,rankings,local,b=0.1,4,12.155882352941177,12.155882352941179,1,1,0.06415280001237988,1.0,0.0,"[[1, 2, 3, 4, 5, 6, 7, 8, 9, 10, 11, 12]]","[[1, 2, 3, 4, 5, 6, 7, 8, 9, 10, 11, 12]]"
00071-00000002.toc,toc,12,340,rankings,local,b=0.2,4,12.155882352941177,12.155882352941177,1,1,0.06582899997010827,1.0,0.0,"[[1, 2, 3, 4, 5, 6, 7, 8, 9, 10, 11, 12]]","[[1, 2, 3, 4, 5, 6, 7, 8, 9, 10, 11, 12]]"
00071-00000002.toc,toc,12,340,rankings,local,b=0.3,4,12.155882352941177,12.155882352941177,1,1,0.06867909990251064,1.0,0.0,"[[1, 2, 3, 4, 5, 6, 7, 8, 9, 10, 11, 12]]","[[1, 2, 3, 4, 5, 6, 7, 8, 9, 10, 11, 12]]"
00071-00000002.toc,toc,12,340,rankings,movimiento,b=0.1,4,12.155882352941177,10.97058823529412,1,1,0.06826269999146461,1.0,0.0,"[[1, 2, 3, 4, 5, 6, 7, 8, 9, 10, 11, 12]]","[[1, 2, 3, 4, 5, 6, 7, 8, 9, 10, 11, 12]]"
00071-00000002.toc,toc,12,340,rankings,movimiento,b=0.2,4,12.155882352941177,10.605882352941178,1,1,0.07014660001732409,1.0,0.0,"[[1, 2, 3, 4, 5, 6, 7, 8, 9, 10, 11, 12]]","[[1, 2, 3, 4, 5, 6, 7, 8, 9, 10, 11, 12]]"
00071-00000002.toc,toc,12,340,rankings,movimiento,b=0.3,4,12.155882352941177,8.958823529411765,1,1,0.07645310007501394,1.0,0.0,"[[1, 2, 3, 4, 5, 6, 7, 8, 9, 10, 11, 12]]","[[1, 2, 3, 4, 5, 6, 7, 8, 9, 10, 11, 12]]"
00071-00000003.toc,toc,12,582,rankings,empate,b=0.1,0,13.66151202749141,12.771477663230241,1,1,0.12617519998457283,1.0,0.0,"[[1, 2, 3, 4, 5, 6, 7, 8, 9, 10, 11, 12]]","[[1, 2, 3, 4, 5, 6, 7, 8, 9, 10, 11, 12]]"
00071-00000003.toc,toc,12,582,rankings,empate,b=0.2,0,13.66151202749141,12.22852233676976,1,1,0.0967038000235334,1.0,0.0,"[[1, 2, 3, 4, 5, 6, 7, 8, 9, 10, 11, 12]]","[[1, 2, 3, 4, 5, 6, 7, 8, 9, 10, 11, 12]]"
00071-00000003.toc,toc,12,582,rankings,empate,b=0.3,0,13.66151202749141,10.647766323024056,1,1,0.11461589997634292,1.0,0.0,"[[1, 2, 3, 4, 5, 6, 7, 8, 9, 10, 11, 12]]","[[1, 2, 3, 4, 5, 6, 7, 8, 9, 10, 11, 12]]"
00071-00000003.toc,toc,12,582,rankings,intercambio,b=0.1,0,13.66151202749141,11.13917525773196,1,1,0.09063389990478754,1.0,0.0,"[[1, 2, 3, 4, 5, 6, 7, 8, 9, 10, 11, 12]]","[[1, 2, 3, 4, 5, 6, 7, 8, 9, 10, 11, 12]]"
00071-00000003.toc,toc,12,582,rankings,intercambio,b=0.2,0,13.66151202749141,9.66151202749141,1,1,0.09221430006437004,1.0,0.0,"[[1, 2, 3, 4, 5, 6, 7, 8, 9, 10, 11, 12]]","[[1, 2, 3, 4, 5, 6, 7, 8, 9, 10, 11, 12]]"
00071-00000003.toc,toc,12,582,rankings,intercambio,b=0.3,0,13.66151202749141,6.25257731958763,1,1,0.10828659997787327,1.0,0.0,"[[1, 2, 3, 4, 5, 6, 7, 8, 9, 10, 11, 12]]","[[1, 2, 3, 4, 5, 6, 7, 8, 9, 10, 11, 12]]"
00071-00000003.toc,toc,12,582,rankings,local,b=0.1,0,13.66151202749141,13.661512027491408,1,1,0.10251670004799962,1.0,0.0,"[[1, 2, 3, 4, 5, 6, 7, 8, 9, 10, 11, 12]]","[[1, 2, 3, 4, 5, 6, 7, 8, 9, 10, 11, 12]]"
00071-00000003.toc,toc,12,582,rankings,local,b=0.2,0,13.66151202749141,13.66151202749141,1,1,0.10099940001964569,1.0,0.0,"[[1, 2, 3, 4, 5, 6, 7, 8, 9, 10, 11, 12]]","[[1, 2, 3, 4, 5, 6, 7, 8, 9, 10, 11, 12]]"
00071-00000003.toc,toc,12,582,rankings,local,b=0.3,0,13.66151202749141,13.66151202749141,1,1,0.10585729999002069,1.0,0.0,"[[1, 2, 3, 4, 5, 6, 7, 8, 9, 10, 11, 12]]","[[1, 2, 3, 4, 5, 6, 7, 8, 9, 10, 11, 12]]"
00071-00000003.toc,toc,12,582,rankings,movimiento,b=0.1,0,13.66151202749141,12.668384879725085,1,1,0.10816960001830012,1.0,0.0,"[[1, 2, 3, 4, 5, 6, 7, 8, 9, 10, 11, 12]]","[[1, 2, 3, 4, 5, 6, 7, 8, 9, 10, 11, 12]]"
00071-00000003.toc,toc,12,582,rankings,movimiento,b=0.2,0,13.66151202749141,11.518900343642613,1,1,0.09068200003821403,1.0,0.0,"[[1, 2, 3, 4, 5, 6, 7, 8, 9, 10, 11, 12]]","[[1, 2, 3, 4, 5, 6, 7, 8, 9, 10, 11, 12]]"
00071-00000003.toc,toc,12,582,rankings,movimiento,b=0.3,0,13.66151202749141,9.786941580756015,1,1,0.10597360006067902,1.0,0.0,"[[1, 2, 3, 4, 5, 6, 7, 8, 9, 10, 11, 12]]","[[1, 2, 3, 4, 5, 6, 7, 8, 9, 10, 11, 12]]"
00071-00000003.toc,toc,12,582,rankings,empate,b=0.1,1,13.66151202749141,12.694158075601374,1,1,0.10337739996612072,1.0,0.0,"[[1, 2, 3, 4, 5, 6, 7, 8, 9, 10, 11, 12]]","[[1, 2, 3, 4, 5, 6, 7, 8, 9, 10, 11, 12]]"
00071-00000003.toc,toc,12,582,rankings,empate,b=0.2,1,13.66151202749141,11.831615120274915,1,1,0.15660340001340955,1.0,0.0,"[[1, 2, 3, 4, 5, 6, 7, 8, 9, 10, 11, 12]]","[[1, 2, 3, 4, 5, 6, 7, 8, 9, 10, 11, 12]]"
00071-00000003.toc,toc,12,582,rankings,empate,b=0.3,1,13.66151202749141,10.347079037800688,1,1,0.11930979997850955,1.0,0.0,"[[1, 2, 3, 4, 5, 6, 7, 8, 9, 10, 11, 12]]","[[1, 2, 3, 4, 5, 6, 7, 8, 9, 10, 11, 12]]"
00071-00000003.toc,toc,12,582,rankings,intercambio,b=0.1,1,13.66151202749141,11.008591065292096,1,1,0.08070489997044206,1.0,0.0,"[[1, 2, 3, 4, 5, 6, 7, 8, 9, 10, 11, 12]]","[[1, 2, 3, 4, 5, 6, 7, 8, 9, 10, 11, 12]]"
00071-00000003.toc,toc,12,582,rankings,intercambio,b=0.2,1,13.66151202749141,9.032646048109967,1,1,0.08674139995127916,1.0,0.0,"[[1, 2, 3, 4, 5, 6, 7, 8, 9, 10, 11, 12]]","[[1, 2, 3, 4, 5, 6, 7, 8, 9, 10, 11, 12]]"
00071-00000003.toc,toc,12,582,rankings,intercambio,b=0.3,1,13.66151202749141,6.472508591065292,1,1,0.09987410006579012,1.0,0.0,"[[1, 2, 3, 4, 5, 6, 7, 8, 9, 10, 11, 12]]","[[1, 2, 3, 4, 5, 6, 7, 8, 9, 10, 11, 12]]"
00071-00000003.toc,toc,12,582,rankings,local,b=0.1,1,13.66151202749141,13.661512027491408,1,1,0.09505969996098429,1.0,0.0,"[[1, 2, 3, 4, 5, 6, 7, 8, 9, 10, 11, 12]]","[[1, 2, 3, 4, 5, 6, 7, 8, 9, 10, 11, 12]]"
00071-00000003.toc,toc,12,582,rankings,local,b=0.2,1,13.66151202749141,13.66151202749141,1,1,0.13601749995723367,1.0,0.0,"[[1, 2, 3, 4, 5, 6, 7, 8, 9, 10, 11, 12]]","[[1, 2, 3, 4, 5, 6, 7, 8, 9, 10, 11, 12]]"
00071-00000003.toc,toc,12,582,rankings,local,b=0.3,1,13.66151202749141,13.66151202749141,1,1,0.11440349998883903,1.0,0.0,"[[1, 2, 3, 4, 5, 6, 7, 8, 9, 10, 11, 12]]","[[1, 2, 3, 4, 5, 6, 7, 8, 9, 10, 11, 12]]"
00071-00000003.toc,toc,12,582,rankings,movimiento,b=0.1,1,13.66151202749141,12.740549828178695,1,1,0.1068915999494493,1.0,0.0,"[[1, 2, 3, 4, 5, 6, 7, 8, 9, 10, 11, 12]]","[[1, 2, 3, 4, 5, 6, 7, 8, 9, 10, 11, 12]]"
00071-00000003.toc,toc,12,582,rankings,movimiento,b=0.2,1,13.66151202749141,11.690721649484537,1,1,0.13483600004110485,1.0,0.0,"[[1, 2, 3, 4, 5, 6, 7, 8, 9, 10, 11, 12]]","[[1, 2, 3, 4, 5, 6, 7, 8, 9, 10, 11, 12]]"
00071-00000003.toc,toc,12,582,rankings,movimiento,b=0.3,1,13.66151202749141,9.816151202749142,1,1,0.1298030000180006,1.0,0.0,"[[1, 2, 3, 4, 5, 6, 7, 8, 9, 10, 11, 12]]","[[1, 2, 3, 4, 5, 6, 7, 8, 9, 10, 11, 12]]"
00071-00000003.toc,toc,12,582,rankings,empate,b=0.1,2,13.66151202749141,12.539518900343642,1,1,0.1116453999420628,1.0,0.0,"[[1, 2, 3, 4, 5, 6, 7, 8, 9, 10, 11, 12]]","[[1, 2, 3, 4, 5, 6, 7, 8, 9, 10, 11, 12]]"
00071-00000003.toc,toc,12,582,rankings,empate,b=0.2,2,13.66151202749141,12.27491408934708,1,1,0.08478480007033795,1.0,0.0,"[[1, 2, 3, 4, 5, 6, 7, 8, 9, 10, 11, 12]]","[[1, 2, 3, 4, 5, 6, 7, 8, 9, 10, 11, 12]]"
00071-00000003.toc,toc,12,582,rankings,empate,b=0.3,2,13.66151202749141,10.462199312714777,1,1,0.10103350004646927,1.0,0.0,"[[1, 2, 3, 4, 5, 6, 7, 8, 9, 10, 11, 12]]","[[1, 2, 3, 4, 5, 6, 7, 8, 9, 10, 11, 12]]"
00071-00000003.toc,toc,12,582,rankings,intercambio,b=0.1,2,13.66151202749141,11.249140893470791,1,1,0.10811989998910576,1.0,0.0,"[[1, 2, 3, 4, 5, 6, 7, 8, 9, 10, 11, 12]]","[[1, 2, 3, 4, 5, 6, 7, 8, 9, 10, 11, 12]]"
00071-00000003.toc,toc,12,582,rankings,intercambio,b=0.2,2,13.66151202749141,9.768041237113403,1,1,0.10561219998635352,1.0,0.0,"[[1, 2, 3, 4, 5, 6, 7, 8, 9, 10, 11, 12]]","[[1, 2, 3, 4, 5, 6, 7, 8, 9, 10, 11, 12]]"
00071-00000003.toc,toc,12,582,rankings,intercambio,b=0.3,2,13.66151202749141,5.963917525773196,1,1,0.11784580000676215,1.0,0.0,"[[1, 2, 3, 4, 5, 6, 7, 8, 9, 10, 11, 12]]","[[1, 2, 3, 4, 5, 6, 7, 8, 9, 10, 11, 12]]"
00071-00000003.toc,toc,12,582,rankings,local,b=0.1,2,13.66151202749141,13.661512027491408,1,1,0.10287449997849762,1.0,0.0,"[[1, 2, 3, 4, 5, 6, 7, 8, 9, 10, 11, 12]]","[[1, 2, 3, 4, 5, 6, 7, 8, 9, 10, 11, 12]]"
00071-00000003.toc,toc,12,582,rankings,local,b=0.2,2,13.66151202749141,13.66151202749141,1,1,0.10205489990767092,1.0,0.0,"[[1, 2, 3, 4, 5, 6, 7, 8, 9, 10, 11, 12]]","[[1, 2, 3, 4, 5, 6, 7, 8, 9, 10, 11, 12]]"
00071-00000003.toc,toc,12,582,rankings,local,b=0.3,2,13.66151202749141,13.66151202749141,1,1,0.10110500000882894,1.0,0.0,"[[1, 2, 3, 4, 5, 6, 7, 8, 9, 10, 11, 12]]","[[1, 2, 3, 4, 5, 6, 7, 8, 9, 10, 11, 12]]"
00071-00000003.toc,toc,12,582,rankings,movimiento,b=0.1,2,13.66151202749141,12.625429553264604,1,1,0.1560697000240907,1.0,0.0,"[[1, 2, 3, 4, 5, 6, 7, 8, 9, 10, 11, 12]]","[[1, 2, 3, 4, 5, 6, 7, 8, 9, 10, 11, 12]]"
00071-00000003.toc,toc,12,582,rankings,movimiento,b=0.2,2,13.66151202749141,11.405498281786942,1,1,0.10933909995947033,1.0,0.0,"[[1, 2, 3, 4, 5, 6, 7, 8, 9, 10, 11, 12]]","[[1, 2, 3, 4, 5, 6, 7, 8, 9, 10, 11, 12]]"
00071-00000003.toc,toc,12,582,rankings,movimiento,b=0.3,2,13.66151202749141,9.316151202749143,1,1,0.09536739997565746,1.0,0.0,"[[1, 2, 3, 4, 5, 6, 7, 8, 9, 10, 11, 12]]","[[1, 2, 3, 4, 5, 6, 7, 8, 9, 10, 11, 12]]"
00071-00000003.toc,toc,12,582,rankings,empate,b=0.1,3,13.66151202749141,12.823024054982818,1,1,0.09185860003344715,1.0,0.0,"[[1, 2, 3, 4, 5, 6, 7, 8, 9, 10, 11, 12]]","[[1, 2, 3, 4, 5, 6, 7, 8, 9, 10, 11, 12]]"
00071-00000003.toc,toc,12,582,rankings,empate,b=0.2,3,13.66151202749141,12.125429553264606,1,1,0.10000109998509288,1.0,0.0,"[[1, 2, 3, 4, 5, 6, 7, 8, 9, 10, 11, 12]]","[[1, 2, 3, 4, 5, 6, 7, 8, 9, 10, 11, 12]]"
00071-00000003.toc,toc,12,582,rankings,empate,b=0.3,3,13.66151202749141,10.718213058419245,1,1,0.11790009995456785,1.0,0.0,"[[1, 2, 3, 4, 5, 6, 7, 8, 9, 10, 11, 12]]","[[1, 2, 3, 4, 5, 6, 7, 8, 9, 10, 11, 12]]"
00071-00000003.toc,toc,12,582,rankings,intercambio,b=0.1,3,13.66151202749141,10.902061855670103,1,1,0.10824980004690588,1.0,0.0,"[[1, 2, 3, 4, 5, 6, 7, 8, 9, 10, 11, 12]]","[[1, 2, 3, 4, 5, 6, 7, 8, 9, 10, 11, 12]]"
00071-00000003.toc,toc,12,582,rankings,intercambio,b=0.2,3,13.66151202749141,8.75085910652921,1,1,0.12165330001153052,1.0,0.0,"[[1, 2, 3, 4, 5, 6, 7, 8, 9, 10, 11, 12]]","[[1, 2, 3, 4, 5, 6, 7, 8, 9, 10, 11, 12]]"
00071-00000003.toc,toc,12,582,rankings,intercambio,b=0.3,3,13.66151202749141,6.2938144329896915,1,1,0.11208560003433377,1.0,0.0,"[[1, 2, 3, 4, 5, 6, 7, 8, 9, 10, 11, 12]]","[[1, 2, 3, 4, 5, 6, 7, 8, 9, 10, 11, 12]]"
00071-00000003.toc,toc,12,582,rankings,local,b=0.1,3,13.66151202749141,13.661512027491408,1,1,0.1042022000765428,1.0,0.0,"[[1, 2, 3, 4, 5, 6, 7, 8, 9, 10, 11, 12]]","[[1, 2, 3, 4, 5, 6, 7, 8, 9, 10, 11, 12]]"
00071-00000003.toc,toc,12,582,rankings,local,b=0.2,3,13.66151202749141,13.66151202749141,1,1,0.11334629997145385,1.0,0.0,"[[1, 2, 3, 4, 5, 6, 7, 8, 9, 10, 11, 12]]","[[1, 2, 3, 4, 5, 6, 7, 8, 9, 10, 11, 12]]"
00071-00000003.toc,toc,12,582,rankings,local,b=0.3,3,13.66151202749141,13.66151202749141,1,1,0.11619279999285936,1.0,0.0,"[[1, 2, 3, 4, 5, 6, 7, 8, 9, 10, 11, 12]]","[[1, 2, 3, 4, 5, 6, 7, 8, 9, 10, 11, 12]]"
00071-00000003.toc,toc,12,582,rankings,movimiento,b=0.1,3,13.66151202749141,12.372852233676976,1,1,0.10744119994342327,1.0,0.0,"[[1, 2, 3, 4, 5, 6, 7, 8, 9, 10, 11, 12]]","[[1, 2, 3, 4, 5, 6, 7, 8, 9, 10, 11, 12]]"
00071-00000003.toc,toc,12,582,rankings,movimiento,b=0.2,3,13.66151202749141,11.192439862542956,1,1,0.10809429991059005,1.0,0.0,"[[1, 2, 3, 4, 5, 6, 7, 8, 9, 10, 11, 12]]","[[1, 2, 3, 4, 5, 6, 7, 8, 9, 10, 11, 12]]"
00071-00000003.toc,toc,12,582,rankings,movimiento,b=0.3,3,13.66151202749141,9.276632302405499,1,1,0.13566929998341948,1.0,0.0,"[[1, 2, 3, 4, 5, 6, 7, 8, 9, 10, 11, 12]]","[[1, 2, 3, 4, 5, 6, 7, 8, 9, 10, 11, 12]]"
00071-00000003.toc,toc,12,582,rankings,empate,b=0.1,4,13.66151202749141,12.912371134020619,1,1,0.11533709999639541,1.0,0.0,"[[1, 2, 3, 4, 5, 6, 7, 8, 9, 10, 11, 12]]","[[1, 2, 3, 4, 5, 6, 7, 8, 9, 10, 11, 12]]"
00071-00000003.toc,toc,12,582,rankings,empate,b=0.2,4,13.66151202749141,11.948453608247423,1,1,0.09308510005939752,1.0,0.0,"[[1, 2, 3, 4, 5, 6, 7, 8, 9, 10, 11, 12]]","[[1, 2, 3, 4, 5, 6, 7, 8, 9, 10, 11, 12]]"
00071-00000003.toc,toc,12,582,rankings,empate,b=0.3,4,13.66151202749141,10.81958762886598,1,1,0.10542489995714277,1.0,0.0,"[[1, 2, 3, 4, 5, 6, 7, 8, 9, 10, 11, 12]]","[[1, 2, 3, 4, 5, 6, 7, 8, 9, 10, 11, 12]]"
00071-00000003.toc,toc,12,582,rankings,intercambio,b=0.1,4,13.66151202749141,10.950171821305842,1,1,0.08261979999952018,1.0,0.0,"[[1, 2, 3, 4, 5, 6, 7, 8, 9, 10, 11, 12]]","[[1, 2, 3, 4, 5, 6, 7, 8, 9, 10, 11, 12]]"
00071-00000003.toc,toc,12,582,rankings,intercambio,b=0.2,4,13.66151202749141,9.077319587628867,1,1,0.09730700007639825,1.0,0.0,"[[1, 2, 3, 4, 5, 6, 7, 8, 9, 10, 11, 12]]","[[1, 2, 3, 4, 5, 6, 7, 8, 9, 10, 11, 12]]"
00071-00000003.toc,toc,12,582,rankings,intercambio,b=0.3,4,13.66151202749141,5.812714776632303,1,1,0.12403429998084903,1.0,0.0,"[[1, 2, 3, 4, 5, 6, 7, 8, 9, 10, 11, 12]]","[[1, 2, 3, 4, 5, 6, 7, 8, 9, 10, 11, 12]]"
00071-00000003.toc,toc,12,582,rankings,local,b=0.1,4,13.66151202749141,13.661512027491408,1,1,0.09998210007324815,1.0,0.0,"[[1, 2, 3, 4, 5, 6, 7, 8, 9, 10, 11, 12]]","[[1, 2, 3, 4, 5, 6, 7, 8, 9, 10, 11, 12]]"
00071-00000003.toc,toc,12,582,rankings,local,b=0.2,4,13.66151202749141,13.66151202749141,1,1,0.10288000002037734,1.0,0.0,"[[1, 2, 3, 4, 5, 6, 7, 8, 9, 10, 11, 12]]","[[1, 2, 3, 4, 5, 6, 7, 8, 9, 10, 11, 12]]"
00071-00000003.toc,toc,12,582,rankings,local,b=0.3,4,13.66151202749141,13.66151202749141,1,1,0.11500440002419055,1.0,0.0,"[[1, 2, 3, 4, 5, 6, 7, 8, 9, 10, 11, 12]]","[[1, 2, 3, 4, 5, 6, 7, 8, 9, 10, 11, 12]]"
00071-00000003.toc,toc,12,582,rankings,movimiento,b=0.1,4,13.66151202749141,12.625429553264604,1,1,0.08642159996088594,1.0,0.0,"[[1, 2, 3, 4, 5, 6, 7, 8, 9, 10, 11, 12]]","[[1, 2, 3, 4, 5, 6, 7, 8, 9, 10, 11, 12]]"
00071-00000003.toc,toc,12,582,rankings,movimiento,b=0.2,4,13.66151202749141,11.25085910652921,1,1,0.08991390001028776,1.0,0.0,"[[1, 2, 3, 4, 5, 6, 7, 8, 9, 10, 11, 12]]","[[1, 2, 3, 4, 5, 6, 7, 8, 9, 10, 11, 12]]"
00071-00000003.toc,toc,12,582,rankings,movimiento,b=0.3,4,13.66151202749141,9.292096219931272,1,1,0.11351029993966222,1.0,0.0,"[[1, 2, 3, 4, 5, 6, 7, 8, 9, 10, 11, 12]]","[[1, 2, 3, 4, 5, 6, 7, 8, 9, 10, 11, 12]]"
00071-00000004.toc,toc,12,568,rankings,empate,b=0.1,0,12.96654929577465,12.117957746478874,1,1,0.09472519997507334,1.0,0.0,"[[1, 2, 3, 4, 5, 6, 7, 8, 9, 10, 11, 12]]","[[1, 2, 3, 4, 5, 6, 7, 8, 9, 10, 11, 12]]"
00071-00000004.toc,toc,12,568,rankings,empate,b=0.2,0,12.96654929577465,11.626760563380282,1,1,0.09025010000914335,1.0,0.0,"[[1, 2, 3, 4, 5, 6, 7, 8, 9, 10, 11, 12]]","[[1, 2, 3, 4, 5, 6, 7, 8, 9, 10, 11, 12]]"
00071-00000004.toc,toc,12,568,rankings,empate,b=0.3,0,12.96654929577465,10.459507042253522,1,1,0.1060305000282824,1.0,0.0,"[[1, 2, 3, 4, 5, 6, 7, 8, 9, 10, 11, 12]]","[[1, 2, 3, 4, 5, 6, 7, 8, 9, 10, 11, 12]]"
00071-00000004.toc,toc,12,568,rankings,intercambio,b=0.1,0,12.96654929577465,10.744718309859156,1,1,0.07369119999930263,1.0,0.0,"[[1, 2, 3, 4, 5, 6, 7, 8, 9, 10, 11, 12]]","[[1, 2, 3, 4, 5, 6, 7, 8, 9, 10, 11, 12]]"
00071-00000004.toc,toc,12,568,rankings,intercambio,b=0.2,0,12.96654929577465,8.984154929577466,1,1,0.08152789995074272,1.0,0.0,"[[1, 2, 3, 4, 5, 6, 7, 8, 9, 10, 11, 12]]","[[1, 2, 3, 4, 5, 6, 7, 8, 9, 10, 11, 12]]"
00071-00000004.toc,toc,12,568,rankings,intercambio,b=0.3,0,12.96654929577465,5.772887323943664,1,1,0.10719110001809895,1.0,0.0,"[[1, 2, 3, 4, 5, 6, 7, 8, 9, 10, 11, 12]]","[[1, 2, 3, 4, 5, 6, 7, 8, 9, 10, 11, 12]]"
00071-00000004.toc,toc,12,568,rankings,local,b=0.1,0,12.96654929577465,12.966549295774648,1,1,0.0707145999185741,1.0,0.0,"[[1, 2, 3, 4, 5, 6, 7, 8, 9, 10, 11, 12]]","[[1, 2, 3, 4, 5, 6, 7, 8, 9, 10, 11, 12]]"
00071-00000004.toc,toc,12,568,rankings,local,b=0.2,0,12.96654929577465,12.96654929577465,1,1,0.07428279996383935,1.0,0.0,"[[1, 2, 3, 4, 5, 6, 7, 8, 9, 10, 11, 12]]","[[1, 2, 3, 4, 5, 6, 7, 8, 9, 10, 11, 12]]"
00071-00000004.toc,toc,12,568,rankings,local,b=0.3,0,12.96654929577465,12.96654929577465,1,1,0.10386229993309826,1.0,0.0,"[[1, 2, 3, 4, 5, 6, 7, 8, 9, 10, 11, 12]]","[[1, 2, 3, 4, 5, 6, 7, 8, 9, 10, 11, 12]]"
00071-00000004.toc,toc,12,568,rankings,movimiento,b=0.1,0,12.96654929577465,11.938380281690144,1,1,0.085112200002186,1.0,0.0,"[[1, 2, 3, 4, 5, 6, 7, 8, 9, 10, 11, 12]]","[[1, 2, 3, 4, 5, 6, 7, 8, 9, 10, 11, 12]]"
00071-00000004.toc,toc,12,568,rankings,movimiento,b=0.2,0,12.96654929577465,11.147887323943662,1,1,0.09134310006629676,1.0,0.0,"[[1, 2, 3, 4, 5, 6, 7, 8, 9, 10, 11, 12]]","[[1, 2, 3, 4, 5, 6, 7, 8, 9, 10, 11, 12]]"
00071-00000004.toc,toc,12,568,rankings,movimiento,b=0.3,0,12.96654929577465,9.23767605633803,1,1,0.1138356999726966,1.0,0.0,"[[1, 2, 3, 4, 5, 6, 7, 8, 9, 10, 11, 12]]","[[1, 2, 3, 4, 5, 6, 7, 8, 9, 10, 11, 12]]"
00071-00000004.toc,toc,12,568,rankings,empate,b=0.1,1,12.96654929577465,12.262323943661974,1,1,0.08520289999432862,1.0,0.0,"[[1, 2, 3, 4, 5, 6, 7, 8, 9, 10, 11, 12]]","[[1, 2, 3, 4, 5, 6, 7, 8, 9, 10, 11, 12]]"
00071-00000004.toc,toc,12,568,rankings,empate,b=0.2,1,12.96654929577465,12.096830985915494,1,1,0.10417989990673959,1.0,0.0,"[[1, 2, 3, 4, 5, 6, 7, 8, 9, 10, 11, 12]]","[[1, 2, 3, 4, 5, 6, 7, 8, 9, 10, 11, 12]]"
00071-00000004.toc,toc,12,568,rankings,empate,b=0.3,1,12.96654929577465,10.329225352112678,1,1,0.10533699998632073,1.0,0.0,"[[1, 2, 3, 4, 5, 6, 7, 8, 9, 10, 11, 12]]","[[1, 2, 3, 4, 5, 6, 7, 8, 9, 10, 11, 12]]"
00071-00000004.toc,toc,12,568,rankings,intercambio,b=0.1,1,12.96654929577465,10.58274647887324,1,1,0.08697459998074919,1.0,0.0,"[[1, 2, 3, 4, 5, 6, 7, 8, 9, 10, 11, 12]]","[[1, 2, 3, 4, 5, 6, 7, 8, 9, 10, 11, 12]]"
00071-00000004.toc,toc,12,568,rankings,intercambio,b=0.2,1,12.96654929577465,8.846830985915494,1,1,0.09478630009107292,1.0,0.0,"[[1, 2, 3, 4, 5, 6, 7, 8, 9, 10, 11, 12]]","[[1, 2, 3, 4, 5, 6, 7, 8, 9, 10, 11, 12]]"
00071-00000004.toc,toc,12,568,rankings,intercambio,b=0.3,1,12.96654929577465,5.938380281690142,1,1,0.0949184000492096,1.0,0.0,"[[1, 2, 3, 4, 5, 6, 7, 8, 9, 10, 11, 12]]","[[1, 2, 3, 4, 5, 6, 7, 8, 9, 10, 11, 12]]"
00071-00000004.toc,toc,12,568,rankings,local,b=0.1,1,12.96654929577465,12.966549295774648,1,1,0.0732982000336051,1.0,0.0,"[[1, 2, 3, 4, 5, 6, 7, 8, 9, 10, 11, 12]]","[[1, 2, 3, 4, 5, 6, 7, 8, 9, 10, 11, 12]]"
00071-00000004.toc,toc,12,568,rankings,local,b=0.2,1,12.96654929577465,12.96654929577465,1,1,0.08143320004455745,1.0,0.0,"[[1, 2, 3, 4, 5, 6, 7, 8, 9, 10, 11, 12]]","[[1, 2, 3, 4, 5, 6, 7, 8, 9, 10, 11, 12]]"
00071-00000004.toc,toc,12,568,rankings,local,b=0.3,1,12.96654929577465,12.96654929577465,1,1,0.08517610002309084,1.0,0.0,"[[1, 2, 3, 4, 5, 6, 7, 8, 9, 10, 11, 12]]","[[1, 2, 3, 4, 5, 6, 7, 8, 9, 10, 11, 12]]"
00071-00000004.toc,toc,12,568,rankings,movimiento,b=0.1,1,12.96654929577465,12.193661971830986,1,1,0.08495030004996806,1.0,0.0,"[[1, 2, 3, 4, 5, 6, 7, 8, 9, 10, 11, 12]]","[[1, 2, 3, 4, 5, 6, 7, 8, 9, 10, 11, 12]]"
00071-00000004.toc,toc,12,568,rankings,movimiento,b=0.2,1,12.96654929577465,11.170774647887324,1,1,0.09835819993168116,1.0,0.0,"[[1, 2, 3, 4, 5, 6, 7, 8, 9, 10, 11, 12]]","[[1, 2, 3, 4, 5, 6, 7, 8, 9, 10, 11, 12]]"
00071-00000004.toc,toc,12,568,rankings,movimiento,b=0.3,1,12.96654929577465,9.83098591549296,1,1,0.09490739996545017,1.0,0.0,"[[1, 2, 3, 4, 5, 6, 7, 8, 9, 10, 11, 12]]","[[1, 2, 3, 4, 5, 6, 7, 8, 9, 10, 11, 12]]"
00071-00000004.toc,toc,12,568,rankings,empate,b=0.1,2,12.96654929577465,12.32042253521127,1,1,0.08626310003455728,1.0,0.0,"[[1, 2, 3, 4, 5, 6, 7, 8, 9, 10, 11, 12]]","[[1, 2, 3, 4, 5, 6, 7, 8, 9, 10, 11, 12]]"
00071-00000004.toc,toc,12,568,rankings,empate,b=0.2,2,12.96654929577465,11.556338028169016,1,1,0.08913109998684376,1.0,0.0,"[[1, 2, 3, 4, 5, 6, 7, 8, 9, 10, 11, 12]]","[[1, 2, 3, 4, 5, 6, 7, 8, 9, 10, 11, 12]]"
00071-00000004.toc,toc,12,568,rankings,empate,b=0.3,2,12.96654929577465,10.556338028169016,1,1,0.09747080004308373,1.0,0.0,"[[1, 2, 3, 4, 5, 6, 7, 8, 9, 10, 11, 12]]","[[1, 2, 3, 4, 5, 6, 7, 8, 9, 10, 11, 12]]"
00071-00000004.toc,toc,12,568,rankings,intercambio,b=0.1,2,12.96654929577465,10.776408450704228,1,1,0.08664389990735799,1.0,0.0,"[[1, 2, 3, 4, 5, 6, 7, 8, 9, 10, 11, 12]]","[[1, 2, 3, 4, 5, 6, 7, 8, 9, 10, 11, 12]]"
00071-00000004.toc,toc,12,568,rankings,intercambio,b=0.2,2,12.96654929577465,8.360915492957748,1,1,0.08231169998180121,1.0,0.0,"[[1, 2, 3, 4, 5, 6, 7, 8, 9, 10, 11, 12]]","[[1, 2, 3, 4, 5, 6, 7, 8, 9, 10, 11, 12]]"
00071-00000004.toc,toc,12,568,rankings,intercambio,b=0.3,2,12.96654929577465,5.322183098591551,1,1,0.12082250008825213,1.0,0.0,"[[1, 2, 3, 4, 5, 6, 7, 8, 9, 10, 11, 12]]","[[1, 2, 3, 4, 5, 6, 7, 8, 9, 10, 11, 12]]"
00071-00000004.toc,toc,12,568,rankings,local,b=0.1,2,12.96654929577465,12.966549295774648,1,1,0.08076260006055236,1.0,0.0,"[[1, 2, 3, 4, 5, 6, 7, 8, 9, 10, 11, 12]]","[[1, 2, 3, 4, 5, 6, 7, 8, 9, 10, 11, 12]]"
00071-00000004.toc,toc,12,568,rankings,local,b=0.2,2,12.96654929577465,12.96654929577465,1,1,0.08199470001272857,1.0,0.0,"[[1, 2, 3, 4, 5, 6, 7, 8, 9, 10, 11, 12]]","[[1, 2, 3, 4, 5, 6, 7, 8, 9, 10, 11, 12]]"
00071-00000004.toc,toc,12,568,rankings,local,b=0.3,2,12.96654929577465,12.96654929577465,1,1,0.0904756000963971,1.0,0.0,"[[1, 2, 3, 4, 5, 6, 7, 8, 9, 10, 11, 12]]","[[1, 2, 3, 4, 5, 6, 7, 8, 9, 10, 11, 12]]"
00071-00000004.toc,toc,12,568,rankings,movimiento,b=0.1,2,12.96654929577465,12.065140845070424,1,1,0.08504499995615333,1.0,0.0,"[[1, 2, 3, 4, 5, 6, 7, 8, 9, 10, 11, 12]]","[[1, 2, 3, 4, 5, 6, 7, 8, 9, 10, 11, 12]]"
00071-00000004.toc,toc,12,568,rankings,movimiento,b=0.2,2,12.96654929577465,11.348591549295776,1,1,0.09053319995291531,1.0,0.0,"[[1, 2, 3, 4, 5, 6, 7, 8, 9, 10, 11, 12]]","[[1, 2, 3, 4, 5, 6, 7, 8, 9, 10, 11, 12]]"
00071-00000004.toc,toc,12,568,rankings,movimiento,b=0.3,2,12.96654929577465,9.306338028169016,1,1,0.10272269998677075,1.0,0.0,"[[1, 2, 3, 4, 5, 6, 7, 8, 9, 10, 11, 12]]","[[1, 2, 3, 4, 5, 6, 7, 8, 9, 10, 11, 12]]"
00071-00000004.toc,toc,12,568,rankings,empate,b=0.1,3,12.96654929577465,12.200704225352114,1,1,0.07600269990507513,1.0,0.0,"[[1, 2, 3, 4, 5, 6, 7, 8, 9, 10, 11, 12]]","[[1, 2, 3, 4, 5, 6, 7, 8, 9, 10, 11, 12]]"
00071-00000004.toc,toc,12,568,rankings,empate,b=0.2,3,12.96654929577465,11.885563380281692,1,1,0.08263429999351501,1.0,0.0,"[[1, 2, 3, 4, 5, 6, 7, 8, 9, 10, 11, 12]]","[[1, 2, 3, 4, 5, 6, 7, 8, 9, 10, 11, 12]]"
00071-00000004.toc,toc,12,568,rankings,empate,b=0.3,3,12.96654929577465,10.380281690140846,1,1,0.09547249996103346,1.0,0.0,"[[1, 2, 3, 4, 5, 6, 7, 8, 9, 10, 11, 12]]","[[1, 2, 3, 4, 5, 6, 7, 8, 9, 10, 11, 12]]"
00071-00000004.toc,toc,12,568,rankings,intercambio,b=0.1,3,12.96654929577465,10.58274647887324,1,1,0.10500270000193268,1.0,0.0,"[[1, 2, 3, 4, 5, 6, 7, 8, 9, 10, 11, 12]]","[[1, 2, 3, 4, 5, 6, 7, 8, 9, 10, 11, 12]]"
00071-00000004.toc,toc,12,568,rankings,intercambio,b=0.2,3,12.96654929577465,8.50880281690141,1,1,0.09509189997334033,1.0,0.0,"[[1, 2, 3, 4, 5, 6, 7, 8, 9, 10, 11, 12]]","[[1, 2, 3, 4, 5, 6, 7, 8, 9, 10, 11, 12]]"
00071-00000004.toc,toc,12,568,rankings,intercambio,b=0.3,3,12.96654929577465,5.818661971830987,1,1,0.09590459999162704,1.0,0.0,"[[1, 2, 3, 4, 5, 6, 7, 8, 9, 10, 11, 12]]","[[1, 2, 3, 4, 5, 6, 7, 8, 9, 10, 11, 12]]"
00071-00000004.toc,toc,12,568,rankings,local,b=0.1,3,12.96654929577465,12.966549295774648,1,1,0.07404929993208498,1.0,0.0,"[[1, 2, 3, 4, 5, 6, 7, 8, 9, 10, 11, 12]]","[[1, 2, 3, 4, 5, 6, 7, 8, 9, 10, 11, 12]]"
00071-00000004.toc,toc,12,568,rankings,local,b=0.2,3,12.96654929577465,12.96654929577465,1,1,0.07265600003302097,1.0,0.0,"[[1, 2, 3, 4, 5, 6, 7, 8, 9, 10, 11, 12]]","[[1, 2, 3, 4, 5, 6, 7, 8, 9, 10, 11, 12]]"
00071-00000004.toc,toc,12,568,rankings,local,b=0.3,3,12.96654929577465,12.96654929577465,1,1,0.08312690001912415,1.0,0.0,"[[1, 2, 3, 4, 5, 6, 7, 8, 9, 10, 11, 12]]","[[1, 2, 3, 4, 5, 6, 7, 8, 9, 10, 11, 12]]"
00071-00000004.toc,toc,12,568,rankings,movimiento,b=0.1,3,12.96654929577465,11.704225352112676,1,1,0.07414549996610731,1.0,0.0,"[[1, 2, 3, 4, 5, 6, 7, 8, 9, 10, 11, 12]]","[[1, 2, 3, 4, 5, 6, 7, 8, 9, 10, 11, 12]]"
00071-00000004.toc,toc,12,568,rankings,movimiento,b=0.2,3,12.96654929577465,10.59330985915493,1,1,0.0932436001021415,1.0,0.0,"[[1, 2, 3, 4, 5, 6, 7, 8, 9, 10, 11, 12]]","[[1, 2, 3, 4, 5, 6, 7, 8, 9, 10, 11, 12]]"
00071-00000004.toc,toc,12,568,rankings,movimiento,b=0.3,3,12.96654929577465,8.596830985915494,1,1,0.10500340000726283,1.0,0.0,"[[1, 2, 3, 4, 5, 6, 7, 8, 9, 10, 11, 12]]","[[1, 2, 3, 4, 5, 6, 7, 8, 9, 10, 11, 12]]"
00071-00000004.toc,toc,12,568,rankings,empate,b=0.1,4,12.96654929577465,12.58098591549296,1,1,0.07356060005258769,1.0,0.0,"[[1, 2, 3, 4, 5, 6, 7, 8, 9, 10, 11, 12]]","[[1, 2, 3, 4, 5, 6, 7, 8, 9, 10, 11, 12]]"
00071-00000004.toc,toc,12,568,rankings,empate,b=0.2,4,12.96654929577465,11.875000000000002,1,1,0.08140679995995015,1.0,0.0,"[[1, 2, 3, 4, 5, 6, 7, 8, 9, 10, 11, 12]]","[[1, 2, 3, 4, 5, 6, 7, 8, 9, 10, 11, 12]]"
00071-00000004.toc,toc,12,568,rankings,empate,b=0.3,4,12.96654929577465,10.250000000000002,1,1,0.11871910002082586,1.0,0.0,"[[1, 2, 3, 4, 5, 6, 7, 8, 9, 10, 11, 12]]","[[1, 2, 3, 4, 5, 6, 7, 8, 9, 10, 11, 12]]"
00071-00000004.toc,toc,12,568,rankings,intercambio,b=0.1,4,12.96654929577465,10.73767605633803,1,1,0.07480639999266714,1.0,0.0,"[[1, 2, 3, 4, 5, 6, 7, 8, 9, 10, 11, 12]]","[[1, 2, 3, 4, 5, 6, 7, 8, 9, 10, 11, 12]]"
00071-00000004.toc,toc,12,568,rankings,intercambio,b=0.2,4,12.96654929577465,8.484154929577466,1,1,0.09205289999954402,1.0,0.0,"[[1, 2, 3, 4, 5, 6, 7, 8, 9, 10, 11, 12]]","[[1, 2, 3, 4, 5, 6, 7, 8, 9, 10, 11, 12]]"
00071-00000004.toc,toc,12,568,rankings,intercambio,b=0.3,4,12.96654929577465,5.515845070422537,1,1,0.09885509999003261,1.0,0.0,"[[1, 2, 3, 4, 5, 6, 7, 8, 9, 10, 11, 12]]","[[1, 2, 3, 4, 5, 6, 7, 8, 9, 10, 11, 12]]"
00071-00000004.toc,toc,12,568,rankings,local,b=0.1,4,12.96654929577465,12.966549295774648,1,1,0.06961430003866553,1.0,0.0,"[[1, 2, 3, 4, 5, 6, 7, 8, 9, 10, 11, 12]]","[[1, 2, 3, 4, 5, 6, 7, 8, 9, 10, 11, 12]]"
00071-00000004.toc,toc,12,568,rankings,local,b=0.2,4,12.96654929577465,12.96654929577465,1,1,0.0736515000462532,1.0,0.0,"[[1, 2, 3, 4, 5, 6, 7, 8, 9, 10, 11, 12]]","[[1, 2, 3, 4, 5, 6, 7, 8, 9, 10, 11, 12]]"
00071-00000004.toc,toc,12,568,rankings,local,b=0.3,4,12.96654929577465,12.96654929577465,1,1,0.08282580005470663,1.0,0.0,"[[1, 2, 3, 4, 5, 6, 7, 8, 9, 10, 11, 12]]","[[1, 2, 3, 4, 5, 6, 7, 8, 9, 10, 11, 12]]"
00071-00000004.toc,toc,12,568,rankings,movimiento,b=0.1,4,12.96654929577465,11.885563380281692,1,1,0.07356950000394136,1.0,0.0,"[[1, 2, 3, 4, 5, 6, 7, 8, 9, 10, 11, 12]]","[[1, 2, 3, 4, 5, 6, 7, 8, 9, 10, 11, 12]]"
00071-00000004.toc,toc,12,568,rankings,movimiento,b=0.2,4,12.96654929577465,10.792253521126762,1,1,0.0911464000819251,1.0,0.0,"[[1, 2, 3, 4, 5, 6, 7, 8, 9, 10, 11, 12]]","[[1, 2, 3, 4, 5, 6, 7, 8, 9, 10, 11, 12]]"
00071-00000004.toc,toc,12,568,rankings,movimiento,b=0.3,4,12.96654929577465,8.698943661971832,1,1,0.090531500056386,1.0,0.0,"[[1, 2, 3, 4, 5, 6, 7, 8, 9, 10, 11, 12]]","[[1, 2, 3, 4, 5, 6, 7, 8, 9, 10, 11, 12]]"
00071-00000005.toc,toc,12,487,rankings,empate,b=0.1,0,12.659137577002054,11.470225872689939,1,1,0.07407610001973808,1.0,0.0,"[[1, 2, 3, 4, 5, 6, 7, 8, 9, 10, 11, 12]]","[[1, 2, 3, 4, 5, 6, 7, 8, 9, 10, 11, 12]]"
00071-00000005.toc,toc,12,487,rankings,empate,b=0.2,0,12.659137577002054,11.137577002053389,1,1,0.07400599995162338,1.0,0.0,"[[1, 2, 3, 4, 5, 6, 7, 8, 9, 10, 11, 12]]","[[1, 2, 3, 4, 5, 6, 7, 8, 9, 10, 11, 12]]"
00071-00000005.toc,toc,12,487,rankings,empate,b=0.3,0,12.659137577002054,10.149897330595483,1,1,0.08666999998968095,1.0,0.0,"[[1, 2, 3, 4, 5, 6, 7, 8, 9, 10, 11, 12]]","[[1, 2, 3, 4, 5, 6, 7, 8, 9, 10, 11, 12]]"
00071-00000005.toc,toc,12,487,rankings,intercambio,b=0.1,0,12.659137577002054,10.478439425051336,1,1,0.06992069992702454,1.0,0.0,"[[1, 2, 3, 4, 5, 6, 7, 8, 9, 10, 11, 12]]","[[1, 2, 3, 4, 5, 6, 7, 8, 9, 10, 11, 12]]"
00071-00000005.toc,toc,12,487,rankings,intercambio,b=0.2,0,12.659137577002054,9.086242299794662,1,1,0.07461030001286417,1.0,0.0,"[[1, 2, 3, 4, 5, 6, 7, 8, 9, 10, 11, 12]]","[[1, 2, 3, 4, 5, 6, 7, 8, 9, 10, 11, 12]]"
00071-00000005.toc,toc,12,487,rankings,intercambio,b=0.3,0,12.659137577002054,6.149897330595484,1,1,0.08658090000972152,1.0,0.0,"[[1, 2, 3, 4, 5, 6, 7, 8, 9, 10, 11, 12]]","[[1, 2, 3, 4, 5, 6, 7, 8, 9, 10, 11, 12]]"
00071-00000005.toc,toc,12,487,rankings,local,b=0.1,0,12.659137577002054,12.659137577002054,1,1,0.06604409997817129,1.0,0.0,"[[1, 2, 3, 4, 5, 6, 7, 8, 9, 10, 11, 12]]","[[1, 2, 3, 4, 5, 6, 7, 8, 9, 10, 11, 12]]"
00071-00000005.toc,toc,12,487,rankings,local,b=0.2,0,12.659137577002054,12.659137577002054,1,1,0.07210559991654009,1.0,0.0,"[[1, 2, 3, 4, 5, 6, 7, 8, 9, 10, 11, 12]]","[[1, 2, 3, 4, 5, 6, 7, 8, 9, 10, 11, 12]]"
00071-00000005.toc,toc,12,487,rankings,local,b=0.3,0,12.659137577002054,12.659137577002054,1,1,0.08658100001048297,1.0,0.0,"[[1, 2, 3, 4, 5, 6, 7, 8, 9, 10, 11, 12]]","[[1, 2, 3, 4, 5, 6, 7, 8, 9, 10, 11, 12]]"
00071-00000005.toc,toc,12,487,rankings,movimiento,b=0.1,0,12.659137577002054,12.006160164271048,1,1,0.08646160003263503,1.0,0.0,"[[1, 2, 3, 4, 5, 6, 7, 8, 9, 10, 11, 12]]","[[1, 2, 3, 4, 5, 6, 7, 8, 9, 10, 11, 12]]"
00071-00000005.toc,toc,12,487,rankings,movimiento,b=0.2,0,12.659137577002054,10.977412731006162,1,1,0.08325429994147271,1.0,0.0,"[[1, 2, 3, 4, 5, 6, 7, 8, 9, 10, 11, 12]]","[[1, 2, 3, 4, 5, 6, 7, 8, 9, 10, 11, 12]]"
00071-00000005.toc,toc,12,487,rankings,movimiento,b=0.3,0,12.659137577002054,9.26899383983573,1,1,0.09322260005865246,1.0,0.0,"[[1, 2, 3, 4, 5, 6, 7, 8, 9, 10, 11, 12]]","[[1, 2, 3, 4, 5, 6, 7, 8, 9, 10, 11, 12]]"
00071-00000005.toc,toc,12,487,rankings,empate,b=0.1,1,12.659137577002054,11.95687885010267,1,1,0.07862170005682856,1.0,0.0,"[[1, 2, 3, 4, 5, 6, 7, 8, 9, 10, 11, 12]]","[[1, 2, 3, 4, 5, 6, 7, 8, 9, 10, 11, 12]]"
00071-00000005.toc,toc,12,487,rankings,empate,b=0.2,1,12.659137577002054,11.35728952772074,1,1,0.09989960002712905,1.0,0.0,"[[1, 2, 3, 4, 5, 6, 7, 8, 9, 10, 11, 12]]","[[1, 2, 3, 4, 5, 6, 7, 8, 9, 10, 11, 12]]"
00071-00000005.toc,toc,12,487,rankings,empate,b=0.3,1,12.659137577002054,10.414784394250514,1,1,0.08500990003813058,1.0,0.0,"[[1, 2, 3, 4, 5, 6, 7, 8, 9, 10, 11, 12]]","[[1, 2, 3, 4, 5, 6, 7, 8, 9, 10, 11, 12]]"
00071-00000005.toc,toc,12,487,rankings,intercambio,b=0.1,1,12.659137577002054,10.51540041067762,1,1,0.0727134000044316,1.0,0.0,"[[1, 2, 3, 4, 5, 6, 7, 8, 9, 10, 11, 12]]","[[1, 2, 3, 4, 5, 6, 7, 8, 9, 10, 11, 12]]"
00071-00000005.toc,toc,12,487,rankings,intercambio,b=0.2,1,12.659137577002054,8.568788501026695,1,1,0.07758019992616028,1.0,0.0,"[[1, 2, 3, 4, 5, 6, 7, 8, 9, 10, 11, 12]]","[[1, 2, 3, 4, 5, 6, 7, 8, 9, 10, 11, 12]]"
00071-00000005.toc,toc,12,487,rankings,intercambio,b=0.3,1,12.659137577002054,5.891170431211499,1,1,0.08428109996020794,1.0,0.0,"[[1, 2, 3, 4, 5, 6, 7, 8, 9, 10, 11, 12]]","[[1, 2, 3, 4, 5, 6, 7, 8, 9, 10, 11, 12]]"
00071-00000005.toc,toc,12,487,rankings,local,b=0.1,1,12.659137577002054,12.659137577002054,1,1,0.07799739995971322,1.0,0.0,"[[1, 2, 3, 4, 5, 6, 7, 8, 9, 10, 11, 12]]","[[1, 2, 3, 4, 5, 6, 7, 8, 9, 10, 11, 12]]"
00071-00000005.toc,toc,12,487,rankings,local,b=0.2,1,12.659137577002054,12.659137577002054,1,1,0.06809670000802726,1.0,0.0,"[[1, 2, 3, 4, 5, 6, 7, 8, 9, 10, 11, 12]]","[[1, 2, 3, 4, 5, 6, 7, 8, 9, 10, 11, 12]]"
00071-00000005.toc,toc,12,487,rankings,local,b=0.3,1,12.659137577002054,12.659137577002054,1,1,0.06890980002935976,1.0,0.0,"[[1, 2, 3, 4, 5, 6, 7, 8, 9, 10, 11, 12]]","[[1, 2, 3, 4, 5, 6, 7, 8, 9, 10, 11, 12]]"
00071-00000005.toc,toc,12,487,rankings,movimiento,b=0.1,1,12.659137577002054,11.77618069815195,1,1,0.08411709999199957,1.0,0.0,"[[1, 2, 3, 4, 5, 6, 7, 8, 9, 10, 11, 12]]","[[1, 2, 3, 4, 5, 6, 7, 8, 9, 10, 11, 12]]"
00071-00000005.toc,toc,12,487,rankings,movimiento,b=0.2,1,12.659137577002054,10.969199178644764,1,1,0.07220289995893836,1.0,0.0,"[[1, 2, 3, 4, 5, 6, 7, 8, 9, 10, 11, 12]]","[[1, 2, 3, 4, 5, 6, 7, 8, 9, 10, 11, 12]]"
00071-00000005.toc,toc,12,487,rankings,movimiento,b=0.3,1,12.659137577002054,9.632443531827516,1,1,0.10178999998606741,1.0,0.0,"[[1, 2, 3, 4, 5, 6, 7, 8, 9, 10, 11, 12]]","[[1, 2, 3, 4, 5, 6, 7, 8, 9, 10, 11, 12]]"
00071-00000005.toc,toc,12,487,rankings,empate,b=0.1,2,12.659137577002054,11.6652977412731,1,1,0.09515489998739213,1.0,0.0,"[[1, 2, 3, 4, 5, 6, 7, 8, 9, 10, 11, 12]]","[[1, 2, 3, 4, 5, 6, 7, 8, 9, 10, 11, 12]]"
00071-00000005.toc,toc,12,487,rankings,empate,b=0.2,2,12.659137577002054,11.482546201232033,1,1,0.08958460006397218,1.0,0.0,"[[1, 2, 3, 4, 5, 6, 7, 8, 9, 10, 11, 12]]","[[1, 2, 3, 4, 5, 6, 7, 8, 9, 10, 11, 12]]"
00071-00000005.toc,toc,12,487,rankings,empate,b=0.3,2,12.659137577002054,10.07186858316222,1,1,0.10637839999981225,1.0,0.0,"[[1, 2, 3, 4, 5, 6, 7, 8, 9, 10, 11, 12]]","[[1, 2, 3, 4, 5, 6, 7, 8, 9, 10, 11, 12]]"
00071-00000005.toc,toc,12,487,rankings,intercambio,b=0.1,2,12.659137577002054,10.318275154004109,1,1,0.06851070001721382,1.0,0.0,"[[1, 2, 3, 4, 5, 6, 7, 8, 9, 10, 11, 12]]","[[1, 2, 3, 4, 5, 6, 7, 8, 9, 10, 11, 12]]"
00071-00000005.toc,toc,12,487,rankings,intercambio,b=0.2,2,12.659137577002054,8.987679671457906,1,1,0.07374069991055876,1.0,0.0,"[[1, 2, 3, 4, 5, 6, 7, 8, 9, 10, 11, 12]]","[[1, 2, 3, 4, 5, 6, 7, 8, 9, 10, 11, 12]]"
00071-00000005.toc,toc,12,487,rankings,intercambio,b=0.3,2,12.659137577002054,5.854209445585216,1,1,0.09215540008153766,1.0,0.0,"[[1, 2, 3, 4, 5, 6, 7, 8, 9, 10, 11, 12]]","[[1, 2, 3, 4, 5, 6, 7, 8, 9, 10, 11, 12]]"
00071-00000005.toc,toc,12,487,rankings,local,b=0.1,2,12.659137577002054,12.659137577002054,1,1,0.08868260006420314,1.0,0.0,"[[1, 2, 3, 4, 5, 6, 7, 8, 9, 10, 11, 12]]","[[1, 2, 3, 4, 5, 6, 7, 8, 9, 10, 11, 12]]"
00071-00000005.toc,toc,12,487,rankings,local,b=0.2,2,12.659137577002054,12.659137577002054,1,1,0.07685359998140484,1.0,0.0,"[[1, 2, 3, 4, 5, 6, 7, 8, 9, 10, 11, 12]]","[[1, 2, 3, 4, 5, 6, 7, 8, 9, 10, 11, 12]]"
00071-00000005.toc,toc,12,487,rankings,local,b=0.3,2,12.659137577002054,12.659137577002054,1,1,0.08631239994429052,1.0,0.0,"[[1, 2, 3, 4, 5, 6, 7, 8, 9, 10, 11, 12]]","[[1, 2, 3, 4, 5, 6, 7, 8, 9, 10, 11, 12]]"
00071-00000005.toc,toc,12,487,rankings,movimiento,b=0.1,2,12.659137577002054,11.747433264887064,1,1,0.07810859999153763,1.0,0.0,"[[1, 2, 3, 4, 5, 6, 7, 8, 9, 10, 11, 12]]","[[1, 2, 3, 4, 5, 6, 7, 8, 9, 10, 11, 12]]"
00071-00000005.toc,toc,12,487,rankings,movimiento,b=0.2,2,12.659137577002054,11.112936344969201,1,1,0.09050679998472333,1.0,0.0,"[[1, 2, 3, 4, 5, 6, 7, 8, 9, 10, 11, 12]]","[[1, 2, 3, 4, 5, 6, 7, 8, 9, 10, 11, 12]]"
00071-00000005.toc,toc,12,487,rankings,movimiento,b=0.3,2,12.659137577002054,9.016427104722794,1,1,0.09982749994378537,1.0,0.0,"[[1, 2, 3, 4, 5, 6, 7, 8, 9, 10, 11, 12]]","[[1, 2, 3, 4, 5, 6, 7, 8, 9, 10, 11, 12]]"
00071-00000005.toc,toc,12,487,rankings,empate,b=0.1,3,12.659137577002054,11.685831622176591,1,1,0.07235070003662258,1.0,0.0,"[[1, 2, 3, 4, 5, 6, 7, 8, 9, 10, 11, 12]]","[[1, 2, 3, 4, 5, 6, 7, 8, 9, 10, 11, 12]]"
00071-00000005.toc,toc,12,487,rankings,empate,b=0.2,3,12.659137577002054,11.00205338809035,1,1,0.08217060007154942,1.0,0.0,"[[1, 2, 3, 4, 5, 6, 7, 8, 9, 10, 11, 12]]","[[1, 2, 3, 4, 5, 6, 7, 8, 9, 10, 11, 12]]"
00071-00000005.toc,toc,12,487,rankings,empate,b=0.3,3,12.659137577002054,9.864476386036962,1,1,0.11245739995501935,1.0,0.0,"[[1, 2, 3, 4, 5, 6, 7, 8, 9, 10, 11, 12]]","[[1, 2, 3, 4, 5, 6, 7, 8, 9, 10, 11, 12]]"
00071-00000005.toc,toc,12,487,rankings,intercambio,b=0.1,3,12.659137577002054,10.470225872689939,1,1,0.09287569997832179,1.0,0.0,"[[1, 2, 3, 4, 5, 6, 7, 8, 9, 10, 11, 12]]","[[1, 2, 3, 4, 5, 6, 7, 8, 9, 10, 11, 12]]"
00071-00000005.toc,toc,12,487,rankings,intercambio,b=0.2,3,12.659137577002054,7.772073921971254,1,1,0.0883274000370875,1.0,0.0,"[[1, 2, 3, 4, 5, 6, 7, 8, 9, 10, 11, 12]]","[[1, 2, 3, 4, 5, 6, 7, 8, 9, 10, 11, 12]]"
00071-00000005.toc,toc,12,487,rankings,intercambio,b=0.3,3,12.659137577002054,5.809034907597536,1,1,0.09575769992079586,1.0,0.0,"[[1, 2, 3, 4, 5, 6, 7, 8, 9, 10, 11, 12]]","[[1, 2, 3, 4, 5, 6, 7, 8, 9, 10, 11, 12]]"
00071-00000005.toc,toc,12,487,rankings,local,b=0.1,3,12.659137577002054,12.659137577002054,1,1,0.08298539998941123,1.0,0.0,"[[1, 2, 3, 4, 5, 6, 7, 8, 9, 10, 11, 12]]","[[1, 2, 3, 4, 5, 6, 7, 8, 9, 10, 11, 12]]"
00071-00000005.toc,toc,12,487,rankings,local,b=0.2,3,12.659137577002054,12.659137577002054,1,1,0.06716790003702044,1.0,0.0,"[[1, 2, 3, 4, 5, 6, 7, 8, 9, 10, 11, 12]]","[[1, 2, 3, 4, 5, 6, 7, 8, 9, 10, 11, 12]]"
00071-00000005.toc,toc,12,487,rankings,local,b=0.3,3,12.659137577002054,12.659137577002054,1,1,0.06861640000715852,1.0,0.0,"[[1, 2, 3, 4, 5, 6, 7, 8, 9, 10, 11, 12]]","[[1, 2, 3, 4, 5, 6, 7, 8, 9, 10, 11, 12]]"
00071-00000005.toc,toc,12,487,rankings,movimiento,b=0.1,3,12.659137577002054,11.258726899383984,1,1,0.07923240005038679,1.0,0.0,"[[1, 2, 3, 4, 5, 6, 7, 8, 9, 10, 11, 12]]","[[1, 2, 3, 4, 5, 6, 7, 8, 9, 10, 11, 12]]"
00071-00000005.toc,toc,12,487,rankings,movimiento,b=0.2,3,12.659137577002054,10.79876796714579,1,1,0.07289390009827912,1.0,0.0,"[[1, 2, 3, 4, 5, 6, 7, 8, 9, 10, 11, 12]]","[[1, 2, 3, 4, 5, 6, 7, 8, 9, 10, 11, 12]]"
00071-00000005.toc,toc,12,487,rankings,movimiento,b=0.3,3,12.659137577002054,9.00205338809035,1,1,0.09228300000540912,1.0,0.0,"[[1, 2, 3, 4, 5, 6, 7, 8, 9, 10, 11, 12]]","[[1, 2, 3, 4, 5, 6, 7, 8, 9, 10, 11, 12]]"
00071-00000005.toc,toc,12,487,rankings,empate,b=0.1,4,12.659137577002054,12.373716632443532,1,1,0.08285739994607866,1.0,0.0,"[[1, 2, 3, 4, 5, 6, 7, 8, 9, 10, 11, 12]]","[[1, 2, 3, 4, 5, 6, 7, 8, 9, 10, 11, 12]]"
00071-00000005.toc,toc,12,487,rankings,empate,b=0.2,4,12.659137577002054,11.29363449691992,1,1,0.09570549998898059,1.0,0.0,"[[1, 2, 3, 4, 5, 6, 7, 8, 9, 10, 11, 12]]","[[1, 2, 3, 4, 5, 6, 7, 8, 9, 10, 11, 12]]"
00071-00000005.toc,toc,12,487,rankings,empate,b=0.3,4,12.659137577002054,10.014373716632443,1,1,0.08571090002078563,1.0,0.0,"[[1, 2, 3, 4, 5, 6, 7, 8, 9, 10, 11, 12]]","[[1, 2, 3, 4, 5, 6, 7, 8, 9, 10, 11, 12]]"
00071-00000005.toc,toc,12,487,rankings,intercambio,b=0.1,4,12.659137577002054,10.679671457905545,1,1,0.08013539994135499,1.0,0.0,"[[1, 2, 3, 4, 5, 6, 7, 8, 9, 10, 11, 12]]","[[1, 2, 3, 4, 5, 6, 7, 8, 9, 10, 11, 12]]"
00071-00000005.toc,toc,12,487,rankings,intercambio,b=0.2,4,12.659137577002054,8.240246406570842,1,1,0.07447150000371039,1.0,0.0,"[[1, 2, 3, 4, 5, 6, 7, 8, 9, 10, 11, 12]]","[[1, 2, 3, 4, 5, 6, 7, 8, 9, 10, 11, 12]]"
00071-00000005.toc,toc,12,487,rankings,intercambio,b=0.3,4,12.659137577002054,5.24640657084189,1,1,0.08650059998035431,1.0,0.0,"[[1, 2, 3, 4, 5, 6, 7, 8, 9, 10, 11, 12]]","[[1, 2, 3, 4, 5, 6, 7, 8, 9, 10, 11, 12]]"
00071-00000005.toc,toc,12,487,rankings,local,b=0.1,4,12.659137577002054,12.659137577002054,1,1,0.06401540001388639,1.0,0.0,"[[1, 2, 3, 4, 5, 6, 7, 8, 9, 10, 11, 12]]","[[1, 2, 3, 4, 5, 6, 7, 8, 9, 10, 11, 12]]"
00071-00000005.toc,toc,12,487,rankings,local,b=0.2,4,12.659137577002054,12.659137577002054,1,1,0.06992149993311614,1.0,0.0,"[[1, 2, 3, 4, 5, 6, 7, 8, 9, 10, 11, 12]]","[[1, 2, 3, 4, 5, 6, 7, 8, 9, 10, 11, 12]]"
00071-00000005.toc,toc,12,487,rankings,local,b=0.3,4,12.659137577002054,12.659137577002054,1,1,0.06965479999780655,1.0,0.0,"[[1, 2, 3, 4, 5, 6, 7, 8, 9, 10, 11, 12]]","[[1, 2, 3, 4, 5, 6, 7, 8, 9, 10, 11, 12]]"
00071-00000005.toc,toc,12,487,rankings,movimiento,b=0.1,4,12.659137577002054,11.948665297741274,1,1,0.07015080004930496,1.0,0.0,"[[1, 2, 3, 4, 5, 6, 7, 8, 9, 10, 11, 12]]","[[1, 2, 3, 4, 5, 6, 7, 8, 9, 10, 11, 12]]"
00071-00000005.toc,toc,12,487,rankings,movimiento,b=0.2,4,12.659137577002054,10.305954825462011,1,1,0.09680129995103925,1.0,0.0,"[[1, 2, 3, 4, 5, 6, 7, 8, 9, 10, 11, 12]]","[[1, 2, 3, 4, 5, 6, 7, 8, 9, 10, 11, 12]]"
00071-00000005.toc,toc,12,487,rankings,movimiento,b=0.3,4,12.659137577002054,8.299794661190965,1,1,0.08795990003272891,1.0,0.0,"[[1, 2, 3, 4, 5, 6, 7, 8, 9, 10, 11, 12]]","[[1, 2, 3, 4, 5, 6, 7, 8, 9, 10, 11, 12]]"
00071-00000006.toc,toc,12,501,rankings,empate,b=0.1,0,13.42115768463074,12.207584830339322,1,1,0.06822440004907548,1.0,0.0,"[[1, 2, 3, 4, 5, 6, 7, 8, 9, 10, 11, 12]]","[[1, 2, 3, 4, 5, 6, 7, 8, 9, 10, 11, 12]]"
00071-00000006.toc,toc,12,501,rankings,empate,b=0.2,0,13.42115768463074,11.980039920159681,1,1,0.07753050001338124,1.0,0.0,"[[1, 2, 3, 4, 5, 6, 7, 8, 9, 10, 11, 12]]","[[1, 2, 3, 4, 5, 6, 7, 8, 9, 10, 11, 12]]"
00071-00000006.toc,toc,12,501,rankings,empate,b=0.3,0,13.42115768463074,10.774451097804393,1,1,0.11344920005649328,1.0,0.0,"[[1, 2, 3, 4, 5, 6, 7, 8, 9, 10, 11, 12]]","[[1, 2, 3, 4, 5, 6, 7, 8, 9, 10, 11, 12]]"
00071-00000006.toc,toc,12,501,rankings,intercambio,b=0.1,0,13.42115768463074,11.249500998003992,1,1,0.0722673999844119,1.0,0.0,"[[1, 2, 3, 4, 5, 6, 7, 8, 9, 10, 11, 12]]","[[1, 2, 3, 4, 5, 6, 7, 8, 9, 10, 11, 12]]"
00071-00000006.toc,toc,12,501,rankings,intercambio,b=0.2,0,13.42115768463074,9.385229540918164,1,1,0.08780179999303073,1.0,0.0,"[[1, 2, 3, 4, 5, 6, 7, 8, 9, 10, 11, 12]]","[[1, 2, 3, 4, 5, 6, 7, 8, 9, 10, 11, 12]]"
00071-00000006.toc,toc,12,501,rankings,intercambio,b=0.3,0,13.42115768463074,6.331337325349303,1,1,0.11080640007276088,1.0,0.0,"[[1, 2, 3, 4, 5, 6, 7, 8, 9, 10, 11, 12]]","[[1, 2, 3, 4, 5, 6, 7, 8, 9, 10, 11, 12]]"
00071-00000006.toc,toc,12,501,rankings,local,b=0.1,0,13.42115768463074,13.42115768463074,1,1,0.08045130001846701,1.0,0.0,"[[1, 2, 3, 4, 5, 6, 7, 8, 9, 10, 11, 12]]","[[1, 2, 3, 4, 5, 6, 7, 8, 9, 10, 11, 12]]"
00071-00000006.toc,toc,12,501,rankings,local,b=0.2,0,13.42115768463074,13.42115768463074,1,1,0.08766290009953082,1.0,0.0,"[[1, 2, 3, 4, 5, 6, 7, 8, 9, 10, 11, 12]]","[[1, 2, 3, 4, 5, 6, 7, 8, 9, 10, 11, 12]]"
00071-00000006.toc,toc,12,501,rankings,local,b=0.3,0,13.42115768463074,13.42115768463074,1,1,0.08563960005994886,1.0,0.0,"[[1, 2, 3, 4, 5, 6, 7, 8, 9, 10, 11, 12]]","[[1, 2, 3, 4, 5, 6, 7, 8, 9, 10, 11, 12]]"
00071-00000006.toc,toc,12,501,rankings,movimiento,b=0.1,0,13.42115768463074,12.54491017964072,1,1,0.08687410003039986,1.0,0.0,"[[1, 2, 3, 4, 5, 6, 7, 8, 9, 10, 11, 12]]","[[1, 2, 3, 4, 5, 6, 7, 8, 9, 10, 11, 12]]"
00071-00000006.toc,toc,12,501,rankings,movimiento,b=0.2,0,13.42115768463074,11.510978043912177,1,1,0.07669910008553416,1.0,0.0,"[[1, 2, 3, 4, 5, 6, 7, 8, 9, 10, 11, 12]]","[[1, 2, 3, 4, 5, 6, 7, 8, 9, 10, 11, 12]]"
00071-00000006.toc,toc,12,501,rankings,movimiento,b=0.3,0,13.42115768463074,9.139720558882235,1,1,0.09674800001084805,1.0,0.0,"[[1, 2, 3, 4, 5, 6, 7, 8, 9, 10, 11, 12]]","[[1, 2, 3, 4, 5, 6, 7, 8, 9, 10, 11, 12]]"
00071-00000006.toc,toc,12,501,rankings,empate,b=0.1,1,13.42115768463074,12.68063872255489,1,1,0.07850000006146729,1.0,0.0,"[[1, 2, 3, 4, 5, 6, 7, 8, 9, 10, 11, 12]]","[[1, 2, 3, 4, 5, 6, 7, 8, 9, 10, 11, 12]]"
00071-00000006.toc,toc,12,501,rankings,empate,b=0.2,1,13.42115768463074,11.792415169660678,1,1,0.08565229992382228,1.0,0.0,"[[1, 2, 3, 4, 5, 6, 7, 8, 9, 10, 11, 12]]","[[1, 2, 3, 4, 5, 6, 7, 8, 9, 10, 11, 12]]"
00071-00000006.toc,toc,12,501,rankings,empate,b=0.3,1,13.42115768463074,10.972055888223554,1,1,0.09594669996295124,1.0,0.0,"[[1, 2, 3, 4, 5, 6, 7, 8, 9, 10, 11, 12]]","[[1, 2, 3, 4, 5, 6, 7, 8, 9, 10, 11, 12]]"
00071-00000006.toc,toc,12,501,rankings,intercambio,b=0.1,1,13.42115768463074,11.305389221556887,1,1,0.09332789992913604,1.0,0.0,"[[1, 2, 3, 4, 5, 6, 7, 8, 9, 10, 11, 12]]","[[1, 2, 3, 4, 5, 6, 7, 8, 9, 10, 11, 12]]"
00071-00000006.toc,toc,12,501,rankings,intercambio,b=0.2,1,13.42115768463074,9.253493013972056,1,1,0.07445419998839498,1.0,0.0,"[[1, 2, 3, 4, 5, 6, 7, 8, 9, 10, 11, 12]]","[[1, 2, 3, 4, 5, 6, 7, 8, 9, 10, 11, 12]]"
00071-00000006.toc,toc,12,501,rankings,intercambio,b=0.3,1,13.42115768463074,6.243512974051897,1,1,0.09732580010313541,1.0,0.0,"[[1, 2, 3, 4, 5, 6, 7, 8, 9, 10, 11, 12]]","[[1, 2, 3, 4, 5, 6, 7, 8, 9, 10, 11, 12]]"
00071-00000006.toc,toc,12,501,rankings,local,b=0.1,1,13.42115768463074,13.42115768463074,1,1,0.09533989999908954,1.0,0.0,"[[1, 2, 3, 4, 5, 6, 7, 8, 9, 10, 11, 12]]","[[1, 2, 3, 4, 5, 6, 7, 8, 9, 10, 11, 12]]"
00071-00000006.toc,toc,12,501,rankings,local,b=0.2,1,13.42115768463074,13.42115768463074,1,1,0.09552690002601594,1.0,0.0,"[[1, 2, 3, 4, 5, 6, 7, 8, 9, 10, 11, 12]]","[[1, 2, 3, 4, 5, 6, 7, 8, 9, 10, 11, 12]]"
00071-00000006.toc,toc,12,501,rankings,local,b=0.3,1,13.42115768463074,13.42115768463074,1,1,0.10420709999743849,1.0,0.0,"[[1, 2, 3, 4, 5, 6, 7, 8, 9, 10, 11, 12]]","[[1, 2, 3, 4, 5, 6, 7, 8, 9, 10, 11, 12]]"
00071-00000006.toc,toc,12,501,rankings,movimiento,b=0.1,1,13.42115768463074,12.504990019960083,1,1,0.08723930001724511,1.0,0.0,"[[1, 2, 3, 4, 5, 6, 7, 8, 9, 10, 11, 12]]","[[1, 2, 3, 4, 5, 6, 7, 8, 9, 10, 11, 12]]"
00071-00000006.toc,toc,12,501,rankings,movimiento,b=0.2,1,13.42115768463074,11.31736526946108,1,1,0.09105229994747788,1.0,0.0,"[[1, 2, 3, 4, 5, 6, 7, 8, 9, 10, 11, 12]]","[[1, 2, 3, 4, 5, 6, 7, 8, 9, 10, 11, 12]]"
00071-00000006.toc,toc,12,501,rankings,movimiento,b=0.3,1,13.42115768463074,9.582834331337326,1,1,0.09440110006835312,1.0,0.0,"[[1, 2, 3, 4, 5, 6, 7, 8, 9, 10, 11, 12]]","[[1, 2, 3, 4, 5, 6, 7, 8, 9, 10, 11, 12]]"
00071-00000006.toc,toc,12,501,rankings,empate,b=0.1,2,13.42115768463074,12.598802395209582,1,1,0.07667310000397265,1.0,0.0,"[[1, 2, 3, 4, 5, 6, 7, 8, 9, 10, 11, 12]]","[[1, 2, 3, 4, 5, 6, 7, 8, 9, 10, 11, 12]]"
00071-00000006.toc,toc,12,501,rankings,empate,b=0.2,2,13.42115768463074,12.087824351297407,1,1,0.07514299999456853,1.0,0.0,"[[1, 2, 3, 4, 5, 6, 7, 8, 9, 10, 11, 12]]","[[1, 2, 3, 4, 5, 6, 7, 8, 9, 10, 11, 12]]"
00071-00000006.toc,toc,12,501,rankings,empate,b=0.3,2,13.42115768463074,10.42115768463074,1,1,0.09255739999935031,1.0,0.0,"[[1, 2, 3, 4, 5, 6, 7, 8, 9, 10, 11, 12]]","[[1, 2, 3, 4, 5, 6, 7, 8, 9, 10, 11, 12]]"
00071-00000006.toc,toc,12,501,rankings,intercambio,b=0.1,2,13.42115768463074,11.125748502994012,1,1,0.07375239999964833,1.0,0.0,"[[1, 2, 3, 4, 5, 6, 7, 8, 9, 10, 11, 12]]","[[1, 2, 3, 4, 5, 6, 7, 8, 9, 10, 11, 12]]"
00071-00000006.toc,toc,12,501,rankings,intercambio,b=0.2,2,13.42115768463074,9.197604790419163,1,1,0.07566289999522269,1.0,0.0,"[[1, 2, 3, 4, 5, 6, 7, 8, 9, 10, 11, 12]]","[[1, 2, 3, 4, 5, 6, 7, 8, 9, 10, 11, 12]]"
00071-00000006.toc,toc,12,501,rankings,intercambio,b=0.3,2,13.42115768463074,6.606786427145709,1,1,0.0874785000924021,1.0,0.0,"[[1, 2, 3, 4, 5, 6, 7, 8, 9, 10, 11, 12]]","[[1, 2, 3, 4, 5, 6, 7, 8, 9, 10, 11, 12]]"
00071-00000006.toc,toc,12,501,rankings,local,b=0.1,2,13.42115768463074,13.42115768463074,1,1,0.08614820009097457,1.0,0.0,"[[1, 2, 3, 4, 5, 6, 7, 8, 9, 10, 11, 12]]","[[1, 2, 3, 4, 5, 6, 7, 8, 9, 10, 11, 12]]"
00071-00000006.toc,toc,12,501,rankings,local,b=0.2,2,13.42115768463074,13.42115768463074,1,1,0.10301769990473986,1.0,0.0,"[[1, 2, 3, 4, 5, 6, 7, 8, 9, 10, 11, 12]]","[[1, 2, 3, 4, 5, 6, 7, 8, 9, 10, 11, 12]]"
00071-00000006.toc,toc,12,501,rankings,local,b=0.3,2,13.42115768463074,13.42115768463074,1,1,0.1047966000624001,1.0,0.0,"[[1, 2, 3, 4, 5, 6, 7, 8, 9, 10, 11, 12]]","[[1, 2, 3, 4, 5, 6, 7, 8, 9, 10, 11, 12]]"
00071-00000006.toc,toc,12,501,rankings,movimiento,b=0.1,2,13.42115768463074,12.756487025948106,1,1,0.07928840001113713,1.0,0.0,"[[1, 2, 3, 4, 5, 6, 7, 8, 9, 10, 11, 12]]","[[1, 2, 3, 4, 5, 6, 7, 8, 9, 10, 11, 12]]"
00071-00000006.toc,toc,12,501,rankings,movimiento,b=0.2,2,13.42115768463074,11.423153692614772,1,1,0.07597560004796833,1.0,0.0,"[[1, 2, 3, 4, 5, 6, 7, 8, 9, 10, 11, 12]]","[[1, 2, 3, 4, 5, 6, 7, 8, 9, 10, 11, 12]]"
00071-00000006.toc,toc,12,501,rankings,movimiento,b=0.3,2,13.42115768463074,9.82435129740519,1,1,0.09374300006311387,1.0,0.0,"[[1, 2, 3, 4, 5, 6, 7, 8, 9, 10, 11, 12]]","[[1, 2, 3, 4, 5, 6, 7, 8, 9, 10, 11, 12]]"
00071-00000006.toc,toc,12,501,rankings,empate,b=0.1,3,13.42115768463074,12.590818363273453,1,1,0.07044419995509088,1.0,0.0,"[[1, 2, 3, 4, 5, 6, 7, 8, 9, 10, 11, 12]]","[[1, 2, 3, 4, 5, 6, 7, 8, 9, 10, 11, 12]]"
00071-00000006.toc,toc,12,501,rankings,empate,b=0.2,3,13.42115768463074,12.155688622754491,1,1,0.08008390001486987,1.0,0.0,"[[1, 2, 3, 4, 5, 6, 7, 8, 9, 10, 11, 12]]","[[1, 2, 3, 4, 5, 6, 7, 8, 9, 10, 11, 12]]"
00071-00000006.toc,toc,12,501,rankings,empate,b=0.3,3,13.42115768463074,11.40119760479042,1,1,0.08799909998197109,1.0,0.0,"[[1, 2, 3, 4, 5, 6, 7, 8, 9, 10, 11, 12]]","[[1, 2, 3, 4, 5, 6, 7, 8, 9, 10, 11, 12]]"
00071-00000006.toc,toc,12,501,rankings,intercambio,b=0.1,3,13.42115768463074,10.75049900199601,1,1,0.09503480000421405,1.0,0.0,"[[1, 2, 3, 4, 5, 6, 7, 8, 9, 10, 11, 12]]","[[1, 2, 3, 4, 5, 6, 7, 8, 9, 10, 11, 12]]"
00071-00000006.toc,toc,12,501,rankings,intercambio,b=0.2,3,13.42115768463074,8.65868263473054,1,1,0.08344489999581128,1.0,0.0,"[[1, 2, 3, 4, 5, 6, 7, 8, 9, 10, 11, 12]]","[[1, 2, 3, 4, 5, 6, 7, 8, 9, 10, 11, 12]]"
00071-00000006.toc,toc,12,501,rankings,intercambio,b=0.3,3,13.42115768463074,5.728542914171658,1,1,0.08740309998393059,1.0,0.0,"[[1, 2, 3, 4, 5, 6, 7, 8, 9, 10, 11, 12]]","[[1, 2, 3, 4, 5, 6, 7, 8, 9, 10, 11, 12]]"
00071-00000006.toc,toc,12,501,rankings,local,b=0.1,3,13.42115768463074,13.42115768463074,1,1,0.08018689998425543,1.0,0.0,"[[1, 2, 3, 4, 5, 6, 7, 8, 9, 10, 11, 12]]","[[1, 2, 3, 4, 5, 6, 7, 8, 9, 10, 11, 12]]"
00071-00000006.toc,toc,12,501,rankings,local,b=0.2,3,13.42115768463074,13.42115768463074,1,1,0.08139730000402778,1.0,0.0,"[[1, 2, 3, 4, 5, 6, 7, 8, 9, 10, 11, 12]]","[[1, 2, 3, 4, 5, 6, 7, 8, 9, 10, 11, 12]]"
00071-00000006.toc,toc,12,501,rankings,local,b=0.3,3,13.42115768463074,13.42115768463074,1,1,0.09291840007063001,1.0,0.0,"[[1, 2, 3, 4, 5, 6, 7, 8, 9, 10, 11, 12]]","[[1, 2, 3, 4, 5, 6, 7, 8, 9, 10, 11, 12]]"
00071-00000006.toc,toc,12,501,rankings,movimiento,b=0.1,3,13.42115768463074,12.395209580838324,1,1,0.07122499996330589,1.0,0.0,"[[1, 2, 3, 4, 5, 6, 7, 8, 9, 10, 11, 12]]","[[1, 2, 3, 4, 5, 6, 7, 8, 9, 10, 11, 12]]"
00071-00000006.toc,toc,12,501,rankings,movimiento,b=0.2,3,13.42115768463074,11.195608782435132,1,1,0.09302049991674721,1.0,0.0,"[[1, 2, 3, 4, 5, 6, 7, 8, 9, 10, 11, 12]]","[[1, 2, 3, 4, 5, 6, 7, 8, 9, 10, 11, 12]]"
00071-00000006.toc,toc,12,501,rankings,movimiento,b=0.3,3,13.42115768463074,9.445109780439124,1,1,0.08720710000488907,1.0,0.0,"[[1, 2, 3, 4, 5, 6, 7, 8, 9, 10, 11, 12]]","[[1, 2, 3, 4, 5, 6, 7, 8, 9, 10, 11, 12]]"
00071-00000006.toc,toc,12,501,rankings,empate,b=0.1,4,13.42115768463074,12.860279441117767,1,1,0.06908310006838292,1.0,0.0,"[[1, 2, 3, 4, 5, 6, 7, 8, 9, 10, 11, 12]]","[[1, 2, 3, 4, 5, 6, 7, 8, 9, 10, 11, 12]]"
00071-00000006.toc,toc,12,501,rankings,empate,b=0.2,4,13.42115768463074,11.516966067864272,1,1,0.07574179989751428,1.0,0.0,"[[1, 2, 3, 4, 5, 6, 7, 8, 9, 10, 11, 12]]","[[1, 2, 3, 4, 5, 6, 7, 8, 9, 10, 11, 12]]"
00071-00000006.toc,toc,12,501,rankings,empate,b=0.3,4,13.42115768463074,11.373253493013973,1,1,0.09932270005811006,1.0,0.0,"[[1, 2, 3, 4, 5, 6, 7, 8, 9, 10, 11, 12]]","[[1, 2, 3, 4, 5, 6, 7, 8, 9, 10, 11, 12]]"
00071-00000006.toc,toc,12,501,rankings,intercambio,b=0.1,4,13.42115768463074,11.02994011976048,1,1,0.0706229000352323,1.0,0.0,"[[1, 2, 3, 4, 5, 6, 7, 8, 9, 10, 11, 12]]","[[1, 2, 3, 4, 5, 6, 7, 8, 9, 10, 11, 12]]"
00071-00000006.toc,toc,12,501,rankings,intercambio,b=0.2,4,13.42115768463074,8.826347305389223,1,1,0.0883310999488458,1.0,0.0,"[[1, 2, 3, 4, 5, 6, 7, 8, 9, 10, 11, 12]]","[[1, 2, 3, 4, 5, 6, 7, 8, 9, 10, 11, 12]]"
00071-00000006.toc,toc,12,501,rankings,intercambio,b=0.3,4,13.42115768463074,5.960079840319363,1,1,0.08882649999577552,1.0,0.0,"[[1, 2, 3, 4, 5, 6, 7, 8, 9, 10, 11, 12]]","[[1, 2, 3, 4, 5, 6, 7, 8, 9, 10, 11, 12]]"
00071-00000006.toc,toc,12,501,rankings,local,b=0.1,4,13.42115768463074,13.42115768463074,1,1,0.09353889990597963,1.0,0.0,"[[1, 2, 3, 4, 5, 6, 7, 8, 9, 10, 11, 12]]","[[1, 2, 3, 4, 5, 6, 7, 8, 9, 10, 11, 12]]"
00071-00000006.toc,toc,12,501,rankings,local,b=0.2,4,13.42115768463074,13.42115768463074,1,1,0.08410380000714213,1.0,0.0,"[[1, 2, 3, 4, 5, 6, 7, 8, 9, 10, 11, 12]]","[[1, 2, 3, 4, 5, 6, 7, 8, 9, 10, 11, 12]]"
00071-00000006.toc,toc,12,501,rankings,local,b=0.3,4,13.42115768463074,13.42115768463074,1,1,0.08735519996844232,1.0,0.0,"[[1, 2, 3, 4, 5, 6, 7, 8, 9, 10, 11, 12]]","[[1, 2, 3, 4, 5, 6, 7, 8, 9, 10, 11, 12]]"
00071-00000006.toc,toc,12,501,rankings,movimiento,b=0.1,4,13.42115768463074,12.333333333333334,1,1,0.07373230007942766,1.0,0.0,"[[1, 2, 3, 4, 5, 6, 7, 8, 9, 10, 11, 12]]","[[1, 2, 3, 4, 5, 6, 7, 8, 9, 10, 11, 12]]"
00071-00000006.toc,toc,12,501,rankings,movimiento,b=0.2,4,13.42115768463074,11.53493013972056,1,1,0.08986149996053427,1.0,0.0,"[[1, 2, 3, 4, 5, 6, 7, 8, 9, 10, 11, 12]]","[[1, 2, 3, 4, 5, 6, 7, 8, 9, 10, 11, 12]]"
00071-00000006.toc,toc,12,501,rankings,movimiento,b=0.3,4,13.42115768463074,9.500998003992017,1,1,0.10116349998861551,1.0,0.0,"[[1, 2, 3, 4, 5, 6, 7, 8, 9, 10, 11, 12]]","[[1, 2, 3, 4, 5, 6, 7, 8, 9, 10, 11, 12]]"
00071-00000007.toc,toc,12,227,rankings,empate,b=0.1,0,15.497797356828196,14.233480176211454,1,1,0.07993629993870854,1.0,0.0,"[[1, 2, 3, 4, 5, 6, 7, 8, 9, 10, 11, 12]]","[[1, 2, 3, 4, 5, 6, 7, 8, 9, 10, 11, 12]]"
00071-00000007.toc,toc,12,227,rankings,empate,b=0.2,0,15.497797356828196,14.013215859030838,1,1,0.10383329994510859,1.0,0.0,"[[1, 2, 3, 4, 5, 6, 7, 8, 9, 10, 11, 12]]","[[1, 2, 3, 4, 5, 6, 7, 8, 9, 10, 11, 12]]"
00071-00000007.toc,toc,12,227,rankings,empate,b=0.3,0,15.497797356828196,11.832599118942731,1,1,0.07474630000069737,1.0,0.0,"[[1, 2, 3, 4, 5, 6, 7, 8, 9, 10, 11, 12]]","[[1, 2, 3, 4, 5, 6, 7, 8, 9, 10, 11, 12]]"
00071-00000007.toc,toc,12,227,rankings,intercambio,b=0.1,0,15.497797356828196,13.215859030837006,1,1,0.06585960008669645,1.0,0.0,"[[1, 2, 3, 4, 5, 6, 7, 8, 9, 10, 11, 12]]","[[1, 2, 3, 4, 5, 6, 7, 8, 9, 10, 11, 12]]"
00071-00000007.toc,toc,12,227,rankings,intercambio,b=0.2,0,15.497797356828196,11.286343612334802,1,1,0.05411399994045496,1.0,0.0,"[[1, 2, 3, 4, 5, 6, 7, 8, 9, 10, 11, 12]]","[[1, 2, 3, 4, 5, 6, 7, 8, 9, 10, 11, 12]]"
00071-00000007.toc,toc,12,227,rankings,intercambio,b=0.3,0,15.497797356828196,6.43171806167401,1,1,0.058847200009040534,1.0,0.0,"[[1, 2, 3, 4, 5, 6, 7, 8, 9, 10, 11, 12]]","[[1, 2, 3, 4, 5, 6, 7, 8, 9, 10, 11, 12]]"
00071-00000007.toc,toc,12,227,rankings,local,b=0.1,0,15.497797356828196,2.5374449339207072,1,1,0.06039329990744591,1.0,0.0,"[[1, 2, 3, 4, 5, 6, 7, 8, 9, 10, 11, 12]]","[[1, 2, 3, 4, 5, 6, 7, 8, 9, 10, 11, 12]]"
00071-00000007.toc,toc,12,227,rankings,local,b=0.2,0,15.497797356828196,4.7753303964757725,1,1,0.04933089995756745,1.0,0.0,"[[1, 2, 3, 4, 5, 6, 7, 8, 9, 10, 11, 12]]","[[1, 2, 3, 4, 5, 6, 7, 8, 9, 10, 11, 12]]"
00071-00000007.toc,toc,12,227,rankings,local,b=0.3,0,15.497797356828196,3.4537444933920725,1,1,0.05921239999588579,1.0,0.0,"[[1, 2, 3, 4, 5, 6, 7, 8, 9, 10, 11, 12]]","[[1, 2, 3, 4, 5, 6, 7, 8, 9, 10, 11, 12]]"
00071-00000007.toc,toc,12,227,rankings,movimiento,b=0.1,0,15.497797356828196,14.044052863436125,1,1,0.07634739996865392,1.0,0.0,"[[1, 2, 3, 4, 5, 6, 7, 8, 9, 10, 11, 12]]","[[1, 2, 3, 4, 5, 6, 7, 8, 9, 10, 11, 12]]"
00071-00000007.toc,toc,12,227,rankings,movimiento,b=0.2,0,15.497797356828196,13.590308370044054,1,1,0.0926258999388665,1.0,0.0,"[[1, 2, 3, 4, 5, 6, 7, 8, 9, 10, 11, 12]]","[[1, 2, 3, 4, 5, 6, 7, 8, 9, 10, 11, 12]]"
00071-00000007.toc,toc,12,227,rankings,movimiento,b=0.3,0,15.497797356828196,11.339207048458151,1,1,0.06648359994869679,1.0,0.0,"[[1, 2, 3, 4, 5, 6, 7, 8, 9, 10, 11, 12]]","[[1, 2, 3, 4, 5, 6, 7, 8, 9, 10, 11, 12]]"
00071-00000007.toc,toc,12,227,rankings,empate,b=0.1,1,15.497797356828196,13.687224669603525,1,1,0.07210709992796183,1.0,0.0,"[[1, 2, 3, 4, 5, 6, 7, 8, 9, 10, 11, 12]]","[[1, 2, 3, 4, 5, 6, 7, 8, 9, 10, 11, 12]]"
00071-00000007.toc,toc,12,227,rankings,empate,b=0.2,1,15.497797356828196,12.718061674008812,1,1,0.06648789998143911,1.0,0.0,"[[1, 2, 3, 4, 5, 6, 7, 8, 9, 10, 11, 12]]","[[1, 2, 3, 4, 5, 6, 7, 8, 9, 10, 11, 12]]"
00071-00000007.toc,toc,12,227,rankings,empate,b=0.3,1,15.497797356828196,11.590308370044053,1,1,0.07497770001646131,1.0,0.0,"[[1, 2, 3, 4, 5, 6, 7, 8, 9, 10, 11, 12]]","[[1, 2, 3, 4, 5, 6, 7, 8, 9, 10, 11, 12]]"
00071-00000007.toc,toc,12,227,rankings,intercambio,b=0.1,1,15.497797356828196,12.889867841409693,1,1,0.05023549997713417,1.0,0.0,"[[1, 2, 3, 4, 5, 6, 7, 8, 9, 10, 11, 12]]","[[1, 2, 3, 4, 5, 6, 7, 8, 9, 10, 11, 12]]"
00071-00000007.toc,toc,12,227,rankings,intercambio,b=0.2,1,15.497797356828196,10.414096916299561,1,1,0.053733799955807626,1.0,0.0,"[[1, 2, 3, 4, 5, 6, 7, 8, 9, 10, 11, 12]]","[[1, 2, 3, 4, 5, 6, 7, 8, 9, 10, 11, 12]]"
00071-00000007.toc,toc,12,227,rankings,intercambio,b=0.3,1,15.497797356828196,9.030837004405289,1,1,0.05890559998806566,1.0,0.0,"[[1, 2, 3, 4, 5, 6, 7, 8, 9, 10, 11, 12]]","[[1, 2, 3, 4, 5, 6, 7, 8, 9, 10, 11, 12]]"
00071-00000007.toc,toc,12,227,rankings,local,b=0.1,1,15.497797356828196,3.5859030837004418,1,1,0.0482725000474602,1.0,0.0,"[[1, 2, 3, 4, 5, 6, 7, 8, 9, 10, 11, 12]]","[[1, 2, 3, 4, 5, 6, 7, 8, 9, 10, 11, 12]]"
00071-00000007.toc,toc,12,227,rankings,local,b=0.2,1,15.497797356828196,3.127753303964759,1,1,0.048525000107474625,1.0,0.0,"[[1, 2, 3, 4, 5, 6, 7, 8, 9, 10, 11, 12]]","[[1, 2, 3, 4, 5, 6, 7, 8, 9, 10, 11, 12]]"
00071-00000007.toc,toc,12,227,rankings,local,b=0.3,1,15.497797356828196,3.207048458149782,1,1,0.0516279999865219,1.0,0.0,"[[1, 2, 3, 4, 5, 6, 7, 8, 9, 10, 11, 12]]","[[1, 2, 3, 4, 5, 6, 7, 8, 9, 10, 11, 12]]"
00071-00000007.toc,toc,12,227,rankings,movimiento,b=0.1,1,15.497797356828196,13.806167400881058,1,1,0.0526712000137195,1.0,0.0,"[[1, 2, 3, 4, 5, 6, 7, 8, 9, 10, 11, 12]]","[[1, 2, 3, 4, 5, 6, 7, 8, 9, 10, 11, 12]]"
00071-00000007.toc,toc,12,227,rankings,movimiento,b=0.2,1,15.497797356828196,12.75330396475771,1,1,0.05991429998539388,1.0,0.0,"[[1, 2, 3, 4, 5, 6, 7, 8, 9, 10, 11, 12]]","[[1, 2, 3, 4, 5, 6, 7, 8, 9, 10, 11, 12]]"
00071-00000007.toc,toc,12,227,rankings,movimiento,b=0.3,1,15.497797356828196,10.506607929515418,1,1,0.057243900024332106,1.0,0.0,"[[1, 2, 3, 4, 5, 6, 7, 8, 9, 10, 11, 12]]","[[1, 2, 3, 4, 5, 6, 7, 8, 9, 10, 11, 12]]"
00071-00000007.toc,toc,12,227,rankings,empate,b=0.1,2,15.497797356828196,13.828193832599121,1,1,0.066073999973014,1.0,0.0,"[[1, 2, 3, 4, 5, 6, 7, 8, 9, 10, 11, 12]]","[[1, 2, 3, 4, 5, 6, 7, 8, 9, 10, 11, 12]]"
00071-00000007.toc,toc,12,227,rankings,empate,b=0.2,2,15.497797356828196,13.466960352422909,1,1,0.07936420000623912,1.0,0.0,"[[1, 2, 3, 4, 5, 6, 7, 8, 9, 10, 11, 12]]","[[1, 2, 3, 4, 5, 6, 7, 8, 9, 10, 11, 12]]"
00071-00000007.toc,toc,12,227,rankings,empate,b=0.3,2,15.497797356828196,11.867841409691632,1,1,0.05870549997780472,1.0,0.0,"[[1, 2, 3, 4, 5, 6, 7, 8, 9, 10, 11, 12]]","[[1, 2, 3, 4, 5, 6, 7, 8, 9, 10, 11, 12]]"
00071-00000007.toc,toc,12,227,rankings,intercambio,b=0.1,2,15.497797356828196,12.687224669603525,1,1,0.05930170009378344,1.0,0.0,"[[1, 2, 3, 4, 5, 6, 7, 8, 9, 10, 11, 12]]","[[1, 2, 3, 4, 5, 6, 7, 8, 9, 10, 11, 12]]"
00071-00000007.toc,toc,12,227,rankings,intercambio,b=0.2,2,15.497797356828196,10.511013215859032,1,1,0.05671590007841587,1.0,0.0,"[[1, 2, 3, 4, 5, 6, 7, 8, 9, 10, 11, 12]]","[[1, 2, 3, 4, 5, 6, 7, 8, 9, 10, 11, 12]]"
00071-00000007.toc,toc,12,227,rankings,intercambio,b=0.3,2,15.497797356828196,7.277533039647578,1,1,0.08980720001272857,1.0,0.0,"[[1, 2, 3, 4, 5, 6, 7, 8, 9, 10, 11, 12]]","[[1, 2, 3, 4, 5, 6, 7, 8, 9, 10, 11, 12]]"
00071-00000007.toc,toc,12,227,rankings,local,b=0.1,2,15.497797356828196,3.8590308370044073,1,1,0.04959120007697493,1.0,0.0,"[[1, 2, 3, 4, 5, 6, 7, 8, 9, 10, 11, 12]]","[[1, 2, 3, 4, 5, 6, 7, 8, 9, 10, 11, 12]]"
00071-00000007.toc,toc,12,227,rankings,local,b=0.2,2,15.497797356828196,3.5330396475770938,1,1,0.05451010004617274,1.0,0.0,"[[1, 2, 3, 4, 5, 6, 7, 8, 9, 10, 11, 12]]","[[1, 2, 3, 4, 5, 6, 7, 8, 9, 10, 11, 12]]"
00071-00000007.toc,toc,12,227,rankings,local,b=0.3,2,15.497797356828196,3.938325991189428,1,1,0.08205079997424036,1.0,0.0,"[[1, 2, 3, 4, 5, 6, 7, 8, 9, 10, 11, 12]]","[[1, 2, 3, 4, 5, 6, 7, 8, 9, 10, 11, 12]]"
00071-00000007.toc,toc,12,227,rankings,movimiento,b=0.1,2,15.497797356828196,14.118942731277535,1,1,0.12693589995615184,1.0,0.0,"[[1, 2, 3, 4, 5, 6, 7, 8, 9, 10, 11, 12]]","[[1, 2, 3, 4, 5, 6, 7, 8, 9, 10, 11, 12]]"
00071-00000007.toc,toc,12,227,rankings,movimiento,b=0.2,2,15.497797356828196,13.462555066079297,1,1,0.07904830004554242,1.0,0.0,"[[1, 2, 3, 4, 5, 6, 7, 8, 9, 10, 11, 12]]","[[1, 2, 3, 4, 5, 6, 7, 8, 9, 10, 11, 12]]"
00071-00000007.toc,toc,12,227,rankings,movimiento,b=0.3,2,15.497797356828196,10.687224669603525,1,1,0.057784900069236755,1.0,0.0,"[[1, 2, 3, 4, 5, 6, 7, 8, 9, 10, 11, 12]]","[[1, 2, 3, 4, 5, 6, 7, 8, 9, 10, 11, 12]]"
00071-00000007.toc,toc,12,227,rankings,empate,b=0.1,3,15.497797356828196,14.105726872246697,1,1,0.08263990003615618,1.0,0.0,"[[1, 2, 3, 4, 5, 6, 7, 8, 9, 10, 11, 12]]","[[1, 2, 3, 4, 5, 6, 7, 8, 9, 10, 11, 12]]"
00071-00000007.toc,toc,12,227,rankings,empate,b=0.2,3,15.497797356828196,13.145374449339208,1,1,0.060205599991604686,1.0,0.0,"[[1, 2, 3, 4, 5, 6, 7, 8, 9, 10, 11, 12]]","[[1, 2, 3, 4, 5, 6, 7, 8, 9, 10, 11, 12]]"
00071-00000007.toc,toc,12,227,rankings,empate,b=0.3,3,15.497797356828196,11.50660792951542,1,1,0.061962899984791875,1.0,0.0,"[[1, 2, 3, 4, 5, 6, 7, 8, 9, 10, 11, 12]]","[[1, 2, 3, 4, 5, 6, 7, 8, 9, 10, 11, 12]]"
00071-00000007.toc,toc,12,227,rankings,intercambio,b=0.1,3,15.497797356828196,12.678414096916303,1,1,0.09990239993203431,1.0,0.0,"[[1, 2, 3, 4, 5, 6, 7, 8, 9, 10, 11, 12]]","[[1, 2, 3, 4, 5, 6, 7, 8, 9, 10, 11, 12]]"
00071-00000007.toc,toc,12,227,rankings,intercambio,b=0.2,3,15.497797356828196,9.920704845814978,1,1,0.08057069999631494,1.0,0.0,"[[1, 2, 3, 4, 5, 6, 7, 8, 9, 10, 11, 12]]","[[1, 2, 3, 4, 5, 6, 7, 8, 9, 10, 11, 12]]"
00071-00000007.toc,toc,12,227,rankings,intercambio,b=0.3,3,15.497797356828196,7.50660792951542,1,1,0.07473039999604225,1.0,0.0,"[[1, 2, 3, 4, 5, 6, 7, 8, 9, 10, 11, 12]]","[[1, 2, 3, 4, 5, 6, 7, 8, 9, 10, 11, 12]]"
00071-00000007.toc,toc,12,227,rankings,local,b=0.1,3,15.497797356828196,2.396475770925112,1,1,0.050946999923326075,1.0,0.0,"[[1, 2, 3, 4, 5, 6, 7, 8, 9, 10, 11, 12]]","[[1, 2, 3, 4, 5, 6, 7, 8, 9, 10, 11, 12]]"
00071-00000007.toc,toc,12,227,rankings,local,b=0.2,3,15.497797356828196,4.3788546255506615,1,1,0.051222700043581426,1.0,0.0,"[[1, 2, 3, 4, 5, 6, 7, 8, 9, 10, 11, 12]]","[[1, 2, 3, 4, 5, 6, 7, 8, 9, 10, 11, 12]]"
00071-00000007.toc,toc,12,227,rankings,local,b=0.3,3,15.497797356828196,3.1541850220264336,1,1,0.05078550009056926,1.0,0.0,"[[1, 2, 3, 4, 5, 6, 7, 8, 9, 10, 11, 12]]","[[1, 2, 3, 4, 5, 6, 7, 8, 9, 10, 11, 12]]"
00071-00000007.toc,toc,12,227,rankings,movimiento,b=0.1,3,15.497797356828196,14.466960352422909,1,1,0.06538129993714392,1.0,0.0,"[[1, 2, 3, 4, 5, 6, 7, 8, 9, 10, 11, 12]]","[[1, 2, 3, 4, 5, 6, 7, 8, 9, 10, 11, 12]]"
00071-00000007.toc,toc,12,227,rankings,movimiento,b=0.2,3,15.497797356828196,13.330396475770927,1,1,0.069899000111036,1.0,0.0,"[[1, 2, 3, 4, 5, 6, 7, 8, 9, 10, 11, 12]]","[[1, 2, 3, 4, 5, 6, 7, 8, 9, 10, 11, 12]]"
00071-00000007.toc,toc,12,227,rankings,movimiento,b=0.3,3,15.497797356828196,10.330396475770927,1,1,0.05970739992335439,1.0,0.0,"[[1, 2, 3, 4, 5, 6, 7, 8, 9, 10, 11, 12]]","[[1, 2, 3, 4, 5, 6, 7, 8, 9, 10, 11, 12]]"
00071-00000007.toc,toc,12,227,rankings,empate,b=0.1,4,15.497797356828196,15.030837004405289,1,1,0.07086660002823919,1.0,0.0,"[[1, 2, 3, 4, 5, 6, 7, 8, 9, 10, 11, 12]]","[[1, 2, 3, 4, 5, 6, 7, 8, 9, 10, 11, 12]]"
00071-00000007.toc,toc,12,227,rankings,empate,b=0.2,4,15.497797356828196,13.48898678414097,1,1,0.05559659993741661,1.0,0.0,"[[1, 2, 3, 4, 5, 6, 7, 8, 9, 10, 11, 12]]","[[1, 2, 3, 4, 5, 6, 7, 8, 9, 10, 11, 12]]"
00071-00000007.toc,toc,12,227,rankings,empate,b=0.3,4,15.497797356828196,11.643171806167402,1,1,0.05988339998293668,1.0,0.0,"[[1, 2, 3, 4, 5, 6, 7, 8, 9, 10, 11, 12]]","[[1, 2, 3, 4, 5, 6, 7, 8, 9, 10, 11, 12]]"
00071-00000007.toc,toc,12,227,rankings,intercambio,b=0.1,4,15.497797356828196,13.048458149779737,1,1,0.05038959998637438,1.0,0.0,"[[1, 2, 3, 4, 5, 6, 7, 8, 9, 10, 11, 12]]","[[1, 2, 3, 4, 5, 6, 7, 8, 9, 10, 11, 12]]"
00071-00000007.toc,toc,12,227,rankings,intercambio,b=0.2,4,15.497797356828196,10.396475770925111,1,1,0.053055600030347705,1.0,0.0,"[[1, 2, 3, 4, 5, 6, 7, 8, 9, 10, 11, 12]]","[[1, 2, 3, 4, 5, 6, 7, 8, 9, 10, 11, 12]]"
00071-00000007.toc,toc,12,227,rankings,intercambio,b=0.3,4,15.497797356828196,6.837004405286345,1,1,0.05844819999765605,1.0,0.0,"[[1, 2, 3, 4, 5, 6, 7, 8, 9, 10, 11, 12]]","[[1, 2, 3, 4, 5, 6, 7, 8, 9, 10, 11, 12]]"
00071-00000007.toc,toc,12,227,rankings,local,b=0.1,4,15.497797356828196,3.1718061674008826,1,1,0.047730699996463954,1.0,0.0,"[[1, 2, 3, 4, 5, 6, 7, 8, 9, 10, 11, 12]]","[[1, 2, 3, 4, 5, 6, 7, 8, 9, 10, 11, 12]]"
00071-00000007.toc,toc,12,227,rankings,local,b=0.2,4,15.497797356828196,2.572687224669605,1,1,0.05326089996378869,1.0,0.0,"[[1, 2, 3, 4, 5, 6, 7, 8, 9, 10, 11, 12]]","[[1, 2, 3, 4, 5, 6, 7, 8, 9, 10, 11, 12]]"
00071-00000007.toc,toc,12,227,rankings,local,b=0.3,4,15.497797356828196,2.9251101321585917,1,1,0.051628799992613494,1.0,0.0,"[[1, 2, 3, 4, 5, 6, 7, 8, 9, 10, 11, 12]]","[[1, 2, 3, 4, 5, 6, 7, 8, 9, 10, 11, 12]]"
00071-00000007.toc,toc,12,227,rankings,movimiento,b=0.1,4,15.497797356828196,14.400881057268725,1,1,0.06568860006518662,1.0,0.0,"[[1, 2, 3, 4, 5, 6, 7, 8, 9, 10, 11, 12]]","[[1, 2, 3, 4, 5, 6, 7, 8, 9, 10, 11, 12]]"
00071-00000007.toc,toc,12,227,rankings,movimiento,b=0.2,4,15.497797356828196,12.947136563876652,1,1,0.06239350000396371,1.0,0.0,"[[1, 2, 3, 4, 5, 6, 7, 8, 9, 10, 11, 12]]","[[1, 2, 3, 4, 5, 6, 7, 8, 9, 10, 11, 12]]"
00071-00000007.toc,toc,12,227,rankings,movimiento,b=0.3,4,15.497797356828196,11.044052863436123,1,1,0.05806900002062321,1.0,0.0,"[[1, 2, 3, 4, 5, 6, 7, 8, 9, 10, 11, 12]]","[[1, 2, 3, 4, 5, 6, 7, 8, 9, 10, 11, 12]]"
00071-00000008.toc,toc,12,337,rankings,empate,b=0.1,0,16.875370919881306,15.367952522255194,1,1,0.07306640001479536,1.0,0.0,"[[1, 2, 3, 4, 5, 6, 7, 8, 9, 10, 11, 12]]","[[1, 2, 3, 4, 5, 6, 7, 8, 9, 10, 11, 12]]"
00071-00000008.toc,toc,12,337,rankings,empate,b=0.2,0,16.875370919881306,15.038575667655788,1,1,0.07610880001448095,1.0,0.0,"[[1, 2, 3, 4, 5, 6, 7, 8, 9, 10, 11, 12]]","[[1, 2, 3, 4, 5, 6, 7, 8, 9, 10, 11, 12]]"
00071-00000008.toc,toc,12,337,rankings,empate,b=0.3,0,16.875370919881306,13.13946587537092,1,1,0.07953480002470315,1.0,0.0,"[[1, 2, 3, 4, 5, 6, 7, 8, 9, 10, 11, 12]]","[[1, 2, 3, 4, 5, 6, 7, 8, 9, 10, 11, 12]]"
00071-00000008.toc,toc,12,337,rankings,intercambio,b=0.1,0,16.875370919881306,13.367952522255193,1,1,0.07223599997814745,1.0,0.0,"[[1, 2, 3, 4, 5, 6, 7, 8, 9, 10, 11, 12]]","[[1, 2, 3, 4, 5, 6, 7, 8, 9, 10, 11, 12]]"
00071-00000008.toc,toc,12,337,rankings,intercambio,b=0.2,0,16.875370919881306,11.623145400593472,1,1,0.061549299978651106,1.0,0.0,"[[1, 2, 3, 4, 5, 6, 7, 8, 9, 10, 11, 12]]","[[1, 2, 3, 4, 5, 6, 7, 8, 9, 10, 11, 12]]"
00071-00000008.toc,toc,12,337,rankings,intercambio,b=0.3,0,16.875370919881306,8.454005934718102,1,1,0.07008690002840012,1.0,0.0,"[[1, 2, 3, 4, 5, 6, 7, 8, 9, 10, 11, 12]]","[[1, 2, 3, 4, 5, 6, 7, 8, 9, 10, 11, 12]]"
00071-00000008.toc,toc,12,337,rankings,local,b=0.1,0,16.875370919881306,3.3264094955489623,1,1,0.05557329999282956,1.0,0.0,"[[1, 2, 3, 4, 5, 6, 7, 8, 9, 10, 11, 12]]","[[1, 2, 3, 4, 5, 6, 7, 8, 9, 10, 11, 12]]"
00071-00000008.toc,toc,12,337,rankings,local,b=0.2,0,16.875370919881306,4.086053412462909,1,1,0.05562619992997497,1.0,0.0,"[[1, 2, 3, 4, 5, 6, 7, 8, 9, 10, 11, 12]]","[[1, 2, 3, 4, 5, 6, 7, 8, 9, 10, 11, 12]]"
00071-00000008.toc,toc,12,337,rankings,local,b=0.3,0,16.875370919881306,2.3234421364985165,1,1,0.05720300006214529,1.0,0.0,"[[1, 2, 3, 4, 5, 6, 7, 8, 9, 10, 11, 12]]","[[1, 2, 3, 4, 5, 6, 7, 8, 9, 10, 11, 12]]"
00071-00000008.toc,toc,12,337,rankings,movimiento,b=0.1,0,16.875370919881306,15.483679525222552,1,1,0.09359150007367134,1.0,0.0,"[[1, 2, 3, 4, 5, 6, 7, 8, 9, 10, 11, 12]]","[[1, 2, 3, 4, 5, 6, 7, 8, 9, 10, 11, 12]]"
00071-00000008.toc,toc,12,337,rankings,movimiento,b=0.2,0,16.875370919881306,14.415430267062316,1,1,0.08887539990246296,1.0,0.0,"[[1, 2, 3, 4, 5, 6, 7, 8, 9, 10, 11, 12]]","[[1, 2, 3, 4, 5, 6, 7, 8, 9, 10, 11, 12]]"
00071-00000008.toc,toc,12,337,rankings,movimiento,b=0.3,0,16.875370919881306,11.525222551928785,1,1,0.07565490005072206,1.0,0.0,"[[1, 2, 3, 4, 5, 6, 7, 8, 9, 10, 11, 12]]","[[1, 2, 3, 4, 5, 6, 7, 8, 9, 10, 11, 12]]"
00071-00000008.toc,toc,12,337,rankings,empate,b=0.1,1,16.875370919881306,15.661721068249259,1,1,0.08858300000429153,1.0,0.0,"[[1, 2, 3, 4, 5, 6, 7, 8, 9, 10, 11, 12]]","[[1, 2, 3, 4, 5, 6, 7, 8, 9, 10, 11, 12]]"
00071-00000008.toc,toc,12,337,rankings,empate,b=0.2,1,16.875370919881306,14.71513353115727,1,1,0.08780209999531507,1.0,0.0,"[[1, 2, 3, 4, 5, 6, 7, 8, 9, 10, 11, 12]]","[[1, 2, 3, 4, 5, 6, 7, 8, 9, 10, 11, 12]]"
00071-00000008.toc,toc,12,337,rankings,empate,b=0.3,1,16.875370919881306,12.252225519287835,1,1,0.07940839999355376,1.0,0.0,"[[1, 2, 3, 4, 5, 6, 7, 8, 9, 10, 11, 12]]","[[1, 2, 3, 4, 5, 6, 7, 8, 9, 10, 11, 12]]"
00071-00000008.toc,toc,12,337,rankings,intercambio,b=0.1,1,16.875370919881306,13.759643916913948,1,1,0.08524589997250587,1.0,0.0,"[[1, 2, 3, 4, 5, 6, 7, 8, 9, 10, 11, 12]]","[[1, 2, 3, 4, 5, 6, 7, 8, 9, 10, 11, 12]]"
00071-00000008.toc,toc,12,337,rankings,intercambio,b=0.2,1,16.875370919881306,11.166172106824927,1,1,0.0724019999615848,1.0,0.0,"[[1, 2, 3, 4, 5, 6, 7, 8, 9, 10, 11, 12]]","[[1, 2, 3, 4, 5, 6, 7, 8, 9, 10, 11, 12]]"
00071-00000008.toc,toc,12,337,rankings,intercambio,b=0.3,1,16.875370919881306,8.471810089020773,1,1,0.0789696000283584,1.0,0.0,"[[1, 2, 3, 4, 5, 6, 7, 8, 9, 10, 11, 12]]","[[1, 2, 3, 4, 5, 6, 7, 8, 9, 10, 11, 12]]"
00071-00000008.toc,toc,12,337,rankings,local,b=0.1,1,16.875370919881306,2.7507418397626116,1,1,0.06245259998831898,1.0,0.0,"[[1, 2, 3, 4, 5, 6, 7, 8, 9, 10, 11, 12]]","[[1, 2, 3, 4, 5, 6, 7, 8, 9, 10, 11, 12]]"
00071-00000008.toc,toc,12,337,rankings,local,b=0.2,1,16.875370919881306,3.26112759643917,1,1,0.06436530000064522,1.0,0.0,"[[1, 2, 3, 4, 5, 6, 7, 8, 9, 10, 11, 12]]","[[1, 2, 3, 4, 5, 6, 7, 8, 9, 10, 11, 12]]"
00071-00000008.toc,toc,12,337,rankings,local,b=0.3,1,16.875370919881306,2.7566765578635026,1,1,0.06600069999694824,1.0,0.0,"[[1, 2, 3, 4, 5, 6, 7, 8, 9, 10, 11, 12]]","[[1, 2, 3, 4, 5, 6, 7, 8, 9, 10, 11, 12]]"
00071-00000008.toc,toc,12,337,rankings,movimiento,b=0.1,1,16.875370919881306,15.676557863501484,1,1,0.0883467000676319,1.0,0.0,"[[1, 2, 3, 4, 5, 6, 7, 8, 9, 10, 11, 12]]","[[1, 2, 3, 4, 5, 6, 7, 8, 9, 10, 11, 12]]"
00071-00000008.toc,toc,12,337,rankings,movimiento,b=0.2,1,16.875370919881306,14.106824925816024,1,1,0.08738369995262474,1.0,0.0,"[[1, 2, 3, 4, 5, 6, 7, 8, 9, 10, 11, 12]]","[[1, 2, 3, 4, 5, 6, 7, 8, 9, 10, 11, 12]]"
00071-00000008.toc,toc,12,337,rankings,movimiento,b=0.3,1,16.875370919881306,11.412462908011872,1,1,0.07736839994322509,1.0,0.0,"[[1, 2, 3, 4, 5, 6, 7, 8, 9, 10, 11, 12]]","[[1, 2, 3, 4, 5, 6, 7, 8, 9, 10, 11, 12]]"
00071-00000008.toc,toc,12,337,rankings,empate,b=0.1,2,16.875370919881306,16.13353115727003,1,1,0.09690219990443438,1.0,0.0,"[[1, 2, 3, 4, 5, 6, 7, 8, 9, 10, 11, 12]]","[[1, 2, 3, 4, 5, 6, 7, 8, 9, 10, 11, 12]]"
00071-00000008.toc,toc,12,337,rankings,empate,b=0.2,2,16.875370919881306,13.501483679525224,1,1,0.08888069994281977,1.0,0.0,"[[1, 2, 3, 4, 5, 6, 7, 8, 9, 10, 11, 12]]","[[1, 2, 3, 4, 5, 6, 7, 8, 9, 10, 11, 12]]"
00071-00000008.toc,toc,12,337,rankings,empate,b=0.3,2,16.875370919881306,13.507418397626113,1,1,0.09876830002758652,1.0,0.0,"[[1, 2, 3, 4, 5, 6, 7, 8, 9, 10, 11, 12]]","[[1, 2, 3, 4, 5, 6, 7, 8, 9, 10, 11, 12]]"
00071-00000008.toc,toc,12,337,rankings,intercambio,b=0.1,2,16.875370919881306,14.008902077151337,1,1,0.08461949997581542,1.0,0.0,"[[1, 2, 3, 4, 5, 6, 7, 8, 9, 10, 11, 12]]","[[1, 2, 3, 4, 5, 6, 7, 8, 9, 10, 11, 12]]"
00071-00000008.toc,toc,12,337,rankings,intercambio,b=0.2,2,16.875370919881306,11.735905044510387,1,1,0.07011780003085732,1.0,0.0,"[[1, 2, 3, 4, 5, 6, 7, 8, 9, 10, 11, 12]]","[[1, 2, 3, 4, 5, 6, 7, 8, 9, 10, 11, 12]]"
00071-00000008.toc,toc,12,337,rankings,intercambio,b=0.3,2,16.875370919881306,7.9376854599406546,1,1,0.07785600004717708,1.0,0.0,"[[1, 2, 3, 4, 5, 6, 7, 8, 9, 10, 11, 12]]","[[1, 2, 3, 4, 5, 6, 7, 8, 9, 10, 11, 12]]"
00071-00000008.toc,toc,12,337,rankings,local,b=0.1,2,16.875370919881306,2.928783382789319,1,1,0.05432389990892261,1.0,0.0,"[[1, 2, 3, 4, 5, 6, 7, 8, 9, 10, 11, 12]]","[[1, 2, 3, 4, 5, 6, 7, 8, 9, 10, 11, 12]]"
00071-00000008.toc,toc,12,337,rankings,local,b=0.2,2,16.875370919881306,4.8931750741839775,1,1,0.055643799947574735,1.0,0.0,"[[1, 2, 3, 4, 5, 6, 7, 8, 9, 10, 11, 12]]","[[1, 2, 3, 4, 5, 6, 7, 8, 9, 10, 11, 12]]"
00071-00000008.toc,toc,12,337,rankings,local,b=0.3,2,16.875370919881306,3.8130563798219588,1,1,0.05765780003275722,1.0,0.0,"[[1, 2, 3, 4, 5, 6, 7, 8, 9, 10, 11, 12]]","[[1, 2, 3, 4, 5, 6, 7, 8, 9, 10, 11, 12]]"
00071-00000008.toc,toc,12,337,rankings,movimiento,b=0.1,2,16.875370919881306,15.41839762611276,1,1,0.07316340005490929,1.0,0.0,"[[1, 2, 3, 4, 5, 6, 7, 8, 9, 10, 11, 12]]","[[1, 2, 3, 4, 5, 6, 7, 8, 9, 10, 11, 12]]"
00071-00000008.toc,toc,12,337,rankings,movimiento,b=0.2,2,16.875370919881306,14.275964391691396,1,1,0.07578099996317178,1.0,0.0,"[[1, 2, 3, 4, 5, 6, 7, 8, 9, 10, 11, 12]]","[[1, 2, 3, 4, 5, 6, 7, 8, 9, 10, 11, 12]]"
00071-00000008.toc,toc,12,337,rankings,movimiento,b=0.3,2,16.875370919881306,12.477744807121663,1,1,0.0671704999404028,1.0,0.0,"[[1, 2, 3, 4, 5, 6, 7, 8, 9, 10, 11, 12]]","[[1, 2, 3, 4, 5, 6, 7, 8, 9, 10, 11, 12]]"
00071-00000008.toc,toc,12,337,rankings,empate,b=0.1,3,16.875370919881306,15.658753709198814,1,1,0.07350629998836666,1.0,0.0,"[[1, 2, 3, 4, 5, 6, 7, 8, 9, 10, 11, 12]]","[[1, 2, 3, 4, 5, 6, 7, 8, 9, 10, 11, 12]]"
00071-00000008.toc,toc,12,337,rankings,empate,b=0.2,3,16.875370919881306,14.011869436201781,1,1,0.07729729998391122,1.0,0.0,"[[1, 2, 3, 4, 5, 6, 7, 8, 9, 10, 11, 12]]","[[1, 2, 3, 4, 5, 6, 7, 8, 9, 10, 11, 12]]"
00071-00000008.toc,toc,12,337,rankings,empate,b=0.3,3,16.875370919881306,12.442136498516321,1,1,0.07685770001262426,1.0,0.0,"[[1, 2, 3, 4, 5, 6, 7, 8, 9, 10, 11, 12]]","[[1, 2, 3, 4, 5, 6, 7, 8, 9, 10, 11, 12]]"
00071-00000008.toc,toc,12,337,rankings,intercambio,b=0.1,3,16.875370919881306,13.84272997032641,1,1,0.06758849998004735,1.0,0.0,"[[1, 2, 3, 4, 5, 6, 7, 8, 9, 10, 11, 12]]","[[1, 2, 3, 4, 5, 6, 7, 8, 9, 10, 11, 12]]"
00071-00000008.toc,toc,12,337,rankings,intercambio,b=0.2,3,16.875370919881306,11.124629080118694,1,1,0.07092019997071475,1.0,0.0,"[[1, 2, 3, 4, 5, 6, 7, 8, 9, 10, 11, 12]]","[[1, 2, 3, 4, 5, 6, 7, 8, 9, 10, 11, 12]]"
00071-00000008.toc,toc,12,337,rankings,intercambio,b=0.3,3,16.875370919881306,6.489614243323442,1,1,0.07842639996670187,1.0,0.0,"[[1, 2, 3, 4, 5, 6, 7, 8, 9, 10, 11, 12]]","[[1, 2, 3, 4, 5, 6, 7, 8, 9, 10, 11, 12]]"
00071-00000008.toc,toc,12,337,rankings,local,b=0.1,3,16.875370919881306,2.7744807121661723,1,1,0.06250289990566671,1.0,0.0,"[[1, 2, 3, 4, 5, 6, 7, 8, 9, 10, 11, 12]]","[[1, 2, 3, 4, 5, 6, 7, 8, 9, 10, 11, 12]]"
00071-00000008.toc,toc,12,337,rankings,local,b=0.2,3,16.875370919881306,3.2077151335311584,1,1,0.06419890001416206,1.0,0.0,"[[1, 2, 3, 4, 5, 6, 7, 8, 9, 10, 11, 12]]","[[1, 2, 3, 4, 5, 6, 7, 8, 9, 10, 11, 12]]"
00071-00000008.toc,toc,12,337,rankings,local,b=0.3,3,16.875370919881306,3.2255192878338286,1,1,0.06583259999752045,1.0,0.0,"[[1, 2, 3, 4, 5, 6, 7, 8, 9, 10, 11, 12]]","[[1, 2, 3, 4, 5, 6, 7, 8, 9, 10, 11, 12]]"
00071-00000008.toc,toc,12,337,rankings,movimiento,b=0.1,3,16.875370919881306,14.934718100890208,1,1,0.08743909990880638,1.0,0.0,"[[1, 2, 3, 4, 5, 6, 7, 8, 9, 10, 11, 12]]","[[1, 2, 3, 4, 5, 6, 7, 8, 9, 10, 11, 12]]"
00071-00000008.toc,toc,12,337,rankings,movimiento,b=0.2,3,16.875370919881306,13.810089020771514,1,1,0.10254400002304465,1.0,0.0,"[[1, 2, 3, 4, 5, 6, 7, 8, 9, 10, 11, 12]]","[[1, 2, 3, 4, 5, 6, 7, 8, 9, 10, 11, 12]]"
00071-00000008.toc,toc,12,337,rankings,movimiento,b=0.3,3,16.875370919881306,11.029673590504453,1,1,0.07664640003349632,1.0,0.0,"[[1, 2, 3, 4, 5, 6, 7, 8, 9, 10, 11, 12]]","[[1, 2, 3, 4, 5, 6, 7, 8, 9, 10, 11, 12]]"
00071-00000008.toc,toc,12,337,rankings,empate,b=0.1,4,16.875370919881306,15.682492581602375,1,1,0.08648159995209426,1.0,0.0,"[[1, 2, 3, 4, 5, 6, 7, 8, 9, 10, 11, 12]]","[[1, 2, 3, 4, 5, 6, 7, 8, 9, 10, 11, 12]]"
00071-00000008.toc,toc,12,337,rankings,empate,b=0.2,4,16.875370919881306,14.566765578635016,1,1,0.10578049998730421,1.0,0.0,"[[1, 2, 3, 4, 5, 6, 7, 8, 9, 10, 11, 12]]","[[1, 2, 3, 4, 5, 6, 7, 8, 9, 10, 11, 12]]"
00071-00000008.toc,toc,12,337,rankings,empate,b=0.3,4,16.875370919881306,12.590504451038576,1,1,0.09477590001188219,1.0,0.0,"[[1, 2, 3, 4, 5, 6, 7, 8, 9, 10, 11, 12]]","[[1, 2, 3, 4, 5, 6, 7, 8, 9, 10, 11, 12]]"
00071-00000008.toc,toc,12,337,rankings,intercambio,b=0.1,4,16.875370919881306,14.032640949554898,1,1,0.07965680002234876,1.0,0.0,"[[1, 2, 3, 4, 5, 6, 7, 8, 9, 10, 11, 12]]","[[1, 2, 3, 4, 5, 6, 7, 8, 9, 10, 11, 12]]"
00071-00000008.toc,toc,12,337,rankings,intercambio,b=0.2,4,16.875370919881306,10.471810089020773,1,1,0.07064319995697588,1.0,0.0,"[[1, 2, 3, 4, 5, 6, 7, 8, 9, 10, 11, 12]]","[[1, 2, 3, 4, 5, 6, 7, 8, 9, 10, 11, 12]]"
00071-00000008.toc,toc,12,337,rankings,intercambio,b=0.3,4,16.875370919881306,7.997032640949556,1,1,0.09259989997372031,1.0,0.0,"[[1, 2, 3, 4, 5, 6, 7, 8, 9, 10, 11, 12]]","[[1, 2, 3, 4, 5, 6, 7, 8, 9, 10, 11, 12]]"
00071-00000008.toc,toc,12,337,rankings,local,b=0.1,4,16.875370919881306,3.3501483679525235,1,1,0.07603270001709461,1.0,0.0,"[[1, 2, 3, 4, 5, 6, 7, 8, 9, 10, 11, 12]]","[[1, 2, 3, 4, 5, 6, 7, 8, 9, 10, 11, 12]]"
00071-00000008.toc,toc,12,337,rankings,local,b=0.2,4,16.875370919881306,4.175074183976262,1,1,0.07917389995418489,1.0,0.0,"[[1, 2, 3, 4, 5, 6, 7, 8, 9, 10, 11, 12]]","[[1, 2, 3, 4, 5, 6, 7, 8, 9, 10, 11, 12]]"
00071-00000008.toc,toc,12,337,rankings,local,b=0.3,4,16.875370919881306,3.52818991097923,1,1,0.08573789999354631,1.0,0.0,"[[1, 2, 3, 4, 5, 6, 7, 8, 9, 10, 11, 12]]","[[1, 2, 3, 4, 5, 6, 7, 8, 9, 10, 11, 12]]"
00071-00000008.toc,toc,12,337,rankings,movimiento,b=0.1,4,16.875370919881306,15.664688427299705,1,1,0.10367680003400892,1.0,0.0,"[[1, 2, 3, 4, 5, 6, 7, 8, 9, 10, 11, 12]]","[[1, 2, 3, 4, 5, 6, 7, 8, 9, 10, 11, 12]]"
00071-00000008.toc,toc,12,337,rankings,movimiento,b=0.2,4,16.875370919881306,13.69139465875371,1,1,0.09342900000046939,1.0,0.0,"[[1, 2, 3, 4, 5, 6, 7, 8, 9, 10, 11, 12]]","[[1, 2, 3, 4, 5, 6, 7, 8, 9, 10, 11, 12]]"
00071-00000008.toc,toc,12,337,rankings,movimiento,b=0.3,4,16.875370919881306,11.878338278931752,1,1,0.07628409995231777,1.0,0.0,"[[1, 2, 3, 4, 5, 6, 7, 8, 9, 10, 11, 12]]","[[1, 2, 3, 4, 5, 6, 7, 8, 9, 10, 11, 12]]"
00071-00000009.toc,toc,12,591,rankings,empate,b=0.1,0,17.996615905245342,17.235194585448394,2,1,0.31245750002563,0.0,0.5211505922165784,"[[4, 12], [1, 2, 3, 5, 6, 7, 8, 9, 10, 11]]","[[1, 2, 3, 4, 5, 6, 7, 8, 9, 10, 11, 12]]"
00071-00000009.toc,toc,12,591,rankings,empate,b=0.2,0,17.996615905245342,16.128595600676817,2,1,0.14012349990662187,0.0,0.5211505922165784,"[[4, 12], [1, 2, 3, 5, 6, 7, 8, 9, 10, 11]]","[[1, 2, 3, 4, 5, 6, 7, 8, 9, 10, 11, 12]]"
00071-00000009.toc,toc,12,591,rankings,empate,b=0.3,0,17.996615905245342,14.710659898477157,2,1,0.1275995000032708,0.0,0.5211505922165784,"[[4, 12], [1, 2, 3, 5, 6, 7, 8, 9, 10, 11]]","[[1, 2, 3, 4, 5, 6, 7, 8, 9, 10, 11, 12]]"
00071-00000009.toc,toc,12,591,rankings,intercambio,b=0.1,0,17.996615905245342,14.988155668358715,2,1,0.1049635000526905,0.0,0.5211505922165784,"[[4, 12], [1, 2, 3, 5, 6, 7, 8, 9, 10, 11]]","[[1, 2, 3, 4, 5, 6, 7, 8, 9, 10, 11, 12]]"
00071-00000009.toc,toc,12,591,rankings,intercambio,b=0.2,0,17.996615905245342,12.135363790186126,2,1,0.09148589998949319,0.0,0.5211505922165784,"[[4, 12], [1, 2, 3, 5, 6, 7, 8, 9, 10, 11]]","[[1, 2, 3, 4, 5, 6, 7, 8, 9, 10, 11, 12]]"
00071-00000009.toc,toc,12,591,rankings,intercambio,b=0.3,0,17.996615905245342,8.368866328257191,2,1,0.10589479992631823,0.0,0.5211505922165784,"[[4, 12], [1, 2, 3, 5, 6, 7, 8, 9, 10, 11]]","[[1, 2, 3, 4, 5, 6, 7, 8, 9, 10, 11, 12]]"
00071-00000009.toc,toc,12,591,rankings,local,b=0.1,0,17.996615905245342,2.9204737732656523,2,1,0.078093699994497,0.0,0.5211505922165784,"[[4, 12], [1, 2, 3, 5, 6, 7, 8, 9, 10, 11]]","[[1, 2, 3, 4, 5, 6, 7, 8, 9, 10, 11, 12]]"
00071-00000009.toc,toc,12,591,rankings,local,b=0.2,0,17.996615905245342,5.120135363790187,2,1,0.08069590001832694,0.0,0.5211505922165784,"[[4, 12], [1, 2, 3, 5, 6, 7, 8, 9, 10, 11]]","[[1, 2, 3, 4, 5, 6, 7, 8, 9, 10, 11, 12]]"
00071-00000009.toc,toc,12,591,rankings,local,b=0.3,0,17.996615905245342,2.5549915397631144,2,1,0.08495080005377531,0.0,0.5211505922165784,"[[4, 12], [1, 2, 3, 5, 6, 7, 8, 9, 10, 11]]","[[1, 2, 3, 4, 5, 6, 7, 8, 9, 10, 11, 12]]"
00071-00000009.toc,toc,12,591,rankings,movimiento,b=0.1,0,17.996615905245342,17.16751269035533,2,1,0.27623509999830276,0.0,0.5211505922165784,"[[4, 12], [1, 2, 3, 5, 6, 7, 8, 9, 10, 11]]","[[1, 2, 3, 4, 5, 6, 7, 8, 9, 10, 11, 12]]"
00071-00000009.toc,toc,12,591,rankings,movimiento,b=0.2,0,17.996615905245342,15.536379018612523,2,1,0.11182109999936074,0.0,0.5211505922165784,"[[4, 12], [1, 2, 3, 5, 6, 7, 8, 9, 10, 11]]","[[1, 2, 3, 4, 5, 6, 7, 8, 9, 10, 11, 12]]"
00071-00000009.toc,toc,12,591,rankings,movimiento,b=0.3,0,17.996615905245342,12.944162436548224,2,1,0.12680989992804825,0.0,0.5211505922165784,"[[4, 12], [1, 2, 3, 5, 6, 7, 8, 9, 10, 11]]","[[1, 2, 3, 4, 5, 6, 7, 8, 9, 10, 11, 12]]"
00071-00000009.toc,toc,12,591,rankings,empate,b=0.1,1,17.996615905245342,17.052453468697124,2,1,0.28186340001411736,0.0,0.5211505922165784,"[[4, 12], [1, 2, 3, 5, 6, 7, 8, 9, 10, 11]]","[[1, 2, 3, 4, 5, 6, 7, 8, 9, 10, 11, 12]]"
00071-00000009.toc,toc,12,591,rankings,empate,b=0.2,1,17.996615905245342,15.741116751269036,2,1,0.12469279998913407,0.0,0.5211505922165784,"[[4, 12], [1, 2, 3, 5, 6, 7, 8, 9, 10, 11]]","[[1, 2, 3, 4, 5, 6, 7, 8, 9, 10, 11, 12]]"
00071-00000009.toc,toc,12,591,rankings,empate,b=0.3,1,17.996615905245342,13.150592216582066,2,1,0.12359059997834265,0.0,0.5211505922165784,"[[4, 12], [1, 2, 3, 5, 6, 7, 8, 9, 10, 11]]","[[1, 2, 3, 4, 5, 6, 7, 8, 9, 10, 11, 12]]"
00071-00000009.toc,toc,12,591,rankings,intercambio,b=0.1,1,17.996615905245342,15.16412859560068,2,1,0.1057316999649629,0.0,0.5211505922165784,"[[4, 12], [1, 2, 3, 5, 6, 7, 8, 9, 10, 11]]","[[1, 2, 3, 4, 5, 6, 7, 8, 9, 10, 11, 12]]"
00071-00000009.toc,toc,12,591,rankings,intercambio,b=0.2,1,17.996615905245342,12.446700507614214,2,1,0.09577859996352345,0.0,0.5211505922165784,"[[4, 12], [1, 2, 3, 5, 6, 7, 8, 9, 10, 11]]","[[1, 2, 3, 4, 5, 6, 7, 8, 9, 10, 11, 12]]"
00071-00000009.toc,toc,12,591,rankings,intercambio,b=0.3,1,17.996615905245342,8.19627749576988,2,1,0.0956109999679029,0.0,0.5211505922165784,"[[4, 12], [1, 2, 3, 5, 6, 7, 8, 9, 10, 11]]","[[1, 2, 3, 4, 5, 6, 7, 8, 9, 10, 11, 12]]"
00071-00000009.toc,toc,12,591,rankings,local,b=0.1,1,17.996615905245342,2.727580372250424,2,1,0.07942269998602569,0.0,0.5211505922165784,"[[4, 12], [1, 2, 3, 5, 6, 7, 8, 9, 10, 11]]","[[1, 2, 3, 4, 5, 6, 7, 8, 9, 10, 11, 12]]"
00071-00000009.toc,toc,12,591,rankings,local,b=0.2,1,17.996615905245342,4.003384094754654,2,1,0.08033799997065216,0.0,0.5211505922165784,"[[4, 12], [1, 2, 3, 5, 6, 7, 8, 9, 10, 11]]","[[1, 2, 3, 4, 5, 6, 7, 8, 9, 10, 11, 12]]"
00071-00000009.toc,toc,12,591,rankings,local,b=0.3,1,17.996615905245342,3.749576988155668,2,1,0.0855096000013873,0.0,0.5211505922165784,"[[4, 12], [1, 2, 3, 5, 6, 7, 8, 9, 10, 11]]","[[1, 2, 3, 4, 5, 6, 7, 8, 9, 10, 11, 12]]"
00071-00000009.toc,toc,12,591,rankings,movimiento,b=0.1,1,17.996615905245342,17.099830795262253,2,1,0.30425459996331483,0.0,0.5211505922165784,"[[4, 12], [1, 2, 3, 5, 6, 7, 8, 9, 10, 11]]","[[1, 2, 3, 4, 5, 6, 7, 8, 9, 10, 11, 12]]"
00071-00000009.toc,toc,12,591,rankings,movimiento,b=0.2,1,17.996615905245342,15.487309644670052,2,1,0.11066370003391057,0.0,0.5211505922165784,"[[4, 12], [1, 2, 3, 5, 6, 7, 8, 9, 10, 11]]","[[1, 2, 3, 4, 5, 6, 7, 8, 9, 10, 11, 12]]"
00071-00000009.toc,toc,12,591,rankings,movimiento,b=0.3,1,17.996615905245342,13.081218274111677,2,1,0.12052680004853755,0.0,0.5211505922165784,"[[4, 12], [1, 2, 3, 5, 6, 7, 8, 9, 10, 11]]","[[1, 2, 3, 4, 5, 6, 7, 8, 9, 10, 11, 12]]"
00071-00000009.toc,toc,12,591,rankings,empate,b=0.1,2,17.996615905245342,17.51776649746193,2,1,0.34802929998841137,0.0,0.5211505922165784,"[[4, 12], [1, 2, 3, 5, 6, 7, 8, 9, 10, 11]]","[[1, 2, 3, 4, 5, 6, 7, 8, 9, 10, 11, 12]]"
00071-00000009.toc,toc,12,591,rankings,empate,b=0.2,2,17.996615905245342,15.720812182741117,2,1,0.11974520003423095,0.0,0.5211505922165784,"[[4, 12], [1, 2, 3, 5, 6, 7, 8, 9, 10, 11]]","[[1, 2, 3, 4, 5, 6, 7, 8, 9, 10, 11, 12]]"
00071-00000009.toc,toc,12,591,rankings,empate,b=0.3,2,17.996615905245342,13.490693739424705,2,1,0.12355349992867559,0.0,0.5211505922165784,"[[4, 12], [1, 2, 3, 5, 6, 7, 8, 9, 10, 11]]","[[1, 2, 3, 4, 5, 6, 7, 8, 9, 10, 11, 12]]"
00071-00000009.toc,toc,12,591,rankings,intercambio,b=0.1,2,17.996615905245342,15.062605752961083,2,1,0.12811260006856173,0.0,0.5211505922165784,"[[4, 12], [1, 2, 3, 5, 6, 7, 8, 9, 10, 11]]","[[1, 2, 3, 4, 5, 6, 7, 8, 9, 10, 11, 12]]"
00071-00000009.toc,toc,12,591,rankings,intercambio,b=0.2,2,17.996615905245342,12.433164128595601,2,1,0.1019281999906525,0.0,0.5211505922165784,"[[4, 12], [1, 2, 3, 5, 6, 7, 8, 9, 10, 11]]","[[1, 2, 3, 4, 5, 6, 7, 8, 9, 10, 11, 12]]"
00071-00000009.toc,toc,12,591,rankings,intercambio,b=0.3,2,17.996615905245342,9.076142131979696,2,1,0.10965819994453341,0.0,0.5211505922165784,"[[4, 12], [1, 2, 3, 5, 6, 7, 8, 9, 10, 11]]","[[1, 2, 3, 4, 5, 6, 7, 8, 9, 10, 11, 12]]"
00071-00000009.toc,toc,12,591,rankings,local,b=0.1,2,17.996615905245342,2.68020304568528,2,1,0.08266590000130236,0.0,0.5211505922165784,"[[4, 12], [1, 2, 3, 5, 6, 7, 8, 9, 10, 11]]","[[1, 2, 3, 4, 5, 6, 7, 8, 9, 10, 11, 12]]"
00071-00000009.toc,toc,12,591,rankings,local,b=0.2,2,17.996615905245342,4.84263959390863,2,1,0.08167119999416173,0.0,0.5211505922165784,"[[4, 12], [1, 2, 3, 5, 6, 7, 8, 9, 10, 11]]","[[1, 2, 3, 4, 5, 6, 7, 8, 9, 10, 11, 12]]"
00071-00000009.toc,toc,12,591,rankings,local,b=0.3,2,17.996615905245342,4.538071065989849,2,1,0.11223470000550151,0.0,0.5211505922165784,"[[4, 12], [1, 2, 3, 5, 6, 7, 8, 9, 10, 11]]","[[1, 2, 3, 4, 5, 6, 7, 8, 9, 10, 11, 12]]"
00071-00000009.toc,toc,12,591,rankings,movimiento,b=0.1,2,17.996615905245342,17.06429780033841,2,1,0.385408699978143,0.0,0.5211505922165784,"[[4, 12], [1, 2, 3, 5, 6, 7, 8, 9, 10, 11]]","[[1, 2, 3, 4, 5, 6, 7, 8, 9, 10, 11, 12]]"
00071-00000009.toc,toc,12,591,rankings,movimiento,b=0.2,2,17.996615905245342,15.776649746192893,2,1,0.10978519998025149,0.0,0.5211505922165784,"[[4, 12], [1, 2, 3, 5, 6, 7, 8, 9, 10, 11]]","[[1, 2, 3, 4, 5, 6, 7, 8, 9, 10, 11, 12]]"
00071-00000009.toc,toc,12,591,rankings,movimiento,b=0.3,2,17.996615905245342,13.228426395939087,2,1,0.11870799993630499,0.0,0.5211505922165784,"[[4, 12], [1, 2, 3, 5, 6, 7, 8, 9, 10, 11]]","[[1, 2, 3, 4, 5, 6, 7, 8, 9, 10, 11, 12]]"
00071-00000009.toc,toc,12,591,rankings,empate,b=0.1,3,17.996615905245342,17.14382402707276,2,1,0.31402179994620383,0.0,0.5211505922165784,"[[4, 12], [1, 2, 3, 5, 6, 7, 8, 9, 10, 11]]","[[1, 2, 3, 4, 5, 6, 7, 8, 9, 10, 11, 12]]"
00071-00000009.toc,toc,12,591,rankings,empate,b=0.2,3,17.996615905245342,15.45346869712352,2,1,0.09696019999682903,0.0,0.5211505922165784,"[[4, 12], [1, 2, 3, 5, 6, 7, 8, 9, 10, 11]]","[[1, 2, 3, 4, 5, 6, 7, 8, 9, 10, 11, 12]]"
00071-00000009.toc,toc,12,591,rankings,empate,b=0.3,3,17.996615905245342,14.038917089678511,2,1,0.1097669000737369,0.0,0.5211505922165784,"[[4, 12], [1, 2, 3, 5, 6, 7, 8, 9, 10, 11]]","[[1, 2, 3, 4, 5, 6, 7, 8, 9, 10, 11, 12]]"
00071-00000009.toc,toc,12,591,rankings,intercambio,b=0.1,3,17.996615905245342,14.825719120135364,2,1,0.0889264999423176,0.0,0.5211505922165784,"[[4, 12], [1, 2, 3, 5, 6, 7, 8, 9, 10, 11]]","[[1, 2, 3, 4, 5, 6, 7, 8, 9, 10, 11, 12]]"
00071-00000009.toc,toc,12,591,rankings,intercambio,b=0.2,3,17.996615905245342,11.820642978003384,2,1,0.0805307999253273,0.0,0.5211505922165784,"[[4, 12], [1, 2, 3, 5, 6, 7, 8, 9, 10, 11]]","[[1, 2, 3, 4, 5, 6, 7, 8, 9, 10, 11, 12]]"
00071-00000009.toc,toc,12,591,rankings,intercambio,b=0.3,3,17.996615905245342,8.412859560067684,2,1,0.095722800004296,0.0,0.5211505922165784,"[[4, 12], [1, 2, 3, 5, 6, 7, 8, 9, 10, 11]]","[[1, 2, 3, 4, 5, 6, 7, 8, 9, 10, 11, 12]]"
00071-00000009.toc,toc,12,591,rankings,local,b=0.1,3,17.996615905245342,2.45346869712352,2,1,0.06838059995789081,0.0,0.5211505922165784,"[[4, 12], [1, 2, 3, 5, 6, 7, 8, 9, 10, 11]]","[[1, 2, 3, 4, 5, 6, 7, 8, 9, 10, 11, 12]]"
00071-00000009.toc,toc,12,591,rankings,local,b=0.2,3,17.996615905245342,4.412859560067682,2,1,0.08233430003747344,0.0,0.5211505922165784,"[[4, 12], [1, 2, 3, 5, 6, 7, 8, 9, 10, 11]]","[[1, 2, 3, 4, 5, 6, 7, 8, 9, 10, 11, 12]]"
00071-00000009.toc,toc,12,591,rankings,local,b=0.3,3,17.996615905245342,2.5380710659898487,2,1,0.08530560007784516,0.0,0.5211505922165784,"[[4, 12], [1, 2, 3, 5, 6, 7, 8, 9, 10, 11]]","[[1, 2, 3, 4, 5, 6, 7, 8, 9, 10, 11, 12]]"
00071-00000009.toc,toc,12,591,rankings,movimiento,b=0.1,3,17.996615905245342,16.881556683587146,2,1,0.4184898000676185,0.0,0.5211505922165784,"[[4, 12], [1, 2, 3, 5, 6, 7, 8, 9, 10, 11]]","[[1, 2, 3, 4, 5, 6, 7, 8, 9, 10, 11, 12]]"
00071-00000009.toc,toc,12,591,rankings,movimiento,b=0.2,3,17.996615905245342,15.186125211505923,2,1,0.11323390004690737,0.0,0.5211505922165784,"[[4, 12], [1, 2, 3, 5, 6, 7, 8, 9, 10, 11]]","[[1, 2, 3, 4, 5, 6, 7, 8, 9, 10, 11, 12]]"
00071-00000009.toc,toc,12,591,rankings,movimiento,b=0.3,3,17.996615905245342,12.758037225042303,2,1,0.10102429997641593,0.0,0.5211505922165784,"[[4, 12], [1, 2, 3, 5, 6, 7, 8, 9, 10, 11]]","[[1, 2, 3, 4, 5, 6, 7, 8, 9, 10, 11, 12]]"
00071-00000009.toc,toc,12,591,rankings,empate,b=0.1,4,17.996615905245342,17.25380710659899,2,1,0.3869116000132635,0.0,0.5211505922165784,"[[4, 12], [1, 2, 3, 5, 6, 7, 8, 9, 10, 11]]","[[1, 2, 3, 4, 5, 6, 7, 8, 9, 10, 11, 12]]"
00071-00000009.toc,toc,12,591,rankings,empate,b=0.2,4,17.996615905245342,15.527918781725889,2,1,0.11383299995213747,0.0,0.5211505922165784,"[[4, 12], [1, 2, 3, 5, 6, 7, 8, 9, 10, 11]]","[[1, 2, 3, 4, 5, 6, 7, 8, 9, 10, 11, 12]]"
00071-00000009.toc,toc,12,591,rankings,empate,b=0.3,4,17.996615905245342,13.406091370558379,2,1,0.12375619995873421,0.0,0.5211505922165784,"[[4, 12], [1, 2, 3, 5, 6, 7, 8, 9, 10, 11]]","[[1, 2, 3, 4, 5, 6, 7, 8, 9, 10, 11, 12]]"
00071-00000009.toc,toc,12,591,rankings,intercambio,b=0.1,4,17.996615905245342,14.5922165820643,2,1,0.10447679995559156,0.0,0.5211505922165784,"[[4, 12], [1, 2, 3, 5, 6, 7, 8, 9, 10, 11]]","[[1, 2, 3, 4, 5, 6, 7, 8, 9, 10, 11, 12]]"
00071-00000009.toc,toc,12,591,rankings,intercambio,b=0.2,4,17.996615905245342,11.834179357021998,2,1,0.09315819991752505,0.0,0.5211505922165784,"[[4, 12], [1, 2, 3, 5, 6, 7, 8, 9, 10, 11]]","[[1, 2, 3, 4, 5, 6, 7, 8, 9, 10, 11, 12]]"
00071-00000009.toc,toc,12,591,rankings,intercambio,b=0.3,4,17.996615905245342,8.551607445008461,2,1,0.10587760002817959,0.0,0.5211505922165784,"[[4, 12], [1, 2, 3, 5, 6, 7, 8, 9, 10, 11]]","[[1, 2, 3, 4, 5, 6, 7, 8, 9, 10, 11, 12]]"
00071-00000009.toc,toc,12,591,rankings,local,b=0.1,4,17.996615905245342,3.1912013536379025,2,1,0.07869769993703812,0.0,0.5211505922165784,"[[4, 12], [1, 2, 3, 5, 6, 7, 8, 9, 10, 11]]","[[1, 2, 3, 4, 5, 6, 7, 8, 9, 10, 11, 12]]"
00071-00000009.toc,toc,12,591,rankings,local,b=0.2,4,17.996615905245342,3.1269035532994938,2,1,0.08377210004255176,0.0,0.5211505922165784,"[[4, 12], [1, 2, 3, 5, 6, 7, 8, 9, 10, 11]]","[[1, 2, 3, 4, 5, 6, 7, 8, 9, 10, 11, 12]]"
00071-00000009.toc,toc,12,591,rankings,local,b=0.3,4,17.996615905245342,3.465313028764806,2,1,0.09853009996004403,0.0,0.5211505922165784,"[[4, 12], [1, 2, 3, 5, 6, 7, 8, 9, 10, 11]]","[[1, 2, 3, 4, 5, 6, 7, 8, 9, 10, 11, 12]]"
00071-00000009.toc,toc,12,591,rankings,movimiento,b=0.1,4,17.996615905245342,16.703891708967863,2,1,0.2534059000900015,0.0,0.5211505922165784,"[[4, 12], [1, 2, 3, 5, 6, 7, 8, 9, 10, 11]]","[[1, 2, 3, 4, 5, 6, 7, 8, 9, 10, 11, 12]]"
00071-00000009.toc,toc,12,591,rankings,movimiento,b=0.2,4,17.996615905245342,15.676818950930627,2,1,0.11048400006256998,0.0,0.5211505922165784,"[[4, 12], [1, 2, 3, 5, 6, 7, 8, 9, 10, 11]]","[[1, 2, 3, 4, 5, 6, 7, 8, 9, 10, 11, 12]]"
00071-00000009.toc,toc,12,591,rankings,movimiento,b=0.3,4,17.996615905245342,12.786802030456855,2,1,0.11923960002604872,0.0,0.5211505922165784,"[[4, 12], [1, 2, 3, 5, 6, 7, 8, 9, 10, 11]]","[[1, 2, 3, 4, 5, 6, 7, 8, 9, 10, 11, 12]]"
00071-00000010.toc,toc,12,563,rankings,empate,b=0.1,0,17.349911190053287,16.312611012433393,1,1,0.09956160001456738,1.0,0.0,"[[1, 2, 3, 4, 5, 6, 7, 8, 9, 10, 11, 12]]","[[1, 2, 3, 4, 5, 6, 7, 8, 9, 10, 11, 12]]"
00071-00000010.toc,toc,12,563,rankings,empate,b=0.2,0,17.349911190053287,15.19360568383659,1,1,0.10357730009127408,1.0,0.0,"[[1, 2, 3, 4, 5, 6, 7, 8, 9, 10, 11, 12]]","[[1, 2, 3, 4, 5, 6, 7, 8, 9, 10, 11, 12]]"
00071-00000010.toc,toc,12,563,rankings,empate,b=0.3,0,17.349911190053287,12.75133214920071,1,1,0.09728999994695187,1.0,0.0,"[[1, 2, 3, 4, 5, 6, 7, 8, 9, 10, 11, 12]]","[[1, 2, 3, 4, 5, 6, 7, 8, 9, 10, 11, 12]]"
00071-00000010.toc,toc,12,563,rankings,intercambio,b=0.1,0,17.349911190053287,14.422735346358794,1,1,0.09318690001964569,1.0,0.0,"[[1, 2, 3, 4, 5, 6, 7, 8, 9, 10, 11, 12]]","[[1, 2, 3, 4, 5, 6, 7, 8, 9, 10, 11, 12]]"
00071-00000010.toc,toc,12,563,rankings,intercambio,b=0.2,0,17.349911190053287,11.8898756660746,1,1,0.07858209998812526,1.0,0.0,"[[1, 2, 3, 4, 5, 6, 7, 8, 9, 10, 11, 12]]","[[1, 2, 3, 4, 5, 6, 7, 8, 9, 10, 11, 12]]"
00071-00000010.toc,toc,12,563,rankings,intercambio,b=0.3,0,17.349911190053287,7.005328596802843,1,1,0.09208329999819398,1.0,0.0,"[[1, 2, 3, 4, 5, 6, 7, 8, 9, 10, 11, 12]]","[[1, 2, 3, 4, 5, 6, 7, 8, 9, 10, 11, 12]]"
00071-00000010.toc,toc,12,563,rankings,local,b=0.1,0,17.349911190053287,3.2326820603907653,1,1,0.06882159993983805,1.0,0.0,"[[1, 2, 3, 4, 5, 6, 7, 8, 9, 10, 11, 12]]","[[1, 2, 3, 4, 5, 6, 7, 8, 9, 10, 11, 12]]"
00071-00000010.toc,toc,12,563,rankings,local,b=0.2,0,17.349911190053287,4.6358792184724695,1,1,0.0793353000190109,1.0,0.0,"[[1, 2, 3, 4, 5, 6, 7, 8, 9, 10, 11, 12]]","[[1, 2, 3, 4, 5, 6, 7, 8, 9, 10, 11, 12]]"
00071-00000010.toc,toc,12,563,rankings,local,b=0.3,0,17.349911190053287,2.1456483126110135,1,1,0.08229180006310344,1.0,0.0,"[[1, 2, 3, 4, 5, 6, 7, 8, 9, 10, 11, 12]]","[[1, 2, 3, 4, 5, 6, 7, 8, 9, 10, 11, 12]]"
00071-00000010.toc,toc,12,563,rankings,movimiento,b=0.1,0,17.349911190053287,16.115452930728242,1,1,0.1117884999839589,1.0,0.0,"[[1, 2, 3, 4, 5, 6, 7, 8, 9, 10, 11, 12]]","[[1, 2, 3, 4, 5, 6, 7, 8, 9, 10, 11, 12]]"
00071-00000010.toc,toc,12,563,rankings,movimiento,b=0.2,0,17.349911190053287,14.543516873889876,1,1,0.11641910008620471,1.0,0.0,"[[1, 2, 3, 4, 5, 6, 7, 8, 9, 10, 11, 12]]","[[1, 2, 3, 4, 5, 6, 7, 8, 9, 10, 11, 12]]"
00071-00000010.toc,toc,12,563,rankings,movimiento,b=0.3,0,17.349911190053287,12.388987566607462,1,1,0.08955829998012632,1.0,0.0,"[[1, 2, 3, 4, 5, 6, 7, 8, 9, 10, 11, 12]]","[[1, 2, 3, 4, 5, 6, 7, 8, 9, 10, 11, 12]]"
00071-00000010.toc,toc,12,563,rankings,empate,b=0.1,1,17.349911190053287,15.614564831261102,1,1,0.10588469996582717,1.0,0.0,"[[1, 2, 3, 4, 5, 6, 7, 8, 9, 10, 11, 12]]","[[1, 2, 3, 4, 5, 6, 7, 8, 9, 10, 11, 12]]"
00071-00000010.toc,toc,12,563,rankings,empate,b=0.2,1,17.349911190053287,14.339253996447603,1,1,0.10720119997859001,1.0,0.0,"[[1, 2, 3, 4, 5, 6, 7, 8, 9, 10, 11, 12]]","[[1, 2, 3, 4, 5, 6, 7, 8, 9, 10, 11, 12]]"
00071-00000010.toc,toc,12,563,rankings,empate,b=0.3,1,17.349911190053287,12.673179396092364,1,1,0.1249989999923855,1.0,0.0,"[[1, 2, 3, 4, 5, 6, 7, 8, 9, 10, 11, 12]]","[[1, 2, 3, 4, 5, 6, 7, 8, 9, 10, 11, 12]]"
00071-00000010.toc,toc,12,563,rankings,intercambio,b=0.1,1,17.349911190053287,14.529307282415632,1,1,0.10251560003962368,1.0,0.0,"[[1, 2, 3, 4, 5, 6, 7, 8, 9, 10, 11, 12]]","[[1, 2, 3, 4, 5, 6, 7, 8, 9, 10, 11, 12]]"
00071-00000010.toc,toc,12,563,rankings,intercambio,b=0.2,1,17.349911190053287,10.909413854351689,1,1,0.09072129998821765,1.0,0.0,"[[1, 2, 3, 4, 5, 6, 7, 8, 9, 10, 11, 12]]","[[1, 2, 3, 4, 5, 6, 7, 8, 9, 10, 11, 12]]"
00071-00000010.toc,toc,12,563,rankings,intercambio,b=0.3,1,17.349911190053287,7.957371225577265,1,1,0.1033887000521645,1.0,0.0,"[[1, 2, 3, 4, 5, 6, 7, 8, 9, 10, 11, 12]]","[[1, 2, 3, 4, 5, 6, 7, 8, 9, 10, 11, 12]]"
00071-00000010.toc,toc,12,563,rankings,local,b=0.1,1,17.349911190053287,2.7211367673179407,1,1,0.07887560001108795,1.0,0.0,"[[1, 2, 3, 4, 5, 6, 7, 8, 9, 10, 11, 12]]","[[1, 2, 3, 4, 5, 6, 7, 8, 9, 10, 11, 12]]"
00071-00000010.toc,toc,12,563,rankings,local,b=0.2,1,17.349911190053287,3.506216696269983,1,1,0.0796772000612691,1.0,0.0,"[[1, 2, 3, 4, 5, 6, 7, 8, 9, 10, 11, 12]]","[[1, 2, 3, 4, 5, 6, 7, 8, 9, 10, 11, 12]]"
00071-00000010.toc,toc,12,563,rankings,local,b=0.3,1,17.349911190053287,3.8188277087033766,1,1,0.08276720007415861,1.0,0.0,"[[1, 2, 3, 4, 5, 6, 7, 8, 9, 10, 11, 12]]","[[1, 2, 3, 4, 5, 6, 7, 8, 9, 10, 11, 12]]"
00071-00000010.toc,toc,12,563,rankings,movimiento,b=0.1,1,17.349911190053287,16.01953818827709,1,1,0.10470470006112009,1.0,0.0,"[[1, 2, 3, 4, 5, 6, 7, 8, 9, 10, 11, 12]]","[[1, 2, 3, 4, 5, 6, 7, 8, 9, 10, 11, 12]]"
00071-00000010.toc,toc,12,563,rankings,movimiento,b=0.2,1,17.349911190053287,14.662522202486679,1,1,0.09193850005976856,1.0,0.0,"[[1, 2, 3, 4, 5, 6, 7, 8, 9, 10, 11, 12]]","[[1, 2, 3, 4, 5, 6, 7, 8, 9, 10, 11, 12]]"
00071-00000010.toc,toc,12,563,rankings,movimiento,b=0.3,1,17.349911190053287,12.287744227353464,1,1,0.09923980000894517,1.0,0.0,"[[1, 2, 3, 4, 5, 6, 7, 8, 9, 10, 11, 12]]","[[1, 2, 3, 4, 5, 6, 7, 8, 9, 10, 11, 12]]"
00071-00000010.toc,toc,12,563,rankings,empate,b=0.1,2,17.349911190053287,16.039076376554174,1,1,0.11099560000002384,1.0,0.0,"[[1, 2, 3, 4, 5, 6, 7, 8, 9, 10, 11, 12]]","[[1, 2, 3, 4, 5, 6, 7, 8, 9, 10, 11, 12]]"
00071-00000010.toc,toc,12,563,rankings,empate,b=0.2,2,17.349911190053287,14.669626998223803,1,1,0.10607029998209327,1.0,0.0,"[[1, 2, 3, 4, 5, 6, 7, 8, 9, 10, 11, 12]]","[[1, 2, 3, 4, 5, 6, 7, 8, 9, 10, 11, 12]]"
00071-00000010.toc,toc,12,563,rankings,empate,b=0.3,2,17.349911190053287,13.378330373001777,1,1,0.12007589999120682,1.0,0.0,"[[1, 2, 3, 4, 5, 6, 7, 8, 9, 10, 11, 12]]","[[1, 2, 3, 4, 5, 6, 7, 8, 9, 10, 11, 12]]"
00071-00000010.toc,toc,12,563,rankings,intercambio,b=0.1,2,17.349911190053287,14.38365896980462,1,1,0.10011650004889816,1.0,0.0,"[[1, 2, 3, 4, 5, 6, 7, 8, 9, 10, 11, 12]]","[[1, 2, 3, 4, 5, 6, 7, 8, 9, 10, 11, 12]]"
00071-00000010.toc,toc,12,563,rankings,intercambio,b=0.2,2,17.349911190053287,12.095914742451155,1,1,0.10040150000713766,1.0,0.0,"[[1, 2, 3, 4, 5, 6, 7, 8, 9, 10, 11, 12]]","[[1, 2, 3, 4, 5, 6, 7, 8, 9, 10, 11, 12]]"
00071-00000010.toc,toc,12,563,rankings,intercambio,b=0.3,2,17.349911190053287,7.80461811722913,1,1,0.10183039994444698,1.0,0.0,"[[1, 2, 3, 4, 5, 6, 7, 8, 9, 10, 11, 12]]","[[1, 2, 3, 4, 5, 6, 7, 8, 9, 10, 11, 12]]"
00071-00000010.toc,toc,12,563,rankings,local,b=0.1,2,17.349911190053287,2.4156305506216706,1,1,0.07732070004567504,1.0,0.0,"[[1, 2, 3, 4, 5, 6, 7, 8, 9, 10, 11, 12]]","[[1, 2, 3, 4, 5, 6, 7, 8, 9, 10, 11, 12]]"
00071-00000010.toc,toc,12,563,rankings,local,b=0.2,2,17.349911190053287,4.674955595026644,1,1,0.07913660001941025,1.0,0.0,"[[1, 2, 3, 4, 5, 6, 7, 8, 9, 10, 11, 12]]","[[1, 2, 3, 4, 5, 6, 7, 8, 9, 10, 11, 12]]"
00071-00000010.toc,toc,12,563,rankings,local,b=0.3,2,17.349911190053287,4.1172291296625225,1,1,0.08223539998289198,1.0,0.0,"[[1, 2, 3, 4, 5, 6, 7, 8, 9, 10, 11, 12]]","[[1, 2, 3, 4, 5, 6, 7, 8, 9, 10, 11, 12]]"
00071-00000010.toc,toc,12,563,rankings,movimiento,b=0.1,2,17.349911190053287,15.907637655417407,1,1,0.10538860002998263,1.0,0.0,"[[1, 2, 3, 4, 5, 6, 7, 8, 9, 10, 11, 12]]","[[1, 2, 3, 4, 5, 6, 7, 8, 9, 10, 11, 12]]"
00071-00000010.toc,toc,12,563,rankings,movimiento,b=0.2,2,17.349911190053287,14.2202486678508,1,1,0.10603049991186708,1.0,0.0,"[[1, 2, 3, 4, 5, 6, 7, 8, 9, 10, 11, 12]]","[[1, 2, 3, 4, 5, 6, 7, 8, 9, 10, 11, 12]]"
00071-00000010.toc,toc,12,563,rankings,movimiento,b=0.3,2,17.349911190053287,12.509769094138544,1,1,0.09913220000453293,1.0,0.0,"[[1, 2, 3, 4, 5, 6, 7, 8, 9, 10, 11, 12]]","[[1, 2, 3, 4, 5, 6, 7, 8, 9, 10, 11, 12]]"
00071-00000010.toc,toc,12,563,rankings,empate,b=0.1,3,17.349911190053287,16.21847246891652,1,1,0.11003469990100712,1.0,0.0,"[[1, 2, 3, 4, 5, 6, 7, 8, 9, 10, 11, 12]]","[[1, 2, 3, 4, 5, 6, 7, 8, 9, 10, 11, 12]]"
00071-00000010.toc,toc,12,563,rankings,empate,b=0.2,3,17.349911190053287,14.953818827708705,1,1,0.10839000006671995,1.0,0.0,"[[1, 2, 3, 4, 5, 6, 7, 8, 9, 10, 11, 12]]","[[1, 2, 3, 4, 5, 6, 7, 8, 9, 10, 11, 12]]"
00071-00000010.toc,toc,12,563,rankings,empate,b=0.3,3,17.349911190053287,12.880994671403197,1,1,0.12085349997505546,1.0,0.0,"[[1, 2, 3, 4, 5, 6, 7, 8, 9, 10, 11, 12]]","[[1, 2, 3, 4, 5, 6, 7, 8, 9, 10, 11, 12]]"
00071-00000010.toc,toc,12,563,rankings,intercambio,b=0.1,3,17.349911190053287,14.408525754884549,1,1,0.09988090000115335,1.0,0.0,"[[1, 2, 3, 4, 5, 6, 7, 8, 9, 10, 11, 12]]","[[1, 2, 3, 4, 5, 6, 7, 8, 9, 10, 11, 12]]"
00071-00000010.toc,toc,12,563,rankings,intercambio,b=0.2,3,17.349911190053287,11.74777975133215,1,1,0.08880080003291368,1.0,0.0,"[[1, 2, 3, 4, 5, 6, 7, 8, 9, 10, 11, 12]]","[[1, 2, 3, 4, 5, 6, 7, 8, 9, 10, 11, 12]]"
00071-00000010.toc,toc,12,563,rankings,intercambio,b=0.3,3,17.349911190053287,7.978685612788633,1,1,0.10346239991486073,1.0,0.0,"[[1, 2, 3, 4, 5, 6, 7, 8, 9, 10, 11, 12]]","[[1, 2, 3, 4, 5, 6, 7, 8, 9, 10, 11, 12]]"
00071-00000010.toc,toc,12,563,rankings,local,b=0.1,3,17.349911190053287,2.3339253996447615,1,1,0.07713430002331734,1.0,0.0,"[[1, 2, 3, 4, 5, 6, 7, 8, 9, 10, 11, 12]]","[[1, 2, 3, 4, 5, 6, 7, 8, 9, 10, 11, 12]]"
00071-00000010.toc,toc,12,563,rankings,local,b=0.2,3,17.349911190053287,4.589698046181173,1,1,0.06859869998879731,1.0,0.0,"[[1, 2, 3, 4, 5, 6, 7, 8, 9, 10, 11, 12]]","[[1, 2, 3, 4, 5, 6, 7, 8, 9, 10, 11, 12]]"
00071-00000010.toc,toc,12,563,rankings,local,b=0.3,3,17.349911190053287,2.575488454706927,1,1,0.07208999991416931,1.0,0.0,"[[1, 2, 3, 4, 5, 6, 7, 8, 9, 10, 11, 12]]","[[1, 2, 3, 4, 5, 6, 7, 8, 9, 10, 11, 12]]"
00071-00000010.toc,toc,12,563,rankings,movimiento,b=0.1,3,17.349911190053287,15.589698046181173,1,1,0.08851430006325245,1.0,0.0,"[[1, 2, 3, 4, 5, 6, 7, 8, 9, 10, 11, 12]]","[[1, 2, 3, 4, 5, 6, 7, 8, 9, 10, 11, 12]]"
00071-00000010.toc,toc,12,563,rankings,movimiento,b=0.2,3,17.349911190053287,14.097690941385437,1,1,0.0921193000394851,1.0,0.0,"[[1, 2, 3, 4, 5, 6, 7, 8, 9, 10, 11, 12]]","[[1, 2, 3, 4, 5, 6, 7, 8, 9, 10, 11, 12]]"
00071-00000010.toc,toc,12,563,rankings,movimiento,b=0.3,3,17.349911190053287,12.550621669626999,1,1,0.08870830002706498,1.0,0.0,"[[1, 2, 3, 4, 5, 6, 7, 8, 9, 10, 11, 12]]","[[1, 2, 3, 4, 5, 6, 7, 8, 9, 10, 11, 12]]"
00071-00000010.toc,toc,12,563,rankings,empate,b=0.1,4,17.349911190053287,15.927175843694494,1,1,0.09595919994171709,1.0,0.0,"[[1, 2, 3, 4, 5, 6, 7, 8, 9, 10, 11, 12]]","[[1, 2, 3, 4, 5, 6, 7, 8, 9, 10, 11, 12]]"
00071-00000010.toc,toc,12,563,rankings,empate,b=0.2,4,17.349911190053287,14.698046181172291,1,1,0.10105880000628531,1.0,0.0,"[[1, 2, 3, 4, 5, 6, 7, 8, 9, 10, 11, 12]]","[[1, 2, 3, 4, 5, 6, 7, 8, 9, 10, 11, 12]]"
00071-00000010.toc,toc,12,563,rankings,empate,b=0.3,4,17.349911190053287,13.575488454706928,1,1,0.12684709997847676,1.0,0.0,"[[1, 2, 3, 4, 5, 6, 7, 8, 9, 10, 11, 12]]","[[1, 2, 3, 4, 5, 6, 7, 8, 9, 10, 11, 12]]"
00071-00000010.toc,toc,12,563,rankings,intercambio,b=0.1,4,17.349911190053287,14.095914742451155,1,1,0.09953950007911772,1.0,0.0,"[[1, 2, 3, 4, 5, 6, 7, 8, 9, 10, 11, 12]]","[[1, 2, 3, 4, 5, 6, 7, 8, 9, 10, 11, 12]]"
00071-00000010.toc,toc,12,563,rankings,intercambio,b=0.2,4,17.349911190053287,11.71936056838366,1,1,0.08948249998502433,1.0,0.0,"[[1, 2, 3, 4, 5, 6, 7, 8, 9, 10, 11, 12]]","[[1, 2, 3, 4, 5, 6, 7, 8, 9, 10, 11, 12]]"
00071-00000010.toc,toc,12,563,rankings,intercambio,b=0.3,4,17.349911190053287,7.360568383658971,1,1,0.10278529999777675,1.0,0.0,"[[1, 2, 3, 4, 5, 6, 7, 8, 9, 10, 11, 12]]","[[1, 2, 3, 4, 5, 6, 7, 8, 9, 10, 11, 12]]"
00071-00000010.toc,toc,12,563,rankings,local,b=0.1,4,17.349911190053287,2.859680284191831,1,1,0.07683510007336736,1.0,0.0,"[[1, 2, 3, 4, 5, 6, 7, 8, 9, 10, 11, 12]]","[[1, 2, 3, 4, 5, 6, 7, 8, 9, 10, 11, 12]]"
00071-00000010.toc,toc,12,563,rankings,local,b=0.2,4,17.349911190053287,3.2646536412078166,1,1,0.07894849998410791,1.0,0.0,"[[1, 2, 3, 4, 5, 6, 7, 8, 9, 10, 11, 12]]","[[1, 2, 3, 4, 5, 6, 7, 8, 9, 10, 11, 12]]"
00071-00000010.toc,toc,12,563,rankings,local,b=0.3,4,17.349911190053287,2.806394316163411,1,1,0.08198990009259433,1.0,0.0,"[[1, 2, 3, 4, 5, 6, 7, 8, 9, 10, 11, 12]]","[[1, 2, 3, 4, 5, 6, 7, 8, 9, 10, 11, 12]]"
00071-00000010.toc,toc,12,563,rankings,movimiento,b=0.1,4,17.349911190053287,16.211367673179396,1,1,0.11025510006584227,1.0,0.0,"[[1, 2, 3, 4, 5, 6, 7, 8, 9, 10, 11, 12]]","[[1, 2, 3, 4, 5, 6, 7, 8, 9, 10, 11, 12]]"
00071-00000010.toc,toc,12,563,rankings,movimiento,b=0.2,4,17.349911190053287,14.202486678507993,1,1,0.1049458000343293,1.0,0.0,"[[1, 2, 3, 4, 5, 6, 7, 8, 9, 10, 11, 12]]","[[1, 2, 3, 4, 5, 6, 7, 8, 9, 10, 11, 12]]"
00071-00000010.toc,toc,12,563,rankings,movimiento,b=0.3,4,17.349911190053287,11.930728241563056,1,1,0.0993659000378102,1.0,0.0,"[[1, 2, 3, 4, 5, 6, 7, 8, 9, 10, 11, 12]]","[[1, 2, 3, 4, 5, 6, 7, 8, 9, 10, 11, 12]]"
00071-00000011.toc,toc,12,496,rankings,empate,b=0.1,0,18.046370967741936,16.91733870967742,1,1,0.09722130000591278,1.0,0.0,"[[1, 2, 3, 4, 5, 6, 7, 8, 9, 10, 11, 12]]","[[1, 2, 3, 4, 5, 6, 7, 8, 9, 10, 11, 12]]"
00071-00000011.toc,toc,12,496,rankings,empate,b=0.2,0,18.046370967741936,15.776209677419354,1,1,0.0887746000662446,1.0,0.0,"[[1, 2, 3, 4, 5, 6, 7, 8, 9, 10, 11, 12]]","[[1, 2, 3, 4, 5, 6, 7, 8, 9, 10, 11, 12]]"
00071-00000011.toc,toc,12,496,rankings,empate,b=0.3,0,18.046370967741936,14.201612903225808,1,1,0.10032949992455542,1.0,0.0,"[[1, 2, 3, 4, 5, 6, 7, 8, 9, 10, 11, 12]]","[[1, 2, 3, 4, 5, 6, 7, 8, 9, 10, 11, 12]]"
00071-00000011.toc,toc,12,496,rankings,intercambio,b=0.1,0,18.046370967741936,15.171370967741936,1,1,0.09161749994382262,1.0,0.0,"[[1, 2, 3, 4, 5, 6, 7, 8, 9, 10, 11, 12]]","[[1, 2, 3, 4, 5, 6, 7, 8, 9, 10, 11, 12]]"
00071-00000011.toc,toc,12,496,rankings,intercambio,b=0.2,0,18.046370967741936,11.703629032258066,1,1,0.08354790008161217,1.0,0.0,"[[1, 2, 3, 4, 5, 6, 7, 8, 9, 10, 11, 12]]","[[1, 2, 3, 4, 5, 6, 7, 8, 9, 10, 11, 12]]"
00071-00000011.toc,toc,12,496,rankings,intercambio,b=0.3,0,18.046370967741936,8.3125,1,1,0.09442109998781234,1.0,0.0,"[[1, 2, 3, 4, 5, 6, 7, 8, 9, 10, 11, 12]]","[[1, 2, 3, 4, 5, 6, 7, 8, 9, 10, 11, 12]]"
00071-00000011.toc,toc,12,496,rankings,local,b=0.1,0,18.046370967741936,3.6875000000000018,1,1,0.07336250005755574,1.0,0.0,"[[1, 2, 3, 4, 5, 6, 7, 8, 9, 10, 11, 12]]","[[1, 2, 3, 4, 5, 6, 7, 8, 9, 10, 11, 12]]"
00071-00000011.toc,toc,12,496,rankings,local,b=0.2,0,18.046370967741936,4.014112903225808,1,1,0.0738665999379009,1.0,0.0,"[[1, 2, 3, 4, 5, 6, 7, 8, 9, 10, 11, 12]]","[[1, 2, 3, 4, 5, 6, 7, 8, 9, 10, 11, 12]]"
00071-00000011.toc,toc,12,496,rankings,local,b=0.3,0,18.046370967741936,2.618951612903227,1,1,0.07779150002170354,1.0,0.0,"[[1, 2, 3, 4, 5, 6, 7, 8, 9, 10, 11, 12]]","[[1, 2, 3, 4, 5, 6, 7, 8, 9, 10, 11, 12]]"
00071-00000011.toc,toc,12,496,rankings,movimiento,b=0.1,0,18.046370967741936,16.665322580645164,1,1,0.09984669997356832,1.0,0.0,"[[1, 2, 3, 4, 5, 6, 7, 8, 9, 10, 11, 12]]","[[1, 2, 3, 4, 5, 6, 7, 8, 9, 10, 11, 12]]"
00071-00000011.toc,toc,12,496,rankings,movimiento,b=0.2,0,18.046370967741936,15.336693548387098,1,1,0.1351818999974057,1.0,0.0,"[[1, 2, 3, 4, 5, 6, 7, 8, 9, 10, 11, 12]]","[[1, 2, 3, 4, 5, 6, 7, 8, 9, 10, 11, 12]]"
00071-00000011.toc,toc,12,496,rankings,movimiento,b=0.3,0,18.046370967741936,12.768145161290324,1,1,0.09448690002318472,1.0,0.0,"[[1, 2, 3, 4, 5, 6, 7, 8, 9, 10, 11, 12]]","[[1, 2, 3, 4, 5, 6, 7, 8, 9, 10, 11, 12]]"
00071-00000011.toc,toc,12,496,rankings,empate,b=0.1,1,18.046370967741936,16.842741935483872,1,1,0.10155829996801913,1.0,0.0,"[[1, 2, 3, 4, 5, 6, 7, 8, 9, 10, 11, 12]]","[[1, 2, 3, 4, 5, 6, 7, 8, 9, 10, 11, 12]]"
00071-00000011.toc,toc,12,496,rankings,empate,b=0.2,1,18.046370967741936,15.735887096774194,1,1,0.10275820002425462,1.0,0.0,"[[1, 2, 3, 4, 5, 6, 7, 8, 9, 10, 11, 12]]","[[1, 2, 3, 4, 5, 6, 7, 8, 9, 10, 11, 12]]"
00071-00000011.toc,toc,12,496,rankings,empate,b=0.3,1,18.046370967741936,13.056451612903226,1,1,0.10567299998365343,1.0,0.0,"[[1, 2, 3, 4, 5, 6, 7, 8, 9, 10, 11, 12]]","[[1, 2, 3, 4, 5, 6, 7, 8, 9, 10, 11, 12]]"
00071-00000011.toc,toc,12,496,rankings,intercambio,b=0.1,1,18.046370967741936,14.86491935483871,1,1,0.09854760009329766,1.0,0.0,"[[1, 2, 3, 4, 5, 6, 7, 8, 9, 10, 11, 12]]","[[1, 2, 3, 4, 5, 6, 7, 8, 9, 10, 11, 12]]"
00071-00000011.toc,toc,12,496,rankings,intercambio,b=0.2,1,18.046370967741936,12.34475806451613,1,1,0.0835166999604553,1.0,0.0,"[[1, 2, 3, 4, 5, 6, 7, 8, 9, 10, 11, 12]]","[[1, 2, 3, 4, 5, 6, 7, 8, 9, 10, 11, 12]]"
00071-00000011.toc,toc,12,496,rankings,intercambio,b=0.3,1,18.046370967741936,8.3125,1,1,0.09508050000295043,1.0,0.0,"[[1, 2, 3, 4, 5, 6, 7, 8, 9, 10, 11, 12]]","[[1, 2, 3, 4, 5, 6, 7, 8, 9, 10, 11, 12]]"
00071-00000011.toc,toc,12,496,rankings,local,b=0.1,1,18.046370967741936,3.683467741935485,1,1,0.08870009996462613,1.0,0.0,"[[1, 2, 3, 4, 5, 6, 7, 8, 9, 10, 11, 12]]","[[1, 2, 3, 4, 5, 6, 7, 8, 9, 10, 11, 12]]"
00071-00000011.toc,toc,12,496,rankings,local,b=0.2,1,18.046370967741936,4.127016129032259,1,1,0.06591899995692074,1.0,0.0,"[[1, 2, 3, 4, 5, 6, 7, 8, 9, 10, 11, 12]]","[[1, 2, 3, 4, 5, 6, 7, 8, 9, 10, 11, 12]]"
00071-00000011.toc,toc,12,496,rankings,local,b=0.3,1,18.046370967741936,3.159274193548389,1,1,0.068612499977462,1.0,0.0,"[[1, 2, 3, 4, 5, 6, 7, 8, 9, 10, 11, 12]]","[[1, 2, 3, 4, 5, 6, 7, 8, 9, 10, 11, 12]]"
00071-00000011.toc,toc,12,496,rankings,movimiento,b=0.1,1,18.046370967741936,16.471774193548388,1,1,0.08685189997777343,1.0,0.0,"[[1, 2, 3, 4, 5, 6, 7, 8, 9, 10, 11, 12]]","[[1, 2, 3, 4, 5, 6, 7, 8, 9, 10, 11, 12]]"
00071-00000011.toc,toc,12,496,rankings,movimiento,b=0.2,1,18.046370967741936,15.663306451612904,1,1,0.08640069991815835,1.0,0.0,"[[1, 2, 3, 4, 5, 6, 7, 8, 9, 10, 11, 12]]","[[1, 2, 3, 4, 5, 6, 7, 8, 9, 10, 11, 12]]"
00071-00000011.toc,toc,12,496,rankings,movimiento,b=0.3,1,18.046370967741936,12.491935483870968,1,1,0.0821457999991253,1.0,0.0,"[[1, 2, 3, 4, 5, 6, 7, 8, 9, 10, 11, 12]]","[[1, 2, 3, 4, 5, 6, 7, 8, 9, 10, 11, 12]]"
00071-00000011.toc,toc,12,496,rankings,empate,b=0.1,2,18.046370967741936,16.717741935483872,1,1,0.09449690009932965,1.0,0.0,"[[1, 2, 3, 4, 5, 6, 7, 8, 9, 10, 11, 12]]","[[1, 2, 3, 4, 5, 6, 7, 8, 9, 10, 11, 12]]"
00071-00000011.toc,toc,12,496,rankings,empate,b=0.2,2,18.046370967741936,15.35483870967742,1,1,0.09672600007615983,1.0,0.0,"[[1, 2, 3, 4, 5, 6, 7, 8, 9, 10, 11, 12]]","[[1, 2, 3, 4, 5, 6, 7, 8, 9, 10, 11, 12]]"
00071-00000011.toc,toc,12,496,rankings,empate,b=0.3,2,18.046370967741936,13.758064516129032,1,1,0.11265549995005131,1.0,0.0,"[[1, 2, 3, 4, 5, 6, 7, 8, 9, 10, 11, 12]]","[[1, 2, 3, 4, 5, 6, 7, 8, 9, 10, 11, 12]]"
00071-00000011.toc,toc,12,496,rankings,intercambio,b=0.1,2,18.046370967741936,14.627016129032258,1,1,0.09759280004072934,1.0,0.0,"[[1, 2, 3, 4, 5, 6, 7, 8, 9, 10, 11, 12]]","[[1, 2, 3, 4, 5, 6, 7, 8, 9, 10, 11, 12]]"
00071-00000011.toc,toc,12,496,rankings,intercambio,b=0.2,2,18.046370967741936,12.151209677419356,1,1,0.08442030008882284,1.0,0.0,"[[1, 2, 3, 4, 5, 6, 7, 8, 9, 10, 11, 12]]","[[1, 2, 3, 4, 5, 6, 7, 8, 9, 10, 11, 12]]"
00071-00000011.toc,toc,12,496,rankings,intercambio,b=0.3,2,18.046370967741936,7.957661290322582,1,1,0.097735800081864,1.0,0.0,"[[1, 2, 3, 4, 5, 6, 7, 8, 9, 10, 11, 12]]","[[1, 2, 3, 4, 5, 6, 7, 8, 9, 10, 11, 12]]"
00071-00000011.toc,toc,12,496,rankings,local,b=0.1,2,18.046370967741936,3.578629032258066,1,1,0.07333769998513162,1.0,0.0,"[[1, 2, 3, 4, 5, 6, 7, 8, 9, 10, 11, 12]]","[[1, 2, 3, 4, 5, 6, 7, 8, 9, 10, 11, 12]]"
00071-00000011.toc,toc,12,496,rankings,local,b=0.2,2,18.046370967741936,5.752016129032259,1,1,0.07409080001525581,1.0,0.0,"[[1, 2, 3, 4, 5, 6, 7, 8, 9, 10, 11, 12]]","[[1, 2, 3, 4, 5, 6, 7, 8, 9, 10, 11, 12]]"
00071-00000011.toc,toc,12,496,rankings,local,b=0.3,2,18.046370967741936,4.030241935483872,1,1,0.0775479000294581,1.0,0.0,"[[1, 2, 3, 4, 5, 6, 7, 8, 9, 10, 11, 12]]","[[1, 2, 3, 4, 5, 6, 7, 8, 9, 10, 11, 12]]"
00071-00000011.toc,toc,12,496,rankings,movimiento,b=0.1,2,18.046370967741936,16.41935483870968,1,1,0.09660609997808933,1.0,0.0,"[[1, 2, 3, 4, 5, 6, 7, 8, 9, 10, 11, 12]]","[[1, 2, 3, 4, 5, 6, 7, 8, 9, 10, 11, 12]]"
00071-00000011.toc,toc,12,496,rankings,movimiento,b=0.2,2,18.046370967741936,15.223790322580646,1,1,0.10283710004296154,1.0,0.0,"[[1, 2, 3, 4, 5, 6, 7, 8, 9, 10, 11, 12]]","[[1, 2, 3, 4, 5, 6, 7, 8, 9, 10, 11, 12]]"
00071-00000011.toc,toc,12,496,rankings,movimiento,b=0.3,2,18.046370967741936,13.00201612903226,1,1,0.09315890003927052,1.0,0.0,"[[1, 2, 3, 4, 5, 6, 7, 8, 9, 10, 11, 12]]","[[1, 2, 3, 4, 5, 6, 7, 8, 9, 10, 11, 12]]"
00071-00000011.toc,toc,12,496,rankings,empate,b=0.1,3,18.046370967741936,16.778225806451612,1,1,0.10173809994012117,1.0,0.0,"[[1, 2, 3, 4, 5, 6, 7, 8, 9, 10, 11, 12]]","[[1, 2, 3, 4, 5, 6, 7, 8, 9, 10, 11, 12]]"
00071-00000011.toc,toc,12,496,rankings,empate,b=0.2,3,18.046370967741936,15.707661290322582,1,1,0.10447370004840195,1.0,0.0,"[[1, 2, 3, 4, 5, 6, 7, 8, 9, 10, 11, 12]]","[[1, 2, 3, 4, 5, 6, 7, 8, 9, 10, 11, 12]]"
00071-00000011.toc,toc,12,496,rankings,empate,b=0.3,3,18.046370967741936,13.391129032258066,1,1,0.09538469999097288,1.0,0.0,"[[1, 2, 3, 4, 5, 6, 7, 8, 9, 10, 11, 12]]","[[1, 2, 3, 4, 5, 6, 7, 8, 9, 10, 11, 12]]"
00071-00000011.toc,toc,12,496,rankings,intercambio,b=0.1,3,18.046370967741936,14.413306451612904,1,1,0.09566879994235933,1.0,0.0,"[[1, 2, 3, 4, 5, 6, 7, 8, 9, 10, 11, 12]]","[[1, 2, 3, 4, 5, 6, 7, 8, 9, 10, 11, 12]]"
00071-00000011.toc,toc,12,496,rankings,intercambio,b=0.2,3,18.046370967741936,12.368951612903226,1,1,0.08372360002249479,1.0,0.0,"[[1, 2, 3, 4, 5, 6, 7, 8, 9, 10, 11, 12]]","[[1, 2, 3, 4, 5, 6, 7, 8, 9, 10, 11, 12]]"
00071-00000011.toc,toc,12,496,rankings,intercambio,b=0.3,3,18.046370967741936,7.687500000000001,1,1,0.09538130008149892,1.0,0.0,"[[1, 2, 3, 4, 5, 6, 7, 8, 9, 10, 11, 12]]","[[1, 2, 3, 4, 5, 6, 7, 8, 9, 10, 11, 12]]"
00071-00000011.toc,toc,12,496,rankings,local,b=0.1,3,18.046370967741936,3.300403225806452,1,1,0.07350850000511855,1.0,0.0,"[[1, 2, 3, 4, 5, 6, 7, 8, 9, 10, 11, 12]]","[[1, 2, 3, 4, 5, 6, 7, 8, 9, 10, 11, 12]]"
00071-00000011.toc,toc,12,496,rankings,local,b=0.2,3,18.046370967741936,3.203629032258066,1,1,0.07517419999931008,1.0,0.0,"[[1, 2, 3, 4, 5, 6, 7, 8, 9, 10, 11, 12]]","[[1, 2, 3, 4, 5, 6, 7, 8, 9, 10, 11, 12]]"
00071-00000011.toc,toc,12,496,rankings,local,b=0.3,3,18.046370967741936,3.1471774193548403,1,1,0.078806999954395,1.0,0.0,"[[1, 2, 3, 4, 5, 6, 7, 8, 9, 10, 11, 12]]","[[1, 2, 3, 4, 5, 6, 7, 8, 9, 10, 11, 12]]"
00071-00000011.toc,toc,12,496,rankings,movimiento,b=0.1,3,18.046370967741936,16.165322580645164,1,1,0.09965240000747144,1.0,0.0,"[[1, 2, 3, 4, 5, 6, 7, 8, 9, 10, 11, 12]]","[[1, 2, 3, 4, 5, 6, 7, 8, 9, 10, 11, 12]]"
00071-00000011.toc,toc,12,496,rankings,movimiento,b=0.2,3,18.046370967741936,14.393145161290324,1,1,0.10015750001184642,1.0,0.0,"[[1, 2, 3, 4, 5, 6, 7, 8, 9, 10, 11, 12]]","[[1, 2, 3, 4, 5, 6, 7, 8, 9, 10, 11, 12]]"
00071-00000011.toc,toc,12,496,rankings,movimiento,b=0.3,3,18.046370967741936,12.832661290322582,1,1,0.09362830000463873,1.0,0.0,"[[1, 2, 3, 4, 5, 6, 7, 8, 9, 10, 11, 12]]","[[1, 2, 3, 4, 5, 6, 7, 8, 9, 10, 11, 12]]"
00071-00000011.toc,toc,12,496,rankings,empate,b=0.1,4,18.046370967741936,16.695564516129032,1,1,0.09708479989785701,1.0,0.0,"[[1, 2, 3, 4, 5, 6, 7, 8, 9, 10, 11, 12]]","[[1, 2, 3, 4, 5, 6, 7, 8, 9, 10, 11, 12]]"
00071-00000011.toc,toc,12,496,rankings,empate,b=0.2,4,18.046370967741936,15.441532258064518,1,1,0.1030771000077948,1.0,0.0,"[[1, 2, 3, 4, 5, 6, 7, 8, 9, 10, 11, 12]]","[[1, 2, 3, 4, 5, 6, 7, 8, 9, 10, 11, 12]]"
00071-00000011.toc,toc,12,496,rankings,empate,b=0.3,4,18.046370967741936,13.159274193548388,1,1,0.11031949997413903,1.0,0.0,"[[1, 2, 3, 4, 5, 6, 7, 8, 9, 10, 11, 12]]","[[1, 2, 3, 4, 5, 6, 7, 8, 9, 10, 11, 12]]"
00071-00000011.toc,toc,12,496,rankings,intercambio,b=0.1,4,18.046370967741936,14.558467741935484,1,1,0.09704679995775223,1.0,0.0,"[[1, 2, 3, 4, 5, 6, 7, 8, 9, 10, 11, 12]]","[[1, 2, 3, 4, 5, 6, 7, 8, 9, 10, 11, 12]]"
00071-00000011.toc,toc,12,496,rankings,intercambio,b=0.2,4,18.046370967741936,12.01008064516129,1,1,0.08359510009177029,1.0,0.0,"[[1, 2, 3, 4, 5, 6, 7, 8, 9, 10, 11, 12]]","[[1, 2, 3, 4, 5, 6, 7, 8, 9, 10, 11, 12]]"
00071-00000011.toc,toc,12,496,rankings,intercambio,b=0.3,4,18.046370967741936,7.848790322580646,1,1,0.09516550006810576,1.0,0.0,"[[1, 2, 3, 4, 5, 6, 7, 8, 9, 10, 11, 12]]","[[1, 2, 3, 4, 5, 6, 7, 8, 9, 10, 11, 12]]"
00071-00000011.toc,toc,12,496,rankings,local,b=0.1,4,18.046370967741936,4.171370967741936,1,1,0.07297750003635883,1.0,0.0,"[[1, 2, 3, 4, 5, 6, 7, 8, 9, 10, 11, 12]]","[[1, 2, 3, 4, 5, 6, 7, 8, 9, 10, 11, 12]]"
00071-00000011.toc,toc,12,496,rankings,local,b=0.2,4,18.046370967741936,4.300403225806453,1,1,0.0744700999930501,1.0,0.0,"[[1, 2, 3, 4, 5, 6, 7, 8, 9, 10, 11, 12]]","[[1, 2, 3, 4, 5, 6, 7, 8, 9, 10, 11, 12]]"
00071-00000011.toc,toc,12,496,rankings,local,b=0.3,4,18.046370967741936,3.4254032258064524,1,1,0.0783632000675425,1.0,0.0,"[[1, 2, 3, 4, 5, 6, 7, 8, 9, 10, 11, 12]]","[[1, 2, 3, 4, 5, 6, 7, 8, 9, 10, 11, 12]]"
00071-00000011.toc,toc,12,496,rankings,movimiento,b=0.1,4,18.046370967741936,16.53225806451613,1,1,0.09519350004848093,1.0,0.0,"[[1, 2, 3, 4, 5, 6, 7, 8, 9, 10, 11, 12]]","[[1, 2, 3, 4, 5, 6, 7, 8, 9, 10, 11, 12]]"
00071-00000011.toc,toc,12,496,rankings,movimiento,b=0.2,4,18.046370967741936,14.836693548387096,1,1,0.09937489998992532,1.0,0.0,"[[1, 2, 3, 4, 5, 6, 7, 8, 9, 10, 11, 12]]","[[1, 2, 3, 4, 5, 6, 7, 8, 9, 10, 11, 12]]"
00071-00000011.toc,toc,12,496,rankings,movimiento,b=0.3,4,18.046370967741936,12.77217741935484,1,1,0.09269590000621974,1.0,0.0,"[[1, 2, 3, 4, 5, 6, 7, 8, 9, 10, 11, 12]]","[[1, 2, 3, 4, 5, 6, 7, 8, 9, 10, 11, 12]]"
00071-00000012.toc,toc,12,526,rankings,empate,b=0.1,0,17.69961977186312,15.728136882129277,1,1,0.09717770002316684,1.0,0.0,"[[1, 2, 3, 4, 5, 6, 7, 8, 9, 10, 11, 12]]","[[1, 2, 3, 4, 5, 6, 7, 8, 9, 10, 11, 12]]"
00071-00000012.toc,toc,12,526,rankings,empate,b=0.2,0,17.69961977186312,16.393536121673005,1,1,0.10614639997947961,1.0,0.0,"[[1, 2, 3, 4, 5, 6, 7, 8, 9, 10, 11, 12]]","[[1, 2, 3, 4, 5, 6, 7, 8, 9, 10, 11, 12]]"
00071-00000012.toc,toc,12,526,rankings,empate,b=0.3,0,17.69961977186312,13.216730038022813,1,1,0.10011160001158714,1.0,0.0,"[[1, 2, 3, 4, 5, 6, 7, 8, 9, 10, 11, 12]]","[[1, 2, 3, 4, 5, 6, 7, 8, 9, 10, 11, 12]]"
00071-00000012.toc,toc,12,526,rankings,intercambio,b=0.1,0,17.69961977186312,14.414448669201521,1,1,0.08010889997240156,1.0,0.0,"[[1, 2, 3, 4, 5, 6, 7, 8, 9, 10, 11, 12]]","[[1, 2, 3, 4, 5, 6, 7, 8, 9, 10, 11, 12]]"
00071-00000012.toc,toc,12,526,rankings,intercambio,b=0.2,0,17.69961977186312,11.67300380228137,1,1,0.08579859999008477,1.0,0.0,"[[1, 2, 3, 4, 5, 6, 7, 8, 9, 10, 11, 12]]","[[1, 2, 3, 4, 5, 6, 7, 8, 9, 10, 11, 12]]"
00071-00000012.toc,toc,12,526,rankings,intercambio,b=0.3,0,17.69961977186312,8.038022813688213,1,1,0.09803759993519634,1.0,0.0,"[[1, 2, 3, 4, 5, 6, 7, 8, 9, 10, 11, 12]]","[[1, 2, 3, 4, 5, 6, 7, 8, 9, 10, 11, 12]]"
00071-00000012.toc,toc,12,526,rankings,local,b=0.1,0,17.69961977186312,3.43726235741445,1,1,0.07400820008479059,1.0,0.0,"[[1, 2, 3, 4, 5, 6, 7, 8, 9, 10, 11, 12]]","[[1, 2, 3, 4, 5, 6, 7, 8, 9, 10, 11, 12]]"
00071-00000012.toc,toc,12,526,rankings,local,b=0.2,0,17.69961977186312,3.8631178707224336,1,1,0.07697059994097799,1.0,0.0,"[[1, 2, 3, 4, 5, 6, 7, 8, 9, 10, 11, 12]]","[[1, 2, 3, 4, 5, 6, 7, 8, 9, 10, 11, 12]]"
00071-00000012.toc,toc,12,526,rankings,local,b=0.3,0,17.69961977186312,2.429657794676807,1,1,0.0791612999746576,1.0,0.0,"[[1, 2, 3, 4, 5, 6, 7, 8, 9, 10, 11, 12]]","[[1, 2, 3, 4, 5, 6, 7, 8, 9, 10, 11, 12]]"
00071-00000012.toc,toc,12,526,rankings,movimiento,b=0.1,0,17.69961977186312,16.001901140684414,1,1,0.09964069991838187,1.0,0.0,"[[1, 2, 3, 4, 5, 6, 7, 8, 9, 10, 11, 12]]","[[1, 2, 3, 4, 5, 6, 7, 8, 9, 10, 11, 12]]"
00071-00000012.toc,toc,12,526,rankings,movimiento,b=0.2,0,17.69961977186312,14.771863117870724,1,1,0.1125007999362424,1.0,0.0,"[[1, 2, 3, 4, 5, 6, 7, 8, 9, 10, 11, 12]]","[[1, 2, 3, 4, 5, 6, 7, 8, 9, 10, 11, 12]]"
00071-00000012.toc,toc,12,526,rankings,movimiento,b=0.3,0,17.69961977186312,12.653992395437264,1,1,0.12072170001920313,1.0,0.0,"[[1, 2, 3, 4, 5, 6, 7, 8, 9, 10, 11, 12]]","[[1, 2, 3, 4, 5, 6, 7, 8, 9, 10, 11, 12]]"
00071-00000012.toc,toc,12,526,rankings,empate,b=0.1,1,17.69961977186312,16.212927756653993,1,1,0.10463680000975728,1.0,0.0,"[[1, 2, 3, 4, 5, 6, 7, 8, 9, 10, 11, 12]]","[[1, 2, 3, 4, 5, 6, 7, 8, 9, 10, 11, 12]]"
00071-00000012.toc,toc,12,526,rankings,empate,b=0.2,1,17.69961977186312,15.186311787072244,1,1,0.09740249998867512,1.0,0.0,"[[1, 2, 3, 4, 5, 6, 7, 8, 9, 10, 11, 12]]","[[1, 2, 3, 4, 5, 6, 7, 8, 9, 10, 11, 12]]"
00071-00000012.toc,toc,12,526,rankings,empate,b=0.3,1,17.69961977186312,13.370722433460077,1,1,0.10062789998482913,1.0,0.0,"[[1, 2, 3, 4, 5, 6, 7, 8, 9, 10, 11, 12]]","[[1, 2, 3, 4, 5, 6, 7, 8, 9, 10, 11, 12]]"
00071-00000012.toc,toc,12,526,rankings,intercambio,b=0.1,1,17.69961977186312,14.460076045627378,1,1,0.08093679999001324,1.0,0.0,"[[1, 2, 3, 4, 5, 6, 7, 8, 9, 10, 11, 12]]","[[1, 2, 3, 4, 5, 6, 7, 8, 9, 10, 11, 12]]"
00071-00000012.toc,toc,12,526,rankings,intercambio,b=0.2,1,17.69961977186312,11.961977186311788,1,1,0.07832810003310442,1.0,0.0,"[[1, 2, 3, 4, 5, 6, 7, 8, 9, 10, 11, 12]]","[[1, 2, 3, 4, 5, 6, 7, 8, 9, 10, 11, 12]]"
00071-00000012.toc,toc,12,526,rankings,intercambio,b=0.3,1,17.69961977186312,7.836501901140685,1,1,0.08757130010053515,1.0,0.0,"[[1, 2, 3, 4, 5, 6, 7, 8, 9, 10, 11, 12]]","[[1, 2, 3, 4, 5, 6, 7, 8, 9, 10, 11, 12]]"
00071-00000012.toc,toc,12,526,rankings,local,b=0.1,1,17.69961977186312,3.1406844106463887,1,1,0.0705151999136433,1.0,0.0,"[[1, 2, 3, 4, 5, 6, 7, 8, 9, 10, 11, 12]]","[[1, 2, 3, 4, 5, 6, 7, 8, 9, 10, 11, 12]]"
00071-00000012.toc,toc,12,526,rankings,local,b=0.2,1,17.69961977186312,4.0380228136882135,1,1,0.07572640001308173,1.0,0.0,"[[1, 2, 3, 4, 5, 6, 7, 8, 9, 10, 11, 12]]","[[1, 2, 3, 4, 5, 6, 7, 8, 9, 10, 11, 12]]"
00071-00000012.toc,toc,12,526,rankings,local,b=0.3,1,17.69961977186312,3.342205323193917,1,1,0.07991390000097454,1.0,0.0,"[[1, 2, 3, 4, 5, 6, 7, 8, 9, 10, 11, 12]]","[[1, 2, 3, 4, 5, 6, 7, 8, 9, 10, 11, 12]]"
00071-00000012.toc,toc,12,526,rankings,movimiento,b=0.1,1,17.69961977186312,16.243346007604565,1,1,0.10184010001830757,1.0,0.0,"[[1, 2, 3, 4, 5, 6, 7, 8, 9, 10, 11, 12]]","[[1, 2, 3, 4, 5, 6, 7, 8, 9, 10, 11, 12]]"
00071-00000012.toc,toc,12,526,rankings,movimiento,b=0.2,1,17.69961977186312,14.686311787072244,1,1,0.09538539999630302,1.0,0.0,"[[1, 2, 3, 4, 5, 6, 7, 8, 9, 10, 11, 12]]","[[1, 2, 3, 4, 5, 6, 7, 8, 9, 10, 11, 12]]"
00071-00000012.toc,toc,12,526,rankings,movimiento,b=0.3,1,17.69961977186312,12.20342205323194,1,1,0.0971410000929609,1.0,0.0,"[[1, 2, 3, 4, 5, 6, 7, 8, 9, 10, 11, 12]]","[[1, 2, 3, 4, 5, 6, 7, 8, 9, 10, 11, 12]]"
00071-00000012.toc,toc,12,526,rankings,empate,b=0.1,2,17.69961977186312,16.319391634980988,1,1,0.10022269992623478,1.0,0.0,"[[1, 2, 3, 4, 5, 6, 7, 8, 9, 10, 11, 12]]","[[1, 2, 3, 4, 5, 6, 7, 8, 9, 10, 11, 12]]"
00071-00000012.toc,toc,12,526,rankings,empate,b=0.2,2,17.69961977186312,15.152091254752852,1,1,0.10311639995779842,1.0,0.0,"[[1, 2, 3, 4, 5, 6, 7, 8, 9, 10, 11, 12]]","[[1, 2, 3, 4, 5, 6, 7, 8, 9, 10, 11, 12]]"
00071-00000012.toc,toc,12,526,rankings,empate,b=0.3,2,17.69961977186312,13.912547528517111,1,1,0.09880249993875623,1.0,0.0,"[[1, 2, 3, 4, 5, 6, 7, 8, 9, 10, 11, 12]]","[[1, 2, 3, 4, 5, 6, 7, 8, 9, 10, 11, 12]]"
00071-00000012.toc,toc,12,526,rankings,intercambio,b=0.1,2,17.69961977186312,14.311787072243348,1,1,0.08055239997338504,1.0,0.0,"[[1, 2, 3, 4, 5, 6, 7, 8, 9, 10, 11, 12]]","[[1, 2, 3, 4, 5, 6, 7, 8, 9, 10, 11, 12]]"
00071-00000012.toc,toc,12,526,rankings,intercambio,b=0.2,2,17.69961977186312,11.977186311787074,1,1,0.08533299993723631,1.0,0.0,"[[1, 2, 3, 4, 5, 6, 7, 8, 9, 10, 11, 12]]","[[1, 2, 3, 4, 5, 6, 7, 8, 9, 10, 11, 12]]"
00071-00000012.toc,toc,12,526,rankings,intercambio,b=0.3,2,17.69961977186312,8.0532319391635,1,1,0.09845839999616146,1.0,0.0,"[[1, 2, 3, 4, 5, 6, 7, 8, 9, 10, 11, 12]]","[[1, 2, 3, 4, 5, 6, 7, 8, 9, 10, 11, 12]]"
00071-00000012.toc,toc,12,526,rankings,local,b=0.1,2,17.69961977186312,2.034220532319393,1,1,0.07353609998244792,1.0,0.0,"[[1, 2, 3, 4, 5, 6, 7, 8, 9, 10, 11, 12]]","[[1, 2, 3, 4, 5, 6, 7, 8, 9, 10, 11, 12]]"
00071-00000012.toc,toc,12,526,rankings,local,b=0.2,2,17.69961977186312,4.562737642585552,1,1,0.07631499995477498,1.0,0.0,"[[1, 2, 3, 4, 5, 6, 7, 8, 9, 10, 11, 12]]","[[1, 2, 3, 4, 5, 6, 7, 8, 9, 10, 11, 12]]"
00071-00000012.toc,toc,12,526,rankings,local,b=0.3,2,17.69961977186312,3.5323193916349807,1,1,0.07943279994651675,1.0,0.0,"[[1, 2, 3, 4, 5, 6, 7, 8, 9, 10, 11, 12]]","[[1, 2, 3, 4, 5, 6, 7, 8, 9, 10, 11, 12]]"
00071-00000012.toc,toc,12,526,rankings,movimiento,b=0.1,2,17.69961977186312,16.505703422053234,1,1,0.09878039988689125,1.0,0.0,"[[1, 2, 3, 4, 5, 6, 7, 8, 9, 10, 11, 12]]","[[1, 2, 3, 4, 5, 6, 7, 8, 9, 10, 11, 12]]"
00071-00000012.toc,toc,12,526,rankings,movimiento,b=0.2,2,17.69961977186312,14.634980988593156,1,1,0.09628980001434684,1.0,0.0,"[[1, 2, 3, 4, 5, 6, 7, 8, 9, 10, 11, 12]]","[[1, 2, 3, 4, 5, 6, 7, 8, 9, 10, 11, 12]]"
00071-00000012.toc,toc,12,526,rankings,movimiento,b=0.3,2,17.69961977186312,12.380228136882131,1,1,0.0952595000853762,1.0,0.0,"[[1, 2, 3, 4, 5, 6, 7, 8, 9, 10, 11, 12]]","[[1, 2, 3, 4, 5, 6, 7, 8, 9, 10, 11, 12]]"
00071-00000012.toc,toc,12,526,rankings,empate,b=0.1,3,17.69961977186312,16.61406844106464,1,1,0.10633639991283417,1.0,0.0,"[[1, 2, 3, 4, 5, 6, 7, 8, 9, 10, 11, 12]]","[[1, 2, 3, 4, 5, 6, 7, 8, 9, 10, 11, 12]]"
00071-00000012.toc,toc,12,526,rankings,empate,b=0.2,3,17.69961977186312,15.058935361216731,1,1,0.10249200009275228,1.0,0.0,"[[1, 2, 3, 4, 5, 6, 7, 8, 9, 10, 11, 12]]","[[1, 2, 3, 4, 5, 6, 7, 8, 9, 10, 11, 12]]"
00071-00000012.toc,toc,12,526,rankings,empate,b=0.3,3,17.69961977186312,13.376425855513308,1,1,0.09862060006707907,1.0,0.0,"[[1, 2, 3, 4, 5, 6, 7, 8, 9, 10, 11, 12]]","[[1, 2, 3, 4, 5, 6, 7, 8, 9, 10, 11, 12]]"
00071-00000012.toc,toc,12,526,rankings,intercambio,b=0.1,3,17.69961977186312,13.87832699619772,1,1,0.0791050000116229,1.0,0.0,"[[1, 2, 3, 4, 5, 6, 7, 8, 9, 10, 11, 12]]","[[1, 2, 3, 4, 5, 6, 7, 8, 9, 10, 11, 12]]"
00071-00000012.toc,toc,12,526,rankings,intercambio,b=0.2,3,17.69961977186312,11.346007604562738,1,1,0.0859366999939084,1.0,0.0,"[[1, 2, 3, 4, 5, 6, 7, 8, 9, 10, 11, 12]]","[[1, 2, 3, 4, 5, 6, 7, 8, 9, 10, 11, 12]]"
00071-00000012.toc,toc,12,526,rankings,intercambio,b=0.3,3,17.69961977186312,8.216730038022813,1,1,0.0980074000544846,1.0,0.0,"[[1, 2, 3, 4, 5, 6, 7, 8, 9, 10, 11, 12]]","[[1, 2, 3, 4, 5, 6, 7, 8, 9, 10, 11, 12]]"
00071-00000012.toc,toc,12,526,rankings,local,b=0.1,3,17.69961977186312,2.855513307984791,1,1,0.07504239992704242,1.0,0.0,"[[1, 2, 3, 4, 5, 6, 7, 8, 9, 10, 11, 12]]","[[1, 2, 3, 4, 5, 6, 7, 8, 9, 10, 11, 12]]"
00071-00000012.toc,toc,12,526,rankings,local,b=0.2,3,17.69961977186312,2.205323193916351,1,1,0.09090980002656579,1.0,0.0,"[[1, 2, 3, 4, 5, 6, 7, 8, 9, 10, 11, 12]]","[[1, 2, 3, 4, 5, 6, 7, 8, 9, 10, 11, 12]]"
00071-00000012.toc,toc,12,526,rankings,local,b=0.3,3,17.69961977186312,2.2357414448669215,1,1,0.08205520000774413,1.0,0.0,"[[1, 2, 3, 4, 5, 6, 7, 8, 9, 10, 11, 12]]","[[1, 2, 3, 4, 5, 6, 7, 8, 9, 10, 11, 12]]"
00071-00000012.toc,toc,12,526,rankings,movimiento,b=0.1,3,17.69961977186312,16.20342205323194,1,1,0.10181909997481853,1.0,0.0,"[[1, 2, 3, 4, 5, 6, 7, 8, 9, 10, 11, 12]]","[[1, 2, 3, 4, 5, 6, 7, 8, 9, 10, 11, 12]]"
00071-00000012.toc,toc,12,526,rankings,movimiento,b=0.2,3,17.69961977186312,14.775665399239545,1,1,0.1040694999974221,1.0,0.0,"[[1, 2, 3, 4, 5, 6, 7, 8, 9, 10, 11, 12]]","[[1, 2, 3, 4, 5, 6, 7, 8, 9, 10, 11, 12]]"
00071-00000012.toc,toc,12,526,rankings,movimiento,b=0.3,3,17.69961977186312,12.81939163498099,1,1,0.09483060007914901,1.0,0.0,"[[1, 2, 3, 4, 5, 6, 7, 8, 9, 10, 11, 12]]","[[1, 2, 3, 4, 5, 6, 7, 8, 9, 10, 11, 12]]"
00071-00000012.toc,toc,12,526,rankings,empate,b=0.1,4,17.69961977186312,16.380228136882128,1,1,0.09910779993515462,1.0,0.0,"[[1, 2, 3, 4, 5, 6, 7, 8, 9, 10, 11, 12]]","[[1, 2, 3, 4, 5, 6, 7, 8, 9, 10, 11, 12]]"
00071-00000012.toc,toc,12,526,rankings,empate,b=0.2,4,17.69961977186312,15.14068441064639,1,1,0.10439420002512634,1.0,0.0,"[[1, 2, 3, 4, 5, 6, 7, 8, 9, 10, 11, 12]]","[[1, 2, 3, 4, 5, 6, 7, 8, 9, 10, 11, 12]]"
00071-00000012.toc,toc,12,526,rankings,empate,b=0.3,4,17.69961977186312,13.482889733840304,1,1,0.0990367999766022,1.0,0.0,"[[1, 2, 3, 4, 5, 6, 7, 8, 9, 10, 11, 12]]","[[1, 2, 3, 4, 5, 6, 7, 8, 9, 10, 11, 12]]"
00071-00000012.toc,toc,12,526,rankings,intercambio,b=0.1,4,17.69961977186312,14.186311787072244,1,1,0.09306250000372529,1.0,0.0,"[[1, 2, 3, 4, 5, 6, 7, 8, 9, 10, 11, 12]]","[[1, 2, 3, 4, 5, 6, 7, 8, 9, 10, 11, 12]]"
00071-00000012.toc,toc,12,526,rankings,intercambio,b=0.2,4,17.69961977186312,11.992395437262358,1,1,0.08620549994520843,1.0,0.0,"[[1, 2, 3, 4, 5, 6, 7, 8, 9, 10, 11, 12]]","[[1, 2, 3, 4, 5, 6, 7, 8, 9, 10, 11, 12]]"
00071-00000012.toc,toc,12,526,rankings,intercambio,b=0.3,4,17.69961977186312,7.7072243346007605,1,1,0.09805659996345639,1.0,0.0,"[[1, 2, 3, 4, 5, 6, 7, 8, 9, 10, 11, 12]]","[[1, 2, 3, 4, 5, 6, 7, 8, 9, 10, 11, 12]]"
00071-00000012.toc,toc,12,526,rankings,local,b=0.1,4,17.69961977186312,3.243346007604564,1,1,0.0753448000177741,1.0,0.0,"[[1, 2, 3, 4, 5, 6, 7, 8, 9, 10, 11, 12]]","[[1, 2, 3, 4, 5, 6, 7, 8, 9, 10, 11, 12]]"
00071-00000012.toc,toc,12,526,rankings,local,b=0.2,4,17.69961977186312,3.395437262357415,1,1,0.07777279999572784,1.0,0.0,"[[1, 2, 3, 4, 5, 6, 7, 8, 9, 10, 11, 12]]","[[1, 2, 3, 4, 5, 6, 7, 8, 9, 10, 11, 12]]"
00071-00000012.toc,toc,12,526,rankings,local,b=0.3,4,17.69961977186312,2.6349809885931554,1,1,0.08071030001156032,1.0,0.0,"[[1, 2, 3, 4, 5, 6, 7, 8, 9, 10, 11, 12]]","[[1, 2, 3, 4, 5, 6, 7, 8, 9, 10, 11, 12]]"
00071-00000012.toc,toc,12,526,rankings,movimiento,b=0.1,4,17.69961977186312,16.302281368821294,1,1,0.10004110005684197,1.0,0.0,"[[1, 2, 3, 4, 5, 6, 7, 8, 9, 10, 11, 12]]","[[1, 2, 3, 4, 5, 6, 7, 8, 9, 10, 11, 12]]"
00071-00000012.toc,toc,12,526,rankings,movimiento,b=0.2,4,17.69961977186312,14.623574144486692,1,1,0.0965025998884812,1.0,0.0,"[[1, 2, 3, 4, 5, 6, 7, 8, 9, 10, 11, 12]]","[[1, 2, 3, 4, 5, 6, 7, 8, 9, 10, 11, 12]]"
00071-00000012.toc,toc,12,526,rankings,movimiento,b=0.3,4,17.69961977186312,12.361216730038024,1,1,0.09723019995726645,1.0,0.0,"[[1, 2, 3, 4, 5, 6, 7, 8, 9, 10, 11, 12]]","[[1, 2, 3, 4, 5, 6, 7, 8, 9, 10, 11, 12]]"
00071-00000013.toc,toc,10,902,rankings,empate,b=0.1,0,9.87028824833703,8.769401330376942,1,1,0.0846029999665916,1.0,0.0,"[[1, 2, 3, 4, 5, 6, 7, 8, 9, 10]]","[[1, 2, 3, 4, 5, 6, 7, 8, 9, 10]]"
00071-00000013.toc,toc,10,902,rankings,empate,b=0.2,0,9.87028824833703,8.3980044345898,1,1,0.08469659998081625,1.0,0.0,"[[1, 2, 3, 4, 5, 6, 7, 8, 9, 10]]","[[1, 2, 3, 4, 5, 6, 7, 8, 9, 10]]"
00071-00000013.toc,toc,10,902,rankings,empate,b=0.3,0,9.87028824833703,8.189578713968958,1,1,0.09637319995090365,1.0,0.0,"[[1, 2, 3, 4, 5, 6, 7, 8, 9, 10]]","[[1, 2, 3, 4, 5, 6, 7, 8, 9, 10]]"
00071-00000013.toc,toc,10,902,rankings,intercambio,b=0.1,0,9.87028824833703,7.635254988913526,1,1,0.07593500008806586,1.0,0.0,"[[1, 2, 3, 4, 5, 6, 7, 8, 9, 10]]","[[1, 2, 3, 4, 5, 6, 7, 8, 9, 10]]"
00071-00000013.toc,toc,10,902,rankings,intercambio,b=0.2,0,9.87028824833703,5.85920177383592,1,1,0.08757950004655868,1.0,0.0,"[[1, 2, 3, 4, 5, 6, 7, 8, 9, 10]]","[[1, 2, 3, 4, 5, 6, 7, 8, 9, 10]]"
00071-00000013.toc,toc,10,902,rankings,intercambio,b=0.3,0,9.87028824833703,4.841463414634147,1,1,0.0973111999919638,1.0,0.0,"[[1, 2, 3, 4, 5, 6, 7, 8, 9, 10]]","[[1, 2, 3, 4, 5, 6, 7, 8, 9, 10]]"
00071-00000013.toc,toc,10,902,rankings,local,b=0.1,0,9.87028824833703,9.87028824833703,1,1,0.08261899999342859,1.0,0.0,"[[1, 2, 3, 4, 5, 6, 7, 8, 9, 10]]","[[1, 2, 3, 4, 5, 6, 7, 8, 9, 10]]"
00071-00000013.toc,toc,10,902,rankings,local,b=0.2,0,9.87028824833703,9.87028824833703,1,1,0.09610949992202222,1.0,0.0,"[[1, 2, 3, 4, 5, 6, 7, 8, 9, 10]]","[[1, 2, 3, 4, 5, 6, 7, 8, 9, 10]]"
00071-00000013.toc,toc,10,902,rankings,local,b=0.3,0,9.87028824833703,9.87028824833703,1,1,0.08720870001707226,1.0,0.0,"[[1, 2, 3, 4, 5, 6, 7, 8, 9, 10]]","[[1, 2, 3, 4, 5, 6, 7, 8, 9, 10]]"
00071-00000013.toc,toc,10,902,rankings,movimiento,b=0.1,0,9.87028824833703,8.911308203991132,1,1,0.08322159992530942,1.0,0.0,"[[1, 2, 3, 4, 5, 6, 7, 8, 9, 10]]","[[1, 2, 3, 4, 5, 6, 7, 8, 9, 10]]"
00071-00000013.toc,toc,10,902,rankings,movimiento,b=0.2,0,9.87028824833703,8.116407982261642,1,1,0.08337490004487336,1.0,0.0,"[[1, 2, 3, 4, 5, 6, 7, 8, 9, 10]]","[[1, 2, 3, 4, 5, 6, 7, 8, 9, 10]]"
00071-00000013.toc,toc,10,902,rankings,movimiento,b=0.3,0,9.87028824833703,7.095343680709536,1,1,0.11931229999754578,1.0,0.0,"[[1, 2, 3, 4, 5, 6, 7, 8, 9, 10]]","[[1, 2, 3, 4, 5, 6, 7, 8, 9, 10]]"
00071-00000013.toc,toc,10,902,rankings,empate,b=0.1,1,9.87028824833703,9.317073170731708,1,1,0.14442739996593446,1.0,0.0,"[[1, 2, 3, 4, 5, 6, 7, 8, 9, 10]]","[[1, 2, 3, 4, 5, 6, 7, 8, 9, 10]]"
00071-00000013.toc,toc,10,902,rankings,empate,b=0.2,1,9.87028824833703,8.381374722838137,1,1,0.08519050001632422,1.0,0.0,"[[1, 2, 3, 4, 5, 6, 7, 8, 9, 10]]","[[1, 2, 3, 4, 5, 6, 7, 8, 9, 10]]"
00071-00000013.toc,toc,10,902,rankings,empate,b=0.3,1,9.87028824833703,7.568736141906874,1,1,0.09852320002391934,1.0,0.0,"[[1, 2, 3, 4, 5, 6, 7, 8, 9, 10]]","[[1, 2, 3, 4, 5, 6, 7, 8, 9, 10]]"
00071-00000013.toc,toc,10,902,rankings,intercambio,b=0.1,1,9.87028824833703,7.573170731707318,1,1,0.07810969999991357,1.0,0.0,"[[1, 2, 3, 4, 5, 6, 7, 8, 9, 10]]","[[1, 2, 3, 4, 5, 6, 7, 8, 9, 10]]"
00071-00000013.toc,toc,10,902,rankings,intercambio,b=0.2,1,9.87028824833703,6.315964523281597,1,1,0.08855310000944883,1.0,0.0,"[[1, 2, 3, 4, 5, 6, 7, 8, 9, 10]]","[[1, 2, 3, 4, 5, 6, 7, 8, 9, 10]]"
00071-00000013.toc,toc,10,902,rankings,intercambio,b=0.3,1,9.87028824833703,4.834811529933482,1,1,0.09422719990834594,1.0,0.0,"[[1, 2, 3, 4, 5, 6, 7, 8, 9, 10]]","[[1, 2, 3, 4, 5, 6, 7, 8, 9, 10]]"
00071-00000013.toc,toc,10,902,rankings,local,b=0.1,1,9.87028824833703,9.87028824833703,1,1,0.07127830001991242,1.0,0.0,"[[1, 2, 3, 4, 5, 6, 7, 8, 9, 10]]","[[1, 2, 3, 4, 5, 6, 7, 8, 9, 10]]"
00071-00000013.toc,toc,10,902,rankings,local,b=0.2,1,9.87028824833703,9.87028824833703,1,1,0.07303810003213584,1.0,0.0,"[[1, 2, 3, 4, 5, 6, 7, 8, 9, 10]]","[[1, 2, 3, 4, 5, 6, 7, 8, 9, 10]]"
00071-00000013.toc,toc,10,902,rankings,local,b=0.3,1,9.87028824833703,9.87028824833703,1,1,0.0764933000318706,1.0,0.0,"[[1, 2, 3, 4, 5, 6, 7, 8, 9, 10]]","[[1, 2, 3, 4, 5, 6, 7, 8, 9, 10]]"
00071-00000013.toc,toc,10,902,rankings,movimiento,b=0.1,1,9.87028824833703,8.878048780487806,1,1,0.07383350003510714,1.0,0.0,"[[1, 2, 3, 4, 5, 6, 7, 8, 9, 10]]","[[1, 2, 3, 4, 5, 6, 7, 8, 9, 10]]"
00071-00000013.toc,toc,10,902,rankings,movimiento,b=0.2,1,9.87028824833703,8.557649667405766,1,1,0.07580850005615503,1.0,0.0,"[[1, 2, 3, 4, 5, 6, 7, 8, 9, 10]]","[[1, 2, 3, 4, 5, 6, 7, 8, 9, 10]]"
00071-00000013.toc,toc,10,902,rankings,movimiento,b=0.3,1,9.87028824833703,7.315964523281597,1,1,0.08453420002479106,1.0,0.0,"[[1, 2, 3, 4, 5, 6, 7, 8, 9, 10]]","[[1, 2, 3, 4, 5, 6, 7, 8, 9, 10]]"
00071-00000013.toc,toc,10,902,rankings,empate,b=0.1,2,9.87028824833703,9.24390243902439,1,1,0.07376020005904138,1.0,0.0,"[[1, 2, 3, 4, 5, 6, 7, 8, 9, 10]]","[[1, 2, 3, 4, 5, 6, 7, 8, 9, 10]]"
00071-00000013.toc,toc,10,902,rankings,empate,b=0.2,2,9.87028824833703,8.07538802660754,1,1,0.07579939998686314,1.0,0.0,"[[1, 2, 3, 4, 5, 6, 7, 8, 9, 10]]","[[1, 2, 3, 4, 5, 6, 7, 8, 9, 10]]"
00071-00000013.toc,toc,10,902,rankings,empate,b=0.3,2,9.87028824833703,7.372505543237252,1,1,0.08660359994973987,1.0,0.0,"[[1, 2, 3, 4, 5, 6, 7, 8, 9, 10]]","[[1, 2, 3, 4, 5, 6, 7, 8, 9, 10]]"
00071-00000013.toc,toc,10,902,rankings,intercambio,b=0.1,2,9.87028824833703,7.9279379157427945,1,1,0.06757960002869368,1.0,0.0,"[[1, 2, 3, 4, 5, 6, 7, 8, 9, 10]]","[[1, 2, 3, 4, 5, 6, 7, 8, 9, 10]]"
00071-00000013.toc,toc,10,902,rankings,intercambio,b=0.2,2,9.87028824833703,5.8503325942350335,1,1,0.0768789000576362,1.0,0.0,"[[1, 2, 3, 4, 5, 6, 7, 8, 9, 10]]","[[1, 2, 3, 4, 5, 6, 7, 8, 9, 10]]"
00071-00000013.toc,toc,10,902,rankings,intercambio,b=0.3,2,9.87028824833703,4.568736141906874,1,1,0.08769169996958226,1.0,0.0,"[[1, 2, 3, 4, 5, 6, 7, 8, 9, 10]]","[[1, 2, 3, 4, 5, 6, 7, 8, 9, 10]]"
00071-00000013.toc,toc,10,902,rankings,local,b=0.1,2,9.87028824833703,9.87028824833703,1,1,0.07149570004548877,1.0,0.0,"[[1, 2, 3, 4, 5, 6, 7, 8, 9, 10]]","[[1, 2, 3, 4, 5, 6, 7, 8, 9, 10]]"
00071-00000013.toc,toc,10,902,rankings,local,b=0.2,2,9.87028824833703,9.87028824833703,1,1,0.07312020007520914,1.0,0.0,"[[1, 2, 3, 4, 5, 6, 7, 8, 9, 10]]","[[1, 2, 3, 4, 5, 6, 7, 8, 9, 10]]"
00071-00000013.toc,toc,10,902,rankings,local,b=0.3,2,9.87028824833703,9.87028824833703,1,1,0.07730340003035963,1.0,0.0,"[[1, 2, 3, 4, 5, 6, 7, 8, 9, 10]]","[[1, 2, 3, 4, 5, 6, 7, 8, 9, 10]]"
00071-00000013.toc,toc,10,902,rankings,movimiento,b=0.1,2,9.87028824833703,9.068736141906875,1,1,0.07407780003268272,1.0,0.0,"[[1, 2, 3, 4, 5, 6, 7, 8, 9, 10]]","[[1, 2, 3, 4, 5, 6, 7, 8, 9, 10]]"
00071-00000013.toc,toc,10,902,rankings,movimiento,b=0.2,2,9.87028824833703,8.35809312638581,1,1,0.07526680000592023,1.0,0.0,"[[1, 2, 3, 4, 5, 6, 7, 8, 9, 10]]","[[1, 2, 3, 4, 5, 6, 7, 8, 9, 10]]"
00071-00000013.toc,toc,10,902,rankings,movimiento,b=0.3,2,9.87028824833703,7.2804878048780495,1,1,0.08346909994725138,1.0,0.0,"[[1, 2, 3, 4, 5, 6, 7, 8, 9, 10]]","[[1, 2, 3, 4, 5, 6, 7, 8, 9, 10]]"
00071-00000013.toc,toc,10,902,rankings,empate,b=0.1,3,9.87028824833703,9.033259423503326,1,1,0.07782660005614161,1.0,0.0,"[[1, 2, 3, 4, 5, 6, 7, 8, 9, 10]]","[[1, 2, 3, 4, 5, 6, 7, 8, 9, 10]]"
00071-00000013.toc,toc,10,902,rankings,empate,b=0.2,3,9.87028824833703,8.123059866962306,1,1,0.08333589998073876,1.0,0.0,"[[1, 2, 3, 4, 5, 6, 7, 8, 9, 10]]","[[1, 2, 3, 4, 5, 6, 7, 8, 9, 10]]"
00071-00000013.toc,toc,10,902,rankings,empate,b=0.3,3,9.87028824833703,7.733924611973393,1,1,0.08737149997614324,1.0,0.0,"[[1, 2, 3, 4, 5, 6, 7, 8, 9, 10]]","[[1, 2, 3, 4, 5, 6, 7, 8, 9, 10]]"
00071-00000013.toc,toc,10,902,rankings,intercambio,b=0.1,3,9.87028824833703,7.737250554323726,1,1,0.06719660002272576,1.0,0.0,"[[1, 2, 3, 4, 5, 6, 7, 8, 9, 10]]","[[1, 2, 3, 4, 5, 6, 7, 8, 9, 10]]"
00071-00000013.toc,toc,10,902,rankings,intercambio,b=0.2,3,9.87028824833703,6.187361419068736,1,1,0.08904340001754463,1.0,0.0,"[[1, 2, 3, 4, 5, 6, 7, 8, 9, 10]]","[[1, 2, 3, 4, 5, 6, 7, 8, 9, 10]]"
00071-00000013.toc,toc,10,902,rankings,intercambio,b=0.3,3,9.87028824833703,5.060975609756098,1,1,0.0926513000158593,1.0,0.0,"[[1, 2, 3, 4, 5, 6, 7, 8, 9, 10]]","[[1, 2, 3, 4, 5, 6, 7, 8, 9, 10]]"
00071-00000013.toc,toc,10,902,rankings,local,b=0.1,3,9.87028824833703,9.87028824833703,1,1,0.0721722999587655,1.0,0.0,"[[1, 2, 3, 4, 5, 6, 7, 8, 9, 10]]","[[1, 2, 3, 4, 5, 6, 7, 8, 9, 10]]"
00071-00000013.toc,toc,10,902,rankings,local,b=0.2,3,9.87028824833703,9.87028824833703,1,1,0.07352169998921454,1.0,0.0,"[[1, 2, 3, 4, 5, 6, 7, 8, 9, 10]]","[[1, 2, 3, 4, 5, 6, 7, 8, 9, 10]]"
00071-00000013.toc,toc,10,902,rankings,local,b=0.3,3,9.87028824833703,9.87028824833703,1,1,0.07697210006881505,1.0,0.0,"[[1, 2, 3, 4, 5, 6, 7, 8, 9, 10]]","[[1, 2, 3, 4, 5, 6, 7, 8, 9, 10]]"
00071-00000013.toc,toc,10,902,rankings,movimiento,b=0.1,3,9.87028824833703,8.745011086474502,1,1,0.06611859996337444,1.0,0.0,"[[1, 2, 3, 4, 5, 6, 7, 8, 9, 10]]","[[1, 2, 3, 4, 5, 6, 7, 8, 9, 10]]"
00071-00000013.toc,toc,10,902,rankings,movimiento,b=0.2,3,9.87028824833703,7.958980044345899,1,1,0.0747939000139013,1.0,0.0,"[[1, 2, 3, 4, 5, 6, 7, 8, 9, 10]]","[[1, 2, 3, 4, 5, 6, 7, 8, 9, 10]]"
00071-00000013.toc,toc,10,902,rankings,movimiento,b=0.3,3,9.87028824833703,7.135254988913527,1,1,0.08343560004141182,1.0,0.0,"[[1, 2, 3, 4, 5, 6, 7, 8, 9, 10]]","[[1, 2, 3, 4, 5, 6, 7, 8, 9, 10]]"
00071-00000013.toc,toc,10,902,rankings,empate,b=0.1,4,9.87028824833703,9.351441241685144,1,1,0.07366920006461442,1.0,0.0,"[[1, 2, 3, 4, 5, 6, 7, 8, 9, 10]]","[[1, 2, 3, 4, 5, 6, 7, 8, 9, 10]]"
00071-00000013.toc,toc,10,902,rankings,empate,b=0.2,4,9.87028824833703,8.168514412416853,1,1,0.09501569997519255,1.0,0.0,"[[1, 2, 3, 4, 5, 6, 7, 8, 9, 10]]","[[1, 2, 3, 4, 5, 6, 7, 8, 9, 10]]"
00071-00000013.toc,toc,10,902,rankings,empate,b=0.3,4,9.87028824833703,7.515521064301552,1,1,0.0937932999804616,1.0,0.0,"[[1, 2, 3, 4, 5, 6, 7, 8, 9, 10]]","[[1, 2, 3, 4, 5, 6, 7, 8, 9, 10]]"
00071-00000013.toc,toc,10,902,rankings,intercambio,b=0.1,4,9.87028824833703,7.5798226164079825,1,1,0.07495400006882846,1.0,0.0,"[[1, 2, 3, 4, 5, 6, 7, 8, 9, 10]]","[[1, 2, 3, 4, 5, 6, 7, 8, 9, 10]]"
00071-00000013.toc,toc,10,902,rankings,intercambio,b=0.2,4,9.87028824833703,6.058758314855877,1,1,0.08260609989520162,1.0,0.0,"[[1, 2, 3, 4, 5, 6, 7, 8, 9, 10]]","[[1, 2, 3, 4, 5, 6, 7, 8, 9, 10]]"
00071-00000013.toc,toc,10,902,rankings,intercambio,b=0.3,4,9.87028824833703,4.626385809312639,1,1,0.10187680006492883,1.0,0.0,"[[1, 2, 3, 4, 5, 6, 7, 8, 9, 10]]","[[1, 2, 3, 4, 5, 6, 7, 8, 9, 10]]"
00071-00000013.toc,toc,10,902,rankings,local,b=0.1,4,9.87028824833703,9.87028824833703,1,1,0.0810521999374032,1.0,0.0,"[[1, 2, 3, 4, 5, 6, 7, 8, 9, 10]]","[[1, 2, 3, 4, 5, 6, 7, 8, 9, 10]]"
00071-00000013.toc,toc,10,902,rankings,local,b=0.2,4,9.87028824833703,9.87028824833703,1,1,0.08360020001418889,1.0,0.0,"[[1, 2, 3, 4, 5, 6, 7, 8, 9, 10]]","[[1, 2, 3, 4, 5, 6, 7, 8, 9, 10]]"
00071-00000013.toc,toc,10,902,rankings,local,b=0.3,4,9.87028824833703,9.87028824833703,1,1,0.08696460002101958,1.0,0.0,"[[1, 2, 3, 4, 5, 6, 7, 8, 9, 10]]","[[1, 2, 3, 4, 5, 6, 7, 8, 9, 10]]"
00071-00000013.toc,toc,10,902,rankings,movimiento,b=0.1,4,9.87028824833703,8.783813747228383,1,1,0.07460259995423257,1.0,0.0,"[[1, 2, 3, 4, 5, 6, 7, 8, 9, 10]]","[[1, 2, 3, 4, 5, 6, 7, 8, 9, 10]]"
00071-00000013.toc,toc,10,902,rankings,movimiento,b=0.2,4,9.87028824833703,8.095343680709535,1,1,0.08382350008469075,1.0,0.0,"[[1, 2, 3, 4, 5, 6, 7, 8, 9, 10]]","[[1, 2, 3, 4, 5, 6, 7, 8, 9, 10]]"
00071-00000013.toc,toc,10,902,rankings,movimiento,b=0.3,4,9.87028824833703,6.985587583148559,1,1,0.09264599997550249,1.0,0.0,"[[1, 2, 3, 4, 5, 6, 7, 8, 9, 10]]","[[1, 2, 3, 4, 5, 6, 7, 8, 9, 10]]"
00071-00000014.toc,toc,10,376,rankings,empate,b=0.1,0,9.46808510638298,8.75531914893617,1,1,0.04846869991160929,1.0,0.0,"[[1, 2, 3, 4, 5, 6, 7, 8, 9, 10]]","[[1, 2, 3, 4, 5, 6, 7, 8, 9, 10]]"
00071-00000014.toc,toc,10,376,rankings,empate,b=0.2,0,9.46808510638298,8.042553191489363,1,1,0.05070100002922118,1.0,0.0,"[[1, 2, 3, 4, 5, 6, 7, 8, 9, 10]]","[[1, 2, 3, 4, 5, 6, 7, 8, 9, 10]]"
00071-00000014.toc,toc,10,376,rankings,empate,b=0.3,0,9.46808510638298,7.672872340425532,1,1,0.054683799971826375,1.0,0.0,"[[1, 2, 3, 4, 5, 6, 7, 8, 9, 10]]","[[1, 2, 3, 4, 5, 6, 7, 8, 9, 10]]"
00071-00000014.toc,toc,10,376,rankings,intercambio,b=0.1,0,9.46808510638298,7.585106382978724,1,1,0.04689840006176382,1.0,0.0,"[[1, 2, 3, 4, 5, 6, 7, 8, 9, 10]]","[[1, 2, 3, 4, 5, 6, 7, 8, 9, 10]]"
00071-00000014.toc,toc,10,376,rankings,intercambio,b=0.2,0,9.46808510638298,5.845744680851064,1,1,0.05607290007174015,1.0,0.0,"[[1, 2, 3, 4, 5, 6, 7, 8, 9, 10]]","[[1, 2, 3, 4, 5, 6, 7, 8, 9, 10]]"
00071-00000014.toc,toc,10,376,rankings,intercambio,b=0.3,0,9.46808510638298,3.9414893617021276,1,1,0.05748930003028363,1.0,0.0,"[[1, 2, 3, 4, 5, 6, 7, 8, 9, 10]]","[[1, 2, 3, 4, 5, 6, 7, 8, 9, 10]]"
00071-00000014.toc,toc,10,376,rankings,local,b=0.1,0,9.46808510638298,9.46808510638298,1,1,0.0567657999927178,1.0,0.0,"[[1, 2, 3, 4, 5, 6, 7, 8, 9, 10]]","[[1, 2, 3, 4, 5, 6, 7, 8, 9, 10]]"
00071-00000014.toc,toc,10,376,rankings,local,b=0.2,0,9.46808510638298,9.46808510638298,1,1,0.054565300000831485,1.0,0.0,"[[1, 2, 3, 4, 5, 6, 7, 8, 9, 10]]","[[1, 2, 3, 4, 5, 6, 7, 8, 9, 10]]"
00071-00000014.toc,toc,10,376,rankings,local,b=0.3,0,9.46808510638298,9.46808510638298,1,1,0.060381899937056005,1.0,0.0,"[[1, 2, 3, 4, 5, 6, 7, 8, 9, 10]]","[[1, 2, 3, 4, 5, 6, 7, 8, 9, 10]]"
00071-00000014.toc,toc,10,376,rankings,movimiento,b=0.1,0,9.46808510638298,8.65159574468085,1,1,0.05567160004284233,1.0,0.0,"[[1, 2, 3, 4, 5, 6, 7, 8, 9, 10]]","[[1, 2, 3, 4, 5, 6, 7, 8, 9, 10]]"
00071-00000014.toc,toc,10,376,rankings,movimiento,b=0.2,0,9.46808510638298,7.787234042553193,1,1,0.05037299997638911,1.0,0.0,"[[1, 2, 3, 4, 5, 6, 7, 8, 9, 10]]","[[1, 2, 3, 4, 5, 6, 7, 8, 9, 10]]"
00071-00000014.toc,toc,10,376,rankings,movimiento,b=0.3,0,9.46808510638298,6.792553191489363,1,1,0.0536011999938637,1.0,0.0,"[[1, 2, 3, 4, 5, 6, 7, 8, 9, 10]]","[[1, 2, 3, 4, 5, 6, 7, 8, 9, 10]]"
00071-00000014.toc,toc,10,376,rankings,empate,b=0.1,1,9.46808510638298,8.88031914893617,1,1,0.05478440003935248,1.0,0.0,"[[1, 2, 3, 4, 5, 6, 7, 8, 9, 10]]","[[1, 2, 3, 4, 5, 6, 7, 8, 9, 10]]"
00071-00000014.toc,toc,10,376,rankings,empate,b=0.2,1,9.46808510638298,7.747340425531916,1,1,0.05097950005438179,1.0,0.0,"[[1, 2, 3, 4, 5, 6, 7, 8, 9, 10]]","[[1, 2, 3, 4, 5, 6, 7, 8, 9, 10]]"
00071-00000014.toc,toc,10,376,rankings,empate,b=0.3,1,9.46808510638298,7.159574468085107,1,1,0.05540210008621216,1.0,0.0,"[[1, 2, 3, 4, 5, 6, 7, 8, 9, 10]]","[[1, 2, 3, 4, 5, 6, 7, 8, 9, 10]]"
00071-00000014.toc,toc,10,376,rankings,intercambio,b=0.1,1,9.46808510638298,6.925531914893617,1,1,0.046857699984684587,1.0,0.0,"[[1, 2, 3, 4, 5, 6, 7, 8, 9, 10]]","[[1, 2, 3, 4, 5, 6, 7, 8, 9, 10]]"
00071-00000014.toc,toc,10,376,rankings,intercambio,b=0.2,1,9.46808510638298,6.170212765957447,1,1,0.05165470007341355,1.0,0.0,"[[1, 2, 3, 4, 5, 6, 7, 8, 9, 10]]","[[1, 2, 3, 4, 5, 6, 7, 8, 9, 10]]"
00071-00000014.toc,toc,10,376,rankings,intercambio,b=0.3,1,9.46808510638298,4.420212765957448,1,1,0.05578990001231432,1.0,0.0,"[[1, 2, 3, 4, 5, 6, 7, 8, 9, 10]]","[[1, 2, 3, 4, 5, 6, 7, 8, 9, 10]]"
00071-00000014.toc,toc,10,376,rankings,local,b=0.1,1,9.46808510638298,9.46808510638298,1,1,0.061249000020325184,1.0,0.0,"[[1, 2, 3, 4, 5, 6, 7, 8, 9, 10]]","[[1, 2, 3, 4, 5, 6, 7, 8, 9, 10]]"
00071-00000014.toc,toc,10,376,rankings,local,b=0.2,1,9.46808510638298,9.46808510638298,1,1,0.07842739997431636,1.0,0.0,"[[1, 2, 3, 4, 5, 6, 7, 8, 9, 10]]","[[1, 2, 3, 4, 5, 6, 7, 8, 9, 10]]"
00071-00000014.toc,toc,10,376,rankings,local,b=0.3,1,9.46808510638298,9.46808510638298,1,1,0.06883919995743781,1.0,0.0,"[[1, 2, 3, 4, 5, 6, 7, 8, 9, 10]]","[[1, 2, 3, 4, 5, 6, 7, 8, 9, 10]]"
00071-00000014.toc,toc,10,376,rankings,movimiento,b=0.1,1,9.46808510638298,8.752659574468085,1,1,0.04648639995139092,1.0,0.0,"[[1, 2, 3, 4, 5, 6, 7, 8, 9, 10]]","[[1, 2, 3, 4, 5, 6, 7, 8, 9, 10]]"
00071-00000014.toc,toc,10,376,rankings,movimiento,b=0.2,1,9.46808510638298,8.292553191489363,1,1,0.06458829995244741,1.0,0.0,"[[1, 2, 3, 4, 5, 6, 7, 8, 9, 10]]","[[1, 2, 3, 4, 5, 6, 7, 8, 9, 10]]"
00071-00000014.toc,toc,10,376,rankings,movimiento,b=0.3,1,9.46808510638298,7.513297872340426,1,1,0.05512929998803884,1.0,0.0,"[[1, 2, 3, 4, 5, 6, 7, 8, 9, 10]]","[[1, 2, 3, 4, 5, 6, 7, 8, 9, 10]]"
00071-00000014.toc,toc,10,376,rankings,empate,b=0.1,2,9.46808510638298,8.960106382978724,1,1,0.05549240007530898,1.0,0.0,"[[1, 2, 3, 4, 5, 6, 7, 8, 9, 10]]","[[1, 2, 3, 4, 5, 6, 7, 8, 9, 10]]"
00071-00000014.toc,toc,10,376,rankings,empate,b=0.2,2,9.46808510638298,7.470744680851065,1,1,0.05069600010756403,1.0,0.0,"[[1, 2, 3, 4, 5, 6, 7, 8, 9, 10]]","[[1, 2, 3, 4, 5, 6, 7, 8, 9, 10]]"
00071-00000014.toc,toc,10,376,rankings,empate,b=0.3,2,9.46808510638298,7.531914893617022,1,1,0.06056110002100468,1.0,0.0,"[[1, 2, 3, 4, 5, 6, 7, 8, 9, 10]]","[[1, 2, 3, 4, 5, 6, 7, 8, 9, 10]]"
00071-00000014.toc,toc,10,376,rankings,intercambio,b=0.1,2,9.46808510638298,7.537234042553193,1,1,0.04775630007497966,1.0,0.0,"[[1, 2, 3, 4, 5, 6, 7, 8, 9, 10]]","[[1, 2, 3, 4, 5, 6, 7, 8, 9, 10]]"
00071-00000014.toc,toc,10,376,rankings,intercambio,b=0.2,2,9.46808510638298,6.579787234042554,1,1,0.05161000008229166,1.0,0.0,"[[1, 2, 3, 4, 5, 6, 7, 8, 9, 10]]","[[1, 2, 3, 4, 5, 6, 7, 8, 9, 10]]"
00071-00000014.toc,toc,10,376,rankings,intercambio,b=0.3,2,9.46808510638298,4.468085106382979,1,1,0.05896609998308122,1.0,0.0,"[[1, 2, 3, 4, 5, 6, 7, 8, 9, 10]]","[[1, 2, 3, 4, 5, 6, 7, 8, 9, 10]]"
00071-00000014.toc,toc,10,376,rankings,local,b=0.1,2,9.46808510638298,9.46808510638298,1,1,0.05756280000787228,1.0,0.0,"[[1, 2, 3, 4, 5, 6, 7, 8, 9, 10]]","[[1, 2, 3, 4, 5, 6, 7, 8, 9, 10]]"
00071-00000014.toc,toc,10,376,rankings,local,b=0.2,2,9.46808510638298,9.46808510638298,1,1,0.05330539995338768,1.0,0.0,"[[1, 2, 3, 4, 5, 6, 7, 8, 9, 10]]","[[1, 2, 3, 4, 5, 6, 7, 8, 9, 10]]"
00071-00000014.toc,toc,10,376,rankings,local,b=0.3,2,9.46808510638298,9.46808510638298,1,1,0.061053500045090914,1.0,0.0,"[[1, 2, 3, 4, 5, 6, 7, 8, 9, 10]]","[[1, 2, 3, 4, 5, 6, 7, 8, 9, 10]]"
00071-00000014.toc,toc,10,376,rankings,movimiento,b=0.1,2,9.46808510638298,8.441489361702128,1,1,0.04677390004508197,1.0,0.0,"[[1, 2, 3, 4, 5, 6, 7, 8, 9, 10]]","[[1, 2, 3, 4, 5, 6, 7, 8, 9, 10]]"
00071-00000014.toc,toc,10,376,rankings,movimiento,b=0.2,2,9.46808510638298,8.074468085106384,1,1,0.05027329991571605,1.0,0.0,"[[1, 2, 3, 4, 5, 6, 7, 8, 9, 10]]","[[1, 2, 3, 4, 5, 6, 7, 8, 9, 10]]"
00071-00000014.toc,toc,10,376,rankings,movimiento,b=0.3,2,9.46808510638298,7.242021276595746,1,1,0.05349730001762509,1.0,0.0,"[[1, 2, 3, 4, 5, 6, 7, 8, 9, 10]]","[[1, 2, 3, 4, 5, 6, 7, 8, 9, 10]]"
00071-00000014.toc,toc,10,376,rankings,empate,b=0.1,3,9.46808510638298,8.704787234042554,1,1,0.05707270000129938,1.0,0.0,"[[1, 2, 3, 4, 5, 6, 7, 8, 9, 10]]","[[1, 2, 3, 4, 5, 6, 7, 8, 9, 10]]"
00071-00000014.toc,toc,10,376,rankings,empate,b=0.2,3,9.46808510638298,8.15159574468085,1,1,0.05072269996162504,1.0,0.0,"[[1, 2, 3, 4, 5, 6, 7, 8, 9, 10]]","[[1, 2, 3, 4, 5, 6, 7, 8, 9, 10]]"
00071-00000014.toc,toc,10,376,rankings,empate,b=0.3,3,9.46808510638298,7.619680851063831,1,1,0.05504290002863854,1.0,0.0,"[[1, 2, 3, 4, 5, 6, 7, 8, 9, 10]]","[[1, 2, 3, 4, 5, 6, 7, 8, 9, 10]]"
00071-00000014.toc,toc,10,376,rankings,intercambio,b=0.1,3,9.46808510638298,7.127659574468086,1,1,0.046446099993772805,1.0,0.0,"[[1, 2, 3, 4, 5, 6, 7, 8, 9, 10]]","[[1, 2, 3, 4, 5, 6, 7, 8, 9, 10]]"
00071-00000014.toc,toc,10,376,rankings,intercambio,b=0.2,3,9.46808510638298,5.436170212765958,1,1,0.051338499994017184,1.0,0.0,"[[1, 2, 3, 4, 5, 6, 7, 8, 9, 10]]","[[1, 2, 3, 4, 5, 6, 7, 8, 9, 10]]"
00071-00000014.toc,toc,10,376,rankings,intercambio,b=0.3,3,9.46808510638298,4.72872340425532,1,1,0.0552095000166446,1.0,0.0,"[[1, 2, 3, 4, 5, 6, 7, 8, 9, 10]]","[[1, 2, 3, 4, 5, 6, 7, 8, 9, 10]]"
00071-00000014.toc,toc,10,376,rankings,local,b=0.1,3,9.46808510638298,9.46808510638298,1,1,0.05739969993010163,1.0,0.0,"[[1, 2, 3, 4, 5, 6, 7, 8, 9, 10]]","[[1, 2, 3, 4, 5, 6, 7, 8, 9, 10]]"
00071-00000014.toc,toc,10,376,rankings,local,b=0.2,3,9.46808510638298,9.46808510638298,1,1,0.053193600033409894,1.0,0.0,"[[1, 2, 3, 4, 5, 6, 7, 8, 9, 10]]","[[1, 2, 3, 4, 5, 6, 7, 8, 9, 10]]"
00071-00000014.toc,toc,10,376,rankings,local,b=0.3,3,9.46808510638298,9.46808510638298,1,1,0.05993510002736002,1.0,0.0,"[[1, 2, 3, 4, 5, 6, 7, 8, 9, 10]]","[[1, 2, 3, 4, 5, 6, 7, 8, 9, 10]]"
00071-00000014.toc,toc,10,376,rankings,movimiento,b=0.1,3,9.46808510638298,8.271276595744682,1,1,0.047117299982346594,1.0,0.0,"[[1, 2, 3, 4, 5, 6, 7, 8, 9, 10]]","[[1, 2, 3, 4, 5, 6, 7, 8, 9, 10]]"
00071-00000014.toc,toc,10,376,rankings,movimiento,b=0.2,3,9.46808510638298,7.675531914893618,1,1,0.05042350001167506,1.0,0.0,"[[1, 2, 3, 4, 5, 6, 7, 8, 9, 10]]","[[1, 2, 3, 4, 5, 6, 7, 8, 9, 10]]"
00071-00000014.toc,toc,10,376,rankings,movimiento,b=0.3,3,9.46808510638298,7.0239361702127665,1,1,0.053351699956692755,1.0,0.0,"[[1, 2, 3, 4, 5, 6, 7, 8, 9, 10]]","[[1, 2, 3, 4, 5, 6, 7, 8, 9, 10]]"
00071-00000014.toc,toc,10,376,rankings,empate,b=0.1,4,9.46808510638298,8.86436170212766,1,1,0.054812700022011995,1.0,0.0,"[[1, 2, 3, 4, 5, 6, 7, 8, 9, 10]]","[[1, 2, 3, 4, 5, 6, 7, 8, 9, 10]]"
00071-00000014.toc,toc,10,376,rankings,empate,b=0.2,4,9.46808510638298,8.194148936170214,1,1,0.05212390003725886,1.0,0.0,"[[1, 2, 3, 4, 5, 6, 7, 8, 9, 10]]","[[1, 2, 3, 4, 5, 6, 7, 8, 9, 10]]"
00071-00000014.toc,toc,10,376,rankings,empate,b=0.3,4,9.46808510638298,8.132978723404255,1,1,0.06006409996189177,1.0,0.0,"[[1, 2, 3, 4, 5, 6, 7, 8, 9, 10]]","[[1, 2, 3, 4, 5, 6, 7, 8, 9, 10]]"
00071-00000014.toc,toc,10,376,rankings,intercambio,b=0.1,4,9.46808510638298,6.893617021276597,1,1,0.052975700004026294,1.0,0.0,"[[1, 2, 3, 4, 5, 6, 7, 8, 9, 10]]","[[1, 2, 3, 4, 5, 6, 7, 8, 9, 10]]"
00071-00000014.toc,toc,10,376,rankings,intercambio,b=0.2,4,9.46808510638298,6.218085106382979,1,1,0.05196040007285774,1.0,0.0,"[[1, 2, 3, 4, 5, 6, 7, 8, 9, 10]]","[[1, 2, 3, 4, 5, 6, 7, 8, 9, 10]]"
00071-00000014.toc,toc,10,376,rankings,intercambio,b=0.3,4,9.46808510638298,4.558510638297873,1,1,0.05912340001668781,1.0,0.0,"[[1, 2, 3, 4, 5, 6, 7, 8, 9, 10]]","[[1, 2, 3, 4, 5, 6, 7, 8, 9, 10]]"
00071-00000014.toc,toc,10,376,rankings,local,b=0.1,4,9.46808510638298,9.46808510638298,1,1,0.061893500038422644,1.0,0.0,"[[1, 2, 3, 4, 5, 6, 7, 8, 9, 10]]","[[1, 2, 3, 4, 5, 6, 7, 8, 9, 10]]"
00071-00000014.toc,toc,10,376,rankings,local,b=0.2,4,9.46808510638298,9.46808510638298,1,1,0.047354600043036044,1.0,0.0,"[[1, 2, 3, 4, 5, 6, 7, 8, 9, 10]]","[[1, 2, 3, 4, 5, 6, 7, 8, 9, 10]]"
00071-00000014.toc,toc,10,376,rankings,local,b=0.3,4,9.46808510638298,9.46808510638298,1,1,0.052876400062814355,1.0,0.0,"[[1, 2, 3, 4, 5, 6, 7, 8, 9, 10]]","[[1, 2, 3, 4, 5, 6, 7, 8, 9, 10]]"
00071-00000014.toc,toc,10,376,rankings,movimiento,b=0.1,4,9.46808510638298,8.555851063829788,1,1,0.05027839995454997,1.0,0.0,"[[1, 2, 3, 4, 5, 6, 7, 8, 9, 10]]","[[1, 2, 3, 4, 5, 6, 7, 8, 9, 10]]"
00071-00000014.toc,toc,10,376,rankings,movimiento,b=0.2,4,9.46808510638298,7.781914893617022,1,1,0.04501569992862642,1.0,0.0,"[[1, 2, 3, 4, 5, 6, 7, 8, 9, 10]]","[[1, 2, 3, 4, 5, 6, 7, 8, 9, 10]]"
00071-00000014.toc,toc,10,376,rankings,movimiento,b=0.3,4,9.46808510638298,6.539893617021277,1,1,0.04938169999513775,1.0,0.0,"[[1, 2, 3, 4, 5, 6, 7, 8, 9, 10]]","[[1, 2, 3, 4, 5, 6, 7, 8, 9, 10]]"
00071-00000015.toc,toc,10,961,rankings,empate,b=0.1,0,10.528616024973987,9.66805411030177,1,1,0.0810056000482291,1.0,0.0,"[[1, 2, 3, 4, 5, 6, 7, 8, 9, 10]]","[[1, 2, 3, 4, 5, 6, 7, 8, 9, 10]]"
00071-00000015.toc,toc,10,961,rankings,empate,b=0.2,0,10.528616024973987,8.628511966701355,1,1,0.08587279997300357,1.0,0.0,"[[1, 2, 3, 4, 5, 6, 7, 8, 9, 10]]","[[1, 2, 3, 4, 5, 6, 7, 8, 9, 10]]"
00071-00000015.toc,toc,10,961,rankings,empate,b=0.3,0,10.528616024973987,8.052029136316337,1,1,0.1084986999630928,1.0,0.0,"[[1, 2, 3, 4, 5, 6, 7, 8, 9, 10]]","[[1, 2, 3, 4, 5, 6, 7, 8, 9, 10]]"
00071-00000015.toc,toc,10,961,rankings,intercambio,b=0.1,0,10.528616024973987,8.016649323621229,1,1,0.07179910002741963,1.0,0.0,"[[1, 2, 3, 4, 5, 6, 7, 8, 9, 10]]","[[1, 2, 3, 4, 5, 6, 7, 8, 9, 10]]"
00071-00000015.toc,toc,10,961,rankings,intercambio,b=0.2,0,10.528616024973987,6.620187304890738,1,1,0.08234490000177175,1.0,0.0,"[[1, 2, 3, 4, 5, 6, 7, 8, 9, 10]]","[[1, 2, 3, 4, 5, 6, 7, 8, 9, 10]]"
00071-00000015.toc,toc,10,961,rankings,intercambio,b=0.3,0,10.528616024973987,4.926118626430801,1,1,0.09446280007250607,1.0,0.0,"[[1, 2, 3, 4, 5, 6, 7, 8, 9, 10]]","[[1, 2, 3, 4, 5, 6, 7, 8, 9, 10]]"
00071-00000015.toc,toc,10,961,rankings,local,b=0.1,0,10.528616024973987,10.528616024973987,1,1,0.07772959989961237,1.0,0.0,"[[1, 2, 3, 4, 5, 6, 7, 8, 9, 10]]","[[1, 2, 3, 4, 5, 6, 7, 8, 9, 10]]"
00071-00000015.toc,toc,10,961,rankings,local,b=0.2,0,10.528616024973987,10.528616024973987,1,1,0.0851166999200359,1.0,0.0,"[[1, 2, 3, 4, 5, 6, 7, 8, 9, 10]]","[[1, 2, 3, 4, 5, 6, 7, 8, 9, 10]]"
00071-00000015.toc,toc,10,961,rankings,local,b=0.3,0,10.528616024973987,10.528616024973987,1,1,0.09640589996706694,1.0,0.0,"[[1, 2, 3, 4, 5, 6, 7, 8, 9, 10]]","[[1, 2, 3, 4, 5, 6, 7, 8, 9, 10]]"
00071-00000015.toc,toc,10,961,rankings,movimiento,b=0.1,0,10.528616024973987,9.44432882414152,1,1,0.0866999999852851,1.0,0.0,"[[1, 2, 3, 4, 5, 6, 7, 8, 9, 10]]","[[1, 2, 3, 4, 5, 6, 7, 8, 9, 10]]"
00071-00000015.toc,toc,10,961,rankings,movimiento,b=0.2,0,10.528616024973987,8.221644120707598,1,1,0.08800180000253022,1.0,0.0,"[[1, 2, 3, 4, 5, 6, 7, 8, 9, 10]]","[[1, 2, 3, 4, 5, 6, 7, 8, 9, 10]]"
00071-00000015.toc,toc,10,961,rankings,movimiento,b=0.3,0,10.528616024973987,7.822060353798127,1,1,0.09690000000409782,1.0,0.0,"[[1, 2, 3, 4, 5, 6, 7, 8, 9, 10]]","[[1, 2, 3, 4, 5, 6, 7, 8, 9, 10]]"
00071-00000015.toc,toc,10,961,rankings,empate,b=0.1,1,10.528616024973987,9.742976066597295,1,1,0.08780520001892,1.0,0.0,"[[1, 2, 3, 4, 5, 6, 7, 8, 9, 10]]","[[1, 2, 3, 4, 5, 6, 7, 8, 9, 10]]"
00071-00000015.toc,toc,10,961,rankings,empate,b=0.2,1,10.528616024973987,8.900104058272634,1,1,0.09232619998510927,1.0,0.0,"[[1, 2, 3, 4, 5, 6, 7, 8, 9, 10]]","[[1, 2, 3, 4, 5, 6, 7, 8, 9, 10]]"
00071-00000015.toc,toc,10,961,rankings,empate,b=0.3,1,10.528616024973987,8.339229968782519,1,1,0.10183279996272177,1.0,0.0,"[[1, 2, 3, 4, 5, 6, 7, 8, 9, 10]]","[[1, 2, 3, 4, 5, 6, 7, 8, 9, 10]]"
00071-00000015.toc,toc,10,961,rankings,intercambio,b=0.1,1,10.528616024973987,8.199791883454735,1,1,0.0802579999435693,1.0,0.0,"[[1, 2, 3, 4, 5, 6, 7, 8, 9, 10]]","[[1, 2, 3, 4, 5, 6, 7, 8, 9, 10]]"
00071-00000015.toc,toc,10,961,rankings,intercambio,b=0.2,1,10.528616024973987,6.489073881373571,1,1,0.0934221000643447,1.0,0.0,"[[1, 2, 3, 4, 5, 6, 7, 8, 9, 10]]","[[1, 2, 3, 4, 5, 6, 7, 8, 9, 10]]"
00071-00000015.toc,toc,10,961,rankings,intercambio,b=0.3,1,10.528616024973987,5.198751300728408,1,1,0.1029165000654757,1.0,0.0,"[[1, 2, 3, 4, 5, 6, 7, 8, 9, 10]]","[[1, 2, 3, 4, 5, 6, 7, 8, 9, 10]]"
00071-00000015.toc,toc,10,961,rankings,local,b=0.1,1,10.528616024973987,10.528616024973987,1,1,0.083244499983266,1.0,0.0,"[[1, 2, 3, 4, 5, 6, 7, 8, 9, 10]]","[[1, 2, 3, 4, 5, 6, 7, 8, 9, 10]]"
00071-00000015.toc,toc,10,961,rankings,local,b=0.2,1,10.528616024973987,10.528616024973987,1,1,0.0786892999894917,1.0,0.0,"[[1, 2, 3, 4, 5, 6, 7, 8, 9, 10]]","[[1, 2, 3, 4, 5, 6, 7, 8, 9, 10]]"
00071-00000015.toc,toc,10,961,rankings,local,b=0.3,1,10.528616024973987,10.528616024973987,1,1,0.08613760001026094,1.0,0.0,"[[1, 2, 3, 4, 5, 6, 7, 8, 9, 10]]","[[1, 2, 3, 4, 5, 6, 7, 8, 9, 10]]"
00071-00000015.toc,toc,10,961,rankings,movimiento,b=0.1,1,10.528616024973987,9.713839750260146,1,1,0.07941589993424714,1.0,0.0,"[[1, 2, 3, 4, 5, 6, 7, 8, 9, 10]]","[[1, 2, 3, 4, 5, 6, 7, 8, 9, 10]]"
00071-00000015.toc,toc,10,961,rankings,movimiento,b=0.2,1,10.528616024973987,8.817898022892821,1,1,0.0809546000091359,1.0,0.0,"[[1, 2, 3, 4, 5, 6, 7, 8, 9, 10]]","[[1, 2, 3, 4, 5, 6, 7, 8, 9, 10]]"
00071-00000015.toc,toc,10,961,rankings,movimiento,b=0.3,1,10.528616024973987,8.089490114464102,1,1,0.09109809994697571,1.0,0.0,"[[1, 2, 3, 4, 5, 6, 7, 8, 9, 10]]","[[1, 2, 3, 4, 5, 6, 7, 8, 9, 10]]"
00071-00000015.toc,toc,10,961,rankings,empate,b=0.1,2,10.528616024973987,9.631633714880333,1,1,0.0843873000703752,1.0,0.0,"[[1, 2, 3, 4, 5, 6, 7, 8, 9, 10]]","[[1, 2, 3, 4, 5, 6, 7, 8, 9, 10]]"
00071-00000015.toc,toc,10,961,rankings,empate,b=0.2,2,10.528616024973987,9.3579604578564,1,1,0.10303890006616712,1.0,0.0,"[[1, 2, 3, 4, 5, 6, 7, 8, 9, 10]]","[[1, 2, 3, 4, 5, 6, 7, 8, 9, 10]]"
00071-00000015.toc,toc,10,961,rankings,empate,b=0.3,2,10.528616024973987,7.9344432882414155,1,1,0.0942205999745056,1.0,0.0,"[[1, 2, 3, 4, 5, 6, 7, 8, 9, 10]]","[[1, 2, 3, 4, 5, 6, 7, 8, 9, 10]]"
00071-00000015.toc,toc,10,961,rankings,intercambio,b=0.1,2,10.528616024973987,8.283038501560874,1,1,0.07303450000472367,1.0,0.0,"[[1, 2, 3, 4, 5, 6, 7, 8, 9, 10]]","[[1, 2, 3, 4, 5, 6, 7, 8, 9, 10]]"
00071-00000015.toc,toc,10,961,rankings,intercambio,b=0.2,2,10.528616024973987,6.632674297606661,1,1,0.08530259993858635,1.0,0.0,"[[1, 2, 3, 4, 5, 6, 7, 8, 9, 10]]","[[1, 2, 3, 4, 5, 6, 7, 8, 9, 10]]"
00071-00000015.toc,toc,10,961,rankings,intercambio,b=0.3,2,10.528616024973987,5.117585848074922,1,1,0.09638760006055236,1.0,0.0,"[[1, 2, 3, 4, 5, 6, 7, 8, 9, 10]]","[[1, 2, 3, 4, 5, 6, 7, 8, 9, 10]]"
00071-00000015.toc,toc,10,961,rankings,local,b=0.1,2,10.528616024973987,10.528616024973987,1,1,0.09127880004234612,1.0,0.0,"[[1, 2, 3, 4, 5, 6, 7, 8, 9, 10]]","[[1, 2, 3, 4, 5, 6, 7, 8, 9, 10]]"
00071-00000015.toc,toc,10,961,rankings,local,b=0.2,2,10.528616024973987,10.528616024973987,1,1,0.12291499995626509,1.0,0.0,"[[1, 2, 3, 4, 5, 6, 7, 8, 9, 10]]","[[1, 2, 3, 4, 5, 6, 7, 8, 9, 10]]"
00071-00000015.toc,toc,10,961,rankings,local,b=0.3,2,10.528616024973987,10.528616024973987,1,1,0.09420760010834783,1.0,0.0,"[[1, 2, 3, 4, 5, 6, 7, 8, 9, 10]]","[[1, 2, 3, 4, 5, 6, 7, 8, 9, 10]]"
00071-00000015.toc,toc,10,961,rankings,movimiento,b=0.1,2,10.528616024973987,9.43808532778356,1,1,0.09549300000071526,1.0,0.0,"[[1, 2, 3, 4, 5, 6, 7, 8, 9, 10]]","[[1, 2, 3, 4, 5, 6, 7, 8, 9, 10]]"
00071-00000015.toc,toc,10,961,rankings,movimiento,b=0.2,2,10.528616024973987,8.957336108220604,1,1,0.0838899000082165,1.0,0.0,"[[1, 2, 3, 4, 5, 6, 7, 8, 9, 10]]","[[1, 2, 3, 4, 5, 6, 7, 8, 9, 10]]"
00071-00000015.toc,toc,10,961,rankings,movimiento,b=0.3,2,10.528616024973987,7.772112382934444,1,1,0.09248919994570315,1.0,0.0,"[[1, 2, 3, 4, 5, 6, 7, 8, 9, 10]]","[[1, 2, 3, 4, 5, 6, 7, 8, 9, 10]]"
00071-00000015.toc,toc,10,961,rankings,empate,b=0.1,3,10.528616024973987,9.601456815816858,1,1,0.08593460009433329,1.0,0.0,"[[1, 2, 3, 4, 5, 6, 7, 8, 9, 10]]","[[1, 2, 3, 4, 5, 6, 7, 8, 9, 10]]"
00071-00000015.toc,toc,10,961,rankings,empate,b=0.2,3,10.528616024973987,8.866805411030178,1,1,0.10220620001200587,1.0,0.0,"[[1, 2, 3, 4, 5, 6, 7, 8, 9, 10]]","[[1, 2, 3, 4, 5, 6, 7, 8, 9, 10]]"
00071-00000015.toc,toc,10,961,rankings,empate,b=0.3,3,10.528616024973987,8.223725286160251,1,1,0.10322910000104457,1.0,0.0,"[[1, 2, 3, 4, 5, 6, 7, 8, 9, 10]]","[[1, 2, 3, 4, 5, 6, 7, 8, 9, 10]]"
00071-00000015.toc,toc,10,961,rankings,intercambio,b=0.1,3,10.528616024973987,8.101977107180021,1,1,0.081316800089553,1.0,0.0,"[[1, 2, 3, 4, 5, 6, 7, 8, 9, 10]]","[[1, 2, 3, 4, 5, 6, 7, 8, 9, 10]]"
00071-00000015.toc,toc,10,961,rankings,intercambio,b=0.2,3,10.528616024973987,6.426638917793966,1,1,0.09356489998754114,1.0,0.0,"[[1, 2, 3, 4, 5, 6, 7, 8, 9, 10]]","[[1, 2, 3, 4, 5, 6, 7, 8, 9, 10]]"
00071-00000015.toc,toc,10,961,rankings,intercambio,b=0.3,3,10.528616024973987,5.144640998959418,1,1,0.10375260002911091,1.0,0.0,"[[1, 2, 3, 4, 5, 6, 7, 8, 9, 10]]","[[1, 2, 3, 4, 5, 6, 7, 8, 9, 10]]"
00071-00000015.toc,toc,10,961,rankings,local,b=0.1,3,10.528616024973987,10.528616024973987,1,1,0.08728009997867048,1.0,0.0,"[[1, 2, 3, 4, 5, 6, 7, 8, 9, 10]]","[[1, 2, 3, 4, 5, 6, 7, 8, 9, 10]]"
00071-00000015.toc,toc,10,961,rankings,local,b=0.2,3,10.528616024973987,10.528616024973987,1,1,0.08707879995927215,1.0,0.0,"[[1, 2, 3, 4, 5, 6, 7, 8, 9, 10]]","[[1, 2, 3, 4, 5, 6, 7, 8, 9, 10]]"
00071-00000015.toc,toc,10,961,rankings,local,b=0.3,3,10.528616024973987,10.528616024973987,1,1,0.0969766000052914,1.0,0.0,"[[1, 2, 3, 4, 5, 6, 7, 8, 9, 10]]","[[1, 2, 3, 4, 5, 6, 7, 8, 9, 10]]"
00071-00000015.toc,toc,10,961,rankings,movimiento,b=0.1,3,10.528616024973987,9.47346514047867,1,1,0.08820779994130135,1.0,0.0,"[[1, 2, 3, 4, 5, 6, 7, 8, 9, 10]]","[[1, 2, 3, 4, 5, 6, 7, 8, 9, 10]]"
00071-00000015.toc,toc,10,961,rankings,movimiento,b=0.2,3,10.528616024973987,8.655567117585848,1,1,0.08785719994921237,1.0,0.0,"[[1, 2, 3, 4, 5, 6, 7, 8, 9, 10]]","[[1, 2, 3, 4, 5, 6, 7, 8, 9, 10]]"
00071-00000015.toc,toc,10,961,rankings,movimiento,b=0.3,3,10.528616024973987,7.456815816857441,1,1,0.11070600000675768,1.0,0.0,"[[1, 2, 3, 4, 5, 6, 7, 8, 9, 10]]","[[1, 2, 3, 4, 5, 6, 7, 8, 9, 10]]"
00071-00000015.toc,toc,10,961,rankings,empate,b=0.1,4,10.528616024973987,9.782518210197711,1,1,0.08552530000451952,1.0,0.0,"[[1, 2, 3, 4, 5, 6, 7, 8, 9, 10]]","[[1, 2, 3, 4, 5, 6, 7, 8, 9, 10]]"
00071-00000015.toc,toc,10,961,rankings,empate,b=0.2,4,10.528616024973987,8.621227887617067,1,1,0.08846569992601871,1.0,0.0,"[[1, 2, 3, 4, 5, 6, 7, 8, 9, 10]]","[[1, 2, 3, 4, 5, 6, 7, 8, 9, 10]]"
00071-00000015.toc,toc,10,961,rankings,empate,b=0.3,4,10.528616024973987,7.940686784599376,1,1,0.10582690010778606,1.0,0.0,"[[1, 2, 3, 4, 5, 6, 7, 8, 9, 10]]","[[1, 2, 3, 4, 5, 6, 7, 8, 9, 10]]"
00071-00000015.toc,toc,10,961,rankings,intercambio,b=0.1,4,10.528616024973987,8.062434963579605,1,1,0.08130530000198632,1.0,0.0,"[[1, 2, 3, 4, 5, 6, 7, 8, 9, 10]]","[[1, 2, 3, 4, 5, 6, 7, 8, 9, 10]]"
00071-00000015.toc,toc,10,961,rankings,intercambio,b=0.2,4,10.528616024973987,6.231009365244537,1,1,0.09251899993978441,1.0,0.0,"[[1, 2, 3, 4, 5, 6, 7, 8, 9, 10]]","[[1, 2, 3, 4, 5, 6, 7, 8, 9, 10]]"
00071-00000015.toc,toc,10,961,rankings,intercambio,b=0.3,4,10.528616024973987,4.678459937565036,1,1,0.10849390004295856,1.0,0.0,"[[1, 2, 3, 4, 5, 6, 7, 8, 9, 10]]","[[1, 2, 3, 4, 5, 6, 7, 8, 9, 10]]"
00071-00000015.toc,toc,10,961,rankings,local,b=0.1,4,10.528616024973987,10.528616024973987,1,1,0.09921929996926337,1.0,0.0,"[[1, 2, 3, 4, 5, 6, 7, 8, 9, 10]]","[[1, 2, 3, 4, 5, 6, 7, 8, 9, 10]]"
00071-00000015.toc,toc,10,961,rankings,local,b=0.2,4,10.528616024973987,10.528616024973987,1,1,0.10045550006907433,1.0,0.0,"[[1, 2, 3, 4, 5, 6, 7, 8, 9, 10]]","[[1, 2, 3, 4, 5, 6, 7, 8, 9, 10]]"
00071-00000015.toc,toc,10,961,rankings,local,b=0.3,4,10.528616024973987,10.528616024973987,1,1,0.09771500003989786,1.0,0.0,"[[1, 2, 3, 4, 5, 6, 7, 8, 9, 10]]","[[1, 2, 3, 4, 5, 6, 7, 8, 9, 10]]"
00071-00000015.toc,toc,10,961,rankings,movimiento,b=0.1,4,10.528616024973987,9.602497398543186,1,1,0.08713729993905872,1.0,0.0,"[[1, 2, 3, 4, 5, 6, 7, 8, 9, 10]]","[[1, 2, 3, 4, 5, 6, 7, 8, 9, 10]]"
00071-00000015.toc,toc,10,961,rankings,movimiento,b=0.2,4,10.528616024973987,8.621227887617065,1,1,0.08083630003966391,1.0,0.0,"[[1, 2, 3, 4, 5, 6, 7, 8, 9, 10]]","[[1, 2, 3, 4, 5, 6, 7, 8, 9, 10]]"
00071-00000015.toc,toc,10,961,rankings,movimiento,b=0.3,4,10.528616024973987,7.292403746097816,1,1,0.09005750005599111,1.0,0.0,"[[1, 2, 3, 4, 5, 6, 7, 8, 9, 10]]","[[1, 2, 3, 4, 5, 6, 7, 8, 9, 10]]"
