instancia,tipo,n,m,metodo,tecnica,parametros,seed,obj_value,obj_value_ruido,n_buckets,n_buckets_ruido,tiempo,kendall_tau,perdida,buckets_original,buckets_ruido
00004-00000001.soc,soc,3,664,rankings,empate,b=0.1,0,0.5783132529040484,0.6867469879742489,2,1,0.02538450004067272,0.0,0.9156626506024095,"[[1, 2], [3]]","[[1, 2, 3]]"
00004-00000001.soc,soc,3,664,rankings,empate,b=0.2,0,0.5783132529040484,0.6867469879742489,2,1,0.024504699977114797,0.0,0.9156626506024095,"[[1, 2], [3]]","[[1, 2, 3]]"
00004-00000001.soc,soc,3,664,rankings,empate,b=0.3,0,0.5783132529040484,0.6867469879742489,2,1,0.025878500076942146,0.0,0.9156626506024095,"[[1, 2], [3]]","[[1, 2, 3]]"
00004-00000001.soc,soc,3,664,rankings,intercambio,b=0.1,0,0.5783132529040484,0.13855421681276892,2,1,0.019722400000318885,0.0,0.9156626506024095,"[[1, 2], [3]]","[[1, 2, 3]]"
00004-00000001.soc,soc,3,664,rankings,intercambio,b=0.2,0,0.5783132529040484,0.13855421681276892,2,1,0.020175299956463277,0.0,0.9156626506024095,"[[1, 2], [3]]","[[1, 2, 3]]"
00004-00000001.soc,soc,3,664,rankings,intercambio,b=0.3,0,0.5783132529040484,0.13855421681276892,2,1,0.017959299962967634,0.0,0.9156626506024095,"[[1, 2], [3]]","[[1, 2, 3]]"
00004-00000001.soc,soc,3,664,rankings,local,b=0.1,0,0.5783132529040484,0.060240963830175076,2,1,0.010365699999965727,0.0,0.9156626506024095,"[[1, 2], [3]]","[[1, 2, 3]]"
00004-00000001.soc,soc,3,664,rankings,local,b=0.2,0,0.5783132529040484,0.060240963830175076,2,1,0.009536699973978102,0.0,0.9156626506024095,"[[1, 2], [3]]","[[1, 2, 3]]"
00004-00000001.soc,soc,3,664,rankings,local,b=0.3,0,0.5783132529040484,0.060240963830175076,2,1,0.00948840007185936,0.0,0.9156626506024095,"[[1, 2], [3]]","[[1, 2, 3]]"
00004-00000001.soc,soc,3,664,rankings,movimiento,b=0.1,0,0.5783132529040484,0.9638554216867472,2,1,0.018641799921169877,0.0,0.9156626506024095,"[[1, 2], [3]]","[[1, 2, 3]]"
00004-00000001.soc,soc,3,664,rankings,movimiento,b=0.2,0,0.5783132529040484,0.9638554216867472,2,1,0.0183852999471128,0.0,0.9156626506024095,"[[1, 2], [3]]","[[1, 2, 3]]"
00004-00000001.soc,soc,3,664,rankings,movimiento,b=0.3,0,0.5783132529040484,0.9638554216867472,2,1,0.018125499947927892,0.0,0.9156626506024095,"[[1, 2], [3]]","[[1, 2, 3]]"
00004-00000001.soc,soc,3,664,rankings,empate,b=0.1,1,0.5783132529040484,0.813253012091673,2,1,0.01922959997318685,0.0,0.9156626506024095,"[[1, 2], [3]]","[[1, 2, 3]]"
00004-00000001.soc,soc,3,664,rankings,empate,b=0.2,1,0.5783132529040484,0.813253012091673,2,1,0.01804269989952445,0.0,0.9156626506024095,"[[1, 2], [3]]","[[1, 2, 3]]"
00004-00000001.soc,soc,3,664,rankings,empate,b=0.3,1,0.5783132529040484,0.813253012091673,2,1,0.017880799947306514,0.0,0.9156626506024095,"[[1, 2], [3]]","[[1, 2, 3]]"
00004-00000001.soc,soc,3,664,rankings,intercambio,b=0.1,1,0.5783132529040484,0.12048192771084354,2,1,0.014924799907021224,0.0,0.9156626506024095,"[[1, 2], [3]]","[[1, 2, 3]]"
00004-00000001.soc,soc,3,664,rankings,intercambio,b=0.2,1,0.5783132529040484,0.12048192771084354,2,1,0.01591850002296269,0.0,0.9156626506024095,"[[1, 2], [3]]","[[1, 2, 3]]"
00004-00000001.soc,soc,3,664,rankings,intercambio,b=0.3,1,0.5783132529040484,0.12048192771084354,2,1,0.0157416999572888,0.0,0.9156626506024095,"[[1, 2], [3]]","[[1, 2, 3]]"
00004-00000001.soc,soc,3,664,rankings,local,b=0.1,1,0.5783132529040484,0.15060240963013882,2,1,0.009257900062948465,0.0,0.9156626506024095,"[[1, 2], [3]]","[[1, 2, 3]]"
00004-00000001.soc,soc,3,664,rankings,local,b=0.2,1,0.5783132529040484,0.15060240963013882,2,1,0.009445399977266788,0.0,0.9156626506024095,"[[1, 2], [3]]","[[1, 2, 3]]"
00004-00000001.soc,soc,3,664,rankings,local,b=0.3,1,0.5783132529040484,0.15060240963013882,2,1,0.009495800011791289,0.0,0.9156626506024095,"[[1, 2], [3]]","[[1, 2, 3]]"
00004-00000001.soc,soc,3,664,rankings,movimiento,b=0.1,1,0.5783132529040484,0.9352409638259673,2,1,0.013946200022473931,0.0,0.9156626506024095,"[[1, 2], [3]]","[[1, 2, 3]]"
00004-00000001.soc,soc,3,664,rankings,movimiento,b=0.2,1,0.5783132529040484,0.9352409638259673,2,1,0.014294799999333918,0.0,0.9156626506024095,"[[1, 2], [3]]","[[1, 2, 3]]"
00004-00000001.soc,soc,3,664,rankings,movimiento,b=0.3,1,0.5783132529040484,0.9352409638259673,2,1,0.01412109995726496,0.0,0.9156626506024095,"[[1, 2], [3]]","[[1, 2, 3]]"
00004-00000001.soc,soc,3,664,rankings,empate,b=0.1,2,0.5783132529040484,0.8584337348892657,2,1,0.017775900079868734,0.0,0.9156626506024095,"[[1, 2], [3]]","[[1, 2, 3]]"
00004-00000001.soc,soc,3,664,rankings,empate,b=0.2,2,0.5783132529040484,0.8584337348892657,2,1,0.017885599983856082,0.0,0.9156626506024095,"[[1, 2], [3]]","[[1, 2, 3]]"
00004-00000001.soc,soc,3,664,rankings,empate,b=0.3,2,0.5783132529040484,0.8584337348892657,2,1,0.017707000020891428,0.0,0.9156626506024095,"[[1, 2], [3]]","[[1, 2, 3]]"
00004-00000001.soc,soc,3,664,rankings,intercambio,b=0.1,2,0.5783132529040484,0.06024096383859079,2,1,0.015032699913717806,0.0,0.9156626506024095,"[[1, 2], [3]]","[[1, 2, 3]]"
00004-00000001.soc,soc,3,664,rankings,intercambio,b=0.2,2,0.5783132529040484,0.06024096383859079,2,1,0.015169100021012127,0.0,0.9156626506024095,"[[1, 2], [3]]","[[1, 2, 3]]"
00004-00000001.soc,soc,3,664,rankings,intercambio,b=0.3,2,0.5783132529040484,0.06024096383859079,2,1,0.01474190002772957,0.0,0.9156626506024095,"[[1, 2], [3]]","[[1, 2, 3]]"
00004-00000001.soc,soc,3,664,rankings,local,b=0.1,2,0.5783132529040484,0.12048192770242783,2,1,0.009171999990940094,0.0,0.9156626506024095,"[[1, 2], [3]]","[[1, 2, 3]]"
00004-00000001.soc,soc,3,664,rankings,local,b=0.2,2,0.5783132529040484,0.12048192770242783,2,1,0.00958139996509999,0.0,0.9156626506024095,"[[1, 2], [3]]","[[1, 2, 3]]"
00004-00000001.soc,soc,3,664,rankings,local,b=0.3,2,0.5783132529040484,0.12048192770242783,2,1,0.009141799993813038,0.0,0.9156626506024095,"[[1, 2], [3]]","[[1, 2, 3]]"
00004-00000001.soc,soc,3,664,rankings,movimiento,b=0.1,2,0.5783132529040484,0.9894578313561584,2,1,0.01921349996700883,0.0,0.9156626506024095,"[[1, 2], [3]]","[[1, 2, 3]]"
00004-00000001.soc,soc,3,664,rankings,movimiento,b=0.2,2,0.5783132529040484,0.9894578313561584,2,1,0.018726499984040856,0.0,0.9156626506024095,"[[1, 2], [3]]","[[1, 2, 3]]"
00004-00000001.soc,soc,3,664,rankings,movimiento,b=0.3,2,0.5783132529040484,0.9894578313561584,2,1,0.025419100071303546,0.0,0.9156626506024095,"[[1, 2], [3]]","[[1, 2, 3]]"
00004-00000001.soc,soc,3,664,rankings,empate,b=0.1,3,0.5783132529040484,0.6897590361445785,2,1,0.030569099937565625,0.0,0.9156626506024095,"[[1, 2], [3]]","[[1, 2, 3]]"
00004-00000001.soc,soc,3,664,rankings,empate,b=0.2,3,0.5783132529040484,0.6897590361445785,2,1,0.049213499994948506,0.0,0.9156626506024095,"[[1, 2], [3]]","[[1, 2, 3]]"
00004-00000001.soc,soc,3,664,rankings,empate,b=0.3,3,0.5783132529040484,0.6897590361445785,2,1,0.021892599994316697,0.0,0.9156626506024095,"[[1, 2], [3]]","[[1, 2, 3]]"
00004-00000001.soc,soc,3,664,rankings,intercambio,b=0.1,3,0.5783132529040484,0.16867469882744024,2,1,0.01733940001577139,0.0,0.9156626506024095,"[[1, 2], [3]]","[[1, 2, 3]]"
00004-00000001.soc,soc,3,664,rankings,intercambio,b=0.2,3,0.5783132529040484,0.16867469882744024,2,1,0.016395699931308627,0.0,0.9156626506024095,"[[1, 2], [3]]","[[1, 2, 3]]"
00004-00000001.soc,soc,3,664,rankings,intercambio,b=0.3,3,0.5783132529040484,0.16867469882744024,2,1,0.016219399985857308,0.0,0.9156626506024095,"[[1, 2], [3]]","[[1, 2, 3]]"
00004-00000001.soc,soc,3,664,rankings,local,b=0.1,3,0.5783132529040484,0.06626506024096379,2,1,0.010161799960769713,0.0,0.9156626506024095,"[[1, 2], [3]]","[[1, 2, 3]]"
00004-00000001.soc,soc,3,664,rankings,local,b=0.2,3,0.5783132529040484,0.06626506024096379,2,1,0.010354400030337274,0.0,0.9156626506024095,"[[1, 2], [3]]","[[1, 2, 3]]"
00004-00000001.soc,soc,3,664,rankings,local,b=0.3,3,0.5783132529040484,0.06626506024096379,2,1,0.009497600025497377,0.0,0.9156626506024095,"[[1, 2], [3]]","[[1, 2, 3]]"
00004-00000001.soc,soc,3,664,rankings,movimiento,b=0.1,3,0.5783132529040484,1.0256024096357492,2,1,0.021166000049561262,0.0,0.9156626506024095,"[[1, 2], [3]]","[[1, 2, 3]]"
00004-00000001.soc,soc,3,664,rankings,movimiento,b=0.2,3,0.5783132529040484,1.0256024096357492,2,1,0.019211299950256944,0.0,0.9156626506024095,"[[1, 2], [3]]","[[1, 2, 3]]"
00004-00000001.soc,soc,3,664,rankings,movimiento,b=0.3,3,0.5783132529040484,1.0256024096357492,2,1,0.01923710003029555,0.0,0.9156626506024095,"[[1, 2], [3]]","[[1, 2, 3]]"
00004-00000001.soc,soc,3,664,rankings,empate,b=0.1,4,0.5783132529040484,0.665662650589786,2,1,0.01813340000808239,0.0,0.9156626506024095,"[[1, 2], [3]]","[[1, 2, 3]]"
00004-00000001.soc,soc,3,664,rankings,empate,b=0.2,4,0.5783132529040484,0.665662650589786,2,1,0.017877500038594007,0.0,0.9156626506024095,"[[1, 2], [3]]","[[1, 2, 3]]"
00004-00000001.soc,soc,3,664,rankings,empate,b=0.3,4,0.5783132529040484,0.665662650589786,2,1,0.018000199925154448,0.0,0.9156626506024095,"[[1, 2], [3]]","[[1, 2, 3]]"
00004-00000001.soc,soc,3,664,rankings,intercambio,b=0.1,4,0.5783132529040484,0.09638554213922035,2,1,0.015437899972312152,0.0,0.9156626506024095,"[[1, 2], [3]]","[[1, 2, 3]]"
00004-00000001.soc,soc,3,664,rankings,intercambio,b=0.2,4,0.5783132529040484,0.09638554213922035,2,1,0.01640129997394979,0.0,0.9156626506024095,"[[1, 2], [3]]","[[1, 2, 3]]"
00004-00000001.soc,soc,3,664,rankings,intercambio,b=0.3,4,0.5783132529040484,0.09638554213922035,2,1,0.01626100006978959,0.0,0.9156626506024095,"[[1, 2], [3]]","[[1, 2, 3]]"
00004-00000001.soc,soc,3,664,rankings,local,b=0.1,4,0.5783132529040484,0.0843373493723436,2,1,0.010345699964091182,0.0,0.9156626506024095,"[[1, 2], [3]]","[[1, 2, 3]]"
00004-00000001.soc,soc,3,664,rankings,local,b=0.2,4,0.5783132529040484,0.0843373493723436,2,1,0.010299000074155629,0.0,0.9156626506024095,"[[1, 2], [3]]","[[1, 2, 3]]"
00004-00000001.soc,soc,3,664,rankings,local,b=0.3,4,0.5783132529040484,0.0843373493723436,2,1,0.009422700037248433,0.0,0.9156626506024095,"[[1, 2], [3]]","[[1, 2, 3]]"
00004-00000001.soc,soc,3,664,rankings,movimiento,b=0.1,4,0.5783132529040484,1.0150602409610505,2,1,0.018525199964642525,0.0,0.9156626506024095,"[[1, 2], [3]]","[[1, 2, 3]]"
00004-00000001.soc,soc,3,664,rankings,movimiento,b=0.2,4,0.5783132529040484,1.0150602409610505,2,1,0.01933769998140633,0.0,0.9156626506024095,"[[1, 2], [3]]","[[1, 2, 3]]"
00004-00000001.soc,soc,3,664,rankings,movimiento,b=0.3,4,0.5783132529040484,1.0150602409610505,2,1,0.018992200028151274,0.0,0.9156626506024095,"[[1, 2], [3]]","[[1, 2, 3]]"
00004-00000002.soc,soc,3,1591,rankings,empate,b=0.1,0,0.6643620364034737,0.31175361416765934,1,1,0.038940200000070035,1.0,0.0,"[[1, 2, 3]]","[[1, 2, 3]]"
00004-00000002.soc,soc,3,1591,rankings,empate,b=0.2,0,0.6643620364034737,0.31175361416765934,1,1,0.03590120002627373,1.0,0.0,"[[1, 2, 3]]","[[1, 2, 3]]"
00004-00000002.soc,soc,3,1591,rankings,empate,b=0.3,0,0.6643620364034737,0.31175361416765934,1,1,0.03564340004231781,1.0,0.0,"[[1, 2, 3]]","[[1, 2, 3]]"
00004-00000002.soc,soc,3,1591,rankings,intercambio,b=0.1,0,0.6643620364034737,0.1803896920617214,1,1,0.03164299996569753,1.0,0.0,"[[1, 2, 3]]","[[1, 2, 3]]"
00004-00000002.soc,soc,3,1591,rankings,intercambio,b=0.2,0,0.6643620364034737,0.1803896920617214,1,1,0.02957130002323538,1.0,0.0,"[[1, 2, 3]]","[[1, 2, 3]]"
00004-00000002.soc,soc,3,1591,rankings,intercambio,b=0.3,0,0.6643620364034737,0.1803896920617214,1,1,0.030113799963146448,1.0,0.0,"[[1, 2, 3]]","[[1, 2, 3]]"
00004-00000002.soc,soc,3,1591,rankings,local,b=0.1,0,0.6643620364034737,0.20175989941456196,1,1,0.016253600013442338,1.0,0.0,"[[1, 2, 3]]","[[1, 2, 3]]"
00004-00000002.soc,soc,3,1591,rankings,local,b=0.2,0,0.6643620364034737,0.20175989941456196,1,1,0.029410099959932268,1.0,0.0,"[[1, 2, 3]]","[[1, 2, 3]]"
00004-00000002.soc,soc,3,1591,rankings,local,b=0.3,0,0.6643620364034737,0.20175989941456196,1,1,0.016241699922829866,1.0,0.0,"[[1, 2, 3]]","[[1, 2, 3]]"
00004-00000002.soc,soc,3,1591,rankings,movimiento,b=0.1,0,0.6643620364034737,0.4525455688579316,1,1,0.028130499995313585,1.0,0.0,"[[1, 2, 3]]","[[1, 2, 3]]"
00004-00000002.soc,soc,3,1591,rankings,movimiento,b=0.2,0,0.6643620364034737,0.4525455688579316,1,1,0.028816899983212352,1.0,0.0,"[[1, 2, 3]]","[[1, 2, 3]]"
00004-00000002.soc,soc,3,1591,rankings,movimiento,b=0.3,0,0.6643620364034737,0.4525455688579316,1,1,0.02824520005378872,1.0,0.0,"[[1, 2, 3]]","[[1, 2, 3]]"
00004-00000002.soc,soc,3,1591,rankings,empate,b=0.1,1,0.6643620364034737,0.3670647391951529,1,1,0.03641889989376068,1.0,0.0,"[[1, 2, 3]]","[[1, 2, 3]]"
00004-00000002.soc,soc,3,1591,rankings,empate,b=0.2,1,0.6643620364034737,0.3670647391951529,1,1,0.036400899989530444,1.0,0.0,"[[1, 2, 3]]","[[1, 2, 3]]"
00004-00000002.soc,soc,3,1591,rankings,empate,b=0.3,1,0.6643620364034737,0.3670647391951529,1,1,0.03635680000297725,1.0,0.0,"[[1, 2, 3]]","[[1, 2, 3]]"
00004-00000002.soc,soc,3,1591,rankings,intercambio,b=0.1,1,0.6643620364034737,0.18038969195950094,1,1,0.03032549994532019,1.0,0.0,"[[1, 2, 3]]","[[1, 2, 3]]"
00004-00000002.soc,soc,3,1591,rankings,intercambio,b=0.2,1,0.6643620364034737,0.18038969195950094,1,1,0.02941289998125285,1.0,0.0,"[[1, 2, 3]]","[[1, 2, 3]]"
00004-00000002.soc,soc,3,1591,rankings,intercambio,b=0.3,1,0.6643620364034737,0.18038969195950094,1,1,0.030002200044691563,1.0,0.0,"[[1, 2, 3]]","[[1, 2, 3]]"
00004-00000002.soc,soc,3,1591,rankings,local,b=0.1,1,0.6643620364034737,0.1803896920106478,1,1,0.018020400078967214,1.0,0.0,"[[1, 2, 3]]","[[1, 2, 3]]"
00004-00000002.soc,soc,3,1591,rankings,local,b=0.2,1,0.6643620364034737,0.1803896920106478,1,1,0.01636300003156066,1.0,0.0,"[[1, 2, 3]]","[[1, 2, 3]]"
00004-00000002.soc,soc,3,1591,rankings,local,b=0.3,1,0.6643620364034737,0.1803896920106478,1,1,0.015356999938376248,1.0,0.0,"[[1, 2, 3]]","[[1, 2, 3]]"
00004-00000002.soc,soc,3,1591,rankings,movimiento,b=0.1,1,0.6643620364034737,0.4204902576646572,1,1,0.027035799925215542,1.0,0.0,"[[1, 2, 3]]","[[1, 2, 3]]"
00004-00000002.soc,soc,3,1591,rankings,movimiento,b=0.2,1,0.6643620364034737,0.4204902576646572,1,1,0.026666899910196662,1.0,0.0,"[[1, 2, 3]]","[[1, 2, 3]]"
00004-00000002.soc,soc,3,1591,rankings,movimiento,b=0.3,1,0.6643620364034737,0.4204902576646572,1,1,0.02695490000769496,1.0,0.0,"[[1, 2, 3]]","[[1, 2, 3]]"
00004-00000002.soc,soc,3,1591,rankings,empate,b=0.1,2,0.6643620364034737,0.37963544930828097,1,1,0.03618120006285608,1.0,0.0,"[[1, 2, 3]]","[[1, 2, 3]]"
00004-00000002.soc,soc,3,1591,rankings,empate,b=0.2,2,0.6643620364034737,0.37963544930828097,1,1,0.049774000071920455,1.0,0.0,"[[1, 2, 3]]","[[1, 2, 3]]"
00004-00000002.soc,soc,3,1591,rankings,empate,b=0.3,2,0.6643620364034737,0.37963544930828097,1,1,0.03684559999965131,1.0,0.0,"[[1, 2, 3]]","[[1, 2, 3]]"
00004-00000002.soc,soc,3,1591,rankings,intercambio,b=0.1,2,0.6643620364034737,0.18038969206735556,1,1,0.03017289994750172,1.0,0.0,"[[1, 2, 3]]","[[1, 2, 3]]"
00004-00000002.soc,soc,3,1591,rankings,intercambio,b=0.2,2,0.6643620364034737,0.18038969206735556,1,1,0.02979659999255091,1.0,0.0,"[[1, 2, 3]]","[[1, 2, 3]]"
00004-00000002.soc,soc,3,1591,rankings,intercambio,b=0.3,2,0.6643620364034737,0.18038969206735556,1,1,0.03015050000976771,1.0,0.0,"[[1, 2, 3]]","[[1, 2, 3]]"
00004-00000002.soc,soc,3,1591,rankings,local,b=0.1,2,0.6643620364034737,0.2671275927064274,1,1,0.01611389999743551,1.0,0.0,"[[1, 2, 3]]","[[1, 2, 3]]"
00004-00000002.soc,soc,3,1591,rankings,local,b=0.2,2,0.6643620364034737,0.2671275927064274,1,1,0.016572499996982515,1.0,0.0,"[[1, 2, 3]]","[[1, 2, 3]]"
00004-00000002.soc,soc,3,1591,rankings,local,b=0.3,2,0.6643620364034737,0.2671275927064274,1,1,0.016385900089517236,1.0,0.0,"[[1, 2, 3]]","[[1, 2, 3]]"
00004-00000002.soc,soc,3,1591,rankings,movimiento,b=0.1,2,0.6643620364034737,0.47077309867363626,1,1,0.02792499994393438,1.0,0.0,"[[1, 2, 3]]","[[1, 2, 3]]"
00004-00000002.soc,soc,3,1591,rankings,movimiento,b=0.2,2,0.6643620364034737,0.47077309867363626,1,1,0.0277195000089705,1.0,0.0,"[[1, 2, 3]]","[[1, 2, 3]]"
00004-00000002.soc,soc,3,1591,rankings,movimiento,b=0.3,2,0.6643620364034737,0.47077309867363626,1,1,0.028235599980689585,1.0,0.0,"[[1, 2, 3]]","[[1, 2, 3]]"
00004-00000002.soc,soc,3,1591,rankings,empate,b=0.1,3,0.6643620364034737,0.26775612822161055,1,1,0.036395200062543154,1.0,0.0,"[[1, 2, 3]]","[[1, 2, 3]]"
00004-00000002.soc,soc,3,1591,rankings,empate,b=0.2,3,0.6643620364034737,0.26775612822161055,1,1,0.042444100021384656,1.0,0.0,"[[1, 2, 3]]","[[1, 2, 3]]"
00004-00000002.soc,soc,3,1591,rankings,empate,b=0.3,3,0.6643620364034737,0.26775612822161055,1,1,0.040261699934490025,1.0,0.0,"[[1, 2, 3]]","[[1, 2, 3]]"
00004-00000002.soc,soc,3,1591,rankings,intercambio,b=0.1,3,0.6643620364034737,0.18038969200772104,1,1,0.03243699995800853,1.0,0.0,"[[1, 2, 3]]","[[1, 2, 3]]"
00004-00000002.soc,soc,3,1591,rankings,intercambio,b=0.2,3,0.6643620364034737,0.18038969200772104,1,1,0.03181029995903373,1.0,0.0,"[[1, 2, 3]]","[[1, 2, 3]]"
00004-00000002.soc,soc,3,1591,rankings,intercambio,b=0.3,3,0.6643620364034737,0.18038969200772104,1,1,0.03113170003052801,1.0,0.0,"[[1, 2, 3]]","[[1, 2, 3]]"
00004-00000002.soc,soc,3,1591,rankings,local,b=0.1,3,0.6643620364034737,0.2269013198736488,1,1,0.029864999931305647,1.0,0.0,"[[1, 2, 3]]","[[1, 2, 3]]"
00004-00000002.soc,soc,3,1591,rankings,local,b=0.2,3,0.6643620364034737,0.2269013198736488,1,1,0.01768910000100732,1.0,0.0,"[[1, 2, 3]]","[[1, 2, 3]]"
00004-00000002.soc,soc,3,1591,rankings,local,b=0.3,3,0.6643620364034737,0.2269013198736488,1,1,0.01802799990400672,1.0,0.0,"[[1, 2, 3]]","[[1, 2, 3]]"
00004-00000002.soc,soc,3,1591,rankings,movimiento,b=0.1,3,0.6643620364034737,0.4808296668256904,1,1,0.029338099993765354,1.0,0.0,"[[1, 2, 3]]","[[1, 2, 3]]"
00004-00000002.soc,soc,3,1591,rankings,movimiento,b=0.2,3,0.6643620364034737,0.4808296668256904,1,1,0.029570700018666685,1.0,0.0,"[[1, 2, 3]]","[[1, 2, 3]]"
00004-00000002.soc,soc,3,1591,rankings,movimiento,b=0.3,3,0.6643620364034737,0.4808296668256904,1,1,0.0304598999209702,1.0,0.0,"[[1, 2, 3]]","[[1, 2, 3]]"
00004-00000002.soc,soc,3,1591,rankings,empate,b=0.1,4,0.6643620364034737,0.35700817100475746,1,1,0.03713749989401549,1.0,0.0,"[[1, 2, 3]]","[[1, 2, 3]]"
00004-00000002.soc,soc,3,1591,rankings,empate,b=0.2,4,0.6643620364034737,0.35700817100475746,1,1,0.03828510001767427,1.0,0.0,"[[1, 2, 3]]","[[1, 2, 3]]"
00004-00000002.soc,soc,3,1591,rankings,empate,b=0.3,4,0.6643620364034737,0.35700817100475746,1,1,0.03739840001799166,1.0,0.0,"[[1, 2, 3]]","[[1, 2, 3]]"
00004-00000002.soc,soc,3,1591,rankings,intercambio,b=0.1,4,0.6643620364034737,0.18038969197933064,1,1,0.03098789998330176,1.0,0.0,"[[1, 2, 3]]","[[1, 2, 3]]"
00004-00000002.soc,soc,3,1591,rankings,intercambio,b=0.2,4,0.6643620364034737,0.18038969197933064,1,1,0.03058019990567118,1.0,0.0,"[[1, 2, 3]]","[[1, 2, 3]]"
00004-00000002.soc,soc,3,1591,rankings,intercambio,b=0.3,4,0.6643620364034737,0.18038969197933064,1,1,0.03170930000487715,1.0,0.0,"[[1, 2, 3]]","[[1, 2, 3]]"
00004-00000002.soc,soc,3,1591,rankings,local,b=0.1,4,0.6643620364034737,0.24701445626870866,1,1,0.017246499890461564,1.0,0.0,"[[1, 2, 3]]","[[1, 2, 3]]"
00004-00000002.soc,soc,3,1591,rankings,local,b=0.2,4,0.6643620364034737,0.24701445626870866,1,1,0.017231500009074807,1.0,0.0,"[[1, 2, 3]]","[[1, 2, 3]]"
00004-00000002.soc,soc,3,1591,rankings,local,b=0.3,4,0.6643620364034737,0.24701445626870866,1,1,0.016677799983881414,1.0,0.0,"[[1, 2, 3]]","[[1, 2, 3]]"
00004-00000002.soc,soc,3,1591,rankings,movimiento,b=0.1,4,0.6643620364034737,0.37837837842718336,1,1,0.029255999950692058,1.0,0.0,"[[1, 2, 3]]","[[1, 2, 3]]"
00004-00000002.soc,soc,3,1591,rankings,movimiento,b=0.2,4,0.6643620364034737,0.37837837842718336,1,1,0.02895349997561425,1.0,0.0,"[[1, 2, 3]]","[[1, 2, 3]]"
00004-00000002.soc,soc,3,1591,rankings,movimiento,b=0.3,4,0.6643620364034737,0.37837837842718336,1,1,0.04242850001901388,1.0,0.0,"[[1, 2, 3]]","[[1, 2, 3]]"
00004-00000003.soc,soc,3,533,rankings,empate,b=0.1,0,1.0018761727260426,1.00938086300489,3,1,0.014713000040501356,0.0,0.9962476547842398,"[[3], [2], [1]]","[[1, 2, 3]]"
00004-00000003.soc,soc,3,533,rankings,empate,b=0.2,0,1.0018761727260426,1.00938086300489,3,1,0.015586899942718446,0.0,0.9962476547842398,"[[3], [2], [1]]","[[1, 2, 3]]"
00004-00000003.soc,soc,3,533,rankings,empate,b=0.3,0,1.0018761727260426,1.00938086300489,3,1,0.014697699923999608,0.0,0.9962476547842398,"[[3], [2], [1]]","[[1, 2, 3]]"
00004-00000003.soc,soc,3,533,rankings,intercambio,b=0.1,0,1.0018761727260426,0.29831144463761894,3,1,0.011724399984814227,0.0,0.9962476547842398,"[[3], [2], [1]]","[[1, 2, 3]]"
00004-00000003.soc,soc,3,533,rankings,intercambio,b=0.2,0,1.0018761727260426,0.29831144463761894,3,1,0.011835800018161535,0.0,0.9962476547842398,"[[3], [2], [1]]","[[1, 2, 3]]"
00004-00000003.soc,soc,3,533,rankings,intercambio,b=0.3,0,1.0018761727260426,0.29831144463761894,3,1,0.011385899968445301,0.0,0.9962476547842398,"[[3], [2], [1]]","[[1, 2, 3]]"
00004-00000003.soc,soc,3,533,rankings,local,b=0.1,0,1.0018761727260426,0.6172607879997027,3,1,0.007397499983198941,0.0,0.9962476547842398,"[[3], [2], [1]]","[[1, 2, 3]]"
00004-00000003.soc,soc,3,533,rankings,local,b=0.2,0,1.0018761727260426,0.6172607879997027,3,1,0.006953900097869337,0.0,0.9962476547842398,"[[3], [2], [1]]","[[1, 2, 3]]"
00004-00000003.soc,soc,3,533,rankings,local,b=0.3,0,1.0018761727260426,0.6172607879997027,3,1,0.0075916999485343695,0.0,0.9962476547842398,"[[3], [2], [1]]","[[1, 2, 3]]"
00004-00000003.soc,soc,3,533,rankings,movimiento,b=0.1,0,1.0018761727260426,1.2120075047304015,3,1,0.011429599951952696,0.0,0.9962476547842398,"[[3], [2], [1]]","[[1, 2, 3]]"
00004-00000003.soc,soc,3,533,rankings,movimiento,b=0.2,0,1.0018761727260426,1.2120075047304015,3,1,0.011334499926306307,0.0,0.9962476547842398,"[[3], [2], [1]]","[[1, 2, 3]]"
00004-00000003.soc,soc,3,533,rankings,movimiento,b=0.3,0,1.0018761727260426,1.2120075047304015,3,1,0.011620800010859966,0.0,0.9962476547842398,"[[3], [2], [1]]","[[1, 2, 3]]"
00004-00000003.soc,soc,3,533,rankings,empate,b=0.1,1,1.0018761727260426,0.990619136961911,3,1,0.013711399980820715,0.0,0.9962476547842398,"[[3], [2], [1]]","[[1, 2, 3]]"
00004-00000003.soc,soc,3,533,rankings,empate,b=0.2,1,1.0018761727260426,0.990619136961911,3,1,0.013614099938422441,0.0,0.9962476547842398,"[[3], [2], [1]]","[[1, 2, 3]]"
00004-00000003.soc,soc,3,533,rankings,empate,b=0.3,1,1.0018761727260426,0.990619136961911,3,1,0.013502600020729005,0.0,0.9962476547842398,"[[3], [2], [1]]","[[1, 2, 3]]"
00004-00000003.soc,soc,3,533,rankings,intercambio,b=0.1,1,1.0018761727260426,0.298311444686544,3,1,0.011038399999961257,0.0,0.9962476547842398,"[[3], [2], [1]]","[[1, 2, 3]]"
00004-00000003.soc,soc,3,533,rankings,intercambio,b=0.2,1,1.0018761727260426,0.298311444686544,3,1,0.011266699992120266,0.0,0.9962476547842398,"[[3], [2], [1]]","[[1, 2, 3]]"
00004-00000003.soc,soc,3,533,rankings,intercambio,b=0.3,1,1.0018761727260426,0.298311444686544,3,1,0.01122019998729229,0.0,0.9962476547842398,"[[3], [2], [1]]","[[1, 2, 3]]"
00004-00000003.soc,soc,3,533,rankings,local,b=0.1,1,1.0018761727260426,0.47467166981721,3,1,0.0068388000363484025,0.0,0.9962476547842398,"[[3], [2], [1]]","[[1, 2, 3]]"
00004-00000003.soc,soc,3,533,rankings,local,b=0.2,1,1.0018761727260426,0.47467166981721,3,1,0.007029699976556003,0.0,0.9962476547842398,"[[3], [2], [1]]","[[1, 2, 3]]"
00004-00000003.soc,soc,3,533,rankings,local,b=0.3,1,1.0018761727260426,0.47467166981721,3,1,0.006821900024078786,0.0,0.9962476547842398,"[[3], [2], [1]]","[[1, 2, 3]]"
00004-00000003.soc,soc,3,533,rankings,movimiento,b=0.1,1,1.0018761727260426,1.3302063789761644,3,1,0.011197199928574264,0.0,0.9962476547842398,"[[3], [2], [1]]","[[1, 2, 3]]"
00004-00000003.soc,soc,3,533,rankings,movimiento,b=0.2,1,1.0018761727260426,1.3302063789761644,3,1,0.011216299957595766,0.0,0.9962476547842398,"[[3], [2], [1]]","[[1, 2, 3]]"
00004-00000003.soc,soc,3,533,rankings,movimiento,b=0.3,1,1.0018761727260426,1.3302063789761644,3,1,0.011049199965782464,0.0,0.9962476547842398,"[[3], [2], [1]]","[[1, 2, 3]]"
00004-00000003.soc,soc,3,533,rankings,empate,b=0.1,2,1.0018761727260426,0.9793621013513252,3,1,0.013432600069791079,0.0,0.9962476547842398,"[[3], [2], [1]]","[[1, 2, 3]]"
00004-00000003.soc,soc,3,533,rankings,empate,b=0.2,2,1.0018761727260426,0.9793621013513252,3,1,0.013511599972844124,0.0,0.9962476547842398,"[[3], [2], [1]]","[[1, 2, 3]]"
00004-00000003.soc,soc,3,533,rankings,empate,b=0.3,2,1.0018761727260426,0.9793621013513252,3,1,0.013837600010447204,0.0,0.9962476547842398,"[[3], [2], [1]]","[[1, 2, 3]]"
00004-00000003.soc,soc,3,533,rankings,intercambio,b=0.1,2,1.0018761727260426,0.298311444577118,3,1,0.011258100043050945,0.0,0.9962476547842398,"[[3], [2], [1]]","[[1, 2, 3]]"
00004-00000003.soc,soc,3,533,rankings,intercambio,b=0.2,2,1.0018761727260426,0.298311444577118,3,1,0.011366999940946698,0.0,0.9962476547842398,"[[3], [2], [1]]","[[1, 2, 3]]"
00004-00000003.soc,soc,3,533,rankings,intercambio,b=0.3,2,1.0018761727260426,0.298311444577118,3,1,0.01122169999871403,0.0,0.9962476547842398,"[[3], [2], [1]]","[[1, 2, 3]]"
00004-00000003.soc,soc,3,533,rankings,local,b=0.1,2,1.0018761727260426,0.632270168848764,3,1,0.007388600031845272,0.0,0.9962476547842398,"[[3], [2], [1]]","[[1, 2, 3]]"
00004-00000003.soc,soc,3,533,rankings,local,b=0.2,2,1.0018761727260426,0.632270168848764,3,1,0.007027300074696541,0.0,0.9962476547842398,"[[3], [2], [1]]","[[1, 2, 3]]"
00004-00000003.soc,soc,3,533,rankings,local,b=0.3,2,1.0018761727260426,0.632270168848764,3,1,0.0069603999145329,0.0,0.9962476547842398,"[[3], [2], [1]]","[[1, 2, 3]]"
00004-00000003.soc,soc,3,533,rankings,movimiento,b=0.1,2,1.0018761727260426,1.302063789877186,3,1,0.011425600037910044,0.0,0.9962476547842398,"[[3], [2], [1]]","[[1, 2, 3]]"
00004-00000003.soc,soc,3,533,rankings,movimiento,b=0.2,2,1.0018761727260426,1.302063789877186,3,1,0.011239499901421368,0.0,0.9962476547842398,"[[3], [2], [1]]","[[1, 2, 3]]"
00004-00000003.soc,soc,3,533,rankings,movimiento,b=0.3,2,1.0018761727260426,1.302063789877186,3,1,0.011093100067228079,0.0,0.9962476547842398,"[[3], [2], [1]]","[[1, 2, 3]]"
00004-00000003.soc,soc,3,533,rankings,empate,b=0.1,3,1.0018761727260426,0.8930581613888484,3,1,0.01359639992006123,0.0,0.9962476547842398,"[[3], [2], [1]]","[[1, 2, 3]]"
00004-00000003.soc,soc,3,533,rankings,empate,b=0.2,3,1.0018761727260426,0.8930581613888484,3,1,0.01349429995752871,0.0,0.9962476547842398,"[[3], [2], [1]]","[[1, 2, 3]]"
00004-00000003.soc,soc,3,533,rankings,empate,b=0.3,3,1.0018761727260426,0.8930581613888484,3,1,0.013727299985475838,0.0,0.9962476547842398,"[[3], [2], [1]]","[[1, 2, 3]]"
00004-00000003.soc,soc,3,533,rankings,intercambio,b=0.1,3,1.0018761727260426,0.2983114446341244,3,1,0.011416200082749128,0.0,0.9962476547842398,"[[3], [2], [1]]","[[1, 2, 3]]"
00004-00000003.soc,soc,3,533,rankings,intercambio,b=0.2,3,1.0018761727260426,0.2983114446341244,3,1,0.012450499925762415,0.0,0.9962476547842398,"[[3], [2], [1]]","[[1, 2, 3]]"
00004-00000003.soc,soc,3,533,rankings,intercambio,b=0.3,3,1.0018761727260426,0.2983114446341244,3,1,0.012028399971313775,0.0,0.9962476547842398,"[[3], [2], [1]]","[[1, 2, 3]]"
00004-00000003.soc,soc,3,533,rankings,local,b=0.1,3,1.0018761727260426,0.4146341463045512,3,1,0.008400500053539872,0.0,0.9962476547842398,"[[3], [2], [1]]","[[1, 2, 3]]"
00004-00000003.soc,soc,3,533,rankings,local,b=0.2,3,1.0018761727260426,0.4146341463045512,3,1,0.007497800048440695,0.0,0.9962476547842398,"[[3], [2], [1]]","[[1, 2, 3]]"
00004-00000003.soc,soc,3,533,rankings,local,b=0.3,3,1.0018761727260426,0.4146341463045512,3,1,0.007602000026963651,0.0,0.9962476547842398,"[[3], [2], [1]]","[[1, 2, 3]]"
00004-00000003.soc,soc,3,533,rankings,movimiento,b=0.1,3,1.0018761727260426,1.2776735460166828,3,1,0.01144819997716695,0.0,0.9962476547842398,"[[3], [2], [1]]","[[1, 2, 3]]"
00004-00000003.soc,soc,3,533,rankings,movimiento,b=0.2,3,1.0018761727260426,1.2776735460166828,3,1,0.012841299991123378,0.0,0.9962476547842398,"[[3], [2], [1]]","[[1, 2, 3]]"
00004-00000003.soc,soc,3,533,rankings,movimiento,b=0.3,3,1.0018761727260426,1.2776735460166828,3,1,0.013880699989385903,0.0,0.9962476547842398,"[[3], [2], [1]]","[[1, 2, 3]]"
00004-00000003.soc,soc,3,533,rankings,empate,b=0.1,4,1.0018761727260426,0.8780487805223143,3,1,0.015732700005173683,0.0,0.9962476547842398,"[[3], [2], [1]]","[[1, 2, 3]]"
00004-00000003.soc,soc,3,533,rankings,empate,b=0.2,4,1.0018761727260426,0.8780487805223143,3,1,0.01570799993351102,0.0,0.9962476547842398,"[[3], [2], [1]]","[[1, 2, 3]]"
00004-00000003.soc,soc,3,533,rankings,empate,b=0.3,4,1.0018761727260426,0.8780487805223143,3,1,0.015667200088500977,0.0,0.9962476547842398,"[[3], [2], [1]]","[[1, 2, 3]]"
00004-00000003.soc,soc,3,533,rankings,intercambio,b=0.1,4,1.0018761727260426,0.2983114446550925,3,1,0.013910199981182814,0.0,0.9962476547842398,"[[3], [2], [1]]","[[1, 2, 3]]"
00004-00000003.soc,soc,3,533,rankings,intercambio,b=0.2,4,1.0018761727260426,0.2983114446550925,3,1,0.01451199990697205,0.0,0.9962476547842398,"[[3], [2], [1]]","[[1, 2, 3]]"
00004-00000003.soc,soc,3,533,rankings,intercambio,b=0.3,4,1.0018761727260426,0.2983114446550925,3,1,0.012982200016267598,0.0,0.9962476547842398,"[[3], [2], [1]]","[[1, 2, 3]]"
00004-00000003.soc,soc,3,533,rankings,local,b=0.1,4,1.0018761727260426,0.5196998124808077,3,1,0.008450900088064373,0.0,0.9962476547842398,"[[3], [2], [1]]","[[1, 2, 3]]"
00004-00000003.soc,soc,3,533,rankings,local,b=0.2,4,1.0018761727260426,0.5196998124808077,3,1,0.008892099955119193,0.0,0.9962476547842398,"[[3], [2], [1]]","[[1, 2, 3]]"
00004-00000003.soc,soc,3,533,rankings,local,b=0.3,4,1.0018761727260426,0.5196998124808077,3,1,0.009023400023579597,0.0,0.9962476547842398,"[[3], [2], [1]]","[[1, 2, 3]]"
00004-00000003.soc,soc,3,533,rankings,movimiento,b=0.1,4,1.0018761727260426,1.2889305815667678,3,1,0.012779999990016222,0.0,0.9962476547842398,"[[3], [2], [1]]","[[1, 2, 3]]"
00004-00000003.soc,soc,3,533,rankings,movimiento,b=0.2,4,1.0018761727260426,1.2889305815667678,3,1,0.012465000036172569,0.0,0.9962476547842398,"[[3], [2], [1]]","[[1, 2, 3]]"
00004-00000003.soc,soc,3,533,rankings,movimiento,b=0.3,4,1.0018761727260426,1.2889305815667678,3,1,0.011546500027179718,0.0,0.9962476547842398,"[[3], [2], [1]]","[[1, 2, 3]]"
00004-00000004.soc,soc,3,1143,rankings,empate,b=0.1,0,0.8967629046791884,0.3552055992651528,1,1,0.02873000002000481,1.0,0.0,"[[1, 2, 3]]","[[1, 2, 3]]"
00004-00000004.soc,soc,3,1143,rankings,empate,b=0.2,0,0.8967629046791884,0.3552055992651528,1,1,0.02842900005634874,1.0,0.0,"[[1, 2, 3]]","[[1, 2, 3]]"
00004-00000004.soc,soc,3,1143,rankings,empate,b=0.3,0,0.8967629046791884,0.3552055992651528,1,1,0.02915390010457486,1.0,0.0,"[[1, 2, 3]]","[[1, 2, 3]]"
00004-00000004.soc,soc,3,1143,rankings,intercambio,b=0.1,0,0.8967629046791884,0.0796150480973925,1,1,0.023241500020958483,1.0,0.0,"[[1, 2, 3]]","[[1, 2, 3]]"
00004-00000004.soc,soc,3,1143,rankings,intercambio,b=0.2,0,0.8967629046791884,0.0796150480973925,1,1,0.0230833999812603,1.0,0.0,"[[1, 2, 3]]","[[1, 2, 3]]"
00004-00000004.soc,soc,3,1143,rankings,intercambio,b=0.3,0,0.8967629046791884,0.0796150480973925,1,1,0.02454730006866157,1.0,0.0,"[[1, 2, 3]]","[[1, 2, 3]]"
00004-00000004.soc,soc,3,1143,rankings,local,b=0.1,0,0.8967629046791884,0.21084864387724167,1,1,0.01352689997293055,1.0,0.0,"[[1, 2, 3]]","[[1, 2, 3]]"
00004-00000004.soc,soc,3,1143,rankings,local,b=0.2,0,0.8967629046791884,0.21084864387724167,1,1,0.012559899943880737,1.0,0.0,"[[1, 2, 3]]","[[1, 2, 3]]"
00004-00000004.soc,soc,3,1143,rankings,local,b=0.3,0,0.8967629046791884,0.21084864387724167,1,1,0.016261199954897165,1.0,0.0,"[[1, 2, 3]]","[[1, 2, 3]]"
00004-00000004.soc,soc,3,1143,rankings,movimiento,b=0.1,0,0.8967629046791884,0.6036745407193869,1,1,0.023402399965561926,1.0,0.0,"[[1, 2, 3]]","[[1, 2, 3]]"
00004-00000004.soc,soc,3,1143,rankings,movimiento,b=0.2,0,0.8967629046791884,0.6036745407193869,1,1,0.020110199926421046,1.0,0.0,"[[1, 2, 3]]","[[1, 2, 3]]"
00004-00000004.soc,soc,3,1143,rankings,movimiento,b=0.3,0,0.8967629046791884,0.6036745407193869,1,1,0.020058900001458824,1.0,0.0,"[[1, 2, 3]]","[[1, 2, 3]]"
00004-00000004.soc,soc,3,1143,rankings,empate,b=0.1,1,0.8967629046791884,0.4811898513537385,1,1,0.027817900059744716,1.0,0.0,"[[1, 2, 3]]","[[1, 2, 3]]"
00004-00000004.soc,soc,3,1143,rankings,empate,b=0.2,1,0.8967629046791884,0.4811898513537385,1,1,0.028047299943864346,1.0,0.0,"[[1, 2, 3]]","[[1, 2, 3]]"
00004-00000004.soc,soc,3,1143,rankings,empate,b=0.3,1,0.8967629046791884,0.4811898513537385,1,1,0.034445299999788404,1.0,0.0,"[[1, 2, 3]]","[[1, 2, 3]]"
00004-00000004.soc,soc,3,1143,rankings,intercambio,b=0.1,1,0.8967629046791884,0.08136482946863943,1,1,0.021346200024709105,1.0,0.0,"[[1, 2, 3]]","[[1, 2, 3]]"
00004-00000004.soc,soc,3,1143,rankings,intercambio,b=0.2,1,0.8967629046791884,0.08136482946863943,1,1,0.020918100024573505,1.0,0.0,"[[1, 2, 3]]","[[1, 2, 3]]"
00004-00000004.soc,soc,3,1143,rankings,intercambio,b=0.3,1,0.8967629046791884,0.08136482946863943,1,1,0.021524199983105063,1.0,0.0,"[[1, 2, 3]]","[[1, 2, 3]]"
00004-00000004.soc,soc,3,1143,rankings,local,b=0.1,1,0.8967629046791884,0.22834645670432063,1,1,0.011743000010028481,1.0,0.0,"[[1, 2, 3]]","[[1, 2, 3]]"
00004-00000004.soc,soc,3,1143,rankings,local,b=0.2,1,0.8967629046791884,0.22834645670432063,1,1,0.0122811000328511,1.0,0.0,"[[1, 2, 3]]","[[1, 2, 3]]"
00004-00000004.soc,soc,3,1143,rankings,local,b=0.3,1,0.8967629046791884,0.22834645670432063,1,1,0.012776800082065165,1.0,0.0,"[[1, 2, 3]]","[[1, 2, 3]]"
00004-00000004.soc,soc,3,1143,rankings,movimiento,b=0.1,1,0.8967629046791884,0.5573053368523491,1,1,0.020152000011876225,1.0,0.0,"[[1, 2, 3]]","[[1, 2, 3]]"
00004-00000004.soc,soc,3,1143,rankings,movimiento,b=0.2,1,0.8967629046791884,0.5573053368523491,1,1,0.021672499948181212,1.0,0.0,"[[1, 2, 3]]","[[1, 2, 3]]"
00004-00000004.soc,soc,3,1143,rankings,movimiento,b=0.3,1,0.8967629046791884,0.5573053368523491,1,1,0.020821299985982478,1.0,0.0,"[[1, 2, 3]]","[[1, 2, 3]]"
00004-00000004.soc,soc,3,1143,rankings,empate,b=0.1,2,0.8967629046791884,0.454943132095857,1,1,0.02681830001529306,1.0,0.0,"[[1, 2, 3]]","[[1, 2, 3]]"
00004-00000004.soc,soc,3,1143,rankings,empate,b=0.2,2,0.8967629046791884,0.454943132095857,1,1,0.04429579991847277,1.0,0.0,"[[1, 2, 3]]","[[1, 2, 3]]"
00004-00000004.soc,soc,3,1143,rankings,empate,b=0.3,2,0.8967629046791884,0.454943132095857,1,1,0.027992199989967048,1.0,0.0,"[[1, 2, 3]]","[[1, 2, 3]]"
00004-00000004.soc,soc,3,1143,rankings,intercambio,b=0.1,2,0.8967629046791884,0.07961504808374498,1,1,0.02367599995341152,1.0,0.0,"[[1, 2, 3]]","[[1, 2, 3]]"
00004-00000004.soc,soc,3,1143,rankings,intercambio,b=0.2,2,0.8967629046791884,0.07961504808374498,1,1,0.02316340000834316,1.0,0.0,"[[1, 2, 3]]","[[1, 2, 3]]"
00004-00000004.soc,soc,3,1143,rankings,intercambio,b=0.3,2,0.8967629046791884,0.07961504808374498,1,1,0.02507770003285259,1.0,0.0,"[[1, 2, 3]]","[[1, 2, 3]]"
00004-00000004.soc,soc,3,1143,rankings,local,b=0.1,2,0.8967629046791884,0.1513560805190678,1,1,0.013583800056949258,1.0,0.0,"[[1, 2, 3]]","[[1, 2, 3]]"
00004-00000004.soc,soc,3,1143,rankings,local,b=0.2,2,0.8967629046791884,0.1513560805190678,1,1,0.013180000009015203,1.0,0.0,"[[1, 2, 3]]","[[1, 2, 3]]"
00004-00000004.soc,soc,3,1143,rankings,local,b=0.3,2,0.8967629046791884,0.1513560805190678,1,1,0.012941300054080784,1.0,0.0,"[[1, 2, 3]]","[[1, 2, 3]]"
00004-00000004.soc,soc,3,1143,rankings,movimiento,b=0.1,2,0.8967629046791884,0.6027996500386522,1,1,0.02129499998409301,1.0,0.0,"[[1, 2, 3]]","[[1, 2, 3]]"
00004-00000004.soc,soc,3,1143,rankings,movimiento,b=0.2,2,0.8967629046791884,0.6027996500386522,1,1,0.021044299937784672,1.0,0.0,"[[1, 2, 3]]","[[1, 2, 3]]"
00004-00000004.soc,soc,3,1143,rankings,movimiento,b=0.3,2,0.8967629046791884,0.6027996500386522,1,1,0.021786600002087653,1.0,0.0,"[[1, 2, 3]]","[[1, 2, 3]]"
00004-00000004.soc,soc,3,1143,rankings,empate,b=0.1,3,0.8967629046791884,0.4339457566895515,1,1,0.027093400014564395,1.0,0.0,"[[1, 2, 3]]","[[1, 2, 3]]"
00004-00000004.soc,soc,3,1143,rankings,empate,b=0.2,3,0.8967629046791884,0.4339457566895515,1,1,0.025704599916934967,1.0,0.0,"[[1, 2, 3]]","[[1, 2, 3]]"
00004-00000004.soc,soc,3,1143,rankings,empate,b=0.3,3,0.8967629046791884,0.4339457566895515,1,1,0.026836000033654273,1.0,0.0,"[[1, 2, 3]]","[[1, 2, 3]]"
00004-00000004.soc,soc,3,1143,rankings,intercambio,b=0.1,3,0.8967629046791884,0.09186351697033146,1,1,0.02449690003413707,1.0,0.0,"[[1, 2, 3]]","[[1, 2, 3]]"
00004-00000004.soc,soc,3,1143,rankings,intercambio,b=0.2,3,0.8967629046791884,0.09186351697033146,1,1,0.022825299995020032,1.0,0.0,"[[1, 2, 3]]","[[1, 2, 3]]"
00004-00000004.soc,soc,3,1143,rankings,intercambio,b=0.3,3,0.8967629046791884,0.09186351697033146,1,1,0.022575699957087636,1.0,0.0,"[[1, 2, 3]]","[[1, 2, 3]]"
00004-00000004.soc,soc,3,1143,rankings,local,b=0.1,3,0.8967629046791884,0.12685914255808195,1,1,0.012634300044737756,1.0,0.0,"[[1, 2, 3]]","[[1, 2, 3]]"
00004-00000004.soc,soc,3,1143,rankings,local,b=0.2,3,0.8967629046791884,0.12685914255808195,1,1,0.012635299935936928,1.0,0.0,"[[1, 2, 3]]","[[1, 2, 3]]"
00004-00000004.soc,soc,3,1143,rankings,local,b=0.3,3,0.8967629046791884,0.12685914255808195,1,1,0.012599300011061132,1.0,0.0,"[[1, 2, 3]]","[[1, 2, 3]]"
00004-00000004.soc,soc,3,1143,rankings,movimiento,b=0.1,3,0.8967629046791884,0.5748031495357164,1,1,0.02305239997804165,1.0,0.0,"[[1, 2, 3]]","[[1, 2, 3]]"
00004-00000004.soc,soc,3,1143,rankings,movimiento,b=0.2,3,0.8967629046791884,0.5748031495357164,1,1,0.02179430006071925,1.0,0.0,"[[1, 2, 3]]","[[1, 2, 3]]"
00004-00000004.soc,soc,3,1143,rankings,movimiento,b=0.3,3,0.8967629046791884,0.5748031495357164,1,1,0.021490899962373078,1.0,0.0,"[[1, 2, 3]]","[[1, 2, 3]]"
00004-00000004.soc,soc,3,1143,rankings,empate,b=0.1,4,0.8967629046791884,0.46894138228911686,1,1,0.0270188000285998,1.0,0.0,"[[1, 2, 3]]","[[1, 2, 3]]"
00004-00000004.soc,soc,3,1143,rankings,empate,b=0.2,4,0.8967629046791884,0.46894138228911686,1,1,0.02749979996588081,1.0,0.0,"[[1, 2, 3]]","[[1, 2, 3]]"
00004-00000004.soc,soc,3,1143,rankings,empate,b=0.3,4,0.8967629046791884,0.46894138228911686,1,1,0.03982750000432134,1.0,0.0,"[[1, 2, 3]]","[[1, 2, 3]]"
00004-00000004.soc,soc,3,1143,rankings,intercambio,b=0.1,4,0.8967629046791884,0.1093613299079178,1,1,0.022417500033043325,1.0,0.0,"[[1, 2, 3]]","[[1, 2, 3]]"
00004-00000004.soc,soc,3,1143,rankings,intercambio,b=0.2,4,0.8967629046791884,0.1093613299079178,1,1,0.022569600027054548,1.0,0.0,"[[1, 2, 3]]","[[1, 2, 3]]"
00004-00000004.soc,soc,3,1143,rankings,intercambio,b=0.3,4,0.8967629046791884,0.1093613299079178,1,1,0.02307899994775653,1.0,0.0,"[[1, 2, 3]]","[[1, 2, 3]]"
00004-00000004.soc,soc,3,1143,rankings,local,b=0.1,4,0.8967629046791884,0.07961504812967957,1,1,0.013063800055533648,1.0,0.0,"[[1, 2, 3]]","[[1, 2, 3]]"
00004-00000004.soc,soc,3,1143,rankings,local,b=0.2,4,0.8967629046791884,0.07961504812967957,1,1,0.01281740004196763,1.0,0.0,"[[1, 2, 3]]","[[1, 2, 3]]"
00004-00000004.soc,soc,3,1143,rankings,local,b=0.3,4,0.8967629046791884,0.07961504812967957,1,1,0.012870399979874492,1.0,0.0,"[[1, 2, 3]]","[[1, 2, 3]]"
00004-00000004.soc,soc,3,1143,rankings,movimiento,b=0.1,4,0.8967629046791884,0.5686789151198215,1,1,0.021076299948617816,1.0,0.0,"[[1, 2, 3]]","[[1, 2, 3]]"
00004-00000004.soc,soc,3,1143,rankings,movimiento,b=0.2,4,0.8967629046791884,0.5686789151198215,1,1,0.02117379999253899,1.0,0.0,"[[1, 2, 3]]","[[1, 2, 3]]"
00004-00000004.soc,soc,3,1143,rankings,movimiento,b=0.3,4,0.8967629046791884,0.5686789151198215,1,1,0.02194870007224381,1.0,0.0,"[[1, 2, 3]]","[[1, 2, 3]]"
00004-00000005.soc,soc,3,448,rankings,empate,b=0.1,0,1.1071428572093802,0.6607142857142856,2,1,0.015846800059080124,0.0,0.1428571428571428,"[[2], [1, 3]]","[[1, 2, 3]]"
00004-00000005.soc,soc,3,448,rankings,empate,b=0.2,0,1.1071428572093802,0.6607142857142856,2,1,0.01296860002912581,0.0,0.1428571428571428,"[[2], [1, 3]]","[[1, 2, 3]]"
00004-00000005.soc,soc,3,448,rankings,empate,b=0.3,0,1.1071428572093802,0.6607142857142856,2,1,0.01320539996959269,0.0,0.1428571428571428,"[[2], [1, 3]]","[[1, 2, 3]]"
00004-00000005.soc,soc,3,448,rankings,intercambio,b=0.1,0,1.1071428572093802,0.16964285715948801,2,1,0.010813399916514754,0.0,0.1428571428571428,"[[2], [1, 3]]","[[1, 2, 3]]"
00004-00000005.soc,soc,3,448,rankings,intercambio,b=0.2,0,1.1071428572093802,0.16964285715948801,2,1,0.010456999996677041,0.0,0.1428571428571428,"[[2], [1, 3]]","[[1, 2, 3]]"
00004-00000005.soc,soc,3,448,rankings,intercambio,b=0.3,0,1.1071428572093802,0.16964285715948801,2,1,0.01067039999179542,0.0,0.1428571428571428,"[[2], [1, 3]]","[[1, 2, 3]]"
00004-00000005.soc,soc,3,448,rankings,local,b=0.1,0,1.1071428572093802,0.45535714290703533,2,1,0.006312799989245832,0.0,0.1428571428571428,"[[2], [1, 3]]","[[1, 2, 3]]"
00004-00000005.soc,soc,3,448,rankings,local,b=0.2,0,1.1071428572093802,0.45535714290703533,2,1,0.006624499917961657,0.0,0.1428571428571428,"[[2], [1, 3]]","[[1, 2, 3]]"
00004-00000005.soc,soc,3,448,rankings,local,b=0.3,0,1.1071428572093802,0.45535714290703533,2,1,0.006331100012175739,0.0,0.1428571428571428,"[[2], [1, 3]]","[[1, 2, 3]]"
00004-00000005.soc,soc,3,448,rankings,movimiento,b=0.1,0,1.1071428572093802,0.8370535714285713,2,1,0.009700499940663576,0.0,0.1428571428571428,"[[2], [1, 3]]","[[1, 2, 3]]"
00004-00000005.soc,soc,3,448,rankings,movimiento,b=0.2,0,1.1071428572093802,0.8370535714285713,2,1,0.01008659997023642,0.0,0.1428571428571428,"[[2], [1, 3]]","[[1, 2, 3]]"
00004-00000005.soc,soc,3,448,rankings,movimiento,b=0.3,0,1.1071428572093802,0.8370535714285713,2,1,0.009959899936802685,0.0,0.1428571428571428,"[[2], [1, 3]]","[[1, 2, 3]]"
00004-00000005.soc,soc,3,448,rankings,empate,b=0.1,1,1.1071428572093802,0.6339285714285716,2,1,0.01268720009829849,0.0,0.1428571428571428,"[[2], [1, 3]]","[[1, 2, 3]]"
00004-00000005.soc,soc,3,448,rankings,empate,b=0.2,1,1.1071428572093802,0.6339285714285716,2,1,0.012771100038662553,0.0,0.1428571428571428,"[[2], [1, 3]]","[[1, 2, 3]]"
00004-00000005.soc,soc,3,448,rankings,empate,b=0.3,1,1.1071428572093802,0.6339285714285716,2,1,0.01319789991248399,0.0,0.1428571428571428,"[[2], [1, 3]]","[[1, 2, 3]]"
00004-00000005.soc,soc,3,448,rankings,intercambio,b=0.1,1,1.1071428572093802,0.2321428571262265,2,1,0.016360200010240078,0.0,0.1428571428571428,"[[2], [1, 3]]","[[1, 2, 3]]"
00004-00000005.soc,soc,3,448,rankings,intercambio,b=0.2,1,1.1071428572093802,0.2321428571262265,2,1,0.017011399962939322,0.0,0.1428571428571428,"[[2], [1, 3]]","[[1, 2, 3]]"
00004-00000005.soc,soc,3,448,rankings,intercambio,b=0.3,1,1.1071428572093802,0.2321428571262265,2,1,0.015226199990138412,0.0,0.1428571428571428,"[[2], [1, 3]]","[[1, 2, 3]]"
00004-00000005.soc,soc,3,448,rankings,local,b=0.1,1,1.1071428572093802,0.4732142857641781,2,1,0.011964899953454733,0.0,0.1428571428571428,"[[2], [1, 3]]","[[1, 2, 3]]"
00004-00000005.soc,soc,3,448,rankings,local,b=0.2,1,1.1071428572093802,0.4732142857641781,2,1,0.012770899920724332,0.0,0.1428571428571428,"[[2], [1, 3]]","[[1, 2, 3]]"
00004-00000005.soc,soc,3,448,rankings,local,b=0.3,1,1.1071428572093802,0.4732142857641781,2,1,0.010995800024829805,0.0,0.1428571428571428,"[[2], [1, 3]]","[[1, 2, 3]]"
00004-00000005.soc,soc,3,448,rankings,movimiento,b=0.1,1,1.1071428572093802,0.8683035714285716,2,1,0.017624699976295233,0.0,0.1428571428571428,"[[2], [1, 3]]","[[1, 2, 3]]"
00004-00000005.soc,soc,3,448,rankings,movimiento,b=0.2,1,1.1071428572093802,0.8683035714285716,2,1,0.012704099994152784,0.0,0.1428571428571428,"[[2], [1, 3]]","[[1, 2, 3]]"
00004-00000005.soc,soc,3,448,rankings,movimiento,b=0.3,1,1.1071428572093802,0.8683035714285716,2,1,0.013367800042033195,0.0,0.1428571428571428,"[[2], [1, 3]]","[[1, 2, 3]]"
00004-00000005.soc,soc,3,448,rankings,empate,b=0.1,2,1.1071428572093802,0.6026785714285714,2,1,0.018587399972602725,0.0,0.1428571428571428,"[[2], [1, 3]]","[[1, 2, 3]]"
00004-00000005.soc,soc,3,448,rankings,empate,b=0.2,2,1.1071428572093802,0.6026785714285714,2,1,0.017101100063882768,0.0,0.1428571428571428,"[[2], [1, 3]]","[[1, 2, 3]]"
00004-00000005.soc,soc,3,448,rankings,empate,b=0.3,2,1.1071428572093802,0.6026785714285714,2,1,0.015181299997493625,0.0,0.1428571428571428,"[[2], [1, 3]]","[[1, 2, 3]]"
00004-00000005.soc,soc,3,448,rankings,intercambio,b=0.1,2,1.1071428572093802,0.11607142858805941,2,1,0.013519599917344749,0.0,0.1428571428571428,"[[2], [1, 3]]","[[1, 2, 3]]"
00004-00000005.soc,soc,3,448,rankings,intercambio,b=0.2,2,1.1071428572093802,0.11607142858805941,2,1,0.011670500040054321,0.0,0.1428571428571428,"[[2], [1, 3]]","[[1, 2, 3]]"
00004-00000005.soc,soc,3,448,rankings,intercambio,b=0.3,2,1.1071428572093802,0.11607142858805941,2,1,0.012134399963542819,0.0,0.1428571428571428,"[[2], [1, 3]]","[[1, 2, 3]]"
00004-00000005.soc,soc,3,448,rankings,local,b=0.1,2,1.1071428572093802,0.330357142857143,2,1,0.008531800005584955,0.0,0.1428571428571428,"[[2], [1, 3]]","[[1, 2, 3]]"
00004-00000005.soc,soc,3,448,rankings,local,b=0.2,2,1.1071428572093802,0.330357142857143,2,1,0.00756950001232326,0.0,0.1428571428571428,"[[2], [1, 3]]","[[1, 2, 3]]"
00004-00000005.soc,soc,3,448,rankings,local,b=0.3,2,1.1071428572093802,0.330357142857143,2,1,0.008321300032548606,0.0,0.1428571428571428,"[[2], [1, 3]]","[[1, 2, 3]]"
00004-00000005.soc,soc,3,448,rankings,movimiento,b=0.1,2,1.1071428572093802,0.7857142857142857,2,1,0.012961800093762577,0.0,0.1428571428571428,"[[2], [1, 3]]","[[1, 2, 3]]"
00004-00000005.soc,soc,3,448,rankings,movimiento,b=0.2,2,1.1071428572093802,0.7857142857142857,2,1,0.012272199965082109,0.0,0.1428571428571428,"[[2], [1, 3]]","[[1, 2, 3]]"
00004-00000005.soc,soc,3,448,rankings,movimiento,b=0.3,2,1.1071428572093802,0.7857142857142857,2,1,0.012416500016115606,0.0,0.1428571428571428,"[[2], [1, 3]]","[[1, 2, 3]]"
00004-00000005.soc,soc,3,448,rankings,empate,b=0.1,3,1.1071428572093802,0.6517857142857144,2,1,0.014557300019077957,0.0,0.1428571428571428,"[[2], [1, 3]]","[[1, 2, 3]]"
00004-00000005.soc,soc,3,448,rankings,empate,b=0.2,3,1.1071428572093802,0.6517857142857144,2,1,0.01457010000012815,0.0,0.1428571428571428,"[[2], [1, 3]]","[[1, 2, 3]]"
00004-00000005.soc,soc,3,448,rankings,empate,b=0.3,3,1.1071428572093802,0.6517857142857144,2,1,0.013924599974416196,0.0,0.1428571428571428,"[[2], [1, 3]]","[[1, 2, 3]]"
00004-00000005.soc,soc,3,448,rankings,intercambio,b=0.1,3,1.1071428572093802,0.11607142860469022,2,1,0.012600900023244321,0.0,0.1428571428571428,"[[2], [1, 3]]","[[1, 2, 3]]"
00004-00000005.soc,soc,3,448,rankings,intercambio,b=0.2,3,1.1071428572093802,0.11607142860469022,2,1,0.011318299919366837,0.0,0.1428571428571428,"[[2], [1, 3]]","[[1, 2, 3]]"
00004-00000005.soc,soc,3,448,rankings,intercambio,b=0.3,3,1.1071428572093802,0.11607142860469022,2,1,0.013007699977606535,0.0,0.1428571428571428,"[[2], [1, 3]]","[[1, 2, 3]]"
00004-00000005.soc,soc,3,448,rankings,local,b=0.1,3,1.1071428572093802,0.4821428571927495,2,1,0.008256400004029274,0.0,0.1428571428571428,"[[2], [1, 3]]","[[1, 2, 3]]"
00004-00000005.soc,soc,3,448,rankings,local,b=0.2,3,1.1071428572093802,0.4821428571927495,2,1,0.007895000046119094,0.0,0.1428571428571428,"[[2], [1, 3]]","[[1, 2, 3]]"
00004-00000005.soc,soc,3,448,rankings,local,b=0.3,3,1.1071428572093802,0.4821428571927495,2,1,0.00804360001347959,0.0,0.1428571428571428,"[[2], [1, 3]]","[[1, 2, 3]]"
00004-00000005.soc,soc,3,448,rankings,movimiento,b=0.1,3,1.1071428572093802,0.78125,2,1,0.02470700000412762,0.0,0.1428571428571428,"[[2], [1, 3]]","[[1, 2, 3]]"
00004-00000005.soc,soc,3,448,rankings,movimiento,b=0.2,3,1.1071428572093802,0.78125,2,1,0.012144099920988083,0.0,0.1428571428571428,"[[2], [1, 3]]","[[1, 2, 3]]"
00004-00000005.soc,soc,3,448,rankings,movimiento,b=0.3,3,1.1071428572093802,0.78125,2,1,0.01139970007352531,0.0,0.1428571428571428,"[[2], [1, 3]]","[[1, 2, 3]]"
00004-00000005.soc,soc,3,448,rankings,empate,b=0.1,4,1.1071428572093802,0.6651785714285715,2,1,0.013631399953737855,0.0,0.1428571428571428,"[[2], [1, 3]]","[[1, 2, 3]]"
00004-00000005.soc,soc,3,448,rankings,empate,b=0.2,4,1.1071428572093802,0.6651785714285715,2,1,0.013157600071281195,0.0,0.1428571428571428,"[[2], [1, 3]]","[[1, 2, 3]]"
00004-00000005.soc,soc,3,448,rankings,empate,b=0.3,4,1.1071428572093802,0.6651785714285715,2,1,0.013824400026351213,0.0,0.1428571428571428,"[[2], [1, 3]]","[[1, 2, 3]]"
00004-00000005.soc,soc,3,448,rankings,intercambio,b=0.1,4,1.1071428572093802,0.18750000004989253,2,1,0.01171510003041476,0.0,0.1428571428571428,"[[2], [1, 3]]","[[1, 2, 3]]"
00004-00000005.soc,soc,3,448,rankings,intercambio,b=0.2,4,1.1071428572093802,0.18750000004989253,2,1,0.012575600063428283,0.0,0.1428571428571428,"[[2], [1, 3]]","[[1, 2, 3]]"
00004-00000005.soc,soc,3,448,rankings,intercambio,b=0.3,4,1.1071428572093802,0.18750000004989253,2,1,0.012087700073607266,0.0,0.1428571428571428,"[[2], [1, 3]]","[[1, 2, 3]]"
00004-00000005.soc,soc,3,448,rankings,local,b=0.1,4,1.1071428572093802,0.45535714290703533,2,1,0.00770279997959733,0.0,0.1428571428571428,"[[2], [1, 3]]","[[1, 2, 3]]"
00004-00000005.soc,soc,3,448,rankings,local,b=0.2,4,1.1071428572093802,0.45535714290703533,2,1,0.008199000032618642,0.0,0.1428571428571428,"[[2], [1, 3]]","[[1, 2, 3]]"
00004-00000005.soc,soc,3,448,rankings,local,b=0.3,4,1.1071428572093802,0.45535714290703533,2,1,0.007644600002095103,0.0,0.1428571428571428,"[[2], [1, 3]]","[[1, 2, 3]]"
00004-00000005.soc,soc,3,448,rankings,movimiento,b=0.1,4,1.1071428572093802,0.7946428571428572,2,1,0.011180900037288666,0.0,0.1428571428571428,"[[2], [1, 3]]","[[1, 2, 3]]"
00004-00000005.soc,soc,3,448,rankings,movimiento,b=0.2,4,1.1071428572093802,0.7946428571428572,2,1,0.01116100000217557,0.0,0.1428571428571428,"[[2], [1, 3]]","[[1, 2, 3]]"
00004-00000005.soc,soc,3,448,rankings,movimiento,b=0.3,4,1.1071428572093802,0.7946428571428572,2,1,0.010875700041651726,0.0,0.1428571428571428,"[[2], [1, 3]]","[[1, 2, 3]]"
00004-00000006.soc,soc,3,940,rankings,empate,b=0.1,0,0.9808510638659502,0.5702127659723082,1,1,0.023246699944138527,1.0,0.0,"[[1, 2, 3]]","[[1, 2, 3]]"
00004-00000006.soc,soc,3,940,rankings,empate,b=0.2,0,0.9808510638659502,0.5702127659723082,1,1,0.025475499918684363,1.0,0.0,"[[1, 2, 3]]","[[1, 2, 3]]"
00004-00000006.soc,soc,3,940,rankings,empate,b=0.3,0,0.9808510638659502,0.5702127659723082,1,1,0.025321900029666722,1.0,0.0,"[[1, 2, 3]]","[[1, 2, 3]]"
00004-00000006.soc,soc,3,940,rankings,intercambio,b=0.1,0,0.9808510638659502,0.1680851063874368,1,1,0.02476790000218898,1.0,0.0,"[[1, 2, 3]]","[[1, 2, 3]]"
00004-00000006.soc,soc,3,940,rankings,intercambio,b=0.2,0,0.9808510638659502,0.1680851063874368,1,1,0.01956889999564737,1.0,0.0,"[[1, 2, 3]]","[[1, 2, 3]]"
00004-00000006.soc,soc,3,940,rankings,intercambio,b=0.3,0,0.9808510638659502,0.1680851063874368,1,1,0.020892299944534898,1.0,0.0,"[[1, 2, 3]]","[[1, 2, 3]]"
00004-00000006.soc,soc,3,940,rankings,local,b=0.1,0,0.9808510638659502,0.2531914893121634,1,1,0.011400700081139803,1.0,0.0,"[[1, 2, 3]]","[[1, 2, 3]]"
00004-00000006.soc,soc,3,940,rankings,local,b=0.2,0,0.9808510638659502,0.2531914893121634,1,1,0.012080099899321795,1.0,0.0,"[[1, 2, 3]]","[[1, 2, 3]]"
00004-00000006.soc,soc,3,940,rankings,local,b=0.3,0,0.9808510638659502,0.2531914893121634,1,1,0.011324700084514916,1.0,0.0,"[[1, 2, 3]]","[[1, 2, 3]]"
00004-00000006.soc,soc,3,940,rankings,movimiento,b=0.1,0,0.9808510638659502,0.6085106383493926,1,1,0.0218299999833107,1.0,0.0,"[[1, 2, 3]]","[[1, 2, 3]]"
00004-00000006.soc,soc,3,940,rankings,movimiento,b=0.2,0,0.9808510638659502,0.6085106383493926,1,1,0.019854299956932664,1.0,0.0,"[[1, 2, 3]]","[[1, 2, 3]]"
00004-00000006.soc,soc,3,940,rankings,movimiento,b=0.3,0,0.9808510638659502,0.6085106383493926,1,1,0.019332700059749186,1.0,0.0,"[[1, 2, 3]]","[[1, 2, 3]]"
00004-00000006.soc,soc,3,940,rankings,empate,b=0.1,1,0.9808510638659502,0.4595744681277094,1,1,0.02447160007432103,1.0,0.0,"[[1, 2, 3]]","[[1, 2, 3]]"
00004-00000006.soc,soc,3,940,rankings,empate,b=0.2,1,0.9808510638659502,0.4595744681277094,1,1,0.0253562000580132,1.0,0.0,"[[1, 2, 3]]","[[1, 2, 3]]"
00004-00000006.soc,soc,3,940,rankings,empate,b=0.3,1,0.9808510638659502,0.4595744681277094,1,1,0.023693099967204034,1.0,0.0,"[[1, 2, 3]]","[[1, 2, 3]]"
00004-00000006.soc,soc,3,940,rankings,intercambio,b=0.1,1,0.9808510638659502,0.1425531914631062,1,1,0.01934349990915507,1.0,0.0,"[[1, 2, 3]]","[[1, 2, 3]]"
00004-00000006.soc,soc,3,940,rankings,intercambio,b=0.2,1,0.9808510638659502,0.1425531914631062,1,1,0.019602000014856458,1.0,0.0,"[[1, 2, 3]]","[[1, 2, 3]]"
00004-00000006.soc,soc,3,940,rankings,intercambio,b=0.3,1,0.9808510638659502,0.1425531914631062,1,1,0.01971130003221333,1.0,0.0,"[[1, 2, 3]]","[[1, 2, 3]]"
00004-00000006.soc,soc,3,940,rankings,local,b=0.1,1,0.9808510638659502,0.22765957449780827,1,1,0.01105119998101145,1.0,0.0,"[[1, 2, 3]]","[[1, 2, 3]]"
00004-00000006.soc,soc,3,940,rankings,local,b=0.2,1,0.9808510638659502,0.22765957449780827,1,1,0.010981099912896752,1.0,0.0,"[[1, 2, 3]]","[[1, 2, 3]]"
00004-00000006.soc,soc,3,940,rankings,local,b=0.3,1,0.9808510638659502,0.22765957449780827,1,1,0.0115300000179559,1.0,0.0,"[[1, 2, 3]]","[[1, 2, 3]]"
00004-00000006.soc,soc,3,940,rankings,movimiento,b=0.1,1,0.9808510638659502,0.6946808510633345,1,1,0.01782820001244545,1.0,0.0,"[[1, 2, 3]]","[[1, 2, 3]]"
00004-00000006.soc,soc,3,940,rankings,movimiento,b=0.2,1,0.9808510638659502,0.6946808510633345,1,1,0.01768559997435659,1.0,0.0,"[[1, 2, 3]]","[[1, 2, 3]]"
00004-00000006.soc,soc,3,940,rankings,movimiento,b=0.3,1,0.9808510638659502,0.6946808510633345,1,1,0.03014330007135868,1.0,0.0,"[[1, 2, 3]]","[[1, 2, 3]]"
00004-00000006.soc,soc,3,940,rankings,empate,b=0.1,2,0.9808510638659502,0.49787234038540573,1,1,0.023164000012911856,1.0,0.0,"[[1, 2, 3]]","[[1, 2, 3]]"
00004-00000006.soc,soc,3,940,rankings,empate,b=0.2,2,0.9808510638659502,0.49787234038540573,1,1,0.02310870005749166,1.0,0.0,"[[1, 2, 3]]","[[1, 2, 3]]"
00004-00000006.soc,soc,3,940,rankings,empate,b=0.3,2,0.9808510638659502,0.49787234038540573,1,1,0.024524500011466444,1.0,0.0,"[[1, 2, 3]]","[[1, 2, 3]]"
00004-00000006.soc,soc,3,940,rankings,intercambio,b=0.1,2,0.9808510638659502,0.09148936168875199,1,1,0.019150499952957034,1.0,0.0,"[[1, 2, 3]]","[[1, 2, 3]]"
00004-00000006.soc,soc,3,940,rankings,intercambio,b=0.2,2,0.9808510638659502,0.09148936168875199,1,1,0.019307299982756376,1.0,0.0,"[[1, 2, 3]]","[[1, 2, 3]]"
00004-00000006.soc,soc,3,940,rankings,intercambio,b=0.3,2,0.9808510638659502,0.09148936168875199,1,1,0.018944200011901557,1.0,0.0,"[[1, 2, 3]]","[[1, 2, 3]]"
00004-00000006.soc,soc,3,940,rankings,local,b=0.1,2,0.9808510638659502,0.3255319149050111,1,1,0.010975199984386563,1.0,0.0,"[[1, 2, 3]]","[[1, 2, 3]]"
00004-00000006.soc,soc,3,940,rankings,local,b=0.2,2,0.9808510638659502,0.3255319149050111,1,1,0.011099200113676488,1.0,0.0,"[[1, 2, 3]]","[[1, 2, 3]]"
00004-00000006.soc,soc,3,940,rankings,local,b=0.3,2,0.9808510638659502,0.3255319149050111,1,1,0.011052999994717538,1.0,0.0,"[[1, 2, 3]]","[[1, 2, 3]]"
00004-00000006.soc,soc,3,940,rankings,movimiento,b=0.1,2,0.9808510638659502,0.6723404255007055,1,1,0.018715300015173852,1.0,0.0,"[[1, 2, 3]]","[[1, 2, 3]]"
00004-00000006.soc,soc,3,940,rankings,movimiento,b=0.2,2,0.9808510638659502,0.6723404255007055,1,1,0.018535300041548908,1.0,0.0,"[[1, 2, 3]]","[[1, 2, 3]]"
00004-00000006.soc,soc,3,940,rankings,movimiento,b=0.3,2,0.9808510638659502,0.6723404255007055,1,1,0.019672199967317283,1.0,0.0,"[[1, 2, 3]]","[[1, 2, 3]]"
00004-00000006.soc,soc,3,940,rankings,empate,b=0.1,3,0.9808510638659502,0.5510638297708861,1,1,0.025526899960823357,1.0,0.0,"[[1, 2, 3]]","[[1, 2, 3]]"
00004-00000006.soc,soc,3,940,rankings,empate,b=0.2,3,0.9808510638659502,0.5510638297708861,1,1,0.023984799976460636,1.0,0.0,"[[1, 2, 3]]","[[1, 2, 3]]"
00004-00000006.soc,soc,3,940,rankings,empate,b=0.3,3,0.9808510638659502,0.5510638297708861,1,1,0.025098999962210655,1.0,0.0,"[[1, 2, 3]]","[[1, 2, 3]]"
00004-00000006.soc,soc,3,940,rankings,intercambio,b=0.1,3,0.9808510638659502,0.1510638297976371,1,1,0.020473700016736984,1.0,0.0,"[[1, 2, 3]]","[[1, 2, 3]]"
00004-00000006.soc,soc,3,940,rankings,intercambio,b=0.2,3,0.9808510638659502,0.1510638297976371,1,1,0.02063439995981753,1.0,0.0,"[[1, 2, 3]]","[[1, 2, 3]]"
00004-00000006.soc,soc,3,940,rankings,intercambio,b=0.3,3,0.9808510638659502,0.1510638297976371,1,1,0.021408900036476552,1.0,0.0,"[[1, 2, 3]]","[[1, 2, 3]]"
00004-00000006.soc,soc,3,940,rankings,local,b=0.1,3,0.9808510638659502,0.2276595745106882,1,1,0.011653400026261806,1.0,0.0,"[[1, 2, 3]]","[[1, 2, 3]]"
00004-00000006.soc,soc,3,940,rankings,local,b=0.2,3,0.9808510638659502,0.2276595745106882,1,1,0.011793999932706356,1.0,0.0,"[[1, 2, 3]]","[[1, 2, 3]]"
00004-00000006.soc,soc,3,940,rankings,local,b=0.3,3,0.9808510638659502,0.2276595745106882,1,1,0.011862999992445111,1.0,0.0,"[[1, 2, 3]]","[[1, 2, 3]]"
00004-00000006.soc,soc,3,940,rankings,movimiento,b=0.1,3,0.9808510638659502,0.6255319148475464,1,1,0.019172700005583465,1.0,0.0,"[[1, 2, 3]]","[[1, 2, 3]]"
00004-00000006.soc,soc,3,940,rankings,movimiento,b=0.2,3,0.9808510638659502,0.6255319148475464,1,1,0.019031999981962144,1.0,0.0,"[[1, 2, 3]]","[[1, 2, 3]]"
00004-00000006.soc,soc,3,940,rankings,movimiento,b=0.3,3,0.9808510638659502,0.6255319148475464,1,1,0.01997789996676147,1.0,0.0,"[[1, 2, 3]]","[[1, 2, 3]]"
00004-00000006.soc,soc,3,940,rankings,empate,b=0.1,4,0.9808510638659502,0.5404255319416442,1,1,0.06985009997151792,1.0,0.0,"[[1, 2, 3]]","[[1, 2, 3]]"
00004-00000006.soc,soc,3,940,rankings,empate,b=0.2,4,0.9808510638659502,0.5404255319416442,1,1,0.03339270001742989,1.0,0.0,"[[1, 2, 3]]","[[1, 2, 3]]"
00004-00000006.soc,soc,3,940,rankings,empate,b=0.3,4,0.9808510638659502,0.5404255319416442,1,1,0.02482289995532483,1.0,0.0,"[[1, 2, 3]]","[[1, 2, 3]]"
00004-00000006.soc,soc,3,940,rankings,intercambio,b=0.1,4,0.9808510638659502,0.11702127657592942,1,1,0.024153399979695678,1.0,0.0,"[[1, 2, 3]]","[[1, 2, 3]]"
00004-00000006.soc,soc,3,940,rankings,intercambio,b=0.2,4,0.9808510638659502,0.11702127657592942,1,1,0.020775699988007545,1.0,0.0,"[[1, 2, 3]]","[[1, 2, 3]]"
00004-00000006.soc,soc,3,940,rankings,intercambio,b=0.3,4,0.9808510638659502,0.11702127657592942,1,1,0.021078700083307922,1.0,0.0,"[[1, 2, 3]]","[[1, 2, 3]]"
00004-00000006.soc,soc,3,940,rankings,local,b=0.1,4,0.9808510638659502,0.24468085108760806,1,1,0.02891779993660748,1.0,0.0,"[[1, 2, 3]]","[[1, 2, 3]]"
00004-00000006.soc,soc,3,940,rankings,local,b=0.2,4,0.9808510638659502,0.24468085108760806,1,1,0.012499899952672422,1.0,0.0,"[[1, 2, 3]]","[[1, 2, 3]]"
00004-00000006.soc,soc,3,940,rankings,local,b=0.3,4,0.9808510638659502,0.24468085108760806,1,1,0.012111700023524463,1.0,0.0,"[[1, 2, 3]]","[[1, 2, 3]]"
00004-00000006.soc,soc,3,940,rankings,movimiento,b=0.1,4,0.9808510638659502,0.6489361702127661,1,1,0.01921800000127405,1.0,0.0,"[[1, 2, 3]]","[[1, 2, 3]]"
00004-00000006.soc,soc,3,940,rankings,movimiento,b=0.2,4,0.9808510638659502,0.6489361702127661,1,1,0.017350599984638393,1.0,0.0,"[[1, 2, 3]]","[[1, 2, 3]]"
00004-00000006.soc,soc,3,940,rankings,movimiento,b=0.3,4,0.9808510638659502,0.6489361702127661,1,1,0.017721799900755286,1.0,0.0,"[[1, 2, 3]]","[[1, 2, 3]]"
00004-00000007.soc,soc,3,1860,rankings,empate,b=0.1,0,1.0483870967121054,0.5301075268399108,2,1,0.04575540008954704,0.0,0.1849462365591399,"[[3], [1, 2]]","[[1, 2, 3]]"
00004-00000007.soc,soc,3,1860,rankings,empate,b=0.2,0,1.0483870967121054,0.5301075268399108,2,1,0.04514989990275353,0.0,0.1849462365591399,"[[3], [1, 2]]","[[1, 2, 3]]"
00004-00000007.soc,soc,3,1860,rankings,empate,b=0.3,0,1.0483870967121054,0.5301075268399108,2,1,0.04063790000509471,0.0,0.1849462365591399,"[[3], [1, 2]]","[[1, 2, 3]]"
00004-00000007.soc,soc,3,1860,rankings,intercambio,b=0.1,0,1.0483870967121054,0.12795698930013666,2,1,0.03274679998867214,0.0,0.1849462365591399,"[[3], [1, 2]]","[[1, 2, 3]]"
00004-00000007.soc,soc,3,1860,rankings,intercambio,b=0.2,0,1.0483870967121054,0.12795698930013666,2,1,0.03317129996139556,0.0,0.1849462365591399,"[[3], [1, 2]]","[[1, 2, 3]]"
00004-00000007.soc,soc,3,1860,rankings,intercambio,b=0.3,0,1.0483870967121054,0.12795698930013666,2,1,0.03284770005848259,0.0,0.1849462365591399,"[[3], [1, 2]]","[[1, 2, 3]]"
00004-00000007.soc,soc,3,1860,rankings,local,b=0.1,0,1.0483870967121054,0.3881720430382918,2,1,0.017445000004954636,0.0,0.1849462365591399,"[[3], [1, 2]]","[[1, 2, 3]]"
00004-00000007.soc,soc,3,1860,rankings,local,b=0.2,0,1.0483870967121054,0.3881720430382918,2,1,0.0181940000038594,0.0,0.1849462365591399,"[[3], [1, 2]]","[[1, 2, 3]]"
00004-00000007.soc,soc,3,1860,rankings,local,b=0.3,0,1.0483870967121054,0.3881720430382918,2,1,0.018369199940934777,0.0,0.1849462365591399,"[[3], [1, 2]]","[[1, 2, 3]]"
00004-00000007.soc,soc,3,1860,rankings,movimiento,b=0.1,0,1.0483870967121054,0.793548387183898,2,1,0.034307199995964766,0.0,0.1849462365591399,"[[3], [1, 2]]","[[1, 2, 3]]"
00004-00000007.soc,soc,3,1860,rankings,movimiento,b=0.2,0,1.0483870967121054,0.793548387183898,2,1,0.03382669994607568,0.0,0.1849462365591399,"[[3], [1, 2]]","[[1, 2, 3]]"
00004-00000007.soc,soc,3,1860,rankings,movimiento,b=0.3,0,1.0483870967121054,0.793548387183898,2,1,0.04624719999264926,0.0,0.1849462365591399,"[[3], [1, 2]]","[[1, 2, 3]]"
00004-00000007.soc,soc,3,1860,rankings,empate,b=0.1,1,1.0483870967121054,0.6365591397491451,2,1,0.042143399943597615,0.0,0.1849462365591399,"[[3], [1, 2]]","[[1, 2, 3]]"
00004-00000007.soc,soc,3,1860,rankings,empate,b=0.2,1,1.0483870967121054,0.6365591397491451,2,1,0.04193730000406504,0.0,0.1849462365591399,"[[3], [1, 2]]","[[1, 2, 3]]"
00004-00000007.soc,soc,3,1860,rankings,empate,b=0.3,1,1.0483870967121054,0.6365591397491451,2,1,0.04122080001980066,0.0,0.1849462365591399,"[[3], [1, 2]]","[[1, 2, 3]]"
00004-00000007.soc,soc,3,1860,rankings,intercambio,b=0.1,1,1.0483870967121054,0.12795698930238997,2,1,0.033830200089141726,0.0,0.1849462365591399,"[[3], [1, 2]]","[[1, 2, 3]]"
00004-00000007.soc,soc,3,1860,rankings,intercambio,b=0.2,1,1.0483870967121054,0.12795698930238997,2,1,0.0342710999539122,0.0,0.1849462365591399,"[[3], [1, 2]]","[[1, 2, 3]]"
00004-00000007.soc,soc,3,1860,rankings,intercambio,b=0.3,1,1.0483870967121054,0.12795698930238997,2,1,0.03188049991149455,0.0,0.1849462365591399,"[[3], [1, 2]]","[[1, 2, 3]]"
00004-00000007.soc,soc,3,1860,rankings,local,b=0.1,1,1.0483870967121054,0.3129032257794133,2,1,0.01685190002899617,0.0,0.1849462365591399,"[[3], [1, 2]]","[[1, 2, 3]]"
00004-00000007.soc,soc,3,1860,rankings,local,b=0.2,1,1.0483870967121054,0.3129032257794133,2,1,0.016958000021986663,0.0,0.1849462365591399,"[[3], [1, 2]]","[[1, 2, 3]]"
00004-00000007.soc,soc,3,1860,rankings,local,b=0.3,1,1.0483870967121054,0.3129032257794133,2,1,0.016751700080931187,0.0,0.1849462365591399,"[[3], [1, 2]]","[[1, 2, 3]]"
00004-00000007.soc,soc,3,1860,rankings,movimiento,b=0.1,1,1.0483870967121054,0.8365591397957113,2,1,0.031576800043694675,0.0,0.1849462365591399,"[[3], [1, 2]]","[[1, 2, 3]]"
00004-00000007.soc,soc,3,1860,rankings,movimiento,b=0.2,1,1.0483870967121054,0.8365591397957113,2,1,0.030587899964302778,0.0,0.1849462365591399,"[[3], [1, 2]]","[[1, 2, 3]]"
00004-00000007.soc,soc,3,1860,rankings,movimiento,b=0.3,1,1.0483870967121054,0.8365591397957113,2,1,0.03179959999397397,0.0,0.1849462365591399,"[[3], [1, 2]]","[[1, 2, 3]]"
00004-00000007.soc,soc,3,1860,rankings,empate,b=0.1,2,1.0483870967121054,0.6451612903413575,2,1,0.042601600056514144,0.0,0.1849462365591399,"[[3], [1, 2]]","[[1, 2, 3]]"
00004-00000007.soc,soc,3,1860,rankings,empate,b=0.2,2,1.0483870967121054,0.6451612903413575,2,1,0.042545099975541234,0.0,0.1849462365591399,"[[3], [1, 2]]","[[1, 2, 3]]"
00004-00000007.soc,soc,3,1860,rankings,empate,b=0.3,2,1.0483870967121054,0.6451612903413575,2,1,0.04211010003928095,0.0,0.1849462365591399,"[[3], [1, 2]]","[[1, 2, 3]]"
00004-00000007.soc,soc,3,1860,rankings,intercambio,b=0.1,2,1.0483870967121054,0.12795698920825638,2,1,0.046474099974147975,0.0,0.1849462365591399,"[[3], [1, 2]]","[[1, 2, 3]]"
00004-00000007.soc,soc,3,1860,rankings,intercambio,b=0.2,2,1.0483870967121054,0.12795698920825638,2,1,0.03442039992660284,0.0,0.1849462365591399,"[[3], [1, 2]]","[[1, 2, 3]]"
00004-00000007.soc,soc,3,1860,rankings,intercambio,b=0.3,2,1.0483870967121054,0.12795698920825638,2,1,0.03410599997732788,0.0,0.1849462365591399,"[[3], [1, 2]]","[[1, 2, 3]]"
00004-00000007.soc,soc,3,1860,rankings,local,b=0.1,2,1.0483870967121054,0.3301075269142666,2,1,0.018712099990807474,0.0,0.1849462365591399,"[[3], [1, 2]]","[[1, 2, 3]]"
00004-00000007.soc,soc,3,1860,rankings,local,b=0.2,2,1.0483870967121054,0.3301075269142666,2,1,0.018883400014601648,0.0,0.1849462365591399,"[[3], [1, 2]]","[[1, 2, 3]]"
00004-00000007.soc,soc,3,1860,rankings,local,b=0.3,2,1.0483870967121054,0.3301075269142666,2,1,0.01852599997073412,0.0,0.1849462365591399,"[[3], [1, 2]]","[[1, 2, 3]]"
00004-00000007.soc,soc,3,1860,rankings,movimiento,b=0.1,2,1.0483870967121054,0.8166666666821887,2,1,0.031932500074617565,0.0,0.1849462365591399,"[[3], [1, 2]]","[[1, 2, 3]]"
00004-00000007.soc,soc,3,1860,rankings,movimiento,b=0.2,2,1.0483870967121054,0.8166666666821887,2,1,0.032015400007367134,0.0,0.1849462365591399,"[[3], [1, 2]]","[[1, 2, 3]]"
00004-00000007.soc,soc,3,1860,rankings,movimiento,b=0.3,2,1.0483870967121054,0.8166666666821887,2,1,0.03212600003462285,0.0,0.1849462365591399,"[[3], [1, 2]]","[[1, 2, 3]]"
00004-00000007.soc,soc,3,1860,rankings,empate,b=0.1,3,1.0483870967121054,0.616129032296369,2,1,0.04472309991251677,0.0,0.1849462365591399,"[[3], [1, 2]]","[[1, 2, 3]]"
00004-00000007.soc,soc,3,1860,rankings,empate,b=0.2,3,1.0483870967121054,0.616129032296369,2,1,0.0447219000197947,0.0,0.1849462365591399,"[[3], [1, 2]]","[[1, 2, 3]]"
00004-00000007.soc,soc,3,1860,rankings,empate,b=0.3,3,1.0483870967121054,0.616129032296369,2,1,0.04015709995292127,0.0,0.1849462365591399,"[[3], [1, 2]]","[[1, 2, 3]]"
00004-00000007.soc,soc,3,1860,rankings,intercambio,b=0.1,3,1.0483870967121054,0.12795698926233334,2,1,0.031552899978123605,0.0,0.1849462365591399,"[[3], [1, 2]]","[[1, 2, 3]]"
00004-00000007.soc,soc,3,1860,rankings,intercambio,b=0.2,3,1.0483870967121054,0.12795698926233334,2,1,0.03132970002479851,0.0,0.1849462365591399,"[[3], [1, 2]]","[[1, 2, 3]]"
00004-00000007.soc,soc,3,1860,rankings,intercambio,b=0.3,3,1.0483870967121054,0.12795698926233334,2,1,0.043945000041276217,0.0,0.1849462365591399,"[[3], [1, 2]]","[[1, 2, 3]]"
00004-00000007.soc,soc,3,1860,rankings,local,b=0.1,3,1.0483870967121054,0.3086021505819474,2,1,0.019667299930006266,0.0,0.1849462365591399,"[[3], [1, 2]]","[[1, 2, 3]]"
00004-00000007.soc,soc,3,1860,rankings,local,b=0.2,3,1.0483870967121054,0.3086021505819474,2,1,0.018673900049179792,0.0,0.1849462365591399,"[[3], [1, 2]]","[[1, 2, 3]]"
00004-00000007.soc,soc,3,1860,rankings,local,b=0.3,3,1.0483870967121054,0.3086021505819474,2,1,0.018277399940416217,0.0,0.1849462365591399,"[[3], [1, 2]]","[[1, 2, 3]]"
00004-00000007.soc,soc,3,1860,rankings,movimiento,b=0.1,3,1.0483870967121054,0.784408602136017,2,1,0.03222970000933856,0.0,0.1849462365591399,"[[3], [1, 2]]","[[1, 2, 3]]"
00004-00000007.soc,soc,3,1860,rankings,movimiento,b=0.2,3,1.0483870967121054,0.784408602136017,2,1,0.031725100008770823,0.0,0.1849462365591399,"[[3], [1, 2]]","[[1, 2, 3]]"
00004-00000007.soc,soc,3,1860,rankings,movimiento,b=0.3,3,1.0483870967121054,0.784408602136017,2,1,0.03266749996691942,0.0,0.1849462365591399,"[[3], [1, 2]]","[[1, 2, 3]]"
00004-00000007.soc,soc,3,1860,rankings,empate,b=0.1,4,1.0483870967121054,0.5526881719989478,2,1,0.04296250001061708,0.0,0.1849462365591399,"[[3], [1, 2]]","[[1, 2, 3]]"
00004-00000007.soc,soc,3,1860,rankings,empate,b=0.2,4,1.0483870967121054,0.5526881719989478,2,1,0.04210429999511689,0.0,0.1849462365591399,"[[3], [1, 2]]","[[1, 2, 3]]"
00004-00000007.soc,soc,3,1860,rankings,empate,b=0.3,4,1.0483870967121054,0.5526881719989478,2,1,0.04219019995070994,0.0,0.1849462365591399,"[[3], [1, 2]]","[[1, 2, 3]]"
00004-00000007.soc,soc,3,1860,rankings,intercambio,b=0.1,4,1.0483870967121054,0.1279569892428054,2,1,0.03433429996948689,0.0,0.1849462365591399,"[[3], [1, 2]]","[[1, 2, 3]]"
00004-00000007.soc,soc,3,1860,rankings,intercambio,b=0.2,4,1.0483870967121054,0.1279569892428054,2,1,0.034098500036634505,0.0,0.1849462365591399,"[[3], [1, 2]]","[[1, 2, 3]]"
00004-00000007.soc,soc,3,1860,rankings,intercambio,b=0.3,4,1.0483870967121054,0.1279569892428054,2,1,0.034193500061519444,0.0,0.1849462365591399,"[[3], [1, 2]]","[[1, 2, 3]]"
00004-00000007.soc,soc,3,1860,rankings,local,b=0.1,4,1.0483870967121054,0.28064516136918427,2,1,0.01828269998077303,0.0,0.1849462365591399,"[[3], [1, 2]]","[[1, 2, 3]]"
00004-00000007.soc,soc,3,1860,rankings,local,b=0.2,4,1.0483870967121054,0.28064516136918427,2,1,0.018672099919058383,0.0,0.1849462365591399,"[[3], [1, 2]]","[[1, 2, 3]]"
00004-00000007.soc,soc,3,1860,rankings,local,b=0.3,4,1.0483870967121054,0.28064516136918427,2,1,0.036429099971428514,0.0,0.1849462365591399,"[[3], [1, 2]]","[[1, 2, 3]]"
00004-00000007.soc,soc,3,1860,rankings,movimiento,b=0.1,4,1.0483870967121054,0.8161290322265194,2,1,0.034496599924750626,0.0,0.1849462365591399,"[[3], [1, 2]]","[[1, 2, 3]]"
00004-00000007.soc,soc,3,1860,rankings,movimiento,b=0.2,4,1.0483870967121054,0.8161290322265194,2,1,0.03392890002578497,0.0,0.1849462365591399,"[[3], [1, 2]]","[[1, 2, 3]]"
00004-00000007.soc,soc,3,1860,rankings,movimiento,b=0.3,4,1.0483870967121054,0.8161290322265194,2,1,0.034350199974142015,0.0,0.1849462365591399,"[[3], [1, 2]]","[[1, 2, 3]]"
00004-00000008.soc,soc,3,1045,rankings,empate,b=0.1,0,0.6650717703223396,0.331100478444725,1,1,0.02651739993598312,1.0,0.0,"[[1, 2, 3]]","[[1, 2, 3]]"
00004-00000008.soc,soc,3,1045,rankings,empate,b=0.2,0,0.6650717703223396,0.331100478444725,1,1,0.027808699989691377,1.0,0.0,"[[1, 2, 3]]","[[1, 2, 3]]"
00004-00000008.soc,soc,3,1045,rankings,empate,b=0.3,0,0.6650717703223396,0.331100478444725,1,1,0.028275099932216108,1.0,0.0,"[[1, 2, 3]]","[[1, 2, 3]]"
00004-00000008.soc,soc,3,1045,rankings,intercambio,b=0.1,0,0.6650717703223396,0.1119617224856988,1,1,0.02228200004901737,1.0,0.0,"[[1, 2, 3]]","[[1, 2, 3]]"
00004-00000008.soc,soc,3,1045,rankings,intercambio,b=0.2,0,0.6650717703223396,0.1119617224856988,1,1,0.022813100018538535,1.0,0.0,"[[1, 2, 3]]","[[1, 2, 3]]"
00004-00000008.soc,soc,3,1045,rankings,intercambio,b=0.3,0,0.6650717703223396,0.1119617224856988,1,1,0.02074860001448542,1.0,0.0,"[[1, 2, 3]]","[[1, 2, 3]]"
00004-00000008.soc,soc,3,1045,rankings,local,b=0.1,0,0.6650717703223396,0.18851674643142413,1,1,0.011034399969503284,1.0,0.0,"[[1, 2, 3]]","[[1, 2, 3]]"
00004-00000008.soc,soc,3,1045,rankings,local,b=0.2,0,0.6650717703223396,0.18851674643142413,1,1,0.010670000105164945,1.0,0.0,"[[1, 2, 3]]","[[1, 2, 3]]"
00004-00000008.soc,soc,3,1045,rankings,local,b=0.3,0,0.6650717703223396,0.18851674643142413,1,1,0.011167399934493005,1.0,0.0,"[[1, 2, 3]]","[[1, 2, 3]]"
00004-00000008.soc,soc,3,1045,rankings,movimiento,b=0.1,0,0.6650717703223396,0.44497607653563975,1,1,0.01833470002748072,1.0,0.0,"[[1, 2, 3]]","[[1, 2, 3]]"
00004-00000008.soc,soc,3,1045,rankings,movimiento,b=0.2,0,0.6650717703223396,0.44497607653563975,1,1,0.018089600023813546,1.0,0.0,"[[1, 2, 3]]","[[1, 2, 3]]"
00004-00000008.soc,soc,3,1045,rankings,movimiento,b=0.3,0,0.6650717703223396,0.44497607653563975,1,1,0.01864150003530085,1.0,0.0,"[[1, 2, 3]]","[[1, 2, 3]]"
00004-00000008.soc,soc,3,1045,rankings,empate,b=0.1,1,0.6650717703223396,0.369377990456913,1,1,0.02466600004117936,1.0,0.0,"[[1, 2, 3]]","[[1, 2, 3]]"
00004-00000008.soc,soc,3,1045,rankings,empate,b=0.2,1,0.6650717703223396,0.369377990456913,1,1,0.024164500064216554,1.0,0.0,"[[1, 2, 3]]","[[1, 2, 3]]"
00004-00000008.soc,soc,3,1045,rankings,empate,b=0.3,1,0.6650717703223396,0.369377990456913,1,1,0.02571900002658367,1.0,0.0,"[[1, 2, 3]]","[[1, 2, 3]]"
00004-00000008.soc,soc,3,1045,rankings,intercambio,b=0.1,1,0.6650717703223396,0.05454545451804971,1,1,0.01947860000655055,1.0,0.0,"[[1, 2, 3]]","[[1, 2, 3]]"
00004-00000008.soc,soc,3,1045,rankings,intercambio,b=0.2,1,0.6650717703223396,0.05454545451804971,1,1,0.019638199941255152,1.0,0.0,"[[1, 2, 3]]","[[1, 2, 3]]"
00004-00000008.soc,soc,3,1045,rankings,intercambio,b=0.3,1,0.6650717703223396,0.05454545451804971,1,1,0.02011460007634014,1.0,0.0,"[[1, 2, 3]]","[[1, 2, 3]]"
00004-00000008.soc,soc,3,1045,rankings,local,b=0.1,1,0.6650717703223396,0.15406698570241384,1,1,0.011161800008267164,1.0,0.0,"[[1, 2, 3]]","[[1, 2, 3]]"
00004-00000008.soc,soc,3,1045,rankings,local,b=0.2,1,0.6650717703223396,0.15406698570241384,1,1,0.012233800021931529,1.0,0.0,"[[1, 2, 3]]","[[1, 2, 3]]"
00004-00000008.soc,soc,3,1045,rankings,local,b=0.3,1,0.6650717703223396,0.15406698570241384,1,1,0.01118480006698519,1.0,0.0,"[[1, 2, 3]]","[[1, 2, 3]]"
00004-00000008.soc,soc,3,1045,rankings,movimiento,b=0.1,1,0.6650717703223396,0.4411483253211974,1,1,0.018727199989371,1.0,0.0,"[[1, 2, 3]]","[[1, 2, 3]]"
00004-00000008.soc,soc,3,1045,rankings,movimiento,b=0.2,1,0.6650717703223396,0.4411483253211974,1,1,0.0328571000136435,1.0,0.0,"[[1, 2, 3]]","[[1, 2, 3]]"
00004-00000008.soc,soc,3,1045,rankings,movimiento,b=0.3,1,0.6650717703223396,0.4411483253211974,1,1,0.01857499999459833,1.0,0.0,"[[1, 2, 3]]","[[1, 2, 3]]"
00004-00000008.soc,soc,3,1045,rankings,empate,b=0.1,2,0.6650717703223396,0.3502392344283718,1,1,0.024601000011898577,1.0,0.0,"[[1, 2, 3]]","[[1, 2, 3]]"
00004-00000008.soc,soc,3,1045,rankings,empate,b=0.2,2,0.6650717703223396,0.3502392344283718,1,1,0.023886200040578842,1.0,0.0,"[[1, 2, 3]]","[[1, 2, 3]]"
00004-00000008.soc,soc,3,1045,rankings,empate,b=0.3,2,0.6650717703223396,0.3502392344283718,1,1,0.023867800016887486,1.0,0.0,"[[1, 2, 3]]","[[1, 2, 3]]"
00004-00000008.soc,soc,3,1045,rankings,intercambio,b=0.1,2,0.6650717703223396,0.1157894737295515,1,1,0.019082499900832772,1.0,0.0,"[[1, 2, 3]]","[[1, 2, 3]]"
00004-00000008.soc,soc,3,1045,rankings,intercambio,b=0.2,2,0.6650717703223396,0.1157894737295515,1,1,0.01935580000281334,1.0,0.0,"[[1, 2, 3]]","[[1, 2, 3]]"
00004-00000008.soc,soc,3,1045,rankings,intercambio,b=0.3,2,0.6650717703223396,0.1157894737295515,1,1,0.0189375999616459,1.0,0.0,"[[1, 2, 3]]","[[1, 2, 3]]"
00004-00000008.soc,soc,3,1045,rankings,local,b=0.1,2,0.6650717703223396,0.17511961719513558,1,1,0.010907999938353896,1.0,0.0,"[[1, 2, 3]]","[[1, 2, 3]]"
00004-00000008.soc,soc,3,1045,rankings,local,b=0.2,2,0.6650717703223396,0.17511961719513558,1,1,0.010915599996224046,1.0,0.0,"[[1, 2, 3]]","[[1, 2, 3]]"
00004-00000008.soc,soc,3,1045,rankings,local,b=0.3,2,0.6650717703223396,0.17511961719513558,1,1,0.010860800044611096,1.0,0.0,"[[1, 2, 3]]","[[1, 2, 3]]"
00004-00000008.soc,soc,3,1045,rankings,movimiento,b=0.1,2,0.6650717703223396,0.42679425837487683,1,1,0.0183617000002414,1.0,0.0,"[[1, 2, 3]]","[[1, 2, 3]]"
00004-00000008.soc,soc,3,1045,rankings,movimiento,b=0.2,2,0.6650717703223396,0.42679425837487683,1,1,0.018154900055378675,1.0,0.0,"[[1, 2, 3]]","[[1, 2, 3]]"
00004-00000008.soc,soc,3,1045,rankings,movimiento,b=0.3,2,0.6650717703223396,0.42679425837487683,1,1,0.01831999991554767,1.0,0.0,"[[1, 2, 3]]","[[1, 2, 3]]"
00004-00000008.soc,soc,3,1045,rankings,empate,b=0.1,3,0.6650717703223396,0.3062200956668205,1,1,0.02351299999281764,1.0,0.0,"[[1, 2, 3]]","[[1, 2, 3]]"
00004-00000008.soc,soc,3,1045,rankings,empate,b=0.2,3,0.6650717703223396,0.3062200956668205,1,1,0.024124099989421666,1.0,0.0,"[[1, 2, 3]]","[[1, 2, 3]]"
00004-00000008.soc,soc,3,1045,rankings,empate,b=0.3,3,0.6650717703223396,0.3062200956668205,1,1,0.023614899953827262,1.0,0.0,"[[1, 2, 3]]","[[1, 2, 3]]"
00004-00000008.soc,soc,3,1045,rankings,intercambio,b=0.1,3,0.6650717703223396,0.06602870817530149,1,1,0.019038999918848276,1.0,0.0,"[[1, 2, 3]]","[[1, 2, 3]]"
00004-00000008.soc,soc,3,1045,rankings,intercambio,b=0.2,3,0.6650717703223396,0.06602870817530149,1,1,0.019490000093355775,1.0,0.0,"[[1, 2, 3]]","[[1, 2, 3]]"
00004-00000008.soc,soc,3,1045,rankings,intercambio,b=0.3,3,0.6650717703223396,0.06602870817530149,1,1,0.019070200040005147,1.0,0.0,"[[1, 2, 3]]","[[1, 2, 3]]"
00004-00000008.soc,soc,3,1045,rankings,local,b=0.1,3,0.6650717703223396,0.06220095678127935,1,1,0.011037299991585314,1.0,0.0,"[[1, 2, 3]]","[[1, 2, 3]]"
00004-00000008.soc,soc,3,1045,rankings,local,b=0.2,3,0.6650717703223396,0.06220095678127935,1,1,0.010644500027410686,1.0,0.0,"[[1, 2, 3]]","[[1, 2, 3]]"
00004-00000008.soc,soc,3,1045,rankings,local,b=0.3,3,0.6650717703223396,0.06220095678127935,1,1,0.01281010010279715,1.0,0.0,"[[1, 2, 3]]","[[1, 2, 3]]"
00004-00000008.soc,soc,3,1045,rankings,movimiento,b=0.1,3,0.6650717703223396,0.50430622011207,1,1,0.020175399957224727,1.0,0.0,"[[1, 2, 3]]","[[1, 2, 3]]"
00004-00000008.soc,soc,3,1045,rankings,movimiento,b=0.2,3,0.6650717703223396,0.50430622011207,1,1,0.020135600003413856,1.0,0.0,"[[1, 2, 3]]","[[1, 2, 3]]"
00004-00000008.soc,soc,3,1045,rankings,movimiento,b=0.3,3,0.6650717703223396,0.50430622011207,1,1,0.01963120000436902,1.0,0.0,"[[1, 2, 3]]","[[1, 2, 3]]"
00004-00000008.soc,soc,3,1045,rankings,empate,b=0.1,4,0.6650717703223396,0.3444976077076387,1,1,0.02551629999652505,1.0,0.0,"[[1, 2, 3]]","[[1, 2, 3]]"
00004-00000008.soc,soc,3,1045,rankings,empate,b=0.2,4,0.6650717703223396,0.3444976077076387,1,1,0.025536000030115247,1.0,0.0,"[[1, 2, 3]]","[[1, 2, 3]]"
00004-00000008.soc,soc,3,1045,rankings,empate,b=0.3,4,0.6650717703223396,0.3444976077076387,1,1,0.025218900060281157,1.0,0.0,"[[1, 2, 3]]","[[1, 2, 3]]"
00004-00000008.soc,soc,3,1045,rankings,intercambio,b=0.1,4,0.6650717703223396,0.05837320577025684,1,1,0.03864680009428412,1.0,0.0,"[[1, 2, 3]]","[[1, 2, 3]]"
00004-00000008.soc,soc,3,1045,rankings,intercambio,b=0.2,4,0.6650717703223396,0.05837320577025684,1,1,0.022279500029981136,1.0,0.0,"[[1, 2, 3]]","[[1, 2, 3]]"
00004-00000008.soc,soc,3,1045,rankings,intercambio,b=0.3,4,0.6650717703223396,0.05837320577025684,1,1,0.02136360004078597,1.0,0.0,"[[1, 2, 3]]","[[1, 2, 3]]"
00004-00000008.soc,soc,3,1045,rankings,local,b=0.1,4,0.6650717703223396,0.10047846887055645,1,1,0.01216839998960495,1.0,0.0,"[[1, 2, 3]]","[[1, 2, 3]]"
00004-00000008.soc,soc,3,1045,rankings,local,b=0.2,4,0.6650717703223396,0.10047846887055645,1,1,0.011936199967749417,1.0,0.0,"[[1, 2, 3]]","[[1, 2, 3]]"
00004-00000008.soc,soc,3,1045,rankings,local,b=0.3,4,0.6650717703223396,0.10047846887055645,1,1,0.011873999959789217,1.0,0.0,"[[1, 2, 3]]","[[1, 2, 3]]"
00004-00000008.soc,soc,3,1045,rankings,movimiento,b=0.1,4,0.6650717703223396,0.5043062200643897,1,1,0.021497700014151633,1.0,0.0,"[[1, 2, 3]]","[[1, 2, 3]]"
00004-00000008.soc,soc,3,1045,rankings,movimiento,b=0.2,4,0.6650717703223396,0.5043062200643897,1,1,0.020071599981747568,1.0,0.0,"[[1, 2, 3]]","[[1, 2, 3]]"
00004-00000008.soc,soc,3,1045,rankings,movimiento,b=0.3,4,0.6650717703223396,0.5043062200643897,1,1,0.020422999979928136,1.0,0.0,"[[1, 2, 3]]","[[1, 2, 3]]"
00004-00000009.soc,soc,3,595,rankings,empate,b=0.1,0,0.7478991596241471,0.7025210083673605,2,1,0.018909100093878806,0.0,0.5815126050420165,"[[1, 3], [2]]","[[1, 2, 3]]"
00004-00000009.soc,soc,3,595,rankings,empate,b=0.2,0,0.7478991596241471,0.7025210083673605,2,1,0.028435999993234873,0.0,0.5815126050420165,"[[1, 3], [2]]","[[1, 2, 3]]"
00004-00000009.soc,soc,3,595,rankings,empate,b=0.3,0,0.7478991596241471,0.7025210083673605,2,1,0.0214014999801293,0.0,0.5815126050420165,"[[1, 3], [2]]","[[1, 2, 3]]"
00004-00000009.soc,soc,3,595,rankings,intercambio,b=0.1,0,0.7478991596241471,0.14621848737089238,2,1,0.02072909998241812,0.0,0.5815126050420165,"[[1, 3], [2]]","[[1, 2, 3]]"
00004-00000009.soc,soc,3,595,rankings,intercambio,b=0.2,0,0.7478991596241471,0.14621848737089238,2,1,0.022688900004141033,0.0,0.5815126050420165,"[[1, 3], [2]]","[[1, 2, 3]]"
00004-00000009.soc,soc,3,595,rankings,intercambio,b=0.3,0,0.7478991596241471,0.14621848737089238,2,1,0.01648869994096458,0.0,0.5815126050420165,"[[1, 3], [2]]","[[1, 2, 3]]"
00004-00000009.soc,soc,3,595,rankings,local,b=0.1,0,0.7478991596241471,0.10924369747116547,2,1,0.008712999988347292,0.0,0.5815126050420165,"[[1, 3], [2]]","[[1, 2, 3]]"
00004-00000009.soc,soc,3,595,rankings,local,b=0.2,0,0.7478991596241471,0.10924369747116547,2,1,0.008439500001259148,0.0,0.5815126050420165,"[[1, 3], [2]]","[[1, 2, 3]]"
00004-00000009.soc,soc,3,595,rankings,local,b=0.3,0,0.7478991596241471,0.10924369747116547,2,1,0.008513799984939396,0.0,0.5815126050420165,"[[1, 3], [2]]","[[1, 2, 3]]"
00004-00000009.soc,soc,3,595,rankings,movimiento,b=0.1,0,0.7478991596241471,0.8420168067357978,2,1,0.012975099962204695,0.0,0.5815126050420165,"[[1, 3], [2]]","[[1, 2, 3]]"
00004-00000009.soc,soc,3,595,rankings,movimiento,b=0.2,0,0.7478991596241471,0.8420168067357978,2,1,0.01257160003297031,0.0,0.5815126050420165,"[[1, 3], [2]]","[[1, 2, 3]]"
00004-00000009.soc,soc,3,595,rankings,movimiento,b=0.3,0,0.7478991596241471,0.8420168067357978,2,1,0.012884399970062077,0.0,0.5815126050420165,"[[1, 3], [2]]","[[1, 2, 3]]"
00004-00000009.soc,soc,3,595,rankings,empate,b=0.1,1,0.7478991596241471,0.7394957982753052,2,1,0.0162590000545606,0.0,0.5815126050420165,"[[1, 3], [2]]","[[1, 2, 3]]"
00004-00000009.soc,soc,3,595,rankings,empate,b=0.2,1,0.7478991596241471,0.7394957982753052,2,1,0.01608300011139363,0.0,0.5815126050420165,"[[1, 3], [2]]","[[1, 2, 3]]"
00004-00000009.soc,soc,3,595,rankings,empate,b=0.3,1,0.7478991596241471,0.7394957982753052,2,1,0.019428599975071847,0.0,0.5815126050420165,"[[1, 3], [2]]","[[1, 2, 3]]"
00004-00000009.soc,soc,3,595,rankings,intercambio,b=0.1,1,0.7478991596241471,0.11932773108187178,2,1,0.013591299997642636,0.0,0.5815126050420165,"[[1, 3], [2]]","[[1, 2, 3]]"
00004-00000009.soc,soc,3,595,rankings,intercambio,b=0.2,1,0.7478991596241471,0.11932773108187178,2,1,0.013476200052537024,0.0,0.5815126050420165,"[[1, 3], [2]]","[[1, 2, 3]]"
00004-00000009.soc,soc,3,595,rankings,intercambio,b=0.3,1,0.7478991596241471,0.11932773108187178,2,1,0.013432299951091409,0.0,0.5815126050420165,"[[1, 3], [2]]","[[1, 2, 3]]"
00004-00000009.soc,soc,3,595,rankings,local,b=0.1,1,0.7478991596241471,0.05210084034709095,2,1,0.008267900091595948,0.0,0.5815126050420165,"[[1, 3], [2]]","[[1, 2, 3]]"
00004-00000009.soc,soc,3,595,rankings,local,b=0.2,1,0.7478991596241471,0.05210084034709095,2,1,0.008308899938128889,0.0,0.5815126050420165,"[[1, 3], [2]]","[[1, 2, 3]]"
00004-00000009.soc,soc,3,595,rankings,local,b=0.3,1,0.7478991596241471,0.05210084034709095,2,1,0.008244900032877922,0.0,0.5815126050420165,"[[1, 3], [2]]","[[1, 2, 3]]"
00004-00000009.soc,soc,3,595,rankings,movimiento,b=0.1,1,0.7478991596241471,0.8705882351475709,2,1,0.014390000025741756,0.0,0.5815126050420165,"[[1, 3], [2]]","[[1, 2, 3]]"
00004-00000009.soc,soc,3,595,rankings,movimiento,b=0.2,1,0.7478991596241471,0.8705882351475709,2,1,0.015634999959729612,0.0,0.5815126050420165,"[[1, 3], [2]]","[[1, 2, 3]]"
00004-00000009.soc,soc,3,595,rankings,movimiento,b=0.3,1,0.7478991596241471,0.8705882351475709,2,1,0.015144100063480437,0.0,0.5815126050420165,"[[1, 3], [2]]","[[1, 2, 3]]"
00004-00000009.soc,soc,3,595,rankings,empate,b=0.1,2,0.7478991596241471,0.7394957983917202,2,1,0.019639900070615113,0.0,0.5815126050420165,"[[1, 3], [2]]","[[1, 2, 3]]"
00004-00000009.soc,soc,3,595,rankings,empate,b=0.2,2,0.7478991596241471,0.7394957983917202,2,1,0.01679839997086674,0.0,0.5815126050420165,"[[1, 3], [2]]","[[1, 2, 3]]"
00004-00000009.soc,soc,3,595,rankings,empate,b=0.3,2,0.7478991596241471,0.7394957983917202,2,1,0.017313199932686985,0.0,0.5815126050420165,"[[1, 3], [2]]","[[1, 2, 3]]"
00004-00000009.soc,soc,3,595,rankings,intercambio,b=0.1,2,0.7478991596241471,0.13613445373279442,2,1,0.014514800044707954,0.0,0.5815126050420165,"[[1, 3], [2]]","[[1, 2, 3]]"
00004-00000009.soc,soc,3,595,rankings,intercambio,b=0.2,2,0.7478991596241471,0.13613445373279442,2,1,0.014346000039950013,0.0,0.5815126050420165,"[[1, 3], [2]]","[[1, 2, 3]]"
00004-00000009.soc,soc,3,595,rankings,intercambio,b=0.3,2,0.7478991596241471,0.13613445373279442,2,1,0.01462789997458458,0.0,0.5815126050420165,"[[1, 3], [2]]","[[1, 2, 3]]"
00004-00000009.soc,soc,3,595,rankings,local,b=0.1,2,0.7478991596241471,0.3310924370352478,2,1,0.008923299959860742,0.0,0.5815126050420165,"[[1, 3], [2]]","[[1, 2, 3]]"
00004-00000009.soc,soc,3,595,rankings,local,b=0.2,2,0.7478991596241471,0.3310924370352478,2,1,0.008718500030227005,0.0,0.5815126050420165,"[[1, 3], [2]]","[[1, 2, 3]]"
00004-00000009.soc,soc,3,595,rankings,local,b=0.3,2,0.7478991596241471,0.3310924370352478,2,1,0.009764299960806966,0.0,0.5815126050420165,"[[1, 3], [2]]","[[1, 2, 3]]"
00004-00000009.soc,soc,3,595,rankings,movimiento,b=0.1,2,0.7478991596241471,0.8638655461368989,2,1,0.013105100020766258,0.0,0.5815126050420165,"[[1, 3], [2]]","[[1, 2, 3]]"
00004-00000009.soc,soc,3,595,rankings,movimiento,b=0.2,2,0.7478991596241471,0.8638655461368989,2,1,0.013159699970856309,0.0,0.5815126050420165,"[[1, 3], [2]]","[[1, 2, 3]]"
00004-00000009.soc,soc,3,595,rankings,movimiento,b=0.3,2,0.7478991596241471,0.8638655461368989,2,1,0.013855000026524067,0.0,0.5815126050420165,"[[1, 3], [2]]","[[1, 2, 3]]"
00004-00000009.soc,soc,3,595,rankings,empate,b=0.1,3,0.7478991596241471,0.6016806722759513,2,1,0.016555899986997247,0.0,0.5815126050420165,"[[1, 3], [2]]","[[1, 2, 3]]"
00004-00000009.soc,soc,3,595,rankings,empate,b=0.2,3,0.7478991596241471,0.6016806722759513,2,1,0.029896199936047196,0.0,0.5815126050420165,"[[1, 3], [2]]","[[1, 2, 3]]"
00004-00000009.soc,soc,3,595,rankings,empate,b=0.3,3,0.7478991596241471,0.6016806722759513,2,1,0.016349799931049347,0.0,0.5815126050420165,"[[1, 3], [2]]","[[1, 2, 3]]"
00004-00000009.soc,soc,3,595,rankings,intercambio,b=0.1,3,0.7478991596241471,0.16974789910292354,2,1,0.014921800000593066,0.0,0.5815126050420165,"[[1, 3], [2]]","[[1, 2, 3]]"
00004-00000009.soc,soc,3,595,rankings,intercambio,b=0.2,3,0.7478991596241471,0.16974789910292354,2,1,0.01705020002555102,0.0,0.5815126050420165,"[[1, 3], [2]]","[[1, 2, 3]]"
00004-00000009.soc,soc,3,595,rankings,intercambio,b=0.3,3,0.7478991596241471,0.16974789910292354,2,1,0.01927760010585189,0.0,0.5815126050420165,"[[1, 3], [2]]","[[1, 2, 3]]"
00004-00000009.soc,soc,3,595,rankings,local,b=0.1,3,0.7478991596241471,0.11932773113332917,2,1,0.01164420007262379,0.0,0.5815126050420165,"[[1, 3], [2]]","[[1, 2, 3]]"
00004-00000009.soc,soc,3,595,rankings,local,b=0.2,3,0.7478991596241471,0.11932773113332917,2,1,0.011980899958871305,0.0,0.5815126050420165,"[[1, 3], [2]]","[[1, 2, 3]]"
00004-00000009.soc,soc,3,595,rankings,local,b=0.3,3,0.7478991596241471,0.11932773113332917,2,1,0.008246200042776763,0.0,0.5815126050420165,"[[1, 3], [2]]","[[1, 2, 3]]"
00004-00000009.soc,soc,3,595,rankings,movimiento,b=0.1,3,0.7478991596241471,0.8924369747787635,2,1,0.01472720003221184,0.0,0.5815126050420165,"[[1, 3], [2]]","[[1, 2, 3]]"
00004-00000009.soc,soc,3,595,rankings,movimiento,b=0.2,3,0.7478991596241471,0.8924369747787635,2,1,0.014441100065596402,0.0,0.5815126050420165,"[[1, 3], [2]]","[[1, 2, 3]]"
00004-00000009.soc,soc,3,595,rankings,movimiento,b=0.3,3,0.7478991596241471,0.8924369747787635,2,1,0.013213400030508637,0.0,0.5815126050420165,"[[1, 3], [2]]","[[1, 2, 3]]"
00004-00000009.soc,soc,3,595,rankings,empate,b=0.1,4,0.7478991596241471,0.5915966387599421,2,1,0.016666899900883436,0.0,0.5815126050420165,"[[1, 3], [2]]","[[1, 2, 3]]"
00004-00000009.soc,soc,3,595,rankings,empate,b=0.2,4,0.7478991596241471,0.5915966387599421,2,1,0.015673000016249716,0.0,0.5815126050420165,"[[1, 3], [2]]","[[1, 2, 3]]"
00004-00000009.soc,soc,3,595,rankings,empate,b=0.3,4,0.7478991596241471,0.5915966387599421,2,1,0.016052299994044006,0.0,0.5815126050420165,"[[1, 3], [2]]","[[1, 2, 3]]"
00004-00000009.soc,soc,3,595,rankings,intercambio,b=0.1,4,0.7478991596241471,0.03193277311472198,2,1,0.014838299946859479,0.0,0.5815126050420165,"[[1, 3], [2]]","[[1, 2, 3]]"
00004-00000009.soc,soc,3,595,rankings,intercambio,b=0.2,4,0.7478991596241471,0.03193277311472198,2,1,0.014174800016917288,0.0,0.5815126050420165,"[[1, 3], [2]]","[[1, 2, 3]]"
00004-00000009.soc,soc,3,595,rankings,intercambio,b=0.3,4,0.7478991596241471,0.03193277311472198,2,1,0.013805800001136959,0.0,0.5815126050420165,"[[1, 3], [2]]","[[1, 2, 3]]"
00004-00000009.soc,soc,3,595,rankings,local,b=0.1,4,0.7478991596241471,0.13613445386310108,2,1,0.008856299915350974,0.0,0.5815126050420165,"[[1, 3], [2]]","[[1, 2, 3]]"
00004-00000009.soc,soc,3,595,rankings,local,b=0.2,4,0.7478991596241471,0.13613445386310108,2,1,0.009218699997290969,0.0,0.5815126050420165,"[[1, 3], [2]]","[[1, 2, 3]]"
00004-00000009.soc,soc,3,595,rankings,local,b=0.3,4,0.7478991596241471,0.13613445386310108,2,1,0.008763100020587444,0.0,0.5815126050420165,"[[1, 3], [2]]","[[1, 2, 3]]"
00004-00000009.soc,soc,3,595,rankings,movimiento,b=0.1,4,0.7478991596241471,0.907563025250389,2,1,0.013202999951317906,0.0,0.5815126050420165,"[[1, 3], [2]]","[[1, 2, 3]]"
00004-00000009.soc,soc,3,595,rankings,movimiento,b=0.2,4,0.7478991596241471,0.907563025250389,2,1,0.013136700028553605,0.0,0.5815126050420165,"[[1, 3], [2]]","[[1, 2, 3]]"
00004-00000009.soc,soc,3,595,rankings,movimiento,b=0.3,4,0.7478991596241471,0.907563025250389,2,1,0.01305010006763041,0.0,0.5815126050420165,"[[1, 3], [2]]","[[1, 2, 3]]"
00004-00000010.soc,soc,3,1394,rankings,empate,b=0.1,0,1.1865136298567118,0.7073170732266842,2,1,0.03210499999113381,0.0,0.266857962697274,"[[2, 3], [1]]","[[1, 2, 3]]"
00004-00000010.soc,soc,3,1394,rankings,empate,b=0.2,0,1.1865136298567118,0.7073170732266842,2,1,0.034597599995322526,0.0,0.266857962697274,"[[2, 3], [1]]","[[1, 2, 3]]"
00004-00000010.soc,soc,3,1394,rankings,empate,b=0.3,0,1.1865136298567118,0.7073170732266842,2,1,0.033179700025357306,0.0,0.266857962697274,"[[2, 3], [1]]","[[1, 2, 3]]"
00004-00000010.soc,soc,3,1394,rankings,intercambio,b=0.1,0,1.1865136298567118,0.139167862253329,2,1,0.027115799952298403,0.0,0.266857962697274,"[[2, 3], [1]]","[[1, 2, 3]]"
00004-00000010.soc,soc,3,1394,rankings,intercambio,b=0.2,0,1.1865136298567118,0.139167862253329,2,1,0.026859499979764223,0.0,0.266857962697274,"[[2, 3], [1]]","[[1, 2, 3]]"
00004-00000010.soc,soc,3,1394,rankings,intercambio,b=0.3,0,1.1865136298567118,0.139167862253329,2,1,0.026507899980060756,0.0,0.266857962697274,"[[2, 3], [1]]","[[1, 2, 3]]"
00004-00000010.soc,soc,3,1394,rankings,local,b=0.1,0,1.1865136298567118,0.24820659981059778,2,1,0.014990400057286024,0.0,0.266857962697274,"[[2, 3], [1]]","[[1, 2, 3]]"
00004-00000010.soc,soc,3,1394,rankings,local,b=0.2,0,1.1865136298567118,0.24820659981059778,2,1,0.014678500010631979,0.0,0.266857962697274,"[[2, 3], [1]]","[[1, 2, 3]]"
00004-00000010.soc,soc,3,1394,rankings,local,b=0.3,0,1.1865136298567118,0.24820659981059778,2,1,0.014612200087867677,0.0,0.266857962697274,"[[2, 3], [1]]","[[1, 2, 3]]"
00004-00000010.soc,soc,3,1394,rankings,movimiento,b=0.1,0,1.1865136298567118,0.9340028693514357,2,1,0.024526599911041558,0.0,0.266857962697274,"[[2, 3], [1]]","[[1, 2, 3]]"
00004-00000010.soc,soc,3,1394,rankings,movimiento,b=0.2,0,1.1865136298567118,0.9340028693514357,2,1,0.041916499962098897,0.0,0.266857962697274,"[[2, 3], [1]]","[[1, 2, 3]]"
00004-00000010.soc,soc,3,1394,rankings,movimiento,b=0.3,0,1.1865136298567118,0.9340028693514357,2,1,0.0250998999690637,0.0,0.266857962697274,"[[2, 3], [1]]","[[1, 2, 3]]"
00004-00000010.soc,soc,3,1394,rankings,empate,b=0.1,1,1.1865136298567118,0.7690100431057438,2,1,0.03314049995969981,0.0,0.266857962697274,"[[2, 3], [1]]","[[1, 2, 3]]"
00004-00000010.soc,soc,3,1394,rankings,empate,b=0.2,1,1.1865136298567118,0.7690100431057438,2,1,0.03272620006464422,0.0,0.266857962697274,"[[2, 3], [1]]","[[1, 2, 3]]"
00004-00000010.soc,soc,3,1394,rankings,empate,b=0.3,1,1.1865136298567118,0.7690100431057438,2,1,0.03266909997910261,0.0,0.266857962697274,"[[2, 3], [1]]","[[1, 2, 3]]"
00004-00000010.soc,soc,3,1394,rankings,intercambio,b=0.1,1,1.1865136298567118,0.1391678623214747,2,1,0.028016499942168593,0.0,0.266857962697274,"[[2, 3], [1]]","[[1, 2, 3]]"
00004-00000010.soc,soc,3,1394,rankings,intercambio,b=0.2,1,1.1865136298567118,0.1391678623214747,2,1,0.02459469996392727,0.0,0.266857962697274,"[[2, 3], [1]]","[[1, 2, 3]]"
00004-00000010.soc,soc,3,1394,rankings,intercambio,b=0.3,1,1.1865136298567118,0.1391678623214747,2,1,0.024019100004807115,0.0,0.266857962697274,"[[2, 3], [1]]","[[1, 2, 3]]"
00004-00000010.soc,soc,3,1394,rankings,local,b=0.1,1,1.1865136298567118,0.15925394538709847,2,1,0.01344110001809895,0.0,0.266857962697274,"[[2, 3], [1]]","[[1, 2, 3]]"
00004-00000010.soc,soc,3,1394,rankings,local,b=0.2,1,1.1865136298567118,0.15925394538709847,2,1,0.013281499966979027,0.0,0.266857962697274,"[[2, 3], [1]]","[[1, 2, 3]]"
00004-00000010.soc,soc,3,1394,rankings,local,b=0.3,1,1.1865136298567118,0.15925394538709847,2,1,0.013357199961319566,0.0,0.266857962697274,"[[2, 3], [1]]","[[1, 2, 3]]"
00004-00000010.soc,soc,3,1394,rankings,movimiento,b=0.1,1,1.1865136298567118,0.9418938306799635,2,1,0.024989400058984756,0.0,0.266857962697274,"[[2, 3], [1]]","[[1, 2, 3]]"
00004-00000010.soc,soc,3,1394,rankings,movimiento,b=0.2,1,1.1865136298567118,0.9418938306799635,2,1,0.02411009999923408,0.0,0.266857962697274,"[[2, 3], [1]]","[[1, 2, 3]]"
00004-00000010.soc,soc,3,1394,rankings,movimiento,b=0.3,1,1.1865136298567118,0.9418938306799635,2,1,0.023724099970422685,0.0,0.266857962697274,"[[2, 3], [1]]","[[1, 2, 3]]"
00004-00000010.soc,soc,3,1394,rankings,empate,b=0.1,2,1.1865136298567118,0.7087517933065868,2,1,0.03127200005110353,0.0,0.266857962697274,"[[2, 3], [1]]","[[1, 2, 3]]"
00004-00000010.soc,soc,3,1394,rankings,empate,b=0.2,2,1.1865136298567118,0.7087517933065868,2,1,0.03122940007597208,0.0,0.266857962697274,"[[2, 3], [1]]","[[1, 2, 3]]"
00004-00000010.soc,soc,3,1394,rankings,empate,b=0.3,2,1.1865136298567118,0.7087517933065868,2,1,0.031585599994286895,0.0,0.266857962697274,"[[2, 3], [1]]","[[1, 2, 3]]"
00004-00000010.soc,soc,3,1394,rankings,intercambio,b=0.1,2,1.1865136298567118,0.13916786218418142,2,1,0.02664669998921454,0.0,0.266857962697274,"[[2, 3], [1]]","[[1, 2, 3]]"
00004-00000010.soc,soc,3,1394,rankings,intercambio,b=0.2,2,1.1865136298567118,0.13916786218418142,2,1,0.028075199923478067,0.0,0.266857962697274,"[[2, 3], [1]]","[[1, 2, 3]]"
00004-00000010.soc,soc,3,1394,rankings,intercambio,b=0.3,2,1.1865136298567118,0.13916786218418142,2,1,0.03143119998276234,0.0,0.266857962697274,"[[2, 3], [1]]","[[1, 2, 3]]"
00004-00000010.soc,soc,3,1394,rankings,local,b=0.1,2,1.1865136298567118,0.2568149210224093,2,1,0.019755100016482174,0.0,0.266857962697274,"[[2, 3], [1]]","[[1, 2, 3]]"
00004-00000010.soc,soc,3,1394,rankings,local,b=0.2,2,1.1865136298567118,0.2568149210224093,2,1,0.014711100026033819,0.0,0.266857962697274,"[[2, 3], [1]]","[[1, 2, 3]]"
00004-00000010.soc,soc,3,1394,rankings,local,b=0.3,2,1.1865136298567118,0.2568149210224093,2,1,0.028281599981710315,0.0,0.266857962697274,"[[2, 3], [1]]","[[1, 2, 3]]"
00004-00000010.soc,soc,3,1394,rankings,movimiento,b=0.1,2,1.1865136298567118,0.9612625538953748,2,1,0.023751000058837235,0.0,0.266857962697274,"[[2, 3], [1]]","[[1, 2, 3]]"
00004-00000010.soc,soc,3,1394,rankings,movimiento,b=0.2,2,1.1865136298567118,0.9612625538953748,2,1,0.023851400008425117,0.0,0.266857962697274,"[[2, 3], [1]]","[[1, 2, 3]]"
00004-00000010.soc,soc,3,1394,rankings,movimiento,b=0.3,2,1.1865136298567118,0.9612625538953748,2,1,0.023864699993282557,0.0,0.266857962697274,"[[2, 3], [1]]","[[1, 2, 3]]"
00004-00000010.soc,soc,3,1394,rankings,empate,b=0.1,3,1.1865136298567118,0.7474892395837474,2,1,0.031765000079758465,0.0,0.266857962697274,"[[2, 3], [1]]","[[1, 2, 3]]"
00004-00000010.soc,soc,3,1394,rankings,empate,b=0.2,3,1.1865136298567118,0.7474892395837474,2,1,0.03302840003743768,0.0,0.266857962697274,"[[2, 3], [1]]","[[1, 2, 3]]"
00004-00000010.soc,soc,3,1394,rankings,empate,b=0.3,3,1.1865136298567118,0.7474892395837474,2,1,0.03422100003808737,0.0,0.266857962697274,"[[2, 3], [1]]","[[1, 2, 3]]"
00004-00000010.soc,soc,3,1394,rankings,intercambio,b=0.1,3,1.1865136298567118,0.1391678622132435,2,1,0.027742100064642727,0.0,0.266857962697274,"[[2, 3], [1]]","[[1, 2, 3]]"
00004-00000010.soc,soc,3,1394,rankings,intercambio,b=0.2,3,1.1865136298567118,0.1391678622132435,2,1,0.028181100031360984,0.0,0.266857962697274,"[[2, 3], [1]]","[[1, 2, 3]]"
00004-00000010.soc,soc,3,1394,rankings,intercambio,b=0.3,3,1.1865136298567118,0.1391678622132435,2,1,0.027401099912822247,0.0,0.266857962697274,"[[2, 3], [1]]","[[1, 2, 3]]"
00004-00000010.soc,soc,3,1394,rankings,local,b=0.1,3,1.1865136298567118,0.2137733141484457,2,1,0.019014199962839484,0.0,0.266857962697274,"[[2, 3], [1]]","[[1, 2, 3]]"
00004-00000010.soc,soc,3,1394,rankings,local,b=0.2,3,1.1865136298567118,0.2137733141484457,2,1,0.015357499942183495,0.0,0.266857962697274,"[[2, 3], [1]]","[[1, 2, 3]]"
00004-00000010.soc,soc,3,1394,rankings,local,b=0.3,3,1.1865136298567118,0.2137733141484457,2,1,0.013976500020362437,0.0,0.266857962697274,"[[2, 3], [1]]","[[1, 2, 3]]"
00004-00000010.soc,soc,3,1394,rankings,movimiento,b=0.1,3,1.1865136298567118,0.9253945481610035,2,1,0.02499040006659925,0.0,0.266857962697274,"[[2, 3], [1]]","[[1, 2, 3]]"
00004-00000010.soc,soc,3,1394,rankings,movimiento,b=0.2,3,1.1865136298567118,0.9253945481610035,2,1,0.023564500035718083,0.0,0.266857962697274,"[[2, 3], [1]]","[[1, 2, 3]]"
00004-00000010.soc,soc,3,1394,rankings,movimiento,b=0.3,3,1.1865136298567118,0.9253945481610035,2,1,0.023686800035648048,0.0,0.266857962697274,"[[2, 3], [1]]","[[1, 2, 3]]"
00004-00000010.soc,soc,3,1394,rankings,empate,b=0.1,4,1.1865136298567118,0.6441893830520959,2,1,0.030878700083121657,0.0,0.266857962697274,"[[2, 3], [1]]","[[1, 2, 3]]"
00004-00000010.soc,soc,3,1394,rankings,empate,b=0.2,4,1.1865136298567118,0.6441893830520959,2,1,0.034286900074221194,0.0,0.266857962697274,"[[2, 3], [1]]","[[1, 2, 3]]"
00004-00000010.soc,soc,3,1394,rankings,empate,b=0.3,4,1.1865136298567118,0.6441893830520959,2,1,0.03395919990725815,0.0,0.266857962697274,"[[2, 3], [1]]","[[1, 2, 3]]"
00004-00000010.soc,soc,3,1394,rankings,intercambio,b=0.1,4,1.1865136298567118,0.13916786226602285,2,1,0.027743399958126247,0.0,0.266857962697274,"[[2, 3], [1]]","[[1, 2, 3]]"
00004-00000010.soc,soc,3,1394,rankings,intercambio,b=0.2,4,1.1865136298567118,0.13916786226602285,2,1,0.02674280002247542,0.0,0.266857962697274,"[[2, 3], [1]]","[[1, 2, 3]]"
00004-00000010.soc,soc,3,1394,rankings,intercambio,b=0.3,4,1.1865136298567118,0.13916786226602285,2,1,0.042515399982221425,0.0,0.266857962697274,"[[2, 3], [1]]","[[1, 2, 3]]"
00004-00000010.soc,soc,3,1394,rankings,local,b=0.1,4,1.1865136298567118,0.3142037302264984,2,1,0.01583089993800968,0.0,0.266857962697274,"[[2, 3], [1]]","[[1, 2, 3]]"
00004-00000010.soc,soc,3,1394,rankings,local,b=0.2,4,1.1865136298567118,0.3142037302264984,2,1,0.01618380006402731,0.0,0.266857962697274,"[[2, 3], [1]]","[[1, 2, 3]]"
00004-00000010.soc,soc,3,1394,rankings,local,b=0.3,4,1.1865136298567118,0.3142037302264984,2,1,0.014973400044254959,0.0,0.266857962697274,"[[2, 3], [1]]","[[1, 2, 3]]"
00004-00000010.soc,soc,3,1394,rankings,movimiento,b=0.1,4,1.1865136298567118,0.9799139167895676,2,1,0.025247499928809702,0.0,0.266857962697274,"[[2, 3], [1]]","[[1, 2, 3]]"
00004-00000010.soc,soc,3,1394,rankings,movimiento,b=0.2,4,1.1865136298567118,0.9799139167895676,2,1,0.02609259996097535,0.0,0.266857962697274,"[[2, 3], [1]]","[[1, 2, 3]]"
00004-00000010.soc,soc,3,1394,rankings,movimiento,b=0.3,4,1.1865136298567118,0.9799139167895676,2,1,0.025750899920240045,0.0,0.266857962697274,"[[2, 3], [1]]","[[1, 2, 3]]"
00004-00000011.soc,soc,3,697,rankings,empate,b=0.1,0,0.8421807747372325,0.5279770444709828,1,1,0.0322312000207603,1.0,0.0,"[[1, 2, 3]]","[[1, 2, 3]]"
00004-00000011.soc,soc,3,697,rankings,empate,b=0.2,0,0.8421807747372325,0.5279770444709828,1,1,0.018989200005307794,1.0,0.0,"[[1, 2, 3]]","[[1, 2, 3]]"
00004-00000011.soc,soc,3,697,rankings,empate,b=0.3,0,0.8421807747372325,0.5279770444709828,1,1,0.019602300017140806,1.0,0.0,"[[1, 2, 3]]","[[1, 2, 3]]"
00004-00000011.soc,soc,3,697,rankings,intercambio,b=0.1,0,0.8421807747372325,0.16499282639885204,1,1,0.015718800015747547,1.0,0.0,"[[1, 2, 3]]","[[1, 2, 3]]"
00004-00000011.soc,soc,3,697,rankings,intercambio,b=0.2,0,0.8421807747372325,0.16499282639885204,1,1,0.015694999950937927,1.0,0.0,"[[1, 2, 3]]","[[1, 2, 3]]"
00004-00000011.soc,soc,3,697,rankings,intercambio,b=0.3,0,0.8421807747372325,0.16499282639885204,1,1,0.01633760007098317,1.0,0.0,"[[1, 2, 3]]","[[1, 2, 3]]"
00004-00000011.soc,soc,3,697,rankings,local,b=0.1,0,0.8421807747372325,0.3113342898398759,1,1,0.010473000002093613,1.0,0.0,"[[1, 2, 3]]","[[1, 2, 3]]"
00004-00000011.soc,soc,3,697,rankings,local,b=0.2,0,0.8421807747372325,0.3113342898398759,1,1,0.010240300092846155,1.0,0.0,"[[1, 2, 3]]","[[1, 2, 3]]"
00004-00000011.soc,soc,3,697,rankings,local,b=0.3,0,0.8421807747372325,0.3113342898398759,1,1,0.009575300035066903,1.0,0.0,"[[1, 2, 3]]","[[1, 2, 3]]"
00004-00000011.soc,soc,3,697,rankings,movimiento,b=0.1,0,0.8421807747372325,0.5107604017535657,1,1,0.014564299955964088,1.0,0.0,"[[1, 2, 3]]","[[1, 2, 3]]"
00004-00000011.soc,soc,3,697,rankings,movimiento,b=0.2,0,0.8421807747372325,0.5107604017535657,1,1,0.014345599920488894,1.0,0.0,"[[1, 2, 3]]","[[1, 2, 3]]"
00004-00000011.soc,soc,3,697,rankings,movimiento,b=0.3,0,0.8421807747372325,0.5107604017535657,1,1,0.014259499963372946,1.0,0.0,"[[1, 2, 3]]","[[1, 2, 3]]"
00004-00000011.soc,soc,3,697,rankings,empate,b=0.1,1,0.8421807747372325,0.3586800573842993,1,1,0.0264852000400424,1.0,0.0,"[[1, 2, 3]]","[[1, 2, 3]]"
00004-00000011.soc,soc,3,697,rankings,empate,b=0.2,1,0.8421807747372325,0.3586800573842993,1,1,0.01851730002090335,1.0,0.0,"[[1, 2, 3]]","[[1, 2, 3]]"
00004-00000011.soc,soc,3,697,rankings,empate,b=0.3,1,0.8421807747372325,0.3586800573842993,1,1,0.018404899979941547,1.0,0.0,"[[1, 2, 3]]","[[1, 2, 3]]"
00004-00000011.soc,soc,3,697,rankings,intercambio,b=0.1,1,0.8421807747372325,0.17073170726262377,1,1,0.01553460001014173,1.0,0.0,"[[1, 2, 3]]","[[1, 2, 3]]"
00004-00000011.soc,soc,3,697,rankings,intercambio,b=0.2,1,0.8421807747372325,0.17073170726262377,1,1,0.01620299997739494,1.0,0.0,"[[1, 2, 3]]","[[1, 2, 3]]"
00004-00000011.soc,soc,3,697,rankings,intercambio,b=0.3,1,0.8421807747372325,0.17073170726262377,1,1,0.016541499993763864,1.0,0.0,"[[1, 2, 3]]","[[1, 2, 3]]"
00004-00000011.soc,soc,3,697,rankings,local,b=0.1,1,0.8421807747372325,0.25107604017216656,1,1,0.01001570001244545,1.0,0.0,"[[1, 2, 3]]","[[1, 2, 3]]"
00004-00000011.soc,soc,3,697,rankings,local,b=0.2,1,0.8421807747372325,0.25107604017216656,1,1,0.00957110000308603,1.0,0.0,"[[1, 2, 3]]","[[1, 2, 3]]"
00004-00000011.soc,soc,3,697,rankings,local,b=0.3,1,0.8421807747372325,0.25107604017216656,1,1,0.009290100075304508,1.0,0.0,"[[1, 2, 3]]","[[1, 2, 3]]"
00004-00000011.soc,soc,3,697,rankings,movimiento,b=0.1,1,0.8421807747372325,0.5595408895193603,1,1,0.014543900033459067,1.0,0.0,"[[1, 2, 3]]","[[1, 2, 3]]"
00004-00000011.soc,soc,3,697,rankings,movimiento,b=0.2,1,0.8421807747372325,0.5595408895193603,1,1,0.014443900086916983,1.0,0.0,"[[1, 2, 3]]","[[1, 2, 3]]"
00004-00000011.soc,soc,3,697,rankings,movimiento,b=0.3,1,0.8421807747372325,0.5595408895193603,1,1,0.015103199984878302,1.0,0.0,"[[1, 2, 3]]","[[1, 2, 3]]"
00004-00000011.soc,soc,3,697,rankings,empate,b=0.1,2,0.8421807747372325,0.413199426082846,1,1,0.018566900049336255,1.0,0.0,"[[1, 2, 3]]","[[1, 2, 3]]"
00004-00000011.soc,soc,3,697,rankings,empate,b=0.2,2,0.8421807747372325,0.413199426082846,1,1,0.018296799971722066,1.0,0.0,"[[1, 2, 3]]","[[1, 2, 3]]"
00004-00000011.soc,soc,3,697,rankings,empate,b=0.3,2,0.8421807747372325,0.413199426082846,1,1,0.01836460002232343,1.0,0.0,"[[1, 2, 3]]","[[1, 2, 3]]"
00004-00000011.soc,soc,3,697,rankings,intercambio,b=0.1,2,0.8421807747372325,0.11334289812584442,1,1,0.014009200036525726,1.0,0.0,"[[1, 2, 3]]","[[1, 2, 3]]"
00004-00000011.soc,soc,3,697,rankings,intercambio,b=0.2,2,0.8421807747372325,0.11334289812584442,1,1,0.013813199941068888,1.0,0.0,"[[1, 2, 3]]","[[1, 2, 3]]"
00004-00000011.soc,soc,3,697,rankings,intercambio,b=0.3,2,0.8421807747372325,0.11334289812584442,1,1,0.013678899966180325,1.0,0.0,"[[1, 2, 3]]","[[1, 2, 3]]"
00004-00000011.soc,soc,3,697,rankings,local,b=0.1,2,0.8421807747372325,0.3285509325290661,1,1,0.00828650000039488,1.0,0.0,"[[1, 2, 3]]","[[1, 2, 3]]"
00004-00000011.soc,soc,3,697,rankings,local,b=0.2,2,0.8421807747372325,0.3285509325290661,1,1,0.008093500044196844,1.0,0.0,"[[1, 2, 3]]","[[1, 2, 3]]"
00004-00000011.soc,soc,3,697,rankings,local,b=0.3,2,0.8421807747372325,0.3285509325290661,1,1,0.019783099996857345,1.0,0.0,"[[1, 2, 3]]","[[1, 2, 3]]"
00004-00000011.soc,soc,3,697,rankings,movimiento,b=0.1,2,0.8421807747372325,0.5523672884024836,1,1,0.013176899985410273,1.0,0.0,"[[1, 2, 3]]","[[1, 2, 3]]"
00004-00000011.soc,soc,3,697,rankings,movimiento,b=0.2,2,0.8421807747372325,0.5523672884024836,1,1,0.013098099967464805,1.0,0.0,"[[1, 2, 3]]","[[1, 2, 3]]"
00004-00000011.soc,soc,3,697,rankings,movimiento,b=0.3,2,0.8421807747372325,0.5523672884024836,1,1,0.013164200005121529,1.0,0.0,"[[1, 2, 3]]","[[1, 2, 3]]"
00004-00000011.soc,soc,3,697,rankings,empate,b=0.1,3,0.8421807747372325,0.36728837881257326,1,1,0.01691430003847927,1.0,0.0,"[[1, 2, 3]]","[[1, 2, 3]]"
00004-00000011.soc,soc,3,697,rankings,empate,b=0.2,3,0.8421807747372325,0.36728837881257326,1,1,0.017696900060400367,1.0,0.0,"[[1, 2, 3]]","[[1, 2, 3]]"
00004-00000011.soc,soc,3,697,rankings,empate,b=0.3,3,0.8421807747372325,0.36728837881257326,1,1,0.02006120001897216,1.0,0.0,"[[1, 2, 3]]","[[1, 2, 3]]"
00004-00000011.soc,soc,3,697,rankings,intercambio,b=0.1,3,0.8421807747372325,0.1879483500336544,1,1,0.016110200085677207,1.0,0.0,"[[1, 2, 3]]","[[1, 2, 3]]"
00004-00000011.soc,soc,3,697,rankings,intercambio,b=0.2,3,0.8421807747372325,0.1879483500336544,1,1,0.01584859995637089,1.0,0.0,"[[1, 2, 3]]","[[1, 2, 3]]"
00004-00000011.soc,soc,3,697,rankings,intercambio,b=0.3,3,0.8421807747372325,0.1879483500336544,1,1,0.015350400004535913,1.0,0.0,"[[1, 2, 3]]","[[1, 2, 3]]"
00004-00000011.soc,soc,3,697,rankings,local,b=0.1,3,0.8421807747372325,0.2424677187757942,1,1,0.009512299904599786,1.0,0.0,"[[1, 2, 3]]","[[1, 2, 3]]"
00004-00000011.soc,soc,3,697,rankings,local,b=0.2,3,0.8421807747372325,0.2424677187757942,1,1,0.009199899970553815,1.0,0.0,"[[1, 2, 3]]","[[1, 2, 3]]"
00004-00000011.soc,soc,3,697,rankings,local,b=0.3,3,0.8421807747372325,0.2424677187757942,1,1,0.009357400005683303,1.0,0.0,"[[1, 2, 3]]","[[1, 2, 3]]"
00004-00000011.soc,soc,3,697,rankings,movimiento,b=0.1,3,0.8421807747372325,0.5681492108985293,1,1,0.015002299915067852,1.0,0.0,"[[1, 2, 3]]","[[1, 2, 3]]"
00004-00000011.soc,soc,3,697,rankings,movimiento,b=0.2,3,0.8421807747372325,0.5681492108985293,1,1,0.01458220009226352,1.0,0.0,"[[1, 2, 3]]","[[1, 2, 3]]"
00004-00000011.soc,soc,3,697,rankings,movimiento,b=0.3,3,0.8421807747372325,0.5681492108985293,1,1,0.017673800000920892,1.0,0.0,"[[1, 2, 3]]","[[1, 2, 3]]"
00004-00000011.soc,soc,3,697,rankings,empate,b=0.1,4,0.8421807747372325,0.4246771879356561,1,1,0.021149300038814545,1.0,0.0,"[[1, 2, 3]]","[[1, 2, 3]]"
00004-00000011.soc,soc,3,697,rankings,empate,b=0.2,4,0.8421807747372325,0.4246771879356561,1,1,0.01941359997726977,1.0,0.0,"[[1, 2, 3]]","[[1, 2, 3]]"
00004-00000011.soc,soc,3,697,rankings,empate,b=0.3,4,0.8421807747372325,0.4246771879356561,1,1,0.01852299994789064,1.0,0.0,"[[1, 2, 3]]","[[1, 2, 3]]"
00004-00000011.soc,soc,3,697,rankings,intercambio,b=0.1,4,0.8421807747372325,0.08751793401289065,1,1,0.015050399932079017,1.0,0.0,"[[1, 2, 3]]","[[1, 2, 3]]"
00004-00000011.soc,soc,3,697,rankings,intercambio,b=0.2,4,0.8421807747372325,0.08751793401289065,1,1,0.01569759997073561,1.0,0.0,"[[1, 2, 3]]","[[1, 2, 3]]"
00004-00000011.soc,soc,3,697,rankings,intercambio,b=0.3,4,0.8421807747372325,0.08751793401289065,1,1,0.016080999979749322,1.0,0.0,"[[1, 2, 3]]","[[1, 2, 3]]"
00004-00000011.soc,soc,3,697,rankings,local,b=0.1,4,0.8421807747372325,0.3055954089071238,1,1,0.009592700051143765,1.0,0.0,"[[1, 2, 3]]","[[1, 2, 3]]"
00004-00000011.soc,soc,3,697,rankings,local,b=0.2,4,0.8421807747372325,0.3055954089071238,1,1,0.009759299922734499,1.0,0.0,"[[1, 2, 3]]","[[1, 2, 3]]"
00004-00000011.soc,soc,3,697,rankings,local,b=0.3,4,0.8421807747372325,0.3055954089071238,1,1,0.009395599947310984,1.0,0.0,"[[1, 2, 3]]","[[1, 2, 3]]"
00004-00000011.soc,soc,3,697,rankings,movimiento,b=0.1,4,0.8421807747372325,0.5566714490111448,1,1,0.014783699996769428,1.0,0.0,"[[1, 2, 3]]","[[1, 2, 3]]"
00004-00000011.soc,soc,3,697,rankings,movimiento,b=0.2,4,0.8421807747372325,0.5566714490111448,1,1,0.015636399970389903,1.0,0.0,"[[1, 2, 3]]","[[1, 2, 3]]"
00004-00000011.soc,soc,3,697,rankings,movimiento,b=0.3,4,0.8421807747372325,0.5566714490111448,1,1,0.015179299982264638,1.0,0.0,"[[1, 2, 3]]","[[1, 2, 3]]"
00004-00000012.soc,soc,3,529,rankings,empate,b=0.1,0,0.9243856332210263,0.5293005672199842,1,1,0.01594640000257641,1.0,0.0,"[[1, 2, 3]]","[[1, 2, 3]]"
00004-00000012.soc,soc,3,529,rankings,empate,b=0.2,0,0.9243856332210263,0.5293005672199842,1,1,0.015759399975650012,1.0,0.0,"[[1, 2, 3]]","[[1, 2, 3]]"
00004-00000012.soc,soc,3,529,rankings,empate,b=0.3,0,0.9243856332210263,0.5293005672199842,1,1,0.014747100067324936,1.0,0.0,"[[1, 2, 3]]","[[1, 2, 3]]"
00004-00000012.soc,soc,3,529,rankings,intercambio,b=0.1,0,0.9243856332210263,0.10775047258649084,1,1,0.012749499990604818,1.0,0.0,"[[1, 2, 3]]","[[1, 2, 3]]"
00004-00000012.soc,soc,3,529,rankings,intercambio,b=0.2,0,0.9243856332210263,0.10775047258649084,1,1,0.013200700050219893,1.0,0.0,"[[1, 2, 3]]","[[1, 2, 3]]"
00004-00000012.soc,soc,3,529,rankings,intercambio,b=0.3,0,0.9243856332210263,0.10775047258649084,1,1,0.013121800031512976,1.0,0.0,"[[1, 2, 3]]","[[1, 2, 3]]"
00004-00000012.soc,soc,3,529,rankings,local,b=0.1,0,0.9243856332210263,0.2627599243706691,1,1,0.008330799988470972,1.0,0.0,"[[1, 2, 3]]","[[1, 2, 3]]"
00004-00000012.soc,soc,3,529,rankings,local,b=0.2,0,0.9243856332210263,0.2627599243706691,1,1,0.007898999960161746,1.0,0.0,"[[1, 2, 3]]","[[1, 2, 3]]"
00004-00000012.soc,soc,3,529,rankings,local,b=0.3,0,0.9243856332210263,0.2627599243706691,1,1,0.008152000023983419,1.0,0.0,"[[1, 2, 3]]","[[1, 2, 3]]"
00004-00000012.soc,soc,3,529,rankings,movimiento,b=0.1,0,0.9243856332210263,0.6389413989097981,1,1,0.011714500025846064,1.0,0.0,"[[1, 2, 3]]","[[1, 2, 3]]"
00004-00000012.soc,soc,3,529,rankings,movimiento,b=0.2,0,0.9243856332210263,0.6389413989097981,1,1,0.01163380010984838,1.0,0.0,"[[1, 2, 3]]","[[1, 2, 3]]"
00004-00000012.soc,soc,3,529,rankings,movimiento,b=0.3,0,0.9243856332210263,0.6389413989097981,1,1,0.011625299928709865,1.0,0.0,"[[1, 2, 3]]","[[1, 2, 3]]"
00004-00000012.soc,soc,3,529,rankings,empate,b=0.1,1,0.9243856332210263,0.4574669186868269,1,1,0.014565200079232454,1.0,0.0,"[[1, 2, 3]]","[[1, 2, 3]]"
00004-00000012.soc,soc,3,529,rankings,empate,b=0.2,1,0.9243856332210263,0.4574669186868269,1,1,0.014505799976177514,1.0,0.0,"[[1, 2, 3]]","[[1, 2, 3]]"
00004-00000012.soc,soc,3,529,rankings,empate,b=0.3,1,0.9243856332210263,0.4574669186868269,1,1,0.014894000021740794,1.0,0.0,"[[1, 2, 3]]","[[1, 2, 3]]"
00004-00000012.soc,soc,3,529,rankings,intercambio,b=0.1,1,0.9243856332210263,0.11909262763115325,1,1,0.012303000083193183,1.0,0.0,"[[1, 2, 3]]","[[1, 2, 3]]"
00004-00000012.soc,soc,3,529,rankings,intercambio,b=0.2,1,0.9243856332210263,0.11909262763115325,1,1,0.012527800048701465,1.0,0.0,"[[1, 2, 3]]","[[1, 2, 3]]"
00004-00000012.soc,soc,3,529,rankings,intercambio,b=0.3,1,0.9243856332210263,0.11909262763115325,1,1,0.012120600091293454,1.0,0.0,"[[1, 2, 3]]","[[1, 2, 3]]"
00004-00000012.soc,soc,3,529,rankings,local,b=0.1,1,0.9243856332210263,0.22873345942791912,1,1,0.007694999920204282,1.0,0.0,"[[1, 2, 3]]","[[1, 2, 3]]"
00004-00000012.soc,soc,3,529,rankings,local,b=0.2,1,0.9243856332210263,0.22873345942791912,1,1,0.007897300063632429,1.0,0.0,"[[1, 2, 3]]","[[1, 2, 3]]"
00004-00000012.soc,soc,3,529,rankings,local,b=0.3,1,0.9243856332210263,0.22873345942791912,1,1,0.007694700034335256,1.0,0.0,"[[1, 2, 3]]","[[1, 2, 3]]"
00004-00000012.soc,soc,3,529,rankings,movimiento,b=0.1,1,0.9243856332210263,0.6351606805475661,1,1,0.012139700003899634,1.0,0.0,"[[1, 2, 3]]","[[1, 2, 3]]"
00004-00000012.soc,soc,3,529,rankings,movimiento,b=0.2,1,0.9243856332210263,0.6351606805475661,1,1,0.013070999993942678,1.0,0.0,"[[1, 2, 3]]","[[1, 2, 3]]"
00004-00000012.soc,soc,3,529,rankings,movimiento,b=0.3,1,0.9243856332210263,0.6351606805475661,1,1,0.012299600057303905,1.0,0.0,"[[1, 2, 3]]","[[1, 2, 3]]"
00004-00000012.soc,soc,3,529,rankings,empate,b=0.1,2,0.9243856332210263,0.4272211720218042,1,1,0.014870599959976971,1.0,0.0,"[[1, 2, 3]]","[[1, 2, 3]]"
00004-00000012.soc,soc,3,529,rankings,empate,b=0.2,2,0.9243856332210263,0.4272211720218042,1,1,0.014643299975432456,1.0,0.0,"[[1, 2, 3]]","[[1, 2, 3]]"
00004-00000012.soc,soc,3,529,rankings,empate,b=0.3,2,0.9243856332210263,0.4272211720218042,1,1,0.01484290009830147,1.0,0.0,"[[1, 2, 3]]","[[1, 2, 3]]"
00004-00000012.soc,soc,3,529,rankings,intercambio,b=0.1,2,0.9243856332210263,0.04347826083655515,1,1,0.012323199887759984,1.0,0.0,"[[1, 2, 3]]","[[1, 2, 3]]"
00004-00000012.soc,soc,3,529,rankings,intercambio,b=0.2,2,0.9243856332210263,0.04347826083655515,1,1,0.012182299979031086,1.0,0.0,"[[1, 2, 3]]","[[1, 2, 3]]"
00004-00000012.soc,soc,3,529,rankings,intercambio,b=0.3,2,0.9243856332210263,0.04347826083655515,1,1,0.012265700032003224,1.0,0.0,"[[1, 2, 3]]","[[1, 2, 3]]"
00004-00000012.soc,soc,3,529,rankings,local,b=0.1,2,0.9243856332210263,0.27032136109513205,1,1,0.008418799960054457,1.0,0.0,"[[1, 2, 3]]","[[1, 2, 3]]"
00004-00000012.soc,soc,3,529,rankings,local,b=0.2,2,0.9243856332210263,0.27032136109513205,1,1,0.007969099911861122,1.0,0.0,"[[1, 2, 3]]","[[1, 2, 3]]"
00004-00000012.soc,soc,3,529,rankings,local,b=0.3,2,0.9243856332210263,0.27032136109513205,1,1,0.008087499998509884,1.0,0.0,"[[1, 2, 3]]","[[1, 2, 3]]"
00004-00000012.soc,soc,3,529,rankings,movimiento,b=0.1,2,0.9243856332210263,0.5973534971580792,1,1,0.011721699964255095,1.0,0.0,"[[1, 2, 3]]","[[1, 2, 3]]"
00004-00000012.soc,soc,3,529,rankings,movimiento,b=0.2,2,0.9243856332210263,0.5973534971580792,1,1,0.011717200046405196,1.0,0.0,"[[1, 2, 3]]","[[1, 2, 3]]"
00004-00000012.soc,soc,3,529,rankings,movimiento,b=0.3,2,0.9243856332210263,0.5973534971580792,1,1,0.0122811000328511,1.0,0.0,"[[1, 2, 3]]","[[1, 2, 3]]"
00004-00000012.soc,soc,3,529,rankings,empate,b=0.1,3,0.9243856332210263,0.46880907377352266,1,1,0.014975599944591522,1.0,0.0,"[[1, 2, 3]]","[[1, 2, 3]]"
00004-00000012.soc,soc,3,529,rankings,empate,b=0.2,3,0.9243856332210263,0.46880907377352266,1,1,0.015296799945645034,1.0,0.0,"[[1, 2, 3]]","[[1, 2, 3]]"
00004-00000012.soc,soc,3,529,rankings,empate,b=0.3,3,0.9243856332210263,0.46880907377352266,1,1,0.0265829999698326,1.0,0.0,"[[1, 2, 3]]","[[1, 2, 3]]"
00004-00000012.soc,soc,3,529,rankings,intercambio,b=0.1,3,0.9243856332210263,0.3005671077286861,1,1,0.012496800045482814,1.0,0.0,"[[1, 2, 3]]","[[1, 2, 3]]"
00004-00000012.soc,soc,3,529,rankings,intercambio,b=0.2,3,0.9243856332210263,0.3005671077286861,1,1,0.01230169995687902,1.0,0.0,"[[1, 2, 3]]","[[1, 2, 3]]"
00004-00000012.soc,soc,3,529,rankings,intercambio,b=0.3,3,0.9243856332210263,0.3005671077286861,1,1,0.012447900022380054,1.0,0.0,"[[1, 2, 3]]","[[1, 2, 3]]"
00004-00000012.soc,soc,3,529,rankings,local,b=0.1,3,0.9243856332210263,0.16068052932191346,1,1,0.007999400026164949,1.0,0.0,"[[1, 2, 3]]","[[1, 2, 3]]"
00004-00000012.soc,soc,3,529,rankings,local,b=0.2,3,0.9243856332210263,0.16068052932191346,1,1,0.007826599990949035,1.0,0.0,"[[1, 2, 3]]","[[1, 2, 3]]"
00004-00000012.soc,soc,3,529,rankings,local,b=0.3,3,0.9243856332210263,0.16068052932191346,1,1,0.007893500034697354,1.0,0.0,"[[1, 2, 3]]","[[1, 2, 3]]"
00004-00000012.soc,soc,3,529,rankings,movimiento,b=0.1,3,0.9243856332210263,0.4971644613156374,1,1,0.011789600015617907,1.0,0.0,"[[1, 2, 3]]","[[1, 2, 3]]"
00004-00000012.soc,soc,3,529,rankings,movimiento,b=0.2,3,0.9243856332210263,0.4971644613156374,1,1,0.011689399951137602,1.0,0.0,"[[1, 2, 3]]","[[1, 2, 3]]"
00004-00000012.soc,soc,3,529,rankings,movimiento,b=0.3,3,0.9243856332210263,0.4971644613156374,1,1,0.011656200047582388,1.0,0.0,"[[1, 2, 3]]","[[1, 2, 3]]"
00004-00000012.soc,soc,3,529,rankings,empate,b=0.1,4,0.9243856332210263,0.4725897920193387,1,1,0.014681800035759807,1.0,0.0,"[[1, 2, 3]]","[[1, 2, 3]]"
00004-00000012.soc,soc,3,529,rankings,empate,b=0.2,4,0.9243856332210263,0.4725897920193387,1,1,0.014761800062842667,1.0,0.0,"[[1, 2, 3]]","[[1, 2, 3]]"
00004-00000012.soc,soc,3,529,rankings,empate,b=0.3,4,0.9243856332210263,0.4725897920193387,1,1,0.016476399963721633,1.0,0.0,"[[1, 2, 3]]","[[1, 2, 3]]"
00004-00000012.soc,soc,3,529,rankings,intercambio,b=0.1,4,0.9243856332210263,0.05482041590366449,1,1,0.013006099965423346,1.0,0.0,"[[1, 2, 3]]","[[1, 2, 3]]"
00004-00000012.soc,soc,3,529,rankings,intercambio,b=0.2,4,0.9243856332210263,0.05482041590366449,1,1,0.012659400003030896,1.0,0.0,"[[1, 2, 3]]","[[1, 2, 3]]"
00004-00000012.soc,soc,3,529,rankings,intercambio,b=0.3,4,0.9243856332210263,0.05482041590366449,1,1,0.012753100018016994,1.0,0.0,"[[1, 2, 3]]","[[1, 2, 3]]"
00004-00000012.soc,soc,3,529,rankings,local,b=0.1,4,0.9243856332210263,0.1720226843755992,1,1,0.007860600017011166,1.0,0.0,"[[1, 2, 3]]","[[1, 2, 3]]"
00004-00000012.soc,soc,3,529,rankings,local,b=0.2,4,0.9243856332210263,0.1720226843755992,1,1,0.007990999962203205,1.0,0.0,"[[1, 2, 3]]","[[1, 2, 3]]"
00004-00000012.soc,soc,3,529,rankings,local,b=0.3,4,0.9243856332210263,0.1720226843755992,1,1,0.007780500105582178,1.0,0.0,"[[1, 2, 3]]","[[1, 2, 3]]"
00004-00000012.soc,soc,3,529,rankings,movimiento,b=0.1,4,0.9243856332210263,0.6030245747596346,1,1,0.011912000016309321,1.0,0.0,"[[1, 2, 3]]","[[1, 2, 3]]"
00004-00000012.soc,soc,3,529,rankings,movimiento,b=0.2,4,0.9243856332210263,0.6030245747596346,1,1,0.011783600086346269,1.0,0.0,"[[1, 2, 3]]","[[1, 2, 3]]"
00004-00000012.soc,soc,3,529,rankings,movimiento,b=0.3,4,0.9243856332210263,0.6030245747596346,1,1,0.01185859995894134,1.0,0.0,"[[1, 2, 3]]","[[1, 2, 3]]"
00004-00000013.soc,soc,3,617,rankings,empate,b=0.1,0,1.064829821734028,0.6709886548445958,2,1,0.017291299998760223,0.0,0.37277147487844386,"[[3], [1, 2]]","[[1, 2, 3]]"
00004-00000013.soc,soc,3,617,rankings,empate,b=0.2,0,1.064829821734028,0.6709886548445958,2,1,0.016147100017406046,0.0,0.37277147487844386,"[[3], [1, 2]]","[[1, 2, 3]]"
00004-00000013.soc,soc,3,617,rankings,empate,b=0.3,0,1.064829821734028,0.6709886548445958,2,1,0.01756579999346286,0.0,0.37277147487844386,"[[3], [1, 2]]","[[1, 2, 3]]"
00004-00000013.soc,soc,3,617,rankings,intercambio,b=0.1,0,1.064829821734028,0.11831442458363417,2,1,0.013921699952334166,0.0,0.37277147487844386,"[[3], [1, 2]]","[[1, 2, 3]]"
00004-00000013.soc,soc,3,617,rankings,intercambio,b=0.2,0,1.064829821734028,0.11831442458363417,2,1,0.014731699950061738,0.0,0.37277147487844386,"[[3], [1, 2]]","[[1, 2, 3]]"
00004-00000013.soc,soc,3,617,rankings,intercambio,b=0.3,0,1.064829821734028,0.11831442458363417,2,1,0.01380559999961406,0.0,0.37277147487844386,"[[3], [1, 2]]","[[1, 2, 3]]"
00004-00000013.soc,soc,3,617,rankings,local,b=0.1,0,1.064829821734028,0.40680713131454016,2,1,0.008527600090019405,0.0,0.37277147487844386,"[[3], [1, 2]]","[[1, 2, 3]]"
00004-00000013.soc,soc,3,617,rankings,local,b=0.2,0,1.064829821734028,0.40680713131454016,2,1,0.00841829995624721,0.0,0.37277147487844386,"[[3], [1, 2]]","[[1, 2, 3]]"
00004-00000013.soc,soc,3,617,rankings,local,b=0.3,0,1.064829821734028,0.40680713131454016,2,1,0.008539200061932206,0.0,0.37277147487844386,"[[3], [1, 2]]","[[1, 2, 3]]"
00004-00000013.soc,soc,3,617,rankings,movimiento,b=0.1,0,1.064829821734028,1.0210696921345734,2,1,0.012881199945695698,0.0,0.37277147487844386,"[[3], [1, 2]]","[[1, 2, 3]]"
00004-00000013.soc,soc,3,617,rankings,movimiento,b=0.2,0,1.064829821734028,1.0210696921345734,2,1,0.013060800032690167,0.0,0.37277147487844386,"[[3], [1, 2]]","[[1, 2, 3]]"
00004-00000013.soc,soc,3,617,rankings,movimiento,b=0.3,0,1.064829821734028,1.0210696921345734,2,1,0.013152699917554855,0.0,0.37277147487844386,"[[3], [1, 2]]","[[1, 2, 3]]"
00004-00000013.soc,soc,3,617,rankings,empate,b=0.1,1,1.064829821734028,0.6645056726941178,2,1,0.016357599990442395,0.0,0.37277147487844386,"[[3], [1, 2]]","[[1, 2, 3]]"
00004-00000013.soc,soc,3,617,rankings,empate,b=0.2,1,1.064829821734028,0.6645056726941178,2,1,0.01745939999818802,0.0,0.37277147487844386,"[[3], [1, 2]]","[[1, 2, 3]]"
00004-00000013.soc,soc,3,617,rankings,empate,b=0.3,1,1.064829821734028,0.6645056726941178,2,1,0.018221299978904426,0.0,0.37277147487844386,"[[3], [1, 2]]","[[1, 2, 3]]"
00004-00000013.soc,soc,3,617,rankings,intercambio,b=0.1,1,1.064829821734028,0.1280388978930308,2,1,0.014179699937812984,0.0,0.37277147487844386,"[[3], [1, 2]]","[[1, 2, 3]]"
00004-00000013.soc,soc,3,617,rankings,intercambio,b=0.2,1,1.064829821734028,0.1280388978930308,2,1,0.01398489996790886,0.0,0.37277147487844386,"[[3], [1, 2]]","[[1, 2, 3]]"
00004-00000013.soc,soc,3,617,rankings,intercambio,b=0.3,1,1.064829821734028,0.1280388978930308,2,1,0.012783500016666949,0.0,0.37277147487844386,"[[3], [1, 2]]","[[1, 2, 3]]"
00004-00000013.soc,soc,3,617,rankings,local,b=0.1,1,1.064829821734028,0.34846029174872584,2,1,0.007904700003564358,0.0,0.37277147487844386,"[[3], [1, 2]]","[[1, 2, 3]]"
00004-00000013.soc,soc,3,617,rankings,local,b=0.2,1,1.064829821734028,0.34846029174872584,2,1,0.007864100043661892,0.0,0.37277147487844386,"[[3], [1, 2]]","[[1, 2, 3]]"
00004-00000013.soc,soc,3,617,rankings,local,b=0.3,1,1.064829821734028,0.34846029174872584,2,1,0.007837399956770241,0.0,0.37277147487844386,"[[3], [1, 2]]","[[1, 2, 3]]"
00004-00000013.soc,soc,3,617,rankings,movimiento,b=0.1,1,1.064829821734028,0.9643435981141621,2,1,0.012247900012880564,0.0,0.37277147487844386,"[[3], [1, 2]]","[[1, 2, 3]]"
00004-00000013.soc,soc,3,617,rankings,movimiento,b=0.2,1,1.064829821734028,0.9643435981141621,2,1,0.012256099958904088,0.0,0.37277147487844386,"[[3], [1, 2]]","[[1, 2, 3]]"
00004-00000013.soc,soc,3,617,rankings,movimiento,b=0.3,1,1.064829821734028,0.9643435981141621,2,1,0.0125030999770388,0.0,0.37277147487844386,"[[3], [1, 2]]","[[1, 2, 3]]"
00004-00000013.soc,soc,3,617,rankings,empate,b=0.1,2,1.064829821734028,0.7066450567304337,2,1,0.015353100025095046,0.0,0.37277147487844386,"[[3], [1, 2]]","[[1, 2, 3]]"
00004-00000013.soc,soc,3,617,rankings,empate,b=0.2,2,1.064829821734028,0.7066450567304337,2,1,0.015350400004535913,0.0,0.37277147487844386,"[[3], [1, 2]]","[[1, 2, 3]]"
00004-00000013.soc,soc,3,617,rankings,empate,b=0.3,2,1.064829821734028,0.7066450567304337,2,1,0.015179399983026087,0.0,0.37277147487844386,"[[3], [1, 2]]","[[1, 2, 3]]"
00004-00000013.soc,soc,3,617,rankings,intercambio,b=0.1,2,1.064829821734028,0.11831442464269082,2,1,0.0125032999785617,0.0,0.37277147487844386,"[[3], [1, 2]]","[[1, 2, 3]]"
00004-00000013.soc,soc,3,617,rankings,intercambio,b=0.2,2,1.064829821734028,0.11831442464269082,2,1,0.012736800010316074,0.0,0.37277147487844386,"[[3], [1, 2]]","[[1, 2, 3]]"
00004-00000013.soc,soc,3,617,rankings,intercambio,b=0.3,2,1.064829821734028,0.11831442464269082,2,1,0.012701299972832203,0.0,0.37277147487844386,"[[3], [1, 2]]","[[1, 2, 3]]"
00004-00000013.soc,soc,3,617,rankings,local,b=0.1,2,1.064829821734028,0.38087520248639994,2,1,0.007844300009310246,0.0,0.37277147487844386,"[[3], [1, 2]]","[[1, 2, 3]]"
00004-00000013.soc,soc,3,617,rankings,local,b=0.2,2,1.064829821734028,0.38087520248639994,2,1,0.007846200023777783,0.0,0.37277147487844386,"[[3], [1, 2]]","[[1, 2, 3]]"
00004-00000013.soc,soc,3,617,rankings,local,b=0.3,2,1.064829821734028,0.38087520248639994,2,1,0.007671999977901578,0.0,0.37277147487844386,"[[3], [1, 2]]","[[1, 2, 3]]"
00004-00000013.soc,soc,3,617,rankings,movimiento,b=0.1,2,1.064829821734028,0.9854132900159049,2,1,0.024967700010165572,0.0,0.37277147487844386,"[[3], [1, 2]]","[[1, 2, 3]]"
00004-00000013.soc,soc,3,617,rankings,movimiento,b=0.2,2,1.064829821734028,0.9854132900159049,2,1,0.013125599944032729,0.0,0.37277147487844386,"[[3], [1, 2]]","[[1, 2, 3]]"
00004-00000013.soc,soc,3,617,rankings,movimiento,b=0.3,2,1.064829821734028,0.9854132900159049,2,1,0.013064800063148141,0.0,0.37277147487844386,"[[3], [1, 2]]","[[1, 2, 3]]"
00004-00000013.soc,soc,3,617,rankings,empate,b=0.1,3,1.064829821734028,0.6807131281285205,2,1,0.016567499958910048,0.0,0.37277147487844386,"[[3], [1, 2]]","[[1, 2, 3]]"
00004-00000013.soc,soc,3,617,rankings,empate,b=0.2,3,1.064829821734028,0.6807131281285205,2,1,0.016345200012438,0.0,0.37277147487844386,"[[3], [1, 2]]","[[1, 2, 3]]"
00004-00000013.soc,soc,3,617,rankings,empate,b=0.3,3,1.064829821734028,0.6807131281285205,2,1,0.016333699924871325,0.0,0.37277147487844386,"[[3], [1, 2]]","[[1, 2, 3]]"
00004-00000013.soc,soc,3,617,rankings,intercambio,b=0.1,3,1.064829821734028,0.1280388978930309,2,1,0.013746999902650714,0.0,0.37277147487844386,"[[3], [1, 2]]","[[1, 2, 3]]"
00004-00000013.soc,soc,3,617,rankings,intercambio,b=0.2,3,1.064829821734028,0.1280388978930309,2,1,0.013784100068733096,0.0,0.37277147487844386,"[[3], [1, 2]]","[[1, 2, 3]]"
00004-00000013.soc,soc,3,617,rankings,intercambio,b=0.3,3,1.064829821734028,0.1280388978930309,2,1,0.015315499971620739,0.0,0.37277147487844386,"[[3], [1, 2]]","[[1, 2, 3]]"
00004-00000013.soc,soc,3,617,rankings,local,b=0.1,3,1.064829821734028,0.2706645056724206,2,1,0.009456000057980418,0.0,0.37277147487844386,"[[3], [1, 2]]","[[1, 2, 3]]"
00004-00000013.soc,soc,3,617,rankings,local,b=0.2,3,1.064829821734028,0.2706645056724206,2,1,0.00883329997304827,0.0,0.37277147487844386,"[[3], [1, 2]]","[[1, 2, 3]]"
00004-00000013.soc,soc,3,617,rankings,local,b=0.3,3,1.064829821734028,0.2706645056724206,2,1,0.008702800027094781,0.0,0.37277147487844386,"[[3], [1, 2]]","[[1, 2, 3]]"
00004-00000013.soc,soc,3,617,rankings,movimiento,b=0.1,3,1.064829821734028,0.9270664504287702,2,1,0.013523400062695146,0.0,0.37277147487844386,"[[3], [1, 2]]","[[1, 2, 3]]"
00004-00000013.soc,soc,3,617,rankings,movimiento,b=0.2,3,1.064829821734028,0.9270664504287702,2,1,0.013132599997334182,0.0,0.37277147487844386,"[[3], [1, 2]]","[[1, 2, 3]]"
00004-00000013.soc,soc,3,617,rankings,movimiento,b=0.3,3,1.064829821734028,0.9270664504287702,2,1,0.01308249996509403,0.0,0.37277147487844386,"[[3], [1, 2]]","[[1, 2, 3]]"
00004-00000013.soc,soc,3,617,rankings,empate,b=0.1,4,1.064829821734028,0.70016207446354,2,1,0.016362400026991963,0.0,0.37277147487844386,"[[3], [1, 2]]","[[1, 2, 3]]"
00004-00000013.soc,soc,3,617,rankings,empate,b=0.2,4,1.064829821734028,0.70016207446354,2,1,0.01642060000449419,0.0,0.37277147487844386,"[[3], [1, 2]]","[[1, 2, 3]]"
00004-00000013.soc,soc,3,617,rankings,empate,b=0.3,4,1.064829821734028,0.70016207446354,2,1,0.017246500006876886,0.0,0.37277147487844386,"[[3], [1, 2]]","[[1, 2, 3]]"
00004-00000013.soc,soc,3,617,rankings,intercambio,b=0.1,4,1.064829821734028,0.11831442460004915,2,1,0.01642390002962202,0.0,0.37277147487844386,"[[3], [1, 2]]","[[1, 2, 3]]"
00004-00000013.soc,soc,3,617,rankings,intercambio,b=0.2,4,1.064829821734028,0.11831442460004915,2,1,0.016169699956662953,0.0,0.37277147487844386,"[[3], [1, 2]]","[[1, 2, 3]]"
00004-00000013.soc,soc,3,617,rankings,intercambio,b=0.3,4,1.064829821734028,0.11831442460004915,2,1,0.014674899983219802,0.0,0.37277147487844386,"[[3], [1, 2]]","[[1, 2, 3]]"
00004-00000013.soc,soc,3,617,rankings,local,b=0.1,4,1.064829821734028,0.2706645056199677,2,1,0.00851759989745915,0.0,0.37277147487844386,"[[3], [1, 2]]","[[1, 2, 3]]"
00004-00000013.soc,soc,3,617,rankings,local,b=0.2,4,1.064829821734028,0.2706645056199677,2,1,0.008606499992311,0.0,0.37277147487844386,"[[3], [1, 2]]","[[1, 2, 3]]"
00004-00000013.soc,soc,3,617,rankings,local,b=0.3,4,1.064829821734028,0.2706645056199677,2,1,0.008567499928176403,0.0,0.37277147487844386,"[[3], [1, 2]]","[[1, 2, 3]]"
00004-00000013.soc,soc,3,617,rankings,movimiento,b=0.1,4,1.064829821734028,0.9205834683947068,2,1,0.012975499965250492,0.0,0.37277147487844386,"[[3], [1, 2]]","[[1, 2, 3]]"
00004-00000013.soc,soc,3,617,rankings,movimiento,b=0.2,4,1.064829821734028,0.9205834683947068,2,1,0.013711500097997487,0.0,0.37277147487844386,"[[3], [1, 2]]","[[1, 2, 3]]"
00004-00000013.soc,soc,3,617,rankings,movimiento,b=0.3,4,1.064829821734028,0.9205834683947068,2,1,0.01320239994674921,0.0,0.37277147487844386,"[[3], [1, 2]]","[[1, 2, 3]]"
00004-00000014.soc,soc,3,379,rankings,empate,b=0.1,0,0.9894459103163465,0.9182058047063375,2,1,0.01260989997535944,0.0,0.8707124010554087,"[[2], [1, 3]]","[[1, 2, 3]]"
00004-00000014.soc,soc,3,379,rankings,empate,b=0.2,0,0.9894459103163465,0.9182058047063375,2,1,0.013195500010624528,0.0,0.8707124010554087,"[[2], [1, 3]]","[[1, 2, 3]]"
00004-00000014.soc,soc,3,379,rankings,empate,b=0.3,0,0.9894459103163465,0.9182058047063375,2,1,0.011845999979414046,0.0,0.8707124010554087,"[[2], [1, 3]]","[[1, 2, 3]]"
00004-00000014.soc,soc,3,379,rankings,intercambio,b=0.1,0,0.9894459103163465,0.19261213720316617,2,1,0.01050040009431541,0.0,0.8707124010554087,"[[2], [1, 3]]","[[1, 2, 3]]"
00004-00000014.soc,soc,3,379,rankings,intercambio,b=0.2,0,0.9894459103163465,0.19261213720316617,2,1,0.009988599922508001,0.0,0.8707124010554087,"[[2], [1, 3]]","[[1, 2, 3]]"
00004-00000014.soc,soc,3,379,rankings,intercambio,b=0.3,0,0.9894459103163465,0.19261213720316617,2,1,0.01499219995457679,0.0,0.8707124010554087,"[[2], [1, 3]]","[[1, 2, 3]]"
00004-00000014.soc,soc,3,379,rankings,local,b=0.1,0,0.9894459103163465,0.445910290237467,2,1,0.010576199973002076,0.0,0.8707124010554087,"[[2], [1, 3]]","[[1, 2, 3]]"
00004-00000014.soc,soc,3,379,rankings,local,b=0.2,0,0.9894459103163465,0.445910290237467,2,1,0.010262099909596145,0.0,0.8707124010554087,"[[2], [1, 3]]","[[1, 2, 3]]"
00004-00000014.soc,soc,3,379,rankings,local,b=0.3,0,0.9894459103163465,0.445910290237467,2,1,0.008841200033202767,0.0,0.8707124010554087,"[[2], [1, 3]]","[[1, 2, 3]]"
00004-00000014.soc,soc,3,379,rankings,movimiento,b=0.1,0,0.9894459103163465,1.2163588389982207,2,1,0.014097100007347763,0.0,0.8707124010554087,"[[2], [1, 3]]","[[1, 2, 3]]"
00004-00000014.soc,soc,3,379,rankings,movimiento,b=0.2,0,0.9894459103163465,1.2163588389982207,2,1,0.015142299933359027,0.0,0.8707124010554087,"[[2], [1, 3]]","[[1, 2, 3]]"
00004-00000014.soc,soc,3,379,rankings,movimiento,b=0.3,0,0.9894459103163465,1.2163588389982207,2,1,0.014060899964533746,0.0,0.8707124010554087,"[[2], [1, 3]]","[[1, 2, 3]]"
00004-00000014.soc,soc,3,379,rankings,empate,b=0.1,1,0.9894459103163465,0.9551451187485602,2,1,0.015989100094884634,0.0,0.8707124010554087,"[[2], [1, 3]]","[[1, 2, 3]]"
00004-00000014.soc,soc,3,379,rankings,empate,b=0.2,1,0.9894459103163465,0.9551451187485602,2,1,0.015147599973715842,0.0,0.8707124010554087,"[[2], [1, 3]]","[[1, 2, 3]]"
00004-00000014.soc,soc,3,379,rankings,empate,b=0.3,1,0.9894459103163465,0.9551451187485602,2,1,0.011955399997532368,0.0,0.8707124010554087,"[[2], [1, 3]]","[[1, 2, 3]]"
00004-00000014.soc,soc,3,379,rankings,intercambio,b=0.1,1,0.9894459103163465,0.19261213726889925,2,1,0.009939200012013316,0.0,0.8707124010554087,"[[2], [1, 3]]","[[1, 2, 3]]"
00004-00000014.soc,soc,3,379,rankings,intercambio,b=0.2,1,0.9894459103163465,0.19261213726889925,2,1,0.010052100056782365,0.0,0.8707124010554087,"[[2], [1, 3]]","[[1, 2, 3]]"
00004-00000014.soc,soc,3,379,rankings,intercambio,b=0.3,1,0.9894459103163465,0.19261213726889925,2,1,0.01011629996355623,0.0,0.8707124010554087,"[[2], [1, 3]]","[[1, 2, 3]]"
00004-00000014.soc,soc,3,379,rankings,local,b=0.1,1,0.9894459103163465,0.445910290237467,2,1,0.005958800087682903,0.0,0.8707124010554087,"[[2], [1, 3]]","[[1, 2, 3]]"
00004-00000014.soc,soc,3,379,rankings,local,b=0.2,1,0.9894459103163465,0.445910290237467,2,1,0.005790500086732209,0.0,0.8707124010554087,"[[2], [1, 3]]","[[1, 2, 3]]"
00004-00000014.soc,soc,3,379,rankings,local,b=0.3,1,0.9894459103163465,0.445910290237467,2,1,0.007590500055812299,0.0,0.8707124010554087,"[[2], [1, 3]]","[[1, 2, 3]]"
00004-00000014.soc,soc,3,379,rankings,movimiento,b=0.1,1,0.9894459103163465,1.229551451160305,2,1,0.010490100015886128,0.0,0.8707124010554087,"[[2], [1, 3]]","[[1, 2, 3]]"
00004-00000014.soc,soc,3,379,rankings,movimiento,b=0.2,1,0.9894459103163465,1.229551451160305,2,1,0.010539600043557584,0.0,0.8707124010554087,"[[2], [1, 3]]","[[1, 2, 3]]"
00004-00000014.soc,soc,3,379,rankings,movimiento,b=0.3,1,0.9894459103163465,1.229551451160305,2,1,0.0120591000886634,0.0,0.8707124010554087,"[[2], [1, 3]]","[[1, 2, 3]]"
00004-00000014.soc,soc,3,379,rankings,empate,b=0.1,2,0.9894459103163465,0.9182058047729921,2,1,0.014037000015377998,0.0,0.8707124010554087,"[[2], [1, 3]]","[[1, 2, 3]]"
00004-00000014.soc,soc,3,379,rankings,empate,b=0.2,2,0.9894459103163465,0.9182058047729921,2,1,0.011963900062255561,0.0,0.8707124010554087,"[[2], [1, 3]]","[[1, 2, 3]]"
00004-00000014.soc,soc,3,379,rankings,empate,b=0.3,2,0.9894459103163465,0.9182058047729921,2,1,0.011953899986110628,0.0,0.8707124010554087,"[[2], [1, 3]]","[[1, 2, 3]]"
00004-00000014.soc,soc,3,379,rankings,intercambio,b=0.1,2,0.9894459103163465,0.15567282324357057,2,1,0.01042149995919317,0.0,0.8707124010554087,"[[2], [1, 3]]","[[1, 2, 3]]"
00004-00000014.soc,soc,3,379,rankings,intercambio,b=0.2,2,0.9894459103163465,0.15567282324357057,2,1,0.010348199983127415,0.0,0.8707124010554087,"[[2], [1, 3]]","[[1, 2, 3]]"
00004-00000014.soc,soc,3,379,rankings,intercambio,b=0.3,2,0.9894459103163465,0.15567282324357057,2,1,0.010383500019088387,0.0,0.8707124010554087,"[[2], [1, 3]]","[[1, 2, 3]]"
00004-00000014.soc,soc,3,379,rankings,local,b=0.1,2,0.9894459103163465,0.43535620052770474,2,1,0.007396899978630245,0.0,0.8707124010554087,"[[2], [1, 3]]","[[1, 2, 3]]"
00004-00000014.soc,soc,3,379,rankings,local,b=0.2,2,0.9894459103163465,0.43535620052770474,2,1,0.006897400016896427,0.0,0.8707124010554087,"[[2], [1, 3]]","[[1, 2, 3]]"
00004-00000014.soc,soc,3,379,rankings,local,b=0.3,2,0.9894459103163465,0.43535620052770474,2,1,0.007194799953140318,0.0,0.8707124010554087,"[[2], [1, 3]]","[[1, 2, 3]]"
00004-00000014.soc,soc,3,379,rankings,movimiento,b=0.1,2,0.9894459103163465,1.1820580474746667,2,1,0.011054900009185076,0.0,0.8707124010554087,"[[2], [1, 3]]","[[1, 2, 3]]"
00004-00000014.soc,soc,3,379,rankings,movimiento,b=0.2,2,0.9894459103163465,1.1820580474746667,2,1,0.010558700072579086,0.0,0.8707124010554087,"[[2], [1, 3]]","[[1, 2, 3]]"
00004-00000014.soc,soc,3,379,rankings,movimiento,b=0.3,2,0.9894459103163465,1.1820580474746667,2,1,0.010387400048784912,0.0,0.8707124010554087,"[[2], [1, 3]]","[[1, 2, 3]]"
00004-00000014.soc,soc,3,379,rankings,empate,b=0.1,3,0.9894459103163465,0.9287598944744613,2,1,0.011575100012123585,0.0,0.8707124010554087,"[[2], [1, 3]]","[[1, 2, 3]]"
00004-00000014.soc,soc,3,379,rankings,empate,b=0.2,3,0.9894459103163465,0.9287598944744613,2,1,0.011587899993173778,0.0,0.8707124010554087,"[[2], [1, 3]]","[[1, 2, 3]]"
00004-00000014.soc,soc,3,379,rankings,empate,b=0.3,3,0.9894459103163465,0.9287598944744613,2,1,0.011602699989452958,0.0,0.8707124010554087,"[[2], [1, 3]]","[[1, 2, 3]]"
00004-00000014.soc,soc,3,379,rankings,intercambio,b=0.1,3,0.9894459103163465,0.17150395784968142,2,1,0.00975339999422431,0.0,0.8707124010554087,"[[2], [1, 3]]","[[1, 2, 3]]"
00004-00000014.soc,soc,3,379,rankings,intercambio,b=0.2,3,0.9894459103163465,0.17150395784968142,2,1,0.009802299900911748,0.0,0.8707124010554087,"[[2], [1, 3]]","[[1, 2, 3]]"
00004-00000014.soc,soc,3,379,rankings,intercambio,b=0.3,3,0.9894459103163465,0.17150395784968142,2,1,0.009907200001180172,0.0,0.8707124010554087,"[[2], [1, 3]]","[[1, 2, 3]]"
00004-00000014.soc,soc,3,379,rankings,local,b=0.1,3,0.9894459103163465,0.3509234828496042,2,1,0.00664639996830374,0.0,0.8707124010554087,"[[2], [1, 3]]","[[1, 2, 3]]"
00004-00000014.soc,soc,3,379,rankings,local,b=0.2,3,0.9894459103163465,0.3509234828496042,2,1,0.007461200002580881,0.0,0.8707124010554087,"[[2], [1, 3]]","[[1, 2, 3]]"
00004-00000014.soc,soc,3,379,rankings,local,b=0.3,3,0.9894459103163465,0.3509234828496042,2,1,0.006700899917632341,0.0,0.8707124010554087,"[[2], [1, 3]]","[[1, 2, 3]]"
00004-00000014.soc,soc,3,379,rankings,movimiento,b=0.1,3,0.9894459103163465,1.163588390457395,2,1,0.010095100034959614,0.0,0.8707124010554087,"[[2], [1, 3]]","[[1, 2, 3]]"
00004-00000014.soc,soc,3,379,rankings,movimiento,b=0.2,3,0.9894459103163465,1.163588390457395,2,1,0.010125899920240045,0.0,0.8707124010554087,"[[2], [1, 3]]","[[1, 2, 3]]"
00004-00000014.soc,soc,3,379,rankings,movimiento,b=0.3,3,0.9894459103163465,1.163588390457395,2,1,0.01008659997023642,0.0,0.8707124010554087,"[[2], [1, 3]]","[[1, 2, 3]]"
00004-00000014.soc,soc,3,379,rankings,empate,b=0.1,4,0.9894459103163465,0.8707124010124061,2,1,0.011475800070911646,0.0,0.8707124010554087,"[[2], [1, 3]]","[[1, 2, 3]]"
00004-00000014.soc,soc,3,379,rankings,empate,b=0.2,4,0.9894459103163465,0.8707124010124061,2,1,0.01246149989310652,0.0,0.8707124010554087,"[[2], [1, 3]]","[[1, 2, 3]]"
00004-00000014.soc,soc,3,379,rankings,empate,b=0.3,4,0.9894459103163465,0.8707124010124061,2,1,0.013102500000968575,0.0,0.8707124010554087,"[[2], [1, 3]]","[[1, 2, 3]]"
00004-00000014.soc,soc,3,379,rankings,intercambio,b=0.1,4,0.9894459103163465,0.1556728231769161,2,1,0.012747099972330034,0.0,0.8707124010554087,"[[2], [1, 3]]","[[1, 2, 3]]"
00004-00000014.soc,soc,3,379,rankings,intercambio,b=0.2,4,0.9894459103163465,0.1556728231769161,2,1,0.011661399970762432,0.0,0.8707124010554087,"[[2], [1, 3]]","[[1, 2, 3]]"
00004-00000014.soc,soc,3,379,rankings,intercambio,b=0.3,4,0.9894459103163465,0.1556728231769161,2,1,0.012510900036431849,0.0,0.8707124010554087,"[[2], [1, 3]]","[[1, 2, 3]]"
00004-00000014.soc,soc,3,379,rankings,local,b=0.1,4,0.9894459103163465,0.4775725593667547,2,1,0.009580600075423717,0.0,0.8707124010554087,"[[2], [1, 3]]","[[1, 2, 3]]"
00004-00000014.soc,soc,3,379,rankings,local,b=0.2,4,0.9894459103163465,0.4775725593667547,2,1,0.00796349998563528,0.0,0.8707124010554087,"[[2], [1, 3]]","[[1, 2, 3]]"
00004-00000014.soc,soc,3,379,rankings,local,b=0.3,4,0.9894459103163465,0.4775725593667547,2,1,0.00708329991903156,0.0,0.8707124010554087,"[[2], [1, 3]]","[[1, 2, 3]]"
00004-00000014.soc,soc,3,379,rankings,movimiento,b=0.1,4,0.9894459103163465,1.1873350923544284,2,1,0.010890099918469787,0.0,0.8707124010554087,"[[2], [1, 3]]","[[1, 2, 3]]"
00004-00000014.soc,soc,3,379,rankings,movimiento,b=0.2,4,0.9894459103163465,1.1873350923544284,2,1,0.010550100007094443,0.0,0.8707124010554087,"[[2], [1, 3]]","[[1, 2, 3]]"
00004-00000014.soc,soc,3,379,rankings,movimiento,b=0.3,4,0.9894459103163465,1.1873350923544284,2,1,0.010855500004254282,0.0,0.8707124010554087,"[[2], [1, 3]]","[[1, 2, 3]]"
00004-00000015.soc,soc,3,1022,rankings,empate,b=0.1,0,0.5440313111489035,0.7827788649820371,2,1,0.0263845999725163,0.0,1.0645792563600787,"[[3], [1, 2]]","[[1, 2, 3]]"
00004-00000015.soc,soc,3,1022,rankings,empate,b=0.2,0,0.5440313111489035,0.7827788649820371,2,1,0.03776129998732358,0.0,1.0645792563600787,"[[3], [1, 2]]","[[1, 2, 3]]"
00004-00000015.soc,soc,3,1022,rankings,empate,b=0.3,0,0.5440313111489035,0.7827788649820371,2,1,0.02531060006003827,0.0,1.0645792563600787,"[[3], [1, 2]]","[[1, 2, 3]]"
00004-00000015.soc,soc,3,1022,rankings,intercambio,b=0.1,0,0.5440313111489035,0.10176125250587253,2,1,0.021047199959866703,0.0,1.0645792563600787,"[[3], [1, 2]]","[[1, 2, 3]]"
00004-00000015.soc,soc,3,1022,rankings,intercambio,b=0.2,0,0.5440313111489035,0.10176125250587253,2,1,0.020409399992786348,0.0,1.0645792563600787,"[[3], [1, 2]]","[[1, 2, 3]]"
00004-00000015.soc,soc,3,1022,rankings,intercambio,b=0.3,0,0.5440313111489035,0.10176125250587253,2,1,0.02042529999744147,0.0,1.0645792563600787,"[[3], [1, 2]]","[[1, 2, 3]]"
00004-00000015.soc,soc,3,1022,rankings,local,b=0.1,0,0.5440313111489035,0.3874755381370042,2,1,0.011862499988637865,0.0,1.0645792563600787,"[[3], [1, 2]]","[[1, 2, 3]]"
00004-00000015.soc,soc,3,1022,rankings,local,b=0.2,0,0.5440313111489035,0.3874755381370042,2,1,0.011714300024323165,0.0,1.0645792563600787,"[[3], [1, 2]]","[[1, 2, 3]]"
00004-00000015.soc,soc,3,1022,rankings,local,b=0.3,0,0.5440313111489035,0.3874755381370042,2,1,0.01232700003311038,0.0,1.0645792563600787,"[[3], [1, 2]]","[[1, 2, 3]]"
00004-00000015.soc,soc,3,1022,rankings,movimiento,b=0.1,0,0.5440313111489035,1.0430528375455919,2,2,0.01984780002385378,0.9999999999999999,0.0,"[[3], [1, 2]]","[[3], [1, 2]]"
00004-00000015.soc,soc,3,1022,rankings,movimiento,b=0.2,0,0.5440313111489035,1.0430528375455919,2,2,0.020168800023384392,0.9999999999999999,0.0,"[[3], [1, 2]]","[[3], [1, 2]]"
00004-00000015.soc,soc,3,1022,rankings,movimiento,b=0.3,0,0.5440313111489035,1.0430528375455919,2,2,0.021213799947872758,0.9999999999999999,0.0,"[[3], [1, 2]]","[[3], [1, 2]]"
00004-00000015.soc,soc,3,1022,rankings,empate,b=0.1,1,0.5440313111489035,0.8336594912349732,2,1,0.02595439995639026,0.0,1.0645792563600787,"[[3], [1, 2]]","[[1, 2, 3]]"
00004-00000015.soc,soc,3,1022,rankings,empate,b=0.2,1,0.5440313111489035,0.8336594912349732,2,1,0.02649849990848452,0.0,1.0645792563600787,"[[3], [1, 2]]","[[1, 2, 3]]"
00004-00000015.soc,soc,3,1022,rankings,empate,b=0.3,1,0.5440313111489035,0.8336594912349732,2,1,0.02767780004069209,0.0,1.0645792563600787,"[[3], [1, 2]]","[[1, 2, 3]]"
00004-00000015.soc,soc,3,1022,rankings,intercambio,b=0.1,1,0.5440313111489035,0.10958904109748524,2,1,0.020833799964748323,0.0,1.0645792563600787,"[[3], [1, 2]]","[[1, 2, 3]]"
00004-00000015.soc,soc,3,1022,rankings,intercambio,b=0.2,1,0.5440313111489035,0.10958904109748524,2,1,0.021310499985702336,0.0,1.0645792563600787,"[[3], [1, 2]]","[[1, 2, 3]]"
00004-00000015.soc,soc,3,1022,rankings,intercambio,b=0.3,1,0.5440313111489035,0.10958904109748524,2,1,0.02120489999651909,0.0,1.0645792563600787,"[[3], [1, 2]]","[[1, 2, 3]]"
00004-00000015.soc,soc,3,1022,rankings,local,b=0.1,1,0.5440313111489035,0.344422700533775,2,1,0.012321699992753565,0.0,1.0645792563600787,"[[3], [1, 2]]","[[1, 2, 3]]"
00004-00000015.soc,soc,3,1022,rankings,local,b=0.2,1,0.5440313111489035,0.344422700533775,2,1,0.012520599993877113,0.0,1.0645792563600787,"[[3], [1, 2]]","[[1, 2, 3]]"
00004-00000015.soc,soc,3,1022,rankings,local,b=0.3,1,0.5440313111489035,0.344422700533775,2,1,0.012163200066424906,0.0,1.0645792563600787,"[[3], [1, 2]]","[[1, 2, 3]]"
00004-00000015.soc,soc,3,1022,rankings,movimiento,b=0.1,1,0.5440313111489035,1.0185909980503434,2,1,0.02164609997998923,0.0,1.0645792563600787,"[[3], [1, 2]]","[[1, 2, 3]]"
00004-00000015.soc,soc,3,1022,rankings,movimiento,b=0.2,1,0.5440313111489035,1.0185909980503434,2,1,0.02027699991595,0.0,1.0645792563600787,"[[3], [1, 2]]","[[1, 2, 3]]"
00004-00000015.soc,soc,3,1022,rankings,movimiento,b=0.3,1,0.5440313111489035,1.0185909980503434,2,1,0.020271999994292855,0.0,1.0645792563600787,"[[3], [1, 2]]","[[1, 2, 3]]"
00004-00000015.soc,soc,3,1022,rankings,empate,b=0.1,2,0.5440313111489035,0.8649706457178392,2,1,0.025241299998015165,0.0,1.0645792563600787,"[[3], [1, 2]]","[[1, 2, 3]]"
00004-00000015.soc,soc,3,1022,rankings,empate,b=0.2,2,0.5440313111489035,0.8649706457178392,2,1,0.02620219998061657,0.0,1.0645792563600787,"[[3], [1, 2]]","[[1, 2, 3]]"
00004-00000015.soc,soc,3,1022,rankings,empate,b=0.3,2,0.5440313111489035,0.8649706457178392,2,1,0.026243300060741603,0.0,1.0645792563600787,"[[3], [1, 2]]","[[1, 2, 3]]"
00004-00000015.soc,soc,3,1022,rankings,intercambio,b=0.1,2,0.5440313111489035,0.08610567514677114,2,1,0.02211429993622005,0.0,1.0645792563600787,"[[3], [1, 2]]","[[1, 2, 3]]"
00004-00000015.soc,soc,3,1022,rankings,intercambio,b=0.2,2,0.5440313111489035,0.08610567514677114,2,1,0.02510160009842366,0.0,1.0645792563600787,"[[3], [1, 2]]","[[1, 2, 3]]"
00004-00000015.soc,soc,3,1022,rankings,intercambio,b=0.3,2,0.5440313111489035,0.08610567514677114,2,1,0.019306700094603002,0.0,1.0645792563600787,"[[3], [1, 2]]","[[1, 2, 3]]"
00004-00000015.soc,soc,3,1022,rankings,local,b=0.1,2,0.5440313111489035,0.45401174157316637,2,1,0.025374399963766336,0.0,1.0645792563600787,"[[3], [1, 2]]","[[1, 2, 3]]"
00004-00000015.soc,soc,3,1022,rankings,local,b=0.2,2,0.5440313111489035,0.45401174157316637,2,1,0.013891500071622431,0.0,1.0645792563600787,"[[3], [1, 2]]","[[1, 2, 3]]"
00004-00000015.soc,soc,3,1022,rankings,local,b=0.3,2,0.5440313111489035,0.45401174157316637,2,1,0.013813299941830337,0.0,1.0645792563600787,"[[3], [1, 2]]","[[1, 2, 3]]"
00004-00000015.soc,soc,3,1022,rankings,movimiento,b=0.1,2,0.5440313111489035,0.9735812133594113,2,2,0.020027999999001622,0.9999999999999999,0.0,"[[3], [1, 2]]","[[3], [1, 2]]"
00004-00000015.soc,soc,3,1022,rankings,movimiento,b=0.2,2,0.5440313111489035,0.9735812133594113,2,2,0.019739000010304153,0.9999999999999999,0.0,"[[3], [1, 2]]","[[3], [1, 2]]"
00004-00000015.soc,soc,3,1022,rankings,movimiento,b=0.3,2,0.5440313111489035,0.9735812133594113,2,2,0.019935799995437264,0.9999999999999999,0.0,"[[3], [1, 2]]","[[3], [1, 2]]"
00004-00000015.soc,soc,3,1022,rankings,empate,b=0.1,3,0.5440313111489035,0.8238747554663528,2,1,0.025621100096032023,0.0,1.0645792563600787,"[[3], [1, 2]]","[[1, 2, 3]]"
00004-00000015.soc,soc,3,1022,rankings,empate,b=0.2,3,0.5440313111489035,0.8238747554663528,2,1,0.02628650004044175,0.0,1.0645792563600787,"[[3], [1, 2]]","[[1, 2, 3]]"
00004-00000015.soc,soc,3,1022,rankings,empate,b=0.3,3,0.5440313111489035,0.8238747554663528,2,1,0.024097200017422438,0.0,1.0645792563600787,"[[3], [1, 2]]","[[1, 2, 3]]"
00004-00000015.soc,soc,3,1022,rankings,intercambio,b=0.1,3,0.5440313111489035,0.0782778864829401,2,1,0.01910689997021109,0.0,1.0645792563600787,"[[3], [1, 2]]","[[1, 2, 3]]"
00004-00000015.soc,soc,3,1022,rankings,intercambio,b=0.2,3,0.5440313111489035,0.0782778864829401,2,1,0.019974299939349294,0.0,1.0645792563600787,"[[3], [1, 2]]","[[1, 2, 3]]"
00004-00000015.soc,soc,3,1022,rankings,intercambio,b=0.3,3,0.5440313111489035,0.0782778864829401,2,1,0.020382800023071468,0.0,1.0645792563600787,"[[3], [1, 2]]","[[1, 2, 3]]"
00004-00000015.soc,soc,3,1022,rankings,local,b=0.1,3,0.5440313111489035,0.38356164389872227,2,1,0.011242000036872923,0.0,1.0645792563600787,"[[3], [1, 2]]","[[1, 2, 3]]"
00004-00000015.soc,soc,3,1022,rankings,local,b=0.2,3,0.5440313111489035,0.38356164389872227,2,1,0.010942799970507622,0.0,1.0645792563600787,"[[3], [1, 2]]","[[1, 2, 3]]"
00004-00000015.soc,soc,3,1022,rankings,local,b=0.3,3,0.5440313111489035,0.38356164389872227,2,1,0.012752800015732646,0.0,1.0645792563600787,"[[3], [1, 2]]","[[1, 2, 3]]"
00004-00000015.soc,soc,3,1022,rankings,movimiento,b=0.1,3,0.5440313111489035,1.0254403131336445,2,1,0.020785699947737157,0.0,1.0645792563600787,"[[3], [1, 2]]","[[1, 2, 3]]"
00004-00000015.soc,soc,3,1022,rankings,movimiento,b=0.2,3,0.5440313111489035,1.0254403131336445,2,1,0.021757700014859438,0.0,1.0645792563600787,"[[3], [1, 2]]","[[1, 2, 3]]"
00004-00000015.soc,soc,3,1022,rankings,movimiento,b=0.3,3,0.5440313111489035,1.0254403131336445,2,1,0.020189200062304735,0.0,1.0645792563600787,"[[3], [1, 2]]","[[1, 2, 3]]"
00004-00000015.soc,soc,3,1022,rankings,empate,b=0.1,4,0.5440313111489035,0.7925636008670717,2,1,0.025387699948623776,0.0,1.0645792563600787,"[[3], [1, 2]]","[[1, 2, 3]]"
00004-00000015.soc,soc,3,1022,rankings,empate,b=0.2,4,0.5440313111489035,0.7925636008670717,2,1,0.024892599903978407,0.0,1.0645792563600787,"[[3], [1, 2]]","[[1, 2, 3]]"
00004-00000015.soc,soc,3,1022,rankings,empate,b=0.3,4,0.5440313111489035,0.7925636008670717,2,1,0.024670100072398782,0.0,1.0645792563600787,"[[3], [1, 2]]","[[1, 2, 3]]"
00004-00000015.soc,soc,3,1022,rankings,intercambio,b=0.1,4,0.5440313111489035,0.09393346379784451,2,1,0.02043849998153746,0.0,1.0645792563600787,"[[3], [1, 2]]","[[1, 2, 3]]"
00004-00000015.soc,soc,3,1022,rankings,intercambio,b=0.2,4,0.5440313111489035,0.09393346379784451,2,1,0.021278200089000165,0.0,1.0645792563600787,"[[3], [1, 2]]","[[1, 2, 3]]"
00004-00000015.soc,soc,3,1022,rankings,intercambio,b=0.3,4,0.5440313111489035,0.09393346379784451,2,1,0.021263499977067113,0.0,1.0645792563600787,"[[3], [1, 2]]","[[1, 2, 3]]"
00004-00000015.soc,soc,3,1022,rankings,local,b=0.1,4,0.5440313111489035,0.360078277775322,2,1,0.012207600055262446,0.0,1.0645792563600787,"[[3], [1, 2]]","[[1, 2, 3]]"
00004-00000015.soc,soc,3,1022,rankings,local,b=0.2,4,0.5440313111489035,0.360078277775322,2,1,0.012280300026759505,0.0,1.0645792563600787,"[[3], [1, 2]]","[[1, 2, 3]]"
00004-00000015.soc,soc,3,1022,rankings,local,b=0.3,4,0.5440313111489035,0.360078277775322,2,1,0.012339200009591877,0.0,1.0645792563600787,"[[3], [1, 2]]","[[1, 2, 3]]"
00004-00000015.soc,soc,3,1022,rankings,movimiento,b=0.1,4,0.5440313111489035,1.0156555772996412,2,1,0.01963529991917312,0.0,1.0645792563600787,"[[3], [1, 2]]","[[1, 2, 3]]"
00004-00000015.soc,soc,3,1022,rankings,movimiento,b=0.2,4,0.5440313111489035,1.0156555772996412,2,1,0.0194906999822706,0.0,1.0645792563600787,"[[3], [1, 2]]","[[1, 2, 3]]"
00004-00000015.soc,soc,3,1022,rankings,movimiento,b=0.3,4,0.5440313111489035,1.0156555772996412,2,1,0.019459699979051948,0.0,1.0645792563600787,"[[3], [1, 2]]","[[1, 2, 3]]"
