instancia,tipo,n,m,metodo,tecnica,parametros,seed,obj_value,obj_value_ruido,n_buckets,n_buckets_ruido,tiempo,kendall_tau,perdida,buckets_original,buckets_ruido
00004-00000001.soc,soc,3,664,matriz,aleatoria,b=0.01,0,0.5783132529040484,0.6086479798113613,2,2,0.0034103000070899725,0.9999999999999999,0.0,"[[1, 2], [3]]","[[1, 2], [3]]"
00004-00000001.soc,soc,3,664,matriz,aleatoria,b=0.05,0,0.5783132529040484,0.7299868872077822,2,2,0.0034398999996483326,0.9999999999999999,0.0,"[[1, 2], [3]]","[[1, 2], [3]]"
00004-00000001.soc,soc,3,664,matriz,aleatoria,b=0.1,0,0.5783132529040484,0.8816605213744282,2,2,0.005134199978783727,0.9999999999999999,0.0,"[[1, 2], [3]]","[[1, 2], [3]]"
00004-00000001.soc,soc,3,664,matriz,cerca_empate,b=0.01,0,0.5783132529040484,0.5847152474119133,2,2,0.00520050001796335,0.9999999999999999,0.0,"[[1, 2], [3]]","[[1, 2], [3]]"
00004-00000001.soc,soc,3,664,matriz,cerca_empate,b=0.05,0,0.5783132529040484,0.6103232254433717,2,2,0.004246800090186298,0.9999999999999999,0.0,"[[1, 2], [3]]","[[1, 2], [3]]"
00004-00000001.soc,soc,3,664,matriz,cerca_empate,b=0.1,0,0.5783132529040484,0.642333197982695,2,2,0.005557899945415556,0.9999999999999999,0.0,"[[1, 2], [3]]","[[1, 2], [3]]"
00004-00000001.soc,soc,3,664,matriz,todos,b=0.01,0,0.5783132529040484,0.6470884154799199,2,2,0.004287499934434891,0.9999999999999999,0.0,"[[1, 2], [3]]","[[1, 2], [3]]"
00004-00000001.soc,soc,3,664,matriz,todos,b=0.05,0,0.5783132529040484,0.9221890653663163,2,2,0.004643399966880679,0.9999999999999999,0.0,"[[1, 2], [3]]","[[1, 2], [3]]"
00004-00000001.soc,soc,3,664,matriz,todos,b=0.1,0,0.5783132529040484,0.9342641689779128,2,1,0.009263999992981553,0.0,0.9156626506024095,"[[1, 2], [3]]","[[1, 2, 3]]"
00004-00000001.soc,soc,3,664,matriz,aleatoria,b=0.01,1,0.5783132529040484,0.5327946050246863,2,2,0.004189800005406141,0.9999999999999999,0.0,"[[1, 2], [3]]","[[1, 2], [3]]"
00004-00000001.soc,soc,3,664,matriz,aleatoria,b=0.05,1,0.5783132529040484,0.3507200133908226,2,2,0.004206400015391409,0.9999999999999999,0.0,"[[1, 2], [3]]","[[1, 2], [3]]"
00004-00000001.soc,soc,3,664,matriz,aleatoria,b=0.1,1,0.5783132529040484,0.2590361444899498,2,2,0.005537000019103289,0.9999999999999999,0.0,"[[1, 2], [3]]","[[1, 2], [3]]"
00004-00000001.soc,soc,3,664,matriz,cerca_empate,b=0.01,1,0.5783132529040484,0.578791797730366,2,2,0.004214899963699281,0.9999999999999999,0.0,"[[1, 2], [3]]","[[1, 2], [3]]"
00004-00000001.soc,soc,3,664,matriz,cerca_empate,b=0.05,1,0.5783132529040484,0.5807059765699747,2,2,0.004143800004385412,0.9999999999999999,0.0,"[[1, 2], [3]]","[[1, 2], [3]]"
00004-00000001.soc,soc,3,664,matriz,cerca_empate,b=0.1,1,0.5783132529040484,0.5830987002359009,2,2,0.004850400029681623,0.9999999999999999,0.0,"[[1, 2], [3]]","[[1, 2], [3]]"
00004-00000001.soc,soc,3,664,matriz,todos,b=0.01,1,0.5783132529040484,0.5574274917470685,2,2,0.004223400028422475,0.9999999999999999,0.0,"[[1, 2], [3]]","[[1, 2], [3]]"
00004-00000001.soc,soc,3,664,matriz,todos,b=0.05,1,0.5783132529040484,0.4821831094938758,2,2,0.0042375000193715096,0.9999999999999999,0.0,"[[1, 2], [3]]","[[1, 2], [3]]"
00004-00000001.soc,soc,3,664,matriz,todos,b=0.1,1,0.5783132529040484,0.6089445322339075,2,2,0.006800799979828298,0.9999999999999999,0.0,"[[1, 2], [3]]","[[1, 2], [3]]"
00004-00000001.soc,soc,3,664,matriz,aleatoria,b=0.01,2,0.5783132529040484,0.5635279983099846,2,2,0.004810100072063506,0.9999999999999999,0.0,"[[1, 2], [3]]","[[1, 2], [3]]"
00004-00000001.soc,soc,3,664,matriz,aleatoria,b=0.05,2,0.5783132529040484,0.5352713901848098,2,2,0.004184799967333674,0.9999999999999999,0.0,"[[1, 2], [3]]","[[1, 2], [3]]"
00004-00000001.soc,soc,3,664,matriz,aleatoria,b=0.1,2,0.5783132529040484,0.5645186840415839,2,2,0.005347299971617758,0.9999999999999999,0.0,"[[1, 2], [3]]","[[1, 2], [3]]"
00004-00000001.soc,soc,3,664,matriz,cerca_empate,b=0.01,2,0.5783132529040484,0.5653583510011244,2,2,0.004362199921160936,0.9999999999999999,0.0,"[[1, 2], [3]]","[[1, 2], [3]]"
00004-00000001.soc,soc,3,664,matriz,cerca_empate,b=0.05,2,0.5783132529040484,0.5707986058450152,2,2,0.004142199992202222,0.9999999999999999,0.0,"[[1, 2], [3]]","[[1, 2], [3]]"
00004-00000001.soc,soc,3,664,matriz,cerca_empate,b=0.1,2,0.5783132529040484,0.6355731153619946,2,2,0.00552619993686676,0.9999999999999999,0.0,"[[1, 2], [3]]","[[1, 2], [3]]"
00004-00000001.soc,soc,3,664,matriz,todos,b=0.01,2,0.5783132529040484,0.5558741913573626,2,2,0.004247000091709197,0.9999999999999999,0.0,"[[1, 2], [3]]","[[1, 2], [3]]"
00004-00000001.soc,soc,3,664,matriz,todos,b=0.05,2,0.5783132529040484,0.5233778075097908,2,2,0.004102100036107004,0.9999999999999999,0.0,"[[1, 2], [3]]","[[1, 2], [3]]"
00004-00000001.soc,soc,3,664,matriz,todos,b=0.1,2,0.5783132529040484,0.5407315185751305,2,2,0.004300000029616058,0.9999999999999999,0.0,"[[1, 2], [3]]","[[1, 2], [3]]"
00004-00000001.soc,soc,3,664,matriz,aleatoria,b=0.01,3,0.5783132529040484,0.5633662964641863,2,2,0.004606299917213619,0.9999999999999999,0.0,"[[1, 2], [3]]","[[1, 2], [3]]"
00004-00000001.soc,soc,3,664,matriz,aleatoria,b=0.05,3,0.5783132529040484,0.5807588790605611,2,2,0.004123399965465069,0.9999999999999999,0.0,"[[1, 2], [3]]","[[1, 2], [3]]"
00004-00000001.soc,soc,3,664,matriz,aleatoria,b=0.1,3,0.5783132529040484,0.6554936617930862,2,2,0.004168200073763728,0.9999999999999999,0.0,"[[1, 2], [3]]","[[1, 2], [3]]"
00004-00000001.soc,soc,3,664,matriz,cerca_empate,b=0.01,3,0.5783132529040484,0.5430262809480197,2,2,0.004805599921382964,0.9999999999999999,0.0,"[[1, 2], [3]]","[[1, 2], [3]]"
00004-00000001.soc,soc,3,664,matriz,cerca_empate,b=0.05,3,0.5783132529040484,0.6824589560930377,2,2,0.004299200023524463,0.9999999999999999,0.0,"[[1, 2], [3]]","[[1, 2], [3]]"
00004-00000001.soc,soc,3,664,matriz,cerca_empate,b=0.1,3,0.5783132529040484,0.8588938158580397,2,2,0.004227199940942228,0.9999999999999999,0.0,"[[1, 2], [3]]","[[1, 2], [3]]"
00004-00000001.soc,soc,3,664,matriz,todos,b=0.01,3,0.5783132529040484,0.5395195685653604,2,2,0.005549599998630583,0.9999999999999999,0.0,"[[1, 2], [3]]","[[1, 2], [3]]"
00004-00000001.soc,soc,3,664,matriz,todos,b=0.05,3,0.5783132529040484,0.6649253941797412,2,2,0.004855399951338768,0.9999999999999999,0.0,"[[1, 2], [3]]","[[1, 2], [3]]"
00004-00000001.soc,soc,3,664,matriz,todos,b=0.1,3,0.5783132529040484,0.8238266917986159,2,2,0.004692499991506338,0.9999999999999999,0.0,"[[1, 2], [3]]","[[1, 2], [3]]"
00004-00000001.soc,soc,3,664,matriz,aleatoria,b=0.01,4,0.5783132529040484,0.5783132529040484,2,2,0.005606999970041215,0.9999999999999999,0.0,"[[1, 2], [3]]","[[1, 2], [3]]"
00004-00000001.soc,soc,3,664,matriz,aleatoria,b=0.05,4,0.5783132529040484,0.5783132529040484,2,2,0.004663300001993775,0.9999999999999999,0.0,"[[1, 2], [3]]","[[1, 2], [3]]"
00004-00000001.soc,soc,3,664,matriz,aleatoria,b=0.1,4,0.5783132529040484,0.5783132529040484,2,2,0.004689799970947206,0.9999999999999999,0.0,"[[1, 2], [3]]","[[1, 2], [3]]"
00004-00000001.soc,soc,3,664,matriz,cerca_empate,b=0.01,4,0.5783132529040484,0.6217640854820776,2,2,0.005320800002664328,0.9999999999999999,0.0,"[[1, 2], [3]]","[[1, 2], [3]]"
00004-00000001.soc,soc,3,664,matriz,cerca_empate,b=0.05,4,0.5783132529040484,0.7955674153285335,2,2,0.005126300035044551,0.9999999999999999,0.0,"[[1, 2], [3]]","[[1, 2], [3]]"
00004-00000001.soc,soc,3,664,matriz,cerca_empate,b=0.1,4,0.5783132529040484,1.0128215776366036,2,2,0.004747500061057508,0.9999999999999999,0.0,"[[1, 2], [3]]","[[1, 2], [3]]"
00004-00000001.soc,soc,3,664,matriz,todos,b=0.01,4,0.5783132529040484,0.5603705603799018,2,2,0.006386500084772706,0.9999999999999999,0.0,"[[1, 2], [3]]","[[1, 2], [3]]"
00004-00000001.soc,soc,3,664,matriz,todos,b=0.05,4,0.5783132529040484,0.4885997898176546,2,2,0.004301500041037798,0.9999999999999999,0.0,"[[1, 2], [3]]","[[1, 2], [3]]"
00004-00000001.soc,soc,3,664,matriz,todos,b=0.1,4,0.5783132529040484,0.6889613342081051,2,2,0.004219099995680153,0.9999999999999999,0.0,"[[1, 2], [3]]","[[1, 2], [3]]"
00004-00000002.soc,soc,3,1591,matriz,aleatoria,b=0.01,0,0.6643620364034737,0.6946967634000123,1,1,0.003754400066100061,1.0,0.0,"[[1, 2, 3]]","[[1, 2, 3]]"
00004-00000002.soc,soc,3,1591,matriz,aleatoria,b=0.05,0,0.6643620364034737,0.8160356706876746,1,1,0.005156399914994836,1.0,0.0,"[[1, 2, 3]]","[[1, 2, 3]]"
00004-00000002.soc,soc,3,1591,matriz,aleatoria,b=0.1,0,0.6643620364034737,0.9677093048302217,1,1,0.005157599924132228,1.0,0.0,"[[1, 2, 3]]","[[1, 2, 3]]"
00004-00000002.soc,soc,3,1591,matriz,cerca_empate,b=0.01,0,0.6643620364034737,0.6579600418956089,1,1,0.0044750000815838575,1.0,0.0,"[[1, 2, 3]]","[[1, 2, 3]]"
00004-00000002.soc,soc,3,1591,matriz,cerca_empate,b=0.05,0,0.6643620364034737,0.6699735174371155,1,1,0.005214700009673834,1.0,0.0,"[[1, 2, 3]]","[[1, 2, 3]]"
00004-00000002.soc,soc,3,1591,matriz,cerca_empate,b=0.1,0,0.6643620364034737,0.7019834899528936,1,1,0.005536500015296042,1.0,0.0,"[[1, 2, 3]]","[[1, 2, 3]]"
00004-00000002.soc,soc,3,1591,matriz,todos,b=0.01,0,0.6643620364034737,0.7331371990195072,1,1,0.004219900001771748,1.0,0.0,"[[1, 2, 3]]","[[1, 2, 3]]"
00004-00000002.soc,soc,3,1591,matriz,todos,b=0.05,0,0.6643620364034737,1.0082378487851473,1,1,0.005766700021922588,1.0,0.0,"[[1, 2, 3]]","[[1, 2, 3]]"
00004-00000002.soc,soc,3,1591,matriz,todos,b=0.1,0,0.6643620364034737,0.9210753905564317,1,2,0.00486260000616312,0.0,0.6976744186046515,"[[1, 2, 3]]","[[1, 3], [2]]"
00004-00000002.soc,soc,3,1591,matriz,aleatoria,b=0.01,1,0.6643620364034737,0.6188433885773503,1,1,0.004165200050920248,1.0,0.0,"[[1, 2, 3]]","[[1, 2, 3]]"
00004-00000002.soc,soc,3,1591,matriz,aleatoria,b=0.05,1,0.6643620364034737,0.4367687969236096,1,1,0.0048717999598011374,1.0,0.0,"[[1, 2, 3]]","[[1, 2, 3]]"
00004-00000002.soc,soc,3,1591,matriz,aleatoria,b=0.1,1,0.6643620364034737,0.6355761711305434,1,1,0.004301700042560697,1.0,0.0,"[[1, 2, 3]]","[[1, 2, 3]]"
00004-00000002.soc,soc,3,1591,matriz,cerca_empate,b=0.01,1,0.6643620364034737,0.6638834916935714,1,1,0.004121499950997531,1.0,0.0,"[[1, 2, 3]]","[[1, 2, 3]]"
00004-00000002.soc,soc,3,1591,matriz,cerca_empate,b=0.05,1,0.6643620364034737,0.6619693128539628,1,1,0.0050478000193834305,1.0,0.0,"[[1, 2, 3]]","[[1, 2, 3]]"
00004-00000002.soc,soc,3,1591,matriz,cerca_empate,b=0.1,1,0.6643620364034737,0.6595765891880365,1,1,0.004457399947568774,1.0,0.0,"[[1, 2, 3]]","[[1, 2, 3]]"
00004-00000002.soc,soc,3,1591,matriz,todos,b=0.01,1,0.6643620364034737,0.7095538752674688,1,1,0.004190200008451939,1.0,0.0,"[[1, 2, 3]]","[[1, 2, 3]]"
00004-00000002.soc,soc,3,1591,matriz,todos,b=0.05,1,0.6643620364034737,0.9959151966519912,1,1,0.004233399988152087,1.0,0.0,"[[1, 2, 3]]","[[1, 2, 3]]"
00004-00000002.soc,soc,3,1591,matriz,todos,b=0.1,1,0.6643620364034737,1.353866848382645,1,1,0.0046712999464944005,1.0,0.0,"[[1, 2, 3]]","[[1, 2, 3]]"
00004-00000002.soc,soc,3,1591,matriz,aleatoria,b=0.01,2,0.6643620364034737,0.6495767817609712,1,1,0.004236100008711219,1.0,0.0,"[[1, 2, 3]]","[[1, 2, 3]]"
00004-00000002.soc,soc,3,1591,matriz,aleatoria,b=0.05,2,0.6643620364034737,0.5904357630745446,1,1,0.00421509996522218,1.0,0.0,"[[1, 2, 3]]","[[1, 2, 3]]"
00004-00000002.soc,soc,3,1591,matriz,aleatoria,b=0.1,2,0.6643620364034737,0.5165094896291995,1,1,0.004295799997635186,1.0,0.0,"[[1, 2, 3]]","[[1, 2, 3]]"
00004-00000002.soc,soc,3,1591,matriz,cerca_empate,b=0.01,2,0.6643620364034737,0.6773169383063977,1,1,0.004219900001771748,1.0,0.0,"[[1, 2, 3]]","[[1, 2, 3]]"
00004-00000002.soc,soc,3,1591,matriz,cerca_empate,b=0.05,2,0.6643620364034737,0.7291365459180938,1,1,0.004458999959751964,1.0,0.0,"[[1, 2, 3]]","[[1, 2, 3]]"
00004-00000002.soc,soc,3,1591,matriz,cerca_empate,b=0.1,2,0.6643620364034737,0.793911055432714,1,1,0.004330500029027462,1.0,0.0,"[[1, 2, 3]]","[[1, 2, 3]]"
00004-00000002.soc,soc,3,1591,matriz,todos,b=0.01,2,0.6643620364034737,0.6419229748781459,1,1,0.0042993000242859125,1.0,0.0,"[[1, 2, 3]]","[[1, 2, 3]]"
00004-00000002.soc,soc,3,1591,matriz,todos,b=0.05,2,0.6643620364034737,0.5521667285440035,1,1,0.004143199999816716,1.0,0.0,"[[1, 2, 3]]","[[1, 2, 3]]"
00004-00000002.soc,soc,3,1591,matriz,todos,b=0.1,2,0.6643620364034737,0.439971420568118,1,1,0.004126399988308549,1.0,0.0,"[[1, 2, 3]]","[[1, 2, 3]]"
00004-00000002.soc,soc,3,1591,matriz,aleatoria,b=0.01,3,0.6643620364034737,0.6494150798471963,1,1,0.004330500029027462,1.0,0.0,"[[1, 2, 3]]","[[1, 2, 3]]"
00004-00000002.soc,soc,3,1591,matriz,aleatoria,b=0.05,3,0.6643620364034737,0.5896272536220861,1,1,0.004154699970968068,1.0,0.0,"[[1, 2, 3]]","[[1, 2, 3]]"
00004-00000002.soc,soc,3,1591,matriz,aleatoria,b=0.1,3,0.6643620364034737,0.5148924709571143,1,1,0.004132000030949712,1.0,0.0,"[[1, 2, 3]]","[[1, 2, 3]]"
00004-00000002.soc,soc,3,1591,matriz,cerca_empate,b=0.01,3,0.6643620364034737,0.6996490083595024,1,1,0.004225400043651462,1.0,0.0,"[[1, 2, 3]]","[[1, 2, 3]]"
00004-00000002.soc,soc,3,1591,matriz,cerca_empate,b=0.05,3,0.6643620364034737,0.8407968961836163,1,1,0.004254099912941456,1.0,0.0,"[[1, 2, 3]]","[[1, 2, 3]]"
00004-00000002.soc,soc,3,1591,matriz,cerca_empate,b=0.1,3,0.6643620364034737,1.0172317559637594,1,1,0.00411440001334995,1.0,0.0,"[[1, 2, 3]]","[[1, 2, 3]]"
00004-00000002.soc,soc,3,1591,matriz,todos,b=0.01,3,0.6643620364034737,0.6255683521258217,1,1,0.0041093999752774835,1.0,0.0,"[[1, 2, 3]]","[[1, 2, 3]]"
00004-00000002.soc,soc,3,1591,matriz,todos,b=0.05,3,0.6643620364034737,0.47039361466596785,1,1,0.004225100041367114,1.0,0.0,"[[1, 2, 3]]","[[1, 2, 3]]"
00004-00000002.soc,soc,3,1591,matriz,todos,b=0.1,3,0.6643620364034737,0.27642519281204603,1,1,0.0041723999893292785,1.0,0.0,"[[1, 2, 3]]","[[1, 2, 3]]"
00004-00000002.soc,soc,3,1591,matriz,aleatoria,b=0.01,4,0.6643620364034737,0.6643620364034737,1,1,0.0041189000476151705,1.0,0.0,"[[1, 2, 3]]","[[1, 2, 3]]"
00004-00000002.soc,soc,3,1591,matriz,aleatoria,b=0.05,4,0.6643620364034737,0.6643620364034737,1,1,0.004205700010061264,1.0,0.0,"[[1, 2, 3]]","[[1, 2, 3]]"
00004-00000002.soc,soc,3,1591,matriz,aleatoria,b=0.1,4,0.6643620364034737,0.6643620364034737,1,1,0.004260699963197112,1.0,0.0,"[[1, 2, 3]]","[[1, 2, 3]]"
00004-00000002.soc,soc,3,1591,matriz,cerca_empate,b=0.01,4,0.6643620364034737,0.6814143773938237,1,1,0.004524499992839992,1.0,0.0,"[[1, 2, 3]]","[[1, 2, 3]]"
00004-00000002.soc,soc,3,1591,matriz,cerca_empate,b=0.05,4,0.6643620364034737,0.855217707283769,1,1,0.004252800019457936,1.0,0.0,"[[1, 2, 3]]","[[1, 2, 3]]"
00004-00000002.soc,soc,3,1591,matriz,cerca_empate,b=0.1,4,0.6643620364034737,1.0724718696462008,1,1,0.0041940000373870134,1.0,0.0,"[[1, 2, 3]]","[[1, 2, 3]]"
00004-00000002.soc,soc,3,1591,matriz,todos,b=0.01,4,0.6643620364034737,0.6464193438529447,1,1,0.004124100087210536,1.0,0.0,"[[1, 2, 3]]","[[1, 2, 3]]"
00004-00000002.soc,soc,3,1591,matriz,todos,b=0.05,4,0.6643620364034737,0.7000283448651669,1,1,0.004657500074245036,1.0,0.0,"[[1, 2, 3]]","[[1, 2, 3]]"
00004-00000002.soc,soc,3,1591,matriz,todos,b=0.1,4,0.6643620364034737,1.2196669977092958,1,1,0.004815599997527897,1.0,0.0,"[[1, 2, 3]]","[[1, 2, 3]]"
00004-00000003.soc,soc,3,533,matriz,aleatoria,b=0.01,0,1.0018761727260426,0.9715414458187297,3,3,0.005831900052726269,1.0,0.0,"[[3], [2], [1]]","[[3], [2], [1]]"
00004-00000003.soc,soc,3,533,matriz,aleatoria,b=0.05,0,1.0018761727260426,0.8902483987900666,3,2,0.005864000064320862,0.816496580927726,0.1369606003752346,"[[3], [2], [1]]","[[2, 3], [1]]"
00004-00000003.soc,soc,3,533,matriz,aleatoria,b=0.1,0,1.0018761727260426,0.7917538331326206,3,2,0.0042415999341756105,0.816496580927726,0.1369606003752346,"[[3], [2], [1]]","[[2, 3], [1]]"
00004-00000003.soc,soc,3,533,matriz,cerca_empate,b=0.01,0,1.0018761727260426,1.0018761727260426,3,3,0.004632500000298023,1.0,0.0,"[[3], [2], [1]]","[[3], [2], [1]]"
00004-00000003.soc,soc,3,533,matriz,cerca_empate,b=0.05,0,1.0018761727260426,1.0018761727260426,3,3,0.004262399976141751,1.0,0.0,"[[3], [2], [1]]","[[3], [2], [1]]"
00004-00000003.soc,soc,3,533,matriz,cerca_empate,b=0.1,0,1.0018761727260426,1.0018761727260426,3,3,0.004014399950392544,1.0,0.0,"[[3], [2], [1]]","[[3], [2], [1]]"
00004-00000003.soc,soc,3,533,matriz,todos,b=0.01,0,1.0018761727260426,0.9459049991564825,3,3,0.004072899930179119,1.0,0.0,"[[3], [2], [1]]","[[3], [2], [1]]"
00004-00000003.soc,soc,3,533,matriz,todos,b=0.05,0,1.0018761727260426,0.7220203052274883,3,3,0.004393300041556358,1.0,0.0,"[[3], [2], [1]]","[[3], [2], [1]]"
00004-00000003.soc,soc,3,533,matriz,todos,b=0.1,0,1.0018761727260426,0.5109811377478763,3,3,0.004123200080357492,1.0,0.0,"[[3], [2], [1]]","[[3], [2], [1]]"
00004-00000003.soc,soc,3,533,matriz,aleatoria,b=0.01,1,1.0018761727260426,1.0473948206054047,3,3,0.0041850999696180224,1.0,0.0,"[[3], [2], [1]]","[[3], [2], [1]]"
00004-00000003.soc,soc,3,533,matriz,aleatoria,b=0.05,1,1.0018761727260426,0.9112435335049973,3,2,0.005455099977552891,0.816496580927726,0.1369606003752346,"[[3], [2], [1]]","[[2, 3], [1]]"
00004-00000003.soc,soc,3,533,matriz,aleatoria,b=0.1,1,1.0018761727260426,0.6836502939087179,3,2,0.00440029997844249,0.816496580927726,0.1369606003752346,"[[3], [2], [1]]","[[2, 3], [1]]"
00004-00000003.soc,soc,3,533,matriz,cerca_empate,b=0.01,1,1.0018761727260426,1.0018761727260426,3,3,0.004108199966140091,1.0,0.0,"[[3], [2], [1]]","[[3], [2], [1]]"
00004-00000003.soc,soc,3,533,matriz,cerca_empate,b=0.05,1,1.0018761727260426,1.0018761727260426,3,3,0.004189200000837445,1.0,0.0,"[[3], [2], [1]]","[[3], [2], [1]]"
00004-00000003.soc,soc,3,533,matriz,cerca_empate,b=0.1,1,1.0018761727260426,1.0018761727260426,3,3,0.00408179999794811,1.0,0.0,"[[3], [2], [1]]","[[3], [2], [1]]"
00004-00000003.soc,soc,3,533,matriz,todos,b=0.01,1,1.0018761727260426,1.0237190233310685,3,3,0.003910399973392487,1.0,0.0,"[[3], [2], [1]]","[[3], [2], [1]]"
00004-00000003.soc,soc,3,533,matriz,todos,b=0.05,1,1.0018761727260426,1.111090426100418,3,3,0.0037779000122100115,1.0,0.0,"[[3], [2], [1]]","[[3], [2], [1]]"
00004-00000003.soc,soc,3,533,matriz,todos,b=0.1,1,1.0018761727260426,1.2203046795696122,3,3,0.005121199996210635,1.0,0.0,"[[3], [2], [1]]","[[3], [2], [1]]"
00004-00000003.soc,soc,3,533,matriz,aleatoria,b=0.01,2,1.0018761727260426,0.9960267138667405,3,3,0.004105799947865307,1.0,0.0,"[[3], [2], [1]]","[[3], [2], [1]]"
00004-00000003.soc,soc,3,533,matriz,aleatoria,b=0.05,2,1.0018761727260426,0.972628878778778,3,3,0.0040191999869421124,1.0,0.0,"[[3], [2], [1]]","[[3], [2], [1]]"
00004-00000003.soc,soc,3,533,matriz,aleatoria,b=0.1,2,1.0018761727260426,0.9433815849479288,3,3,0.0039172000251710415,1.0,0.0,"[[3], [2], [1]]","[[3], [2], [1]]"
00004-00000003.soc,soc,3,533,matriz,cerca_empate,b=0.01,2,1.0018761727260426,1.0018761727260426,3,3,0.004049899987876415,1.0,0.0,"[[3], [2], [1]]","[[3], [2], [1]]"
00004-00000003.soc,soc,3,533,matriz,cerca_empate,b=0.05,2,1.0018761727260426,1.0018761727260426,3,3,0.003608499886468053,1.0,0.0,"[[3], [2], [1]]","[[3], [2], [1]]"
00004-00000003.soc,soc,3,533,matriz,cerca_empate,b=0.1,2,1.0018761727260426,1.0018761727260426,3,3,0.0035325000062584877,1.0,0.0,"[[3], [2], [1]]","[[3], [2], [1]]"
00004-00000003.soc,soc,3,533,matriz,todos,b=0.01,2,1.0018761727260426,0.9984054303495213,3,3,0.0038171999622136354,1.0,0.0,"[[3], [2], [1]]","[[3], [2], [1]]"
00004-00000003.soc,soc,3,533,matriz,todos,b=0.05,2,1.0018761727260426,0.9234678978538425,3,2,0.0037924000062048435,0.816496580927726,0.1369606003752346,"[[3], [2], [1]]","[[2, 3], [1]]"
00004-00000003.soc,soc,3,533,matriz,todos,b=0.1,2,1.0018761727260426,0.7080990224899928,3,2,0.003798099933192134,0.816496580927726,0.1369606003752346,"[[3], [2], [1]]","[[2, 3], [1]]"
00004-00000003.soc,soc,3,533,matriz,aleatoria,b=0.01,3,1.0018761727260426,0.98692921618931,3,3,0.0040472999680787325,1.0,0.0,"[[3], [2], [1]]","[[3], [2], [1]]"
00004-00000003.soc,soc,3,533,matriz,aleatoria,b=0.05,3,1.0018761727260426,0.9271413899259642,3,3,0.004495900007896125,1.0,0.0,"[[3], [2], [1]]","[[3], [2], [1]]"
00004-00000003.soc,soc,3,533,matriz,aleatoria,b=0.1,3,1.0018761727260426,0.8524066072423011,3,3,0.0037354000378400087,1.0,0.0,"[[3], [2], [1]]","[[3], [2], [1]]"
00004-00000003.soc,soc,3,533,matriz,cerca_empate,b=0.01,3,1.0018761727260426,1.0018761727260426,3,3,0.003572799963876605,1.0,0.0,"[[3], [2], [1]]","[[3], [2], [1]]"
00004-00000003.soc,soc,3,533,matriz,cerca_empate,b=0.05,3,1.0018761727260426,1.0018761727260426,3,3,0.003568599931895733,1.0,0.0,"[[3], [2], [1]]","[[3], [2], [1]]"
00004-00000003.soc,soc,3,533,matriz,cerca_empate,b=0.1,3,1.0018761727260426,1.0018761727260426,3,3,0.003907199949026108,1.0,0.0,"[[3], [2], [1]]","[[3], [2], [1]]"
00004-00000003.soc,soc,3,533,matriz,todos,b=0.01,3,1.0018761727260426,0.9700959131587297,3,3,0.003749299910850823,1.0,0.0,"[[3], [2], [1]]","[[3], [2], [1]]"
00004-00000003.soc,soc,3,533,matriz,todos,b=0.05,3,1.0018761727260426,0.7953987856961717,3,2,0.00365240010432899,0.816496580927726,0.1369606003752346,"[[3], [2], [1]]","[[2, 3], [1]]"
00004-00000003.soc,soc,3,533,matriz,todos,b=0.1,3,1.0018761727260426,0.45196079840748116,3,2,0.003910699975676835,0.816496580927726,0.1369606003752346,"[[3], [2], [1]]","[[2, 3], [1]]"
00004-00000003.soc,soc,3,533,matriz,aleatoria,b=0.01,4,1.0018761727260426,1.0018761727260426,3,3,0.003931200015358627,1.0,0.0,"[[3], [2], [1]]","[[3], [2], [1]]"
00004-00000003.soc,soc,3,533,matriz,aleatoria,b=0.05,4,1.0018761727260426,1.0018761727260426,3,3,0.003661800059489906,1.0,0.0,"[[3], [2], [1]]","[[3], [2], [1]]"
00004-00000003.soc,soc,3,533,matriz,aleatoria,b=0.1,4,1.0018761727260426,1.0018761727260426,3,3,0.0035460999934002757,1.0,0.0,"[[3], [2], [1]]","[[3], [2], [1]]"
00004-00000003.soc,soc,3,533,matriz,cerca_empate,b=0.01,4,1.0018761727260426,1.0018761727260426,3,3,0.003710599965415895,1.0,0.0,"[[3], [2], [1]]","[[3], [2], [1]]"
00004-00000003.soc,soc,3,533,matriz,cerca_empate,b=0.05,4,1.0018761727260426,1.0018761727260426,3,3,0.0035861999494954944,1.0,0.0,"[[3], [2], [1]]","[[3], [2], [1]]"
00004-00000003.soc,soc,3,533,matriz,cerca_empate,b=0.1,4,1.0018761727260426,1.0018761727260426,3,3,0.003588200081139803,1.0,0.0,"[[3], [2], [1]]","[[3], [2], [1]]"
00004-00000003.soc,soc,3,533,matriz,todos,b=0.01,4,1.0018761727260426,1.106720530311577,3,3,0.003563400008715689,1.0,0.0,"[[3], [2], [1]]","[[3], [2], [1]]"
00004-00000003.soc,soc,3,533,matriz,todos,b=0.05,4,1.0018761727260426,1.053706444888358,3,2,0.004474899964407086,0.816496580927726,0.1369606003752346,"[[3], [2], [1]]","[[2, 3], [1]]"
00004-00000003.soc,soc,3,533,matriz,todos,b=0.1,4,1.0018761727260426,1.0314238832710956,3,1,0.004670600057579577,0.0,0.9962476547842398,"[[3], [2], [1]]","[[1, 2, 3]]"
00004-00000004.soc,soc,3,1143,matriz,aleatoria,b=0.01,0,0.8967629046791884,0.9270976315593119,1,1,0.005245000007562339,1.0,0.0,"[[1, 2, 3]]","[[1, 2, 3]]"
00004-00000004.soc,soc,3,1143,matriz,aleatoria,b=0.05,0,0.8967629046791884,1.0484365388469739,1,1,0.004065699991770089,1.0,0.0,"[[1, 2, 3]]","[[1, 2, 3]]"
00004-00000004.soc,soc,3,1143,matriz,aleatoria,b=0.1,0,0.8967629046791884,1.2001101730147594,1,1,0.004790000035427511,1.0,0.0,"[[1, 2, 3]]","[[1, 2, 3]]"
00004-00000004.soc,soc,3,1143,matriz,cerca_empate,b=0.01,0,0.8967629046791884,0.8967629046791884,1,1,0.00507719989400357,1.0,0.0,"[[1, 2, 3]]","[[1, 2, 3]]"
00004-00000004.soc,soc,3,1143,matriz,cerca_empate,b=0.05,0,0.8967629046791884,0.8967629046791884,1,1,0.004372099996544421,1.0,0.0,"[[1, 2, 3]]","[[1, 2, 3]]"
00004-00000004.soc,soc,3,1143,matriz,cerca_empate,b=0.1,0,0.8967629046791884,0.8967629046791884,1,1,0.004130000015720725,1.0,0.0,"[[1, 2, 3]]","[[1, 2, 3]]"
00004-00000004.soc,soc,3,1143,matriz,todos,b=0.01,0,0.8967629046791884,0.9655380671788065,1,1,0.004196099936962128,1.0,0.0,"[[1, 2, 3]]","[[1, 2, 3]]"
00004-00000004.soc,soc,3,1143,matriz,todos,b=0.05,0,0.8967629046791884,1.240638717060862,1,1,0.004194100038148463,1.0,0.0,"[[1, 2, 3]]","[[1, 2, 3]]"
00004-00000004.soc,soc,3,1143,matriz,todos,b=0.1,0,0.8967629046791884,1.0387134621534702,1,2,0.0041594000067561865,0.0,0.7016622922134736,"[[1, 2, 3]]","[[3], [1, 2]]"
00004-00000004.soc,soc,3,1143,matriz,aleatoria,b=0.01,1,0.8967629046791884,0.851244256853065,1,1,0.003731900011189282,1.0,0.0,"[[1, 2, 3]]","[[1, 2, 3]]"
00004-00000004.soc,soc,3,1143,matriz,aleatoria,b=0.05,1,0.8967629046791884,0.6691696651993243,1,1,0.0036899999249726534,1.0,0.0,"[[1, 2, 3]]","[[1, 2, 3]]"
00004-00000004.soc,soc,3,1143,matriz,aleatoria,b=0.1,1,0.8967629046791884,0.5348015273009065,1,1,0.003369400044903159,1.0,0.0,"[[1, 2, 3]]","[[1, 2, 3]]"
00004-00000004.soc,soc,3,1143,matriz,cerca_empate,b=0.01,1,0.8967629046791884,0.8967629046791884,1,1,0.003455400001257658,1.0,0.0,"[[1, 2, 3]]","[[1, 2, 3]]"
00004-00000004.soc,soc,3,1143,matriz,cerca_empate,b=0.05,1,0.8967629046791884,0.8967629046791884,1,1,0.003145499969832599,1.0,0.0,"[[1, 2, 3]]","[[1, 2, 3]]"
00004-00000004.soc,soc,3,1143,matriz,cerca_empate,b=0.1,1,0.8967629046791884,0.8967629046791884,1,1,0.003396900021471083,1.0,0.0,"[[1, 2, 3]]","[[1, 2, 3]]"
00004-00000004.soc,soc,3,1143,matriz,todos,b=0.01,1,0.8967629046791884,0.8758771434093977,1,1,0.0035423000808805227,1.0,0.0,"[[1, 2, 3]]","[[1, 2, 3]]"
00004-00000004.soc,soc,3,1143,matriz,todos,b=0.05,1,0.8967629046791884,0.7923340982922749,1,1,0.003819399978965521,1.0,0.0,"[[1, 2, 3]]","[[1, 2, 3]]"
00004-00000004.soc,soc,3,1143,matriz,todos,b=0.1,1,0.8967629046791884,1.1314763568293311,1,1,0.004286200040951371,1.0,0.0,"[[1, 2, 3]]","[[1, 2, 3]]"
00004-00000004.soc,soc,3,1143,matriz,aleatoria,b=0.01,2,0.8967629046791884,0.8819776499202706,1,1,0.004026000038720667,1.0,0.0,"[[1, 2, 3]]","[[1, 2, 3]]"
00004-00000004.soc,soc,3,1143,matriz,aleatoria,b=0.05,2,0.8967629046791884,0.8228366312338441,1,1,0.003752300050109625,1.0,0.0,"[[1, 2, 3]]","[[1, 2, 3]]"
00004-00000004.soc,soc,3,1143,matriz,aleatoria,b=0.1,2,0.8967629046791884,0.7489103577884989,1,1,0.003384399926289916,1.0,0.0,"[[1, 2, 3]]","[[1, 2, 3]]"
00004-00000004.soc,soc,3,1143,matriz,cerca_empate,b=0.01,2,0.8967629046791884,0.8967629046791884,1,1,0.003822099999524653,1.0,0.0,"[[1, 2, 3]]","[[1, 2, 3]]"
00004-00000004.soc,soc,3,1143,matriz,cerca_empate,b=0.05,2,0.8967629046791884,0.8967629046791884,1,1,0.003657700028270483,1.0,0.0,"[[1, 2, 3]]","[[1, 2, 3]]"
00004-00000004.soc,soc,3,1143,matriz,cerca_empate,b=0.1,2,0.8967629046791884,0.8967629046791884,1,1,0.0033324999967589974,1.0,0.0,"[[1, 2, 3]]","[[1, 2, 3]]"
00004-00000004.soc,soc,3,1143,matriz,todos,b=0.01,2,0.8967629046791884,0.8743238430374451,1,1,0.00362550001591444,1.0,0.0,"[[1, 2, 3]]","[[1, 2, 3]]"
00004-00000004.soc,soc,3,1143,matriz,todos,b=0.05,2,0.8967629046791884,0.7845675967033032,1,1,0.0034380999859422445,1.0,0.0,"[[1, 2, 3]]","[[1, 2, 3]]"
00004-00000004.soc,soc,3,1143,matriz,todos,b=0.1,2,0.8967629046791884,0.6723722887274173,1,1,0.004045599955134094,1.0,0.0,"[[1, 2, 3]]","[[1, 2, 3]]"
00004-00000004.soc,soc,3,1143,matriz,aleatoria,b=0.01,3,0.8967629046791884,0.881815948122911,1,1,0.0034201000817120075,1.0,0.0,"[[1, 2, 3]]","[[1, 2, 3]]"
00004-00000004.soc,soc,3,1143,matriz,aleatoria,b=0.05,3,0.8967629046791884,0.8220281218978008,1,1,0.00347290001809597,1.0,0.0,"[[1, 2, 3]]","[[1, 2, 3]]"
00004-00000004.soc,soc,3,1143,matriz,aleatoria,b=0.1,3,0.8967629046791884,0.747293339232829,1,1,0.0031880999449640512,1.0,0.0,"[[1, 2, 3]]","[[1, 2, 3]]"
00004-00000004.soc,soc,3,1143,matriz,cerca_empate,b=0.01,3,0.8967629046791884,0.8967629046791884,1,1,0.00429059995803982,1.0,0.0,"[[1, 2, 3]]","[[1, 2, 3]]"
00004-00000004.soc,soc,3,1143,matriz,cerca_empate,b=0.05,3,0.8967629046791884,0.8967629046791884,1,1,0.004460899974219501,1.0,0.0,"[[1, 2, 3]]","[[1, 2, 3]]"
00004-00000004.soc,soc,3,1143,matriz,cerca_empate,b=0.1,3,0.8967629046791884,0.8967629046791884,1,1,0.004283500020392239,1.0,0.0,"[[1, 2, 3]]","[[1, 2, 3]]"
00004-00000004.soc,soc,3,1143,matriz,todos,b=0.01,3,0.8967629046791884,0.8579692204015367,1,1,0.0039255000883713365,1.0,0.0,"[[1, 2, 3]]","[[1, 2, 3]]"
00004-00000004.soc,soc,3,1143,matriz,todos,b=0.05,3,0.8967629046791884,0.7027944828252672,1,1,0.006392900017090142,1.0,0.0,"[[1, 2, 3]]","[[1, 2, 3]]"
00004-00000004.soc,soc,3,1143,matriz,todos,b=0.1,3,0.8967629046791884,0.7193773985444787,1,1,0.005626199999824166,1.0,0.0,"[[1, 2, 3]]","[[1, 2, 3]]"
00004-00000004.soc,soc,3,1143,matriz,aleatoria,b=0.01,4,0.8967629046791884,0.8967629046791884,1,1,0.006421099998988211,1.0,0.0,"[[1, 2, 3]]","[[1, 2, 3]]"
00004-00000004.soc,soc,3,1143,matriz,aleatoria,b=0.05,4,0.8967629046791884,0.8967629046791884,1,1,0.004252400016412139,1.0,0.0,"[[1, 2, 3]]","[[1, 2, 3]]"
00004-00000004.soc,soc,3,1143,matriz,aleatoria,b=0.1,4,0.8967629046791884,0.8967629046791884,1,1,0.003714199992828071,1.0,0.0,"[[1, 2, 3]]","[[1, 2, 3]]"
00004-00000004.soc,soc,3,1143,matriz,cerca_empate,b=0.01,4,0.8967629046791884,0.8967629046791884,1,1,0.004392599919810891,1.0,0.0,"[[1, 2, 3]]","[[1, 2, 3]]"
00004-00000004.soc,soc,3,1143,matriz,cerca_empate,b=0.05,4,0.8967629046791884,0.8967629046791884,1,1,0.00416040001437068,1.0,0.0,"[[1, 2, 3]]","[[1, 2, 3]]"
00004-00000004.soc,soc,3,1143,matriz,cerca_empate,b=0.1,4,0.8967629046791884,0.8967629046791884,1,1,0.003668599994853139,1.0,0.0,"[[1, 2, 3]]","[[1, 2, 3]]"
00004-00000004.soc,soc,3,1143,matriz,todos,b=0.01,4,0.8967629046791884,0.8788202120122444,1,1,0.0036570000229403377,1.0,0.0,"[[1, 2, 3]]","[[1, 2, 3]]"
00004-00000004.soc,soc,3,1143,matriz,todos,b=0.05,4,0.8967629046791884,0.8070494413444682,1,1,0.004476399975828826,1.0,0.0,"[[1, 2, 3]]","[[1, 2, 3]]"
00004-00000004.soc,soc,3,1143,matriz,todos,b=0.1,4,0.8967629046791884,1.1188923537632438,1,1,0.0044068999122828245,1.0,0.0,"[[1, 2, 3]]","[[1, 2, 3]]"
00004-00000005.soc,soc,3,448,matriz,aleatoria,b=0.01,0,1.1071428572093802,1.037410304040981,2,2,0.004229300073347986,0.9999999999999999,0.0,"[[2], [1, 3]]","[[2], [1, 3]]"
00004-00000005.soc,soc,3,448,matriz,aleatoria,b=0.05,0,1.1071428572093802,0.9016736341454066,2,2,0.004011200042441487,0.9999999999999999,0.0,"[[2], [1, 3]]","[[2], [1, 3]]"
00004-00000005.soc,soc,3,448,matriz,aleatoria,b=0.1,0,1.1071428572093802,1.0533472683905978,2,2,0.0037376999389380217,0.9999999999999999,0.0,"[[2], [1, 3]]","[[2], [1, 3]]"
00004-00000005.soc,soc,3,448,matriz,cerca_empate,b=0.01,0,1.1071428572093802,1.113544851712536,2,2,0.004188699997030199,0.9999999999999999,0.0,"[[2], [1, 3]]","[[2], [1, 3]]"
00004-00000005.soc,soc,3,448,matriz,cerca_empate,b=0.05,0,1.1071428572093802,1.1391528297251583,2,2,0.00571030005812645,0.9999999999999999,0.0,"[[2], [1, 3]]","[[2], [1, 3]]"
00004-00000005.soc,soc,3,448,matriz,cerca_empate,b=0.1,0,1.1071428572093802,1.1711628022409364,2,2,0.004318899940699339,0.9999999999999999,0.0,"[[2], [1, 3]]","[[2], [1, 3]]"
00004-00000005.soc,soc,3,448,matriz,todos,b=0.01,0,1.1071428572093802,1.1512389635504836,2,2,0.0061821999261155725,0.9999999999999999,0.0,"[[2], [1, 3]]","[[2], [1, 3]]"
00004-00000005.soc,soc,3,448,matriz,todos,b=0.05,0,1.1071428572093802,0.9061241876258609,2,1,0.004255900043062866,0.0,0.1428571428571428,"[[2], [1, 3]]","[[1, 2, 3]]"
00004-00000005.soc,soc,3,448,matriz,todos,b=0.1,0,1.1071428572093802,0.5622483752517219,2,1,0.0037607999984174967,0.0,0.1428571428571428,"[[2], [1, 3]]","[[1, 2, 3]]"
00004-00000005.soc,soc,3,448,matriz,aleatoria,b=0.01,1,1.1071428572093802,1.0616242092136028,2,2,0.004076899960637093,0.9999999999999999,0.0,"[[2], [1, 3]]","[[2], [1, 3]]"
00004-00000005.soc,soc,3,448,matriz,aleatoria,b=0.05,1,1.1071428572093802,0.879549617579739,2,2,0.004589600022882223,0.9999999999999999,0.0,"[[2], [1, 3]]","[[2], [1, 3]]"
00004-00000005.soc,soc,3,448,matriz,aleatoria,b=0.1,1,1.1071428572093802,0.6741071428904044,2,2,0.003923699958249927,0.9999999999999999,0.0,"[[2], [1, 3]]","[[2], [1, 3]]"
00004-00000005.soc,soc,3,448,matriz,cerca_empate,b=0.01,1,1.1071428572093802,1.1076214019334032,2,2,0.0036475999513641,0.9999999999999999,0.0,"[[2], [1, 3]]","[[2], [1, 3]]"
00004-00000005.soc,soc,3,448,matriz,cerca_empate,b=0.05,1,1.1071428572093802,1.1095355808294949,2,2,0.004274900071322918,0.9999999999999999,0.0,"[[2], [1, 3]]","[[2], [1, 3]]"
00004-00000005.soc,soc,3,448,matriz,cerca_empate,b=0.1,1,1.1071428572093802,1.1119283044496096,2,2,0.00521980004850775,0.9999999999999999,0.0,"[[2], [1, 3]]","[[2], [1, 3]]"
00004-00000005.soc,soc,3,448,matriz,todos,b=0.01,1,1.1071428572093802,1.1787331875565108,2,2,0.0042079000268131495,0.9999999999999999,0.0,"[[2], [1, 3]]","[[2], [1, 3]]"
00004-00000005.soc,soc,3,448,matriz,todos,b=0.05,1,1.1071428572093802,1.354428806287363,2,1,0.00525519996881485,0.0,0.1428571428571428,"[[2], [1, 3]]","[[1, 2, 3]]"
00004-00000005.soc,soc,3,448,matriz,todos,b=0.1,1,1.1071428572093802,1.4588576126263928,2,1,0.009053000016137958,0.0,0.1428571428571428,"[[2], [1, 3]]","[[1, 2, 3]]"
00004-00000005.soc,soc,3,448,matriz,aleatoria,b=0.01,2,1.1071428572093802,1.0923576024859878,2,2,0.004644299973733723,0.9999999999999999,0.0,"[[2], [1, 3]]","[[2], [1, 3]]"
00004-00000005.soc,soc,3,448,matriz,aleatoria,b=0.05,2,1.1071428572093802,1.0332165837088334,2,2,0.004207500023767352,0.9999999999999999,0.0,"[[2], [1, 3]]","[[2], [1, 3]]"
00004-00000005.soc,soc,3,448,matriz,aleatoria,b=0.1,2,1.1071428572093802,0.9592903103247019,2,2,0.003967100055888295,0.9999999999999999,0.0,"[[2], [1, 3]]","[[2], [1, 3]]"
00004-00000005.soc,soc,3,448,matriz,cerca_empate,b=0.01,2,1.1071428572093802,1.0941879553059843,2,2,0.003995200037024915,0.9999999999999999,0.0,"[[2], [1, 3]]","[[2], [1, 3]]"
00004-00000005.soc,soc,3,448,matriz,cerca_empate,b=0.05,2,1.1071428572093802,1.0423683476924008,2,2,0.0040713000344112515,0.9999999999999999,0.0,"[[2], [1, 3]]","[[2], [1, 3]]"
00004-00000005.soc,soc,3,448,matriz,cerca_empate,b=0.1,2,1.1071428572093802,0.9775938381754214,2,2,0.003845199942588806,0.9999999999999999,0.0,"[[2], [1, 3]]","[[2], [1, 3]]"
00004-00000005.soc,soc,3,448,matriz,todos,b=0.01,2,1.1071428572093802,1.0640690821437204,2,2,0.0037137999897822738,0.9999999999999999,0.0,"[[2], [1, 3]]","[[2], [1, 3]]"
00004-00000005.soc,soc,3,448,matriz,todos,b=0.05,2,1.1071428572093802,0.891773981881081,2,2,0.003678299952298403,0.9999999999999999,0.0,"[[2], [1, 3]]","[[2], [1, 3]]"
00004-00000005.soc,soc,3,448,matriz,todos,b=0.1,2,1.1071428572093802,0.6764051066691972,2,2,0.004483999917283654,0.9999999999999999,0.0,"[[2], [1, 3]]","[[2], [1, 3]]"
00004-00000005.soc,soc,3,448,matriz,aleatoria,b=0.01,3,1.1071428572093802,1.0921959006726476,2,2,0.004096799995750189,0.9999999999999999,0.0,"[[2], [1, 3]]","[[2], [1, 3]]"
00004-00000005.soc,soc,3,448,matriz,aleatoria,b=0.05,3,1.1071428572093802,1.0324080744093018,2,2,0.0037523999344557524,0.9999999999999999,0.0,"[[2], [1, 3]]","[[2], [1, 3]]"
00004-00000005.soc,soc,3,448,matriz,aleatoria,b=0.1,3,1.1071428572093802,0.9576732917256388,2,2,0.0039456000085920095,0.9999999999999999,0.0,"[[2], [1, 3]]","[[2], [1, 3]]"
00004-00000005.soc,soc,3,448,matriz,cerca_empate,b=0.01,3,1.1071428572093802,1.0718558852563798,2,2,0.0036825999850407243,0.9999999999999999,0.0,"[[2], [1, 3]]","[[2], [1, 3]]"
00004-00000005.soc,soc,3,448,matriz,cerca_empate,b=0.05,3,1.1071428572093802,0.9307079974443782,2,2,0.0036947999615222216,0.9999999999999999,0.0,"[[2], [1, 3]]","[[2], [1, 3]]"
00004-00000005.soc,soc,3,448,matriz,cerca_empate,b=0.1,3,1.1071428572093802,1.1028697195769164,2,2,0.003667399985715747,0.9999999999999999,0.0,"[[2], [1, 3]]","[[2], [1, 3]]"
00004-00000005.soc,soc,3,448,matriz,todos,b=0.01,3,1.1071428572093802,1.0384552596770957,2,2,0.0036943999584764242,0.9999999999999999,0.0,"[[2], [1, 3]]","[[2], [1, 3]]"
00004-00000005.soc,soc,3,448,matriz,todos,b=0.05,3,1.1071428572093802,0.7637048698972035,2,2,0.003618899965658784,0.9999999999999999,0.0,"[[2], [1, 3]]","[[2], [1, 3]]"
00004-00000005.soc,soc,3,448,matriz,todos,b=0.1,3,1.1071428572093802,0.42026688246861177,2,2,0.0038518999936059117,0.9999999999999999,0.0,"[[2], [1, 3]]","[[2], [1, 3]]"
00004-00000005.soc,soc,3,448,matriz,aleatoria,b=0.01,4,1.1071428572093802,1.1071428572093802,2,2,0.004106300068087876,0.9999999999999999,0.0,"[[2], [1, 3]]","[[2], [1, 3]]"
00004-00000005.soc,soc,3,448,matriz,aleatoria,b=0.05,4,1.1071428572093802,1.1071428572093802,2,2,0.0037048999220132828,0.9999999999999999,0.0,"[[2], [1, 3]]","[[2], [1, 3]]"
00004-00000005.soc,soc,3,448,matriz,aleatoria,b=0.1,4,1.1071428572093802,1.1071428572093802,2,2,0.0036241000052541494,0.9999999999999999,0.0,"[[2], [1, 3]]","[[2], [1, 3]]"
00004-00000005.soc,soc,3,448,matriz,cerca_empate,b=0.01,4,1.1071428572093802,1.1505936896818665,2,2,0.0036594000412151217,0.9999999999999999,0.0,"[[2], [1, 3]]","[[2], [1, 3]]"
00004-00000005.soc,soc,3,448,matriz,cerca_empate,b=0.05,4,1.1071428572093802,1.324397019571812,2,2,0.0039567999774590135,0.9999999999999999,0.0,"[[2], [1, 3]]","[[2], [1, 3]]"
00004-00000005.soc,soc,3,448,matriz,cerca_empate,b=0.1,4,1.1071428572093802,1.3154916753992438,2,3,0.003976300009526312,0.816496580927726,0.6428571428571428,"[[2], [1, 3]]","[[2], [1], [3]]"
00004-00000005.soc,soc,3,448,matriz,todos,b=0.01,4,1.1071428572093802,1.0901167915588288,2,2,0.004203699994832277,0.9999999999999999,0.0,"[[2], [1, 3]]","[[2], [1, 3]]"
00004-00000005.soc,soc,3,448,matriz,todos,b=0.05,4,1.1071428572093802,1.0220125290896684,2,2,0.004429299966432154,0.9999999999999999,0.0,"[[2], [1, 3]]","[[2], [1, 3]]"
00004-00000005.soc,soc,3,448,matriz,todos,b=0.1,4,1.1071428572093802,0.8868013973084001,2,2,0.0046570999547839165,0.49999999999999994,0.651785714285714,"[[2], [1, 3]]","[[1, 2], [3]]"
00004-00000006.soc,soc,3,940,matriz,aleatoria,b=0.01,0,0.9808510638659502,1.0505836169081788,1,1,0.005488199996761978,1.0,0.0,"[[1, 2, 3]]","[[1, 2, 3]]"
00004-00000006.soc,soc,3,940,matriz,aleatoria,b=0.05,0,0.9808510638659502,1.2686949107002468,1,2,0.004730799933895469,0.0,0.13617021276595764,"[[1, 2, 3]]","[[2], [1, 3]]"
00004-00000006.soc,soc,3,940,matriz,aleatoria,b=0.1,0,0.9808510638659502,1.321823405334726,1,3,0.00404650007840246,0.0,1.0382978723404257,"[[1, 2, 3]]","[[2], [3], [1]]"
00004-00000006.soc,soc,3,940,matriz,cerca_empate,b=0.01,0,0.9808510638659502,0.9744490693580855,1,1,0.0049999000038951635,1.0,0.0,"[[1, 2, 3]]","[[1, 2, 3]]"
00004-00000006.soc,soc,3,940,matriz,cerca_empate,b=0.05,0,0.9808510638659502,0.948841091326627,1,1,0.004708799999207258,1.0,0.0,"[[1, 2, 3]]","[[1, 2, 3]]"
00004-00000006.soc,soc,3,940,matriz,cerca_empate,b=0.1,0,0.9808510638659502,0.9469986684358114,1,1,0.0041698000859469175,1.0,0.0,"[[1, 2, 3]]","[[1, 2, 3]]"
00004-00000006.soc,soc,3,940,matriz,todos,b=0.01,0,0.9808510638659502,0.9367549573603935,1,1,0.003977800020948052,1.0,0.0,"[[1, 2, 3]]","[[1, 2, 3]]"
00004-00000006.soc,soc,3,940,matriz,todos,b=0.05,0,0.9808510638659502,0.7603705315709962,1,1,0.004369299975223839,1.0,0.0,"[[1, 2, 3]]","[[1, 2, 3]]"
00004-00000006.soc,soc,3,940,matriz,todos,b=0.1,0,0.9808510638659502,0.7363074793260697,1,1,0.0038792999694123864,1.0,0.0,"[[1, 2, 3]]","[[1, 2, 3]]"
00004-00000006.soc,soc,3,940,matriz,aleatoria,b=0.01,1,0.9808510638659502,1.0263697117769008,1,1,0.004276699968613684,1.0,0.0,"[[1, 2, 3]]","[[1, 2, 3]]"
00004-00000006.soc,soc,3,940,matriz,aleatoria,b=0.05,1,0.9808510638659502,0.889428037058245,1,2,0.0048250999534502625,0.0,0.13617021276595764,"[[1, 2, 3]]","[[2], [1, 3]]"
00004-00000006.soc,soc,3,940,matriz,aleatoria,b=0.1,1,0.9808510638659502,0.6618347975450192,1,2,0.004010100034065545,0.0,0.13617021276595764,"[[1, 2, 3]]","[[2], [1, 3]]"
00004-00000006.soc,soc,3,940,matriz,cerca_empate,b=0.01,1,0.9808510638659502,0.980372519156048,1,1,0.003936000051908195,1.0,0.0,"[[1, 2, 3]]","[[1, 2, 3]]"
00004-00000006.soc,soc,3,940,matriz,cerca_empate,b=0.05,1,0.9808510638659502,0.978458340200024,1,1,0.003854700014926493,1.0,0.0,"[[1, 2, 3]]","[[1, 2, 3]]"
00004-00000006.soc,soc,3,940,matriz,cerca_empate,b=0.1,1,0.9808510638659502,0.9760656165340977,1,1,0.004212100058794022,1.0,0.0,"[[1, 2, 3]]","[[1, 2, 3]]"
00004-00000006.soc,soc,3,940,matriz,todos,b=0.01,1,0.9808510638659502,0.9092607335075007,1,1,0.004195400048047304,1.0,0.0,"[[1, 2, 3]]","[[1, 2, 3]]"
00004-00000006.soc,soc,3,940,matriz,todos,b=0.05,1,0.9808510638659502,0.9874075296916185,1,1,0.003815299947746098,1.0,0.0,"[[1, 2, 3]]","[[1, 2, 3]]"
00004-00000006.soc,soc,3,940,matriz,todos,b=0.1,1,0.9808510638659502,1.0918363359789816,1,1,0.0038744000485166907,1.0,0.0,"[[1, 2, 3]]","[[1, 2, 3]]"
00004-00000006.soc,soc,3,940,matriz,aleatoria,b=0.01,2,0.9808510638659502,0.995636318548898,1,1,0.003886799910105765,1.0,0.0,"[[1, 2, 3]]","[[1, 2, 3]]"
00004-00000006.soc,soc,3,940,matriz,aleatoria,b=0.05,2,0.9808510638659502,1.0430950032549837,1,2,0.0039932000217959285,0.0,0.13617021276595764,"[[1, 2, 3]]","[[2], [1, 3]]"
00004-00000006.soc,soc,3,940,matriz,aleatoria,b=0.1,2,0.9808510638659502,0.9691687297497551,1,2,0.003983199945650995,0.0,0.13617021276595764,"[[1, 2, 3]]","[[2], [1, 3]]"
00004-00000006.soc,soc,3,940,matriz,cerca_empate,b=0.01,2,0.9808510638659502,0.9938059657688743,1,1,0.003937499946914613,1.0,0.0,"[[1, 2, 3]]","[[1, 2, 3]]"
00004-00000006.soc,soc,3,940,matriz,cerca_empate,b=0.05,2,0.9808510638659502,1.0456255733805704,1,1,0.003818799974396825,1.0,0.0,"[[1, 2, 3]]","[[1, 2, 3]]"
00004-00000006.soc,soc,3,940,matriz,cerca_empate,b=0.1,2,0.9808510638659502,1.1104000828951905,1,1,0.0037552000721916556,1.0,0.0,"[[1, 2, 3]]","[[1, 2, 3]]"
00004-00000006.soc,soc,3,940,matriz,todos,b=0.01,2,0.9808510638659502,1.0239248388493383,1,1,0.0038099000230431557,1.0,0.0,"[[1, 2, 3]]","[[1, 2, 3]]"
00004-00000006.soc,soc,3,940,matriz,todos,b=0.05,2,0.9808510638659502,1.0048259685359269,1,2,0.0035756001016125083,0.0,0.13617021276595764,"[[1, 2, 3]]","[[2], [1, 3]]"
00004-00000006.soc,soc,3,940,matriz,todos,b=0.1,2,0.9808510638659502,0.8926306606167982,1,2,0.0031783999875187874,0.0,0.13617021276595764,"[[1, 2, 3]]","[[2], [1, 3]]"
00004-00000006.soc,soc,3,940,matriz,aleatoria,b=0.01,3,0.9808510638659502,0.9957980204124555,1,1,0.003763900022022426,1.0,0.0,"[[1, 2, 3]]","[[1, 2, 3]]"
00004-00000006.soc,soc,3,940,matriz,aleatoria,b=0.05,3,0.9808510638659502,1.0422864938437186,1,2,0.0037480000173673034,0.0,0.13617021276595764,"[[1, 2, 3]]","[[2], [1, 3]]"
00004-00000006.soc,soc,3,940,matriz,aleatoria,b=0.1,3,0.9808510638659502,0.9675517111600556,1,2,0.0056522999657318,0.0,0.13617021276595764,"[[1, 2, 3]]","[[2], [1, 3]]"
00004-00000006.soc,soc,3,940,matriz,cerca_empate,b=0.01,3,0.9808510638659502,1.016138035821979,1,1,0.003872100031003356,1.0,0.0,"[[1, 2, 3]]","[[1, 2, 3]]"
00004-00000006.soc,soc,3,940,matriz,cerca_empate,b=0.05,3,0.9808510638659502,1.1572859236460928,1,1,0.003771900082938373,1.0,0.0,"[[1, 2, 3]]","[[1, 2, 3]]"
00004-00000006.soc,soc,3,940,matriz,cerca_empate,b=0.1,3,0.9808510638659502,1.3337207833098206,1,1,0.004017600091174245,1.0,0.0,"[[1, 2, 3]]","[[1, 2, 3]]"
00004-00000006.soc,soc,3,940,matriz,todos,b=0.01,3,0.9808510638659502,1.0495386613320823,1,1,0.003793100011534989,1.0,0.0,"[[1, 2, 3]]","[[1, 2, 3]]"
00004-00000006.soc,soc,3,940,matriz,todos,b=0.05,3,0.9808510638659502,0.9230528547746377,1,2,0.003684600000269711,0.0,0.13617021276595764,"[[1, 2, 3]]","[[2], [1, 3]]"
00004-00000006.soc,soc,3,940,matriz,todos,b=0.1,3,0.9808510638659502,0.7290844329749429,1,2,0.003143100067973137,0.0,0.13617021276595764,"[[1, 2, 3]]","[[2], [1, 3]]"
00004-00000006.soc,soc,3,940,matriz,aleatoria,b=0.01,4,0.9808510638659502,0.9808510638659502,1,1,0.0038332000840455294,1.0,0.0,"[[1, 2, 3]]","[[1, 2, 3]]"
00004-00000006.soc,soc,3,940,matriz,aleatoria,b=0.05,4,0.9808510638659502,0.9808510638659502,1,1,0.0037696000654250383,1.0,0.0,"[[1, 2, 3]]","[[1, 2, 3]]"
00004-00000006.soc,soc,3,940,matriz,aleatoria,b=0.1,4,0.9808510638659502,0.9808510638659502,1,1,0.00378539995290339,1.0,0.0,"[[1, 2, 3]]","[[1, 2, 3]]"
00004-00000006.soc,soc,3,940,matriz,cerca_empate,b=0.01,4,0.9808510638659502,0.937400231404336,1,1,0.0037860999582335353,1.0,0.0,"[[1, 2, 3]]","[[1, 2, 3]]"
00004-00000006.soc,soc,3,940,matriz,cerca_empate,b=0.05,4,0.9808510638659502,1.1002328857666868,1,1,0.004037500009872019,1.0,0.0,"[[1, 2, 3]]","[[1, 2, 3]]"
00004-00000006.soc,soc,3,940,matriz,cerca_empate,b=0.1,4,0.9808510638659502,1.3174870481291185,1,1,0.003909099963493645,1.0,0.0,"[[1, 2, 3]]","[[1, 2, 3]]"
00004-00000006.soc,soc,3,940,matriz,todos,b=0.01,4,0.9808510638659502,0.9978771294773926,1,1,0.0035053000319749117,1.0,0.0,"[[1, 2, 3]]","[[1, 2, 3]]"
00004-00000006.soc,soc,3,940,matriz,todos,b=0.05,4,0.9808510638659502,1.0273078133159403,1,2,0.0038523999974131584,0.0,0.13617021276595764,"[[1, 2, 3]]","[[2], [1, 3]]"
00004-00000006.soc,soc,3,940,matriz,todos,b=0.1,4,0.9808510638659502,0.9490741257974817,1,2,0.004233799991197884,0.0,0.13617021276595764,"[[1, 2, 3]]","[[2], [1, 3]]"
00004-00000007.soc,soc,3,1860,matriz,aleatoria,b=0.01,0,1.0483870967121054,1.0180523699212078,2,2,0.006875799968838692,0.9999999999999999,0.0,"[[3], [1, 2]]","[[3], [1, 2]]"
00004-00000007.soc,soc,3,1860,matriz,aleatoria,b=0.05,0,1.0483870967121054,0.8967134626075525,2,2,0.005393700092099607,0.9999999999999999,0.0,"[[3], [1, 2]]","[[3], [1, 2]]"
00004-00000007.soc,soc,3,1860,matriz,aleatoria,b=0.1,0,1.0483870967121054,0.7851611742414915,2,2,0.006863199989311397,0.9999999999999999,0.0,"[[3], [1, 2]]","[[3], [1, 2]]"
00004-00000007.soc,soc,3,1860,matriz,cerca_empate,b=0.01,0,1.0483870967121054,1.0547890912199702,2,2,0.004524899995885789,0.9999999999999999,0.0,"[[3], [1, 2]]","[[3], [1, 2]]"
00004-00000007.soc,soc,3,1860,matriz,cerca_empate,b=0.05,0,1.0483870967121054,1.0803970692514286,2,2,0.00455289997626096,0.9999999999999999,0.0,"[[3], [1, 2]]","[[3], [1, 2]]"
00004-00000007.soc,soc,3,1860,matriz,cerca_empate,b=0.1,0,1.0483870967121054,1.112407041790752,2,2,0.004715500050224364,0.9999999999999999,0.0,"[[3], [1, 2]]","[[3], [1, 2]]"
00004-00000007.soc,soc,3,1860,matriz,todos,b=0.01,0,1.0483870967121054,0.9924159233847942,2,2,0.0035871999571099877,0.9999999999999999,0.0,"[[3], [1, 2]]","[[3], [1, 2]]"
00004-00000007.soc,soc,3,1860,matriz,todos,b=0.05,0,1.0483870967121054,0.7685312293770568,2,2,0.0036696000024676323,0.9999999999999999,0.0,"[[3], [1, 2]]","[[3], [1, 2]]"
00004-00000007.soc,soc,3,1860,matriz,todos,b=0.1,0,1.0483870967121054,0.541699933780214,2,2,0.004130100016482174,0.9999999999999999,0.0,"[[3], [1, 2]]","[[3], [1, 2]]"
00004-00000007.soc,soc,3,1860,matriz,aleatoria,b=0.01,1,1.0483870967121054,1.0939057447078828,2,2,0.004323100089095533,0.9999999999999999,0.0,"[[3], [1, 2]]","[[3], [1, 2]]"
00004-00000007.soc,soc,3,1860,matriz,aleatoria,b=0.05,1,1.0483870967121054,1.0057400938008942,2,1,0.0037682000547647476,0.0,0.1849462365591399,"[[3], [1, 2]]","[[1, 2, 3]]"
00004-00000007.soc,soc,3,1860,matriz,aleatoria,b=0.1,1,1.0483870967121054,0.7781468542046148,2,1,0.0036236000014469028,0.0,0.1849462365591399,"[[3], [1, 2]]","[[1, 2, 3]]"
00004-00000007.soc,soc,3,1860,matriz,cerca_empate,b=0.01,1,1.0483870967121054,1.0488656414220077,2,2,0.0033846000442281365,0.9999999999999999,0.0,"[[3], [1, 2]]","[[3], [1, 2]]"
00004-00000007.soc,soc,3,1860,matriz,cerca_empate,b=0.05,1,1.0483870967121054,1.0507798203780316,2,2,0.0035022000083699822,0.9999999999999999,0.0,"[[3], [1, 2]]","[[3], [1, 2]]"
00004-00000007.soc,soc,3,1860,matriz,cerca_empate,b=0.1,1,1.0483870967121054,1.0531725439275426,2,2,0.0032396999886259437,0.9999999999999999,0.0,"[[3], [1, 2]]","[[3], [1, 2]]"
00004-00000007.soc,soc,3,1860,matriz,todos,b=0.01,1,1.0483870967121054,1.0702299474266375,2,2,0.003858799929730594,0.9999999999999999,0.0,"[[3], [1, 2]]","[[3], [1, 2]]"
00004-00000007.soc,soc,3,1860,matriz,todos,b=0.05,1,1.0483870967121054,1.1289045271551186,2,1,0.0046073999255895615,0.0,0.1849462365591399,"[[3], [1, 2]]","[[1, 2, 3]]"
00004-00000007.soc,soc,3,1860,matriz,todos,b=0.1,1,1.0483870967121054,1.024475720689746,2,1,0.003921600058674812,0.0,0.1849462365591399,"[[3], [1, 2]]","[[1, 2, 3]]"
00004-00000007.soc,soc,3,1860,matriz,aleatoria,b=0.01,2,1.0483870967121054,1.0425376380985472,2,2,0.0031798999989405274,0.9999999999999999,0.0,"[[3], [1, 2]]","[[3], [1, 2]]"
00004-00000007.soc,soc,3,1860,matriz,aleatoria,b=0.05,2,1.0483870967121054,1.0191398028294065,2,2,0.003310200059786439,0.9999999999999999,0.0,"[[3], [1, 2]]","[[3], [1, 2]]"
00004-00000007.soc,soc,3,1860,matriz,aleatoria,b=0.1,2,1.0483870967121054,0.989892509063123,2,2,0.003946400014683604,0.9999999999999999,0.0,"[[3], [1, 2]]","[[3], [1, 2]]"
00004-00000007.soc,soc,3,1860,matriz,cerca_empate,b=0.01,2,1.0483870967121054,1.0354321948091814,2,2,0.0034070999827235937,0.9999999999999999,0.0,"[[3], [1, 2]]","[[3], [1, 2]]"
00004-00000007.soc,soc,3,1860,matriz,cerca_empate,b=0.05,2,1.0483870967121054,0.9836125871974852,2,2,0.0031705000437796116,0.9999999999999999,0.0,"[[3], [1, 2]]","[[3], [1, 2]]"
00004-00000007.soc,soc,3,1860,matriz,cerca_empate,b=0.1,2,1.0483870967121054,0.9188380776828651,2,2,0.003113499958999455,0.9999999999999999,0.0,"[[3], [1, 2]]","[[3], [1, 2]]"
00004-00000007.soc,soc,3,1860,matriz,todos,b=0.01,2,1.0483870967121054,1.0449163545693585,2,2,0.003296599956229329,0.9999999999999999,0.0,"[[3], [1, 2]]","[[3], [1, 2]]"
00004-00000007.soc,soc,3,1860,matriz,todos,b=0.05,2,1.0483870967121054,1.031033385723925,2,2,0.004217199981212616,0.9999999999999999,0.0,"[[3], [1, 2]]","[[3], [1, 2]]"
00004-00000007.soc,soc,3,1860,matriz,todos,b=0.1,2,1.0483870967121054,1.0089427174358891,2,1,0.003908699960447848,0.0,0.1849462365591399,"[[3], [1, 2]]","[[1, 2, 3]]"
00004-00000007.soc,soc,3,1860,matriz,aleatoria,b=0.01,3,1.0483870967121054,1.033440140155828,2,2,0.0032194999512284994,0.9999999999999999,0.0,"[[3], [1, 2]]","[[3], [1, 2]]"
00004-00000007.soc,soc,3,1860,matriz,aleatoria,b=0.05,3,1.0483870967121054,0.9736523139307178,2,2,0.0033696999307721853,0.9999999999999999,0.0,"[[3], [1, 2]]","[[3], [1, 2]]"
00004-00000007.soc,soc,3,1860,matriz,aleatoria,b=0.1,3,1.0483870967121054,0.916136232078141,2,2,0.00441809999756515,0.9999999999999999,0.0,"[[3], [1, 2]]","[[3], [1, 2]]"
00004-00000007.soc,soc,3,1860,matriz,cerca_empate,b=0.01,3,1.0483870967121054,1.0131001247560767,2,2,0.003248299937695265,0.9999999999999999,0.0,"[[3], [1, 2]]","[[3], [1, 2]]"
00004-00000007.soc,soc,3,1860,matriz,cerca_empate,b=0.05,3,1.0483870967121054,0.9431015263780926,2,2,0.0031160999787971377,0.9999999999999999,0.0,"[[3], [1, 2]]","[[3], [1, 2]]"
00004-00000007.soc,soc,3,1860,matriz,cerca_empate,b=0.1,3,1.0483870967121054,1.1195363861430945,2,2,0.0030799000523984432,0.9999999999999999,0.0,"[[3], [1, 2]]","[[3], [1, 2]]"
00004-00000007.soc,soc,3,1860,matriz,todos,b=0.01,3,1.0483870967121054,1.0166068372551513,2,2,0.003765600034967065,0.9999999999999999,0.0,"[[3], [1, 2]]","[[3], [1, 2]]"
00004-00000007.soc,soc,3,1860,matriz,todos,b=0.05,3,1.0483870967121054,0.9606350885227627,2,2,0.0037148999981582165,0.9999999999999999,0.0,"[[3], [1, 2]]","[[3], [1, 2]]"
00004-00000007.soc,soc,3,1860,matriz,todos,b=0.1,3,1.0483870967121054,1.1546035102719567,2,2,0.003629299928434193,0.9999999999999999,0.0,"[[3], [1, 2]]","[[3], [1, 2]]"
00004-00000007.soc,soc,3,1860,matriz,aleatoria,b=0.01,4,1.0483870967121054,1.0483870967121054,2,2,0.003103499999269843,0.9999999999999999,0.0,"[[3], [1, 2]]","[[3], [1, 2]]"
00004-00000007.soc,soc,3,1860,matriz,aleatoria,b=0.05,4,1.0483870967121054,1.0483870967121054,2,2,0.004113900009542704,0.9999999999999999,0.0,"[[3], [1, 2]]","[[3], [1, 2]]"
00004-00000007.soc,soc,3,1860,matriz,aleatoria,b=0.1,4,1.0483870967121054,1.0483870967121054,2,2,0.0035167000023648143,0.9999999999999999,0.0,"[[3], [1, 2]]","[[3], [1, 2]]"
00004-00000007.soc,soc,3,1860,matriz,cerca_empate,b=0.01,4,1.0483870967121054,1.0918379291737192,2,2,0.0032364000799134374,0.9999999999999999,0.0,"[[3], [1, 2]]","[[3], [1, 2]]"
00004-00000007.soc,soc,3,1860,matriz,cerca_empate,b=0.05,4,1.0483870967121054,1.2656412591365909,2,2,0.0031156999757513404,0.9999999999999999,0.0,"[[3], [1, 2]]","[[3], [1, 2]]"
00004-00000007.soc,soc,3,1860,matriz,cerca_empate,b=0.1,4,1.0483870967121054,1.332158341887407,2,3,0.003727799979969859,0.816496580927726,0.7182795698924731,"[[3], [1, 2]]","[[3], [1], [2]]"
00004-00000007.soc,soc,3,1860,matriz,todos,b=0.01,4,1.0483870967121054,1.1532314543236293,2,2,0.0037897999864071608,0.9999999999999999,0.0,"[[3], [1, 2]]","[[3], [1, 2]]"
00004-00000007.soc,soc,3,1860,matriz,todos,b=0.05,4,1.0483870967121054,1.143619870226466,2,1,0.003783699939958751,0.0,0.1849462365591399,"[[3], [1, 2]]","[[1, 2, 3]]"
00004-00000007.soc,soc,3,1860,matriz,todos,b=0.1,4,1.0483870967121054,1.1672342949066568,2,1,0.00396330002695322,0.0,0.1849462365591399,"[[3], [1, 2]]","[[1, 2, 3]]"
00004-00000008.soc,soc,3,1045,matriz,aleatoria,b=0.01,0,0.6650717703223396,0.7348043233645686,1,1,0.0037083999486640096,1.0,0.0,"[[1, 2, 3]]","[[1, 2, 3]]"
00004-00000008.soc,soc,3,1045,matriz,aleatoria,b=0.05,0,0.6650717703223396,1.0137345357499663,1,1,0.005678000045008957,1.0,0.0,"[[1, 2, 3]]","[[1, 2, 3]]"
00004-00000008.soc,soc,3,1045,matriz,aleatoria,b=0.1,0,0.6650717703223396,1.0488058417380275,1,2,0.0050200000405311584,0.0,0.6870813397129191,"[[1, 2, 3]]","[[2, 3], [1]]"
00004-00000008.soc,soc,3,1045,matriz,cerca_empate,b=0.01,0,0.6650717703223396,0.6714737648254953,1,1,0.0037888999795541167,1.0,0.0,"[[1, 2, 3]]","[[1, 2, 3]]"
00004-00000008.soc,soc,3,1045,matriz,cerca_empate,b=0.05,0,0.6650717703223396,0.6970817428381176,1,1,0.004051800002343953,1.0,0.0,"[[1, 2, 3]]","[[1, 2, 3]]"
00004-00000008.soc,soc,3,1045,matriz,cerca_empate,b=0.1,0,0.6650717703223396,0.7290917153538957,1,1,0.0052924000192433596,1.0,0.0,"[[1, 2, 3]]","[[1, 2, 3]]"
00004-00000008.soc,soc,3,1045,matriz,todos,b=0.01,0,0.6650717703223396,0.7038180634372967,1,1,0.00396490003913641,1.0,0.0,"[[1, 2, 3]]","[[1, 2, 3]]"
00004-00000008.soc,soc,3,1045,matriz,todos,b=0.05,0,0.6650717703223396,0.9277027572752715,1,1,0.004204900003969669,1.0,0.0,"[[1, 2, 3]]","[[1, 2, 3]]"
00004-00000008.soc,soc,3,1045,matriz,todos,b=0.1,0,0.6650717703223396,1.2075586246018437,1,1,0.004379300051368773,1.0,0.0,"[[1, 2, 3]]","[[1, 2, 3]]"
00004-00000008.soc,soc,3,1045,matriz,aleatoria,b=0.01,1,0.6650717703223396,0.7105904182332902,1,1,0.0033150999806821346,1.0,0.0,"[[1, 2, 3]]","[[1, 2, 3]]"
00004-00000008.soc,soc,3,1045,matriz,aleatoria,b=0.05,1,0.6650717703223396,0.8926650098770922,1,1,0.0032636000541970134,1.0,0.0,"[[1, 2, 3]]","[[1, 2, 3]]"
00004-00000008.soc,soc,3,1045,matriz,aleatoria,b=0.1,1,0.6650717703223396,1.1202582494318452,1,1,0.004901000065729022,1.0,0.0,"[[1, 2, 3]]","[[1, 2, 3]]"
00004-00000008.soc,soc,3,1045,matriz,cerca_empate,b=0.01,1,0.6650717703223396,0.6655503150463625,1,1,0.003888100036419928,1.0,0.0,"[[1, 2, 3]]","[[1, 2, 3]]"
00004-00000008.soc,soc,3,1045,matriz,cerca_empate,b=0.05,1,0.6650717703223396,0.6674644939424542,1,1,0.0036874000215902925,1.0,0.0,"[[1, 2, 3]]","[[1, 2, 3]]"
00004-00000008.soc,soc,3,1045,matriz,cerca_empate,b=0.1,1,0.6650717703223396,0.6698572175625689,1,1,0.0036373999901115894,1.0,0.0,"[[1, 2, 3]]","[[1, 2, 3]]"
00004-00000008.soc,soc,3,1045,matriz,todos,b=0.01,1,0.6650717703223396,0.6260040392449829,1,1,0.004330400028266013,1.0,0.0,"[[1, 2, 3]]","[[1, 2, 3]]"
00004-00000008.soc,soc,3,1045,matriz,todos,b=0.05,1,0.6650717703223396,0.5386326364301164,1,1,0.003744599991478026,1.0,0.0,"[[1, 2, 3]]","[[1, 2, 3]]"
00004-00000008.soc,soc,3,1045,matriz,todos,b=0.1,1,0.6650717703223396,0.7206864760004215,1,1,0.0036346999695524573,1.0,0.0,"[[1, 2, 3]]","[[1, 2, 3]]"
00004-00000008.soc,soc,3,1045,matriz,aleatoria,b=0.01,2,0.6650717703223396,0.6798570250052872,1,1,0.003997600055299699,1.0,0.0,"[[1, 2, 3]]","[[1, 2, 3]]"
00004-00000008.soc,soc,3,1045,matriz,aleatoria,b=0.05,2,0.6650717703223396,0.7389980437370778,1,1,0.004630699986591935,1.0,0.0,"[[1, 2, 3]]","[[1, 2, 3]]"
00004-00000008.soc,soc,3,1045,matriz,aleatoria,b=0.1,2,0.6650717703223396,0.8129243171518158,1,1,0.003775999997742474,1.0,0.0,"[[1, 2, 3]]","[[1, 2, 3]]"
00004-00000008.soc,soc,3,1045,matriz,cerca_empate,b=0.01,2,0.6650717703223396,0.6608017918516232,1,1,0.0036625999491661787,1.0,0.0,"[[1, 2, 3]]","[[1, 2, 3]]"
00004-00000008.soc,soc,3,1045,matriz,cerca_empate,b=0.05,2,0.6650717703223396,0.7126213994633194,1,1,0.00438549998216331,1.0,0.0,"[[1, 2, 3]]","[[1, 2, 3]]"
00004-00000008.soc,soc,3,1045,matriz,cerca_empate,b=0.1,2,0.6650717703223396,0.7773959089779395,1,1,0.004072199924848974,1.0,0.0,"[[1, 2, 3]]","[[1, 2, 3]]"
00004-00000008.soc,soc,3,1045,matriz,todos,b=0.01,2,0.6650717703223396,0.7081455454221431,1,1,0.0037480000173673034,1.0,0.0,"[[1, 2, 3]]","[[1, 2, 3]]"
00004-00000008.soc,soc,3,1045,matriz,todos,b=0.05,2,0.6650717703223396,0.8804406455885271,1,1,0.00365090009290725,1.0,0.0,"[[1, 2, 3]]","[[1, 2, 3]]"
00004-00000008.soc,soc,3,1045,matriz,todos,b=0.1,2,0.6650717703223396,1.095809520854714,1,1,0.00437219999730587,1.0,0.0,"[[1, 2, 3]]","[[1, 2, 3]]"
00004-00000008.soc,soc,3,1045,matriz,aleatoria,b=0.01,3,0.6650717703223396,0.6800187268688447,1,1,0.003792000003159046,1.0,0.0,"[[1, 2, 3]]","[[1, 2, 3]]"
00004-00000008.soc,soc,3,1045,matriz,aleatoria,b=0.05,3,0.6650717703223396,0.7398065530548648,1,1,0.0036462999414652586,1.0,0.0,"[[1, 2, 3]]","[[1, 2, 3]]"
00004-00000008.soc,soc,3,1045,matriz,aleatoria,b=0.1,3,0.6650717703223396,0.8145413357873901,1,1,0.004168399958871305,1.0,0.0,"[[1, 2, 3]]","[[1, 2, 3]]"
00004-00000008.soc,soc,3,1045,matriz,cerca_empate,b=0.01,3,0.6650717703223396,0.6831338619047278,1,1,0.004666400025598705,1.0,0.0,"[[1, 2, 3]]","[[1, 2, 3]]"
00004-00000008.soc,soc,3,1045,matriz,cerca_empate,b=0.05,3,0.6650717703223396,0.8242817497288419,1,1,0.0037897999864071608,1.0,0.0,"[[1, 2, 3]]","[[1, 2, 3]]"
00004-00000008.soc,soc,3,1045,matriz,cerca_empate,b=0.1,3,0.6650717703223396,1.0007166095089848,1,1,0.003654700005427003,1.0,0.0,"[[1, 2, 3]]","[[1, 2, 3]]"
00004-00000008.soc,soc,3,1045,matriz,todos,b=0.01,3,0.6650717703223396,0.733759367788472,1,1,0.004434100002981722,1.0,0.0,"[[1, 2, 3]]","[[1, 2, 3]]"
00004-00000008.soc,soc,3,1045,matriz,todos,b=0.05,3,0.6650717703223396,1.0085097576529996,1,1,0.004635500023141503,1.0,0.0,"[[1, 2, 3]]","[[1, 2, 3]]"
00004-00000008.soc,soc,3,1045,matriz,todos,b=0.1,3,0.6650717703223396,1.034350514575862,1,2,0.00439429993275553,0.0,0.6870813397129191,"[[1, 2, 3]]","[[2, 3], [1]]"
00004-00000008.soc,soc,3,1045,matriz,aleatoria,b=0.01,4,0.6650717703223396,0.6650717703223396,1,1,0.0041609000181779265,1.0,0.0,"[[1, 2, 3]]","[[1, 2, 3]]"
00004-00000008.soc,soc,3,1045,matriz,aleatoria,b=0.05,4,0.6650717703223396,0.6650717703223396,1,1,0.004125299979932606,1.0,0.0,"[[1, 2, 3]]","[[1, 2, 3]]"
00004-00000008.soc,soc,3,1045,matriz,aleatoria,b=0.1,4,0.6650717703223396,0.6650717703223396,1,1,0.003690500045195222,1.0,0.0,"[[1, 2, 3]]","[[1, 2, 3]]"
00004-00000008.soc,soc,3,1045,matriz,cerca_empate,b=0.01,4,0.6650717703223396,0.7085226027948258,1,1,0.003781499923206866,1.0,0.0,"[[1, 2, 3]]","[[1, 2, 3]]"
00004-00000008.soc,soc,3,1045,matriz,cerca_empate,b=0.05,4,0.6650717703223396,0.8823259326847711,1,1,0.00426700001116842,1.0,0.0,"[[1, 2, 3]]","[[1, 2, 3]]"
00004-00000008.soc,soc,3,1045,matriz,cerca_empate,b=0.1,4,0.6650717703223396,1.099580095047203,1,1,0.003813900053501129,1.0,0.0,"[[1, 2, 3]]","[[1, 2, 3]]"
00004-00000008.soc,soc,3,1045,matriz,todos,b=0.01,4,0.6650717703223396,0.6820978359337821,1,1,0.003741999971680343,1.0,0.0,"[[1, 2, 3]]","[[1, 2, 3]]"
00004-00000008.soc,soc,3,1045,matriz,todos,b=0.05,4,0.6650717703223396,0.7502020984959672,1,1,0.003652699990198016,1.0,0.0,"[[1, 2, 3]]","[[1, 2, 3]]"
00004-00000008.soc,soc,3,1045,matriz,todos,b=0.1,4,0.6650717703223396,1.0249232386769442,1,1,0.005113899940624833,1.0,0.0,"[[1, 2, 3]]","[[1, 2, 3]]"
00004-00000009.soc,soc,3,595,matriz,aleatoria,b=0.01,0,0.7478991596241471,0.8176317128681831,2,2,0.004955700016580522,0.9999999999999999,0.0,"[[1, 3], [2]]","[[1, 3], [2]]"
00004-00000009.soc,soc,3,595,matriz,aleatoria,b=0.05,0,0.7478991596241471,1.096561925145834,2,2,0.004179300041869283,0.9999999999999999,0.0,"[[1, 3], [2]]","[[1, 3], [2]]"
00004-00000009.soc,soc,3,595,matriz,aleatoria,b=0.1,0,0.7478991596241471,1.3672409669878864,2,3,0.004632700001820922,0.816496580927726,0.9226890756302524,"[[1, 3], [2]]","[[3], [1], [2]]"
00004-00000009.soc,soc,3,595,matriz,cerca_empate,b=0.01,0,0.7478991596241471,0.7414971651162827,2,2,0.0038751999381929636,0.9999999999999999,0.0,"[[1, 3], [2]]","[[1, 3], [2]]"
00004-00000009.soc,soc,3,595,matriz,cerca_empate,b=0.05,0,0.7478991596241471,0.7158891870848239,2,2,0.004218699992634356,0.9999999999999999,0.0,"[[1, 3], [2]]","[[1, 3], [2]]"
00004-00000009.soc,soc,3,595,matriz,cerca_empate,b=0.1,0,0.7478991596241471,0.7346081803102169,2,2,0.004557900014333427,0.9999999999999999,0.0,"[[1, 3], [2]]","[[1, 3], [2]]"
00004-00000009.soc,soc,3,595,matriz,todos,b=0.01,0,0.7478991596241471,0.7038030533153511,2,2,0.0037604999961331487,0.9999999999999999,0.0,"[[1, 3], [2]]","[[1, 3], [2]]"
00004-00000009.soc,soc,3,595,matriz,todos,b=0.05,0,0.7478991596241471,0.5274186274980899,2,2,0.005392199964262545,0.9999999999999999,0.0,"[[1, 3], [2]]","[[1, 3], [2]]"
00004-00000009.soc,soc,3,595,matriz,todos,b=0.1,0,0.7478991596241471,0.4610560073096792,2,2,0.004772200016304851,0.9999999999999999,0.0,"[[1, 3], [2]]","[[1, 3], [2]]"
00004-00000009.soc,soc,3,595,matriz,aleatoria,b=0.01,1,0.7478991596241471,0.7934178076199245,2,2,0.0037257999647408724,0.9999999999999999,0.0,"[[1, 3], [2]]","[[1, 3], [2]]"
00004-00000009.soc,soc,3,595,matriz,aleatoria,b=0.05,1,0.7478991596241471,0.9754923992096178,2,2,0.00509230000898242,0.9999999999999999,0.0,"[[1, 3], [2]]","[[1, 3], [2]]"
00004-00000009.soc,soc,3,595,matriz,aleatoria,b=0.1,1,0.7478991596241471,0.87422528559002,2,1,0.004720499971881509,0.0,0.5815126050420165,"[[1, 3], [2]]","[[1, 2, 3]]"
00004-00000009.soc,soc,3,595,matriz,cerca_empate,b=0.01,1,0.7478991596241471,0.7474206149142448,2,2,0.0037718999665230513,0.9999999999999999,0.0,"[[1, 3], [2]]","[[1, 3], [2]]"
00004-00000009.soc,soc,3,595,matriz,cerca_empate,b=0.05,1,0.7478991596241471,0.7455064360746365,2,2,0.003947400022298098,0.9999999999999999,0.0,"[[1, 3], [2]]","[[1, 3], [2]]"
00004-00000009.soc,soc,3,595,matriz,cerca_empate,b=0.1,1,0.7478991596241471,0.7431137124087099,2,2,0.004160200012847781,0.9999999999999999,0.0,"[[1, 3], [2]]","[[1, 3], [2]]"
00004-00000009.soc,soc,3,595,matriz,todos,b=0.01,1,0.7478991596241471,0.6914739965356336,2,2,0.0037019000155851245,0.9999999999999999,0.0,"[[1, 3], [2]]","[[1, 3], [2]]"
00004-00000009.soc,soc,3,595,matriz,todos,b=0.05,1,0.7478991596241471,0.7750170415635247,2,2,0.003643799922429025,0.9999999999999999,0.0,"[[1, 3], [2]]","[[1, 3], [2]]"
00004-00000009.soc,soc,3,595,matriz,todos,b=0.1,1,0.7478991596241471,0.8794458478483884,2,2,0.004676999989897013,0.9999999999999999,0.0,"[[1, 3], [2]]","[[1, 3], [2]]"
00004-00000009.soc,soc,3,595,matriz,aleatoria,b=0.01,2,0.7478991596241471,0.7626844142311242,2,2,0.003942000097595155,0.9999999999999999,0.0,"[[1, 3], [2]]","[[1, 3], [2]]"
00004-00000009.soc,soc,3,595,matriz,aleatoria,b=0.05,2,0.7478991596241471,0.8218254330082786,2,2,0.0037314000073820353,0.9999999999999999,0.0,"[[1, 3], [2]]","[[1, 3], [2]]"
00004-00000009.soc,soc,3,595,matriz,aleatoria,b=0.1,2,0.7478991596241471,0.8957517063924101,2,2,0.0036731999134644866,0.9999999999999999,0.0,"[[1, 3], [2]]","[[1, 3], [2]]"
00004-00000009.soc,soc,3,595,matriz,cerca_empate,b=0.01,2,0.7478991596241471,0.7608540615270716,2,2,0.00447439996059984,0.9999999999999999,0.0,"[[1, 3], [2]]","[[1, 3], [2]]"
00004-00000009.soc,soc,3,595,matriz,cerca_empate,b=0.05,2,0.7478991596241471,0.8126736691387677,2,2,0.0037686999421566725,0.9999999999999999,0.0,"[[1, 3], [2]]","[[1, 3], [2]]"
00004-00000009.soc,soc,3,595,matriz,cerca_empate,b=0.1,2,0.7478991596241471,0.8774481786533874,2,2,0.003640600014477968,0.9999999999999999,0.0,"[[1, 3], [2]]","[[1, 3], [2]]"
00004-00000009.soc,soc,3,595,matriz,todos,b=0.01,2,0.7478991596241471,0.790972934741558,2,2,0.0037083999486640096,0.9999999999999999,0.0,"[[1, 3], [2]]","[[1, 3], [2]]"
00004-00000009.soc,soc,3,595,matriz,todos,b=0.05,2,0.7478991596241471,0.9632680349783714,2,2,0.005436899955384433,0.9999999999999999,0.0,"[[1, 3], [2]]","[[1, 3], [2]]"
00004-00000009.soc,soc,3,595,matriz,todos,b=0.1,2,0.7478991596241471,1.1050211488108284,2,1,0.004703099955804646,0.0,0.5815126050420165,"[[1, 3], [2]]","[[1, 2, 3]]"
00004-00000009.soc,soc,3,595,matriz,aleatoria,b=0.01,3,0.7478991596241471,0.7628461161608797,2,2,0.003687900025397539,0.9999999999999999,0.0,"[[1, 3], [2]]","[[1, 3], [2]]"
00004-00000009.soc,soc,3,595,matriz,aleatoria,b=0.05,3,0.7478991596241471,0.8226339423078102,2,2,0.004593000048771501,0.9999999999999999,0.0,"[[1, 3], [2]]","[[1, 3], [2]]"
00004-00000009.soc,soc,3,595,matriz,aleatoria,b=0.1,3,0.7478991596241471,0.8973687250739364,2,2,0.004324200097471476,0.9999999999999999,0.0,"[[1, 3], [2]]","[[1, 3], [2]]"
00004-00000009.soc,soc,3,595,matriz,cerca_empate,b=0.01,3,0.7478991596241471,0.7831861315801758,2,2,0.0036936000688001513,0.9999999999999999,0.0,"[[1, 3], [2]]","[[1, 3], [2]]"
00004-00000009.soc,soc,3,595,matriz,cerca_empate,b=0.05,3,0.7478991596241471,0.9243340194042902,2,2,0.004085900029167533,0.9999999999999999,0.0,"[[1, 3], [2]]","[[1, 3], [2]]"
00004-00000009.soc,soc,3,595,matriz,cerca_empate,b=0.1,3,0.7478991596241471,1.1007688791844332,2,2,0.004480200004763901,0.9999999999999999,0.0,"[[1, 3], [2]]","[[1, 3], [2]]"
00004-00000009.soc,soc,3,595,matriz,todos,b=0.01,3,0.7478991596241471,0.8165867571662044,2,2,0.0037672999314963818,0.9999999999999999,0.0,"[[1, 3], [2]]","[[1, 3], [2]]"
00004-00000009.soc,soc,3,595,matriz,todos,b=0.05,3,0.7478991596241471,1.0913371469850657,2,2,0.004173399996943772,0.9999999999999999,0.0,"[[1, 3], [2]]","[[1, 3], [2]]"
00004-00000009.soc,soc,3,595,matriz,todos,b=0.1,3,0.7478991596241471,0.9414749209583211,2,1,0.004342800006270409,0.0,0.5815126050420165,"[[1, 3], [2]]","[[1, 2, 3]]"
00004-00000009.soc,soc,3,595,matriz,aleatoria,b=0.01,4,0.7478991596241471,0.7478991596241471,2,2,0.0038200999842956662,0.9999999999999999,0.0,"[[1, 3], [2]]","[[1, 3], [2]]"
00004-00000009.soc,soc,3,595,matriz,aleatoria,b=0.05,4,0.7478991596241471,0.7478991596241471,2,2,0.0036871000193059444,0.9999999999999999,0.0,"[[1, 3], [2]]","[[1, 3], [2]]"
00004-00000009.soc,soc,3,595,matriz,aleatoria,b=0.1,4,0.7478991596241471,0.7478991596241471,2,2,0.0038102000253275037,0.9999999999999999,0.0,"[[1, 3], [2]]","[[1, 3], [2]]"
00004-00000009.soc,soc,3,595,matriz,cerca_empate,b=0.01,4,0.7478991596241471,0.7140390677511472,2,2,0.0045677999733015895,0.9999999999999999,0.0,"[[1, 3], [2]]","[[1, 3], [2]]"
00004-00000009.soc,soc,3,595,matriz,cerca_empate,b=0.05,4,0.7478991596241471,0.8878423976410925,2,2,0.0037399999564513564,0.9999999999999999,0.0,"[[1, 3], [2]]","[[1, 3], [2]]"
00004-00000009.soc,soc,3,595,matriz,cerca_empate,b=0.1,4,0.7478991596241471,1.105096560003524,2,2,0.0036497999681159854,0.9999999999999999,0.0,"[[1, 3], [2]]","[[1, 3], [2]]"
00004-00000009.soc,soc,3,595,matriz,todos,b=0.01,4,0.7478991596241471,0.7649252252210457,2,2,0.004307199968025088,0.9999999999999999,0.0,"[[1, 3], [2]]","[[1, 3], [2]]"
00004-00000009.soc,soc,3,595,matriz,todos,b=0.05,4,0.7478991596241471,0.8330294877741311,2,2,0.004484600038267672,0.9999999999999999,0.0,"[[1, 3], [2]]","[[1, 3], [2]]"
00004-00000009.soc,soc,3,595,matriz,todos,b=0.1,4,0.7478991596241471,0.9896429305112734,2,2,0.004125700099393725,0.9999999999999999,0.0,"[[1, 3], [2]]","[[1, 3], [2]]"
00004-00000010.soc,soc,3,1394,matriz,aleatoria,b=0.01,0,1.1865136298567118,1.116781076818317,2,2,0.004199499962851405,0.9999999999999999,0.0,"[[2, 3], [1]]","[[2, 3], [1]]"
00004-00000010.soc,soc,3,1394,matriz,aleatoria,b=0.05,0,1.1865136298567118,0.8378508644319071,2,2,0.005515799974091351,0.9999999999999999,0.0,"[[2, 3], [1]]","[[2, 3], [1]]"
00004-00000010.soc,soc,3,1394,matriz,aleatoria,b=0.1,0,1.1865136298567118,0.6466263637011676,2,2,0.004865199909545481,0.9999999999999999,0.0,"[[2, 3], [1]]","[[2, 3], [1]]"
00004-00000010.soc,soc,3,1394,matriz,cerca_empate,b=0.01,0,1.1865136298567118,1.1865136298567118,2,2,0.0045692999847233295,0.9999999999999999,0.0,"[[2, 3], [1]]","[[2, 3], [1]]"
00004-00000010.soc,soc,3,1394,matriz,cerca_empate,b=0.05,0,1.1865136298567118,1.1865136298567118,2,2,0.004572600009851158,0.9999999999999999,0.0,"[[2, 3], [1]]","[[2, 3], [1]]"
00004-00000010.soc,soc,3,1394,matriz,cerca_empate,b=0.1,0,1.1865136298567118,1.1865136298567118,2,2,0.005337100010365248,0.9999999999999999,0.0,"[[2, 3], [1]]","[[2, 3], [1]]"
00004-00000010.soc,soc,3,1394,matriz,todos,b=0.01,0,1.1865136298567118,1.230609736326794,2,2,0.004581299959681928,0.9999999999999999,0.0,"[[2, 3], [1]]","[[2, 3], [1]]"
00004-00000010.soc,soc,3,1394,matriz,todos,b=0.05,0,1.1865136298567118,1.1554068275096034,2,2,0.004832600010558963,0.49999999999999994,0.3127690100430418,"[[2, 3], [1]]","[[3], [1, 2]]"
00004-00000010.soc,soc,3,1394,matriz,todos,b=0.1,0,1.1865136298567118,0.8115310151194535,2,2,0.004008700023405254,0.49999999999999994,0.3127690100430418,"[[2, 3], [1]]","[[3], [1, 2]]"
00004-00000010.soc,soc,3,1394,matriz,aleatoria,b=0.01,1,1.1865136298567118,1.140994981914173,2,2,0.004297700012102723,0.9999999999999999,0.0,"[[2, 3], [1]]","[[2, 3], [1]]"
00004-00000010.soc,soc,3,1394,matriz,aleatoria,b=0.05,1,1.1865136298567118,0.9589203902604322,2,2,0.004410799941979349,0.9999999999999999,0.0,"[[2, 3], [1]]","[[2, 3], [1]]"
00004-00000010.soc,soc,3,1394,matriz,aleatoria,b=0.1,1,1.1865136298567118,1.0018148865470013,2,2,0.0046458999859169126,0.9999999999999999,0.0,"[[2, 3], [1]]","[[2, 3], [1]]"
00004-00000010.soc,soc,3,1394,matriz,cerca_empate,b=0.01,1,1.1865136298567118,1.1865136298567118,2,2,0.004200300085358322,0.9999999999999999,0.0,"[[2, 3], [1]]","[[2, 3], [1]]"
00004-00000010.soc,soc,3,1394,matriz,cerca_empate,b=0.05,1,1.1865136298567118,1.1865136298567118,2,2,0.004180900054052472,0.9999999999999999,0.0,"[[2, 3], [1]]","[[2, 3], [1]]"
00004-00000010.soc,soc,3,1394,matriz,cerca_empate,b=0.1,1,1.1865136298567118,1.1865136298567118,2,2,0.0051003999542444944,0.9999999999999999,0.0,"[[2, 3], [1]]","[[2, 3], [1]]"
00004-00000010.soc,soc,3,1394,matriz,todos,b=0.01,1,1.1865136298567118,1.2581039602051445,2,2,0.004587600007653236,0.9999999999999999,0.0,"[[2, 3], [1]]","[[2, 3], [1]]"
00004-00000010.soc,soc,3,1394,matriz,todos,b=0.05,1,1.1865136298567118,1.344157339035403,2,1,0.003704700036905706,0.0,0.266857962697274,"[[2, 3], [1]]","[[1, 2, 3]]"
00004-00000010.soc,soc,3,1394,matriz,todos,b=0.1,1,1.1865136298567118,1.2349430854594465,2,1,0.004781399969942868,0.0,0.266857962697274,"[[2, 3], [1]]","[[1, 2, 3]]"
00004-00000010.soc,soc,3,1394,matriz,aleatoria,b=0.01,2,1.1865136298567118,1.1717283751495449,2,2,0.004507799982093275,0.9999999999999999,0.0,"[[2, 3], [1]]","[[2, 3], [1]]"
00004-00000010.soc,soc,3,1394,matriz,aleatoria,b=0.05,2,1.1865136298567118,1.1125873564236324,2,2,0.003994200029410422,0.9999999999999999,0.0,"[[2, 3], [1]]","[[2, 3], [1]]"
00004-00000010.soc,soc,3,1394,matriz,aleatoria,b=0.1,2,1.1865136298567118,1.0386610830301368,2,2,0.0037509999237954617,0.9999999999999999,0.0,"[[2, 3], [1]]","[[2, 3], [1]]"
00004-00000010.soc,soc,3,1394,matriz,cerca_empate,b=0.01,2,1.1865136298567118,1.1865136298567118,2,2,0.005130999954417348,0.9999999999999999,0.0,"[[2, 3], [1]]","[[2, 3], [1]]"
00004-00000010.soc,soc,3,1394,matriz,cerca_empate,b=0.05,2,1.1865136298567118,1.1865136298567118,2,2,0.004637700039893389,0.9999999999999999,0.0,"[[2, 3], [1]]","[[2, 3], [1]]"
00004-00000010.soc,soc,3,1394,matriz,cerca_empate,b=0.1,2,1.1865136298567118,1.1865136298567118,2,2,0.004209200036711991,0.9999999999999999,0.0,"[[2, 3], [1]]","[[2, 3], [1]]"
00004-00000010.soc,soc,3,1394,matriz,todos,b=0.01,2,1.1865136298567118,1.143439854877546,2,2,0.006109599955379963,0.9999999999999999,0.0,"[[2, 3], [1]]","[[2, 3], [1]]"
00004-00000010.soc,soc,3,1394,matriz,todos,b=0.05,2,1.1865136298567118,0.9711447545696927,2,2,0.003932500025257468,0.9999999999999999,0.0,"[[2, 3], [1]]","[[2, 3], [1]]"
00004-00000010.soc,soc,3,1394,matriz,todos,b=0.1,2,1.1865136298567118,0.7557758793222584,2,2,0.0037057000445201993,0.9999999999999999,0.0,"[[2, 3], [1]]","[[2, 3], [1]]"
00004-00000010.soc,soc,3,1394,matriz,aleatoria,b=0.01,3,1.1865136298567118,1.1715666733102066,2,2,0.005807999987155199,0.9999999999999999,0.0,"[[2, 3], [1]]","[[2, 3], [1]]"
00004-00000010.soc,soc,3,1394,matriz,aleatoria,b=0.05,3,1.1865136298567118,1.111778847133464,2,2,0.0038500999798998237,0.9999999999999999,0.0,"[[2, 3], [1]]","[[2, 3], [1]]"
00004-00000010.soc,soc,3,1394,matriz,aleatoria,b=0.1,3,1.1865136298567118,1.037044064449801,2,2,0.0036656000884249806,0.9999999999999999,0.0,"[[2, 3], [1]]","[[2, 3], [1]]"
00004-00000010.soc,soc,3,1394,matriz,cerca_empate,b=0.01,3,1.1865136298567118,1.1865136298567118,2,2,0.00457520002964884,0.9999999999999999,0.0,"[[2, 3], [1]]","[[2, 3], [1]]"
00004-00000010.soc,soc,3,1394,matriz,cerca_empate,b=0.05,3,1.1865136298567118,1.1865136298567118,2,2,0.0051666999934241176,0.9999999999999999,0.0,"[[2, 3], [1]]","[[2, 3], [1]]"
00004-00000010.soc,soc,3,1394,matriz,cerca_empate,b=0.1,3,1.1865136298567118,1.1865136298567118,2,2,0.0042637999868020415,0.9999999999999999,0.0,"[[2, 3], [1]]","[[2, 3], [1]]"
00004-00000010.soc,soc,3,1394,matriz,todos,b=0.01,3,1.1865136298567118,1.1178260323361062,2,2,0.0036809000885114074,0.9999999999999999,0.0,"[[2, 3], [1]]","[[2, 3], [1]]"
00004-00000010.soc,soc,3,1394,matriz,todos,b=0.05,3,1.1865136298567118,0.8430756425284369,2,2,0.00401809997856617,0.9999999999999999,0.0,"[[2, 3], [1]]","[[2, 3], [1]]"
00004-00000010.soc,soc,3,1394,matriz,todos,b=0.1,3,1.1865136298567118,0.4996376552397468,2,2,0.0037269999738782644,0.9999999999999999,0.0,"[[2, 3], [1]]","[[2, 3], [1]]"
00004-00000010.soc,soc,3,1394,matriz,aleatoria,b=0.01,4,1.1865136298567118,1.1865136298567118,2,2,0.004203899996355176,0.9999999999999999,0.0,"[[2, 3], [1]]","[[2, 3], [1]]"
00004-00000010.soc,soc,3,1394,matriz,aleatoria,b=0.05,4,1.1865136298567118,1.1865136298567118,2,2,0.004490399966016412,0.9999999999999999,0.0,"[[2, 3], [1]]","[[2, 3], [1]]"
00004-00000010.soc,soc,3,1394,matriz,aleatoria,b=0.1,4,1.1865136298567118,1.1865136298567118,2,2,0.00449639989528805,0.9999999999999999,0.0,"[[2, 3], [1]]","[[2, 3], [1]]"
00004-00000010.soc,soc,3,1394,matriz,cerca_empate,b=0.01,4,1.1865136298567118,1.1865136298567118,2,2,0.004248599987477064,0.9999999999999999,0.0,"[[2, 3], [1]]","[[2, 3], [1]]"
00004-00000010.soc,soc,3,1394,matriz,cerca_empate,b=0.05,4,1.1865136298567118,1.1865136298567118,2,2,0.004289500066079199,0.9999999999999999,0.0,"[[2, 3], [1]]","[[2, 3], [1]]"
00004-00000010.soc,soc,3,1394,matriz,cerca_empate,b=0.1,4,1.1865136298567118,1.1865136298567118,2,2,0.004705799976363778,0.9999999999999999,0.0,"[[2, 3], [1]]","[[2, 3], [1]]"
00004-00000010.soc,soc,3,1394,matriz,todos,b=0.01,4,1.1865136298567118,1.1694875642225586,2,2,0.0043376999674364924,0.9999999999999999,0.0,"[[2, 3], [1]]","[[2, 3], [1]]"
00004-00000010.soc,soc,3,1394,matriz,todos,b=0.05,4,1.1865136298567118,0.9291498046651793,2,1,0.004282300011254847,0.0,0.266857962697274,"[[2, 3], [1]]","[[1, 2, 3]]"
00004-00000010.soc,soc,3,1394,matriz,todos,b=0.1,4,1.1865136298567118,0.9837470263656094,2,1,0.004446399980224669,0.0,0.266857962697274,"[[2, 3], [1]]","[[1, 2, 3]]"
00004-00000011.soc,soc,3,697,matriz,aleatoria,b=0.01,0,0.8421807747372325,0.9119133277794611,1,1,0.004718599957413971,1.0,0.0,"[[1, 2, 3]]","[[1, 2, 3]]"
00004-00000011.soc,soc,3,697,matriz,aleatoria,b=0.05,0,0.8421807747372325,1.190843540181207,1,1,0.004473599954508245,1.0,0.0,"[[1, 2, 3]]","[[1, 2, 3]]"
00004-00000011.soc,soc,3,697,matriz,aleatoria,b=0.1,0,0.8421807747372325,1.4140128464686958,1,2,0.0046057000290602446,0.0,0.8751793400286942,"[[1, 2, 3]]","[[2, 3], [1]]"
00004-00000011.soc,soc,3,697,matriz,cerca_empate,b=0.01,0,0.8421807747372325,0.8357787802293677,1,1,0.005413500010035932,1.0,0.0,"[[1, 2, 3]]","[[1, 2, 3]]"
00004-00000011.soc,soc,3,697,matriz,cerca_empate,b=0.05,0,0.8421807747372325,0.8101708021979093,1,1,0.004064499982632697,1.0,0.0,"[[1, 2, 3]]","[[1, 2, 3]]"
00004-00000011.soc,soc,3,697,matriz,cerca_empate,b=0.1,0,0.8421807747372325,0.7781608297750012,1,1,0.003692499944008887,1.0,0.0,"[[1, 2, 3]]","[[1, 2, 3]]"
00004-00000011.soc,soc,3,697,matriz,todos,b=0.01,0,0.8421807747372325,0.7980846683480909,1,1,0.0037034000270068645,1.0,0.0,"[[1, 2, 3]]","[[1, 2, 3]]"
00004-00000011.soc,soc,3,697,matriz,todos,b=0.05,0,0.8421807747372325,0.621700242442278,1,1,0.003822099999524653,1.0,0.0,"[[1, 2, 3]]","[[1, 2, 3]]"
00004-00000011.soc,soc,3,697,matriz,todos,b=0.1,0,0.8421807747372325,0.8423516199463439,1,1,0.0036909999325871468,1.0,0.0,"[[1, 2, 3]]","[[1, 2, 3]]"
00004-00000011.soc,soc,3,697,matriz,aleatoria,b=0.01,1,0.8421807747372325,0.8876994226481831,1,1,0.0036892000352963805,1.0,0.0,"[[1, 2, 3]]","[[1, 2, 3]]"
00004-00000011.soc,soc,3,697,matriz,aleatoria,b=0.05,1,0.8421807747372325,1.0697740142919852,1,1,0.0047055999748408794,1.0,0.0,"[[1, 2, 3]]","[[1, 2, 3]]"
00004-00000011.soc,soc,3,697,matriz,aleatoria,b=0.1,1,0.8421807747372325,0.9924462325005812,1,2,0.004434600006788969,0.0,0.6054519368723099,"[[1, 2, 3]]","[[2], [1, 3]]"
00004-00000011.soc,soc,3,697,matriz,cerca_empate,b=0.01,1,0.8421807747372325,0.8417022300273301,1,1,0.003714199992828071,1.0,0.0,"[[1, 2, 3]]","[[1, 2, 3]]"
00004-00000011.soc,soc,3,697,matriz,cerca_empate,b=0.05,1,0.8421807747372325,0.8397880510713058,1,1,0.003648199955932796,1.0,0.0,"[[1, 2, 3]]","[[1, 2, 3]]"
00004-00000011.soc,soc,3,697,matriz,cerca_empate,b=0.1,1,0.8421807747372325,0.8373953275217949,1,1,0.0038267000345513225,1.0,0.0,"[[1, 2, 3]]","[[1, 2, 3]]"
00004-00000011.soc,soc,3,697,matriz,todos,b=0.01,1,0.8421807747372325,0.7705904443787828,1,1,0.0036869000177830458,1.0,0.0,"[[1, 2, 3]]","[[1, 2, 3]]"
00004-00000011.soc,soc,3,697,matriz,todos,b=0.05,1,0.8421807747372325,0.6567960946661295,1,1,0.00376330001745373,1.0,0.0,"[[1, 2, 3]]","[[1, 2, 3]]"
00004-00000011.soc,soc,3,697,matriz,todos,b=0.1,1,0.8421807747372325,0.7612249009534926,1,1,0.0038419000338763,1.0,0.0,"[[1, 2, 3]]","[[1, 2, 3]]"
00004-00000011.soc,soc,3,697,matriz,aleatoria,b=0.01,2,0.8421807747372325,0.8569660294201802,1,1,0.004116800031624734,1.0,0.0,"[[1, 2, 3]]","[[1, 2, 3]]"
00004-00000011.soc,soc,3,697,matriz,aleatoria,b=0.05,2,0.8421807747372325,0.9161070481519706,1,1,0.003939900081604719,1.0,0.0,"[[1, 2, 3]]","[[1, 2, 3]]"
00004-00000011.soc,soc,3,697,matriz,aleatoria,b=0.1,2,0.8421807747372325,0.9900333215667088,1,1,0.004491399973630905,1.0,0.0,"[[1, 2, 3]]","[[1, 2, 3]]"
00004-00000011.soc,soc,3,697,matriz,cerca_empate,b=0.01,2,0.8421807747372325,0.8551356766401561,1,1,0.00414410000666976,1.0,0.0,"[[1, 2, 3]]","[[1, 2, 3]]"
00004-00000011.soc,soc,3,697,matriz,cerca_empate,b=0.05,2,0.8421807747372325,0.9069552842518522,1,1,0.003700000001117587,1.0,0.0,"[[1, 2, 3]]","[[1, 2, 3]]"
00004-00000011.soc,soc,3,697,matriz,cerca_empate,b=0.1,2,0.8421807747372325,0.9717297937664728,1,1,0.003636099980212748,1.0,0.0,"[[1, 2, 3]]","[[1, 2, 3]]"
00004-00000011.soc,soc,3,697,matriz,todos,b=0.01,2,0.8421807747372325,0.8852545498370358,1,1,0.0037370999343693256,1.0,0.0,"[[1, 2, 3]]","[[1, 2, 3]]"
00004-00000011.soc,soc,3,697,matriz,todos,b=0.05,2,0.8421807747372325,1.0575496500034194,1,1,0.003919299924746156,1.0,0.0,"[[1, 2, 3]]","[[1, 2, 3]]"
00004-00000011.soc,soc,3,697,matriz,todos,b=0.1,2,0.8421807747372325,1.2232420956565289,1,2,0.004257400054484606,0.0,0.6054519368723099,"[[1, 2, 3]]","[[2], [1, 3]]"
00004-00000011.soc,soc,3,697,matriz,aleatoria,b=0.01,3,0.8421807747372325,0.8571277312837375,1,1,0.003750900039449334,1.0,0.0,"[[1, 2, 3]]","[[1, 2, 3]]"
00004-00000011.soc,soc,3,697,matriz,aleatoria,b=0.05,3,0.8421807747372325,0.9169155574697578,1,1,0.0036611000541597605,1.0,0.0,"[[1, 2, 3]]","[[1, 2, 3]]"
00004-00000011.soc,soc,3,697,matriz,aleatoria,b=0.1,3,0.8421807747372325,0.9916503402022829,1,1,0.004980299971066415,1.0,0.0,"[[1, 2, 3]]","[[1, 2, 3]]"
00004-00000011.soc,soc,3,697,matriz,cerca_empate,b=0.01,3,0.8421807747372325,0.8774677466932608,1,1,0.00374700000975281,1.0,0.0,"[[1, 2, 3]]","[[1, 2, 3]]"
00004-00000011.soc,soc,3,697,matriz,cerca_empate,b=0.05,3,0.8421807747372325,1.0186156345173751,1,1,0.0036326999543234706,1.0,0.0,"[[1, 2, 3]]","[[1, 2, 3]]"
00004-00000011.soc,soc,3,697,matriz,cerca_empate,b=0.1,3,0.8421807747372325,1.1950504942975178,1,1,0.004177500028163195,1.0,0.0,"[[1, 2, 3]]","[[1, 2, 3]]"
00004-00000011.soc,soc,3,697,matriz,todos,b=0.01,3,0.8421807747372325,0.9108683722033641,1,1,0.003990900004282594,1.0,0.0,"[[1, 2, 3]]","[[1, 2, 3]]"
00004-00000011.soc,soc,3,697,matriz,todos,b=0.05,3,0.8421807747372325,1.1856187620678922,1,1,0.0043799999402835965,1.0,0.0,"[[1, 2, 3]]","[[1, 2, 3]]"
00004-00000011.soc,soc,3,697,matriz,todos,b=0.1,3,0.8421807747372325,1.059695867934358,1,2,0.004595399950630963,0.0,0.6054519368723099,"[[1, 2, 3]]","[[2], [1, 3]]"
00004-00000011.soc,soc,3,697,matriz,aleatoria,b=0.01,4,0.8421807747372325,0.8421807747372325,1,1,0.004350699950009584,1.0,0.0,"[[1, 2, 3]]","[[1, 2, 3]]"
00004-00000011.soc,soc,3,697,matriz,aleatoria,b=0.05,4,0.8421807747372325,0.8421807747372325,1,1,0.00377209996804595,1.0,0.0,"[[1, 2, 3]]","[[1, 2, 3]]"
00004-00000011.soc,soc,3,697,matriz,aleatoria,b=0.1,4,0.8421807747372325,0.8421807747372325,1,1,0.0038707000203430653,1.0,0.0,"[[1, 2, 3]]","[[1, 2, 3]]"
00004-00000011.soc,soc,3,697,matriz,cerca_empate,b=0.01,4,0.8421807747372325,0.7987299422756182,1,1,0.0040695000207051635,1.0,0.0,"[[1, 2, 3]]","[[1, 2, 3]]"
00004-00000011.soc,soc,3,697,matriz,cerca_empate,b=0.05,4,0.8421807747372325,0.7696214507411978,1,1,0.003736899932846427,1.0,0.0,"[[1, 2, 3]]","[[1, 2, 3]]"
00004-00000011.soc,soc,3,697,matriz,cerca_empate,b=0.1,4,0.8421807747372325,0.9868756131036296,1,1,0.0036643999628722668,1.0,0.0,"[[1, 2, 3]]","[[1, 2, 3]]"
00004-00000011.soc,soc,3,697,matriz,todos,b=0.01,4,0.8421807747372325,0.8592068403486747,1,1,0.003670700010843575,1.0,0.0,"[[1, 2, 3]]","[[1, 2, 3]]"
00004-00000011.soc,soc,3,697,matriz,todos,b=0.05,4,0.8421807747372325,0.9273111029108598,1,1,0.004407600034028292,1.0,0.0,"[[1, 2, 3]]","[[1, 2, 3]]"
00004-00000011.soc,soc,3,697,matriz,todos,b=0.1,4,0.8421807747372325,1.0464509067154157,1,1,0.004494299995712936,1.0,0.0,"[[1, 2, 3]]","[[1, 2, 3]]"
00004-00000012.soc,soc,3,529,matriz,aleatoria,b=0.01,0,0.9243856332210263,0.9547203601011498,1,1,0.004808800062164664,1.0,0.0,"[[1, 2, 3]]","[[1, 2, 3]]"
00004-00000012.soc,soc,3,529,matriz,aleatoria,b=0.05,0,0.9243856332210263,1.0760592675052267,1,1,0.003941499977372587,1.0,0.0,"[[1, 2, 3]]","[[1, 2, 3]]"
00004-00000012.soc,soc,3,529,matriz,aleatoria,b=0.1,0,0.9243856332210263,1.227732901556597,1,1,0.004602100001648068,1.0,0.0,"[[1, 2, 3]]","[[1, 2, 3]]"
00004-00000012.soc,soc,3,529,matriz,cerca_empate,b=0.01,0,0.9243856332210263,0.9243856332210263,1,1,0.0055333999916911125,1.0,0.0,"[[1, 2, 3]]","[[1, 2, 3]]"
00004-00000012.soc,soc,3,529,matriz,cerca_empate,b=0.05,0,0.9243856332210263,0.9243856332210263,1,1,0.0038820001063868403,1.0,0.0,"[[1, 2, 3]]","[[1, 2, 3]]"
00004-00000012.soc,soc,3,529,matriz,cerca_empate,b=0.1,0,0.9243856332210263,0.9243856332210263,1,1,0.0037804999155923724,1.0,0.0,"[[1, 2, 3]]","[[1, 2, 3]]"
00004-00000012.soc,soc,3,529,matriz,todos,b=0.01,0,0.9243856332210263,0.9931607956923222,1,1,0.0055593999568372965,1.0,0.0,"[[1, 2, 3]]","[[1, 2, 3]]"
00004-00000012.soc,soc,3,529,matriz,todos,b=0.05,0,0.9243856332210263,1.2532254180929543,1,2,0.00451450003311038,0.0,0.6086956521739131,"[[1, 2, 3]]","[[3], [1, 2]]"
00004-00000012.soc,soc,3,529,matriz,todos,b=0.1,0,0.9243856332210263,0.9733695508028529,1,2,0.0042016999796032906,0.0,0.6086956521739131,"[[1, 2, 3]]","[[3], [1, 2]]"
00004-00000012.soc,soc,3,529,matriz,aleatoria,b=0.01,1,0.9243856332210263,0.8788669853949028,1,1,0.004100200021639466,1.0,0.0,"[[1, 2, 3]]","[[1, 2, 3]]"
00004-00000012.soc,soc,3,529,matriz,aleatoria,b=0.05,1,0.9243856332210263,0.6967923937411619,1,1,0.004349800059571862,1.0,0.0,"[[1, 2, 3]]","[[1, 2, 3]]"
00004-00000012.soc,soc,3,529,matriz,aleatoria,b=0.1,1,0.9243856332210263,0.46919915414488234,1,1,0.0037469000089913607,1.0,0.0,"[[1, 2, 3]]","[[1, 2, 3]]"
00004-00000012.soc,soc,3,529,matriz,cerca_empate,b=0.01,1,0.9243856332210263,0.9243856332210263,1,1,0.003679900080896914,1.0,0.0,"[[1, 2, 3]]","[[1, 2, 3]]"
00004-00000012.soc,soc,3,529,matriz,cerca_empate,b=0.05,1,0.9243856332210263,0.9243856332210263,1,1,0.004124399973079562,1.0,0.0,"[[1, 2, 3]]","[[1, 2, 3]]"
00004-00000012.soc,soc,3,529,matriz,cerca_empate,b=0.1,1,0.9243856332210263,0.9243856332210263,1,1,0.003847199957817793,1.0,0.0,"[[1, 2, 3]]","[[1, 2, 3]]"
00004-00000012.soc,soc,3,529,matriz,todos,b=0.01,1,0.9243856332210263,0.9034998719512352,1,1,0.003705199924297631,1.0,0.0,"[[1, 2, 3]]","[[1, 2, 3]]"
00004-00000012.soc,soc,3,529,matriz,todos,b=0.05,1,0.9243856332210263,0.8199568269676946,1,1,0.0044646000023931265,1.0,0.0,"[[1, 2, 3]]","[[1, 2, 3]]"
00004-00000012.soc,soc,3,529,matriz,todos,b=0.1,1,0.9243856332210263,1.1752605812829264,1,1,0.004281700006686151,1.0,0.0,"[[1, 2, 3]]","[[1, 2, 3]]"
00004-00000012.soc,soc,3,529,matriz,aleatoria,b=0.01,2,0.9243856332210263,0.9096003786949388,1,1,0.0038577000377699733,1.0,0.0,"[[1, 2, 3]]","[[1, 2, 3]]"
00004-00000012.soc,soc,3,529,matriz,aleatoria,b=0.05,2,0.9243856332210263,0.8504593597756815,1,1,0.0041918999049812555,1.0,0.0,"[[1, 2, 3]]","[[1, 2, 3]]"
00004-00000012.soc,soc,3,529,matriz,aleatoria,b=0.1,2,0.9243856332210263,0.7765330864467517,1,1,0.0036799999652430415,1.0,0.0,"[[1, 2, 3]]","[[1, 2, 3]]"
00004-00000012.soc,soc,3,529,matriz,cerca_empate,b=0.01,2,0.9243856332210263,0.9243856332210263,1,1,0.003803999978117645,1.0,0.0,"[[1, 2, 3]]","[[1, 2, 3]]"
00004-00000012.soc,soc,3,529,matriz,cerca_empate,b=0.05,2,0.9243856332210263,0.9243856332210263,1,1,0.003700800007209182,1.0,0.0,"[[1, 2, 3]]","[[1, 2, 3]]"
00004-00000012.soc,soc,3,529,matriz,cerca_empate,b=0.1,2,0.9243856332210263,0.9243856332210263,1,1,0.0036280000349506736,1.0,0.0,"[[1, 2, 3]]","[[1, 2, 3]]"
00004-00000012.soc,soc,3,529,matriz,todos,b=0.01,2,0.9243856332210263,0.9019465715792827,1,1,0.0036992999957874417,1.0,0.0,"[[1, 2, 3]]","[[1, 2, 3]]"
00004-00000012.soc,soc,3,529,matriz,todos,b=0.05,2,0.9243856332210263,0.8121903253615558,1,1,0.0037212999304756522,1.0,0.0,"[[1, 2, 3]]","[[1, 2, 3]]"
00004-00000012.soc,soc,3,529,matriz,todos,b=0.1,2,0.9243856332210263,0.699995017269255,1,1,0.0038083000108599663,1.0,0.0,"[[1, 2, 3]]","[[1, 2, 3]]"
00004-00000012.soc,soc,3,529,matriz,aleatoria,b=0.01,3,0.9243856332210263,0.9094386766647489,1,1,0.004003099980764091,1.0,0.0,"[[1, 2, 3]]","[[1, 2, 3]]"
00004-00000012.soc,soc,3,529,matriz,aleatoria,b=0.05,3,0.9243856332210263,0.849650850556054,1,1,0.004302099929191172,1.0,0.0,"[[1, 2, 3]]","[[1, 2, 3]]"
00004-00000012.soc,soc,3,529,matriz,aleatoria,b=0.1,3,0.9243856332210263,0.7749160677746669,1,1,0.003833899972960353,1.0,0.0,"[[1, 2, 3]]","[[1, 2, 3]]"
00004-00000012.soc,soc,3,529,matriz,cerca_empate,b=0.01,3,0.9243856332210263,0.9243856332210263,1,1,0.003642600029706955,1.0,0.0,"[[1, 2, 3]]","[[1, 2, 3]]"
00004-00000012.soc,soc,3,529,matriz,cerca_empate,b=0.05,3,0.9243856332210263,0.9243856332210263,1,1,0.003661500057205558,1.0,0.0,"[[1, 2, 3]]","[[1, 2, 3]]"
00004-00000012.soc,soc,3,529,matriz,cerca_empate,b=0.1,3,0.9243856332210263,0.9243856332210263,1,1,0.003881899989210069,1.0,0.0,"[[1, 2, 3]]","[[1, 2, 3]]"
00004-00000012.soc,soc,3,529,matriz,todos,b=0.01,3,0.9243856332210263,0.885591948943374,1,1,0.003676299937069416,1.0,0.0,"[[1, 2, 3]]","[[1, 2, 3]]"
00004-00000012.soc,soc,3,529,matriz,todos,b=0.05,3,0.9243856332210263,0.7304172113671044,1,1,0.0037342000287026167,1.0,0.0,"[[1, 2, 3]]","[[1, 2, 3]]"
00004-00000012.soc,soc,3,529,matriz,todos,b=0.1,3,0.9243856332210263,0.7847213100191963,1,1,0.0037863999605178833,1.0,0.0,"[[1, 2, 3]]","[[1, 2, 3]]"
00004-00000012.soc,soc,3,529,matriz,aleatoria,b=0.01,4,0.9243856332210263,0.9243856332210263,1,1,0.0036608000518754125,1.0,0.0,"[[1, 2, 3]]","[[1, 2, 3]]"
00004-00000012.soc,soc,3,529,matriz,aleatoria,b=0.05,4,0.9243856332210263,0.9243856332210263,1,1,0.003612200031057,1.0,0.0,"[[1, 2, 3]]","[[1, 2, 3]]"
00004-00000012.soc,soc,3,529,matriz,aleatoria,b=0.1,4,0.9243856332210263,0.9243856332210263,1,1,0.0036904999287799,1.0,0.0,"[[1, 2, 3]]","[[1, 2, 3]]"
00004-00000012.soc,soc,3,529,matriz,cerca_empate,b=0.01,4,0.9243856332210263,0.9243856332210263,1,1,0.0038769999518990517,1.0,0.0,"[[1, 2, 3]]","[[1, 2, 3]]"
00004-00000012.soc,soc,3,529,matriz,cerca_empate,b=0.05,4,0.9243856332210263,0.9243856332210263,1,1,0.003717100014910102,1.0,0.0,"[[1, 2, 3]]","[[1, 2, 3]]"
00004-00000012.soc,soc,3,529,matriz,cerca_empate,b=0.1,4,0.9243856332210263,0.9243856332210263,1,1,0.0036598999286070466,1.0,0.0,"[[1, 2, 3]]","[[1, 2, 3]]"
00004-00000012.soc,soc,3,529,matriz,todos,b=0.01,4,0.9243856332210263,0.9064429405540823,1,1,0.0036856000078842044,1.0,0.0,"[[1, 2, 3]]","[[1, 2, 3]]"
00004-00000012.soc,soc,3,529,matriz,todos,b=0.05,4,0.9243856332210263,0.834672170119137,1,1,0.0037951000267639756,1.0,0.0,"[[1, 2, 3]]","[[1, 2, 3]]"
00004-00000012.soc,soc,3,529,matriz,todos,b=0.1,4,0.9243856332210263,1.0373869465180356,1,1,0.004239699919708073,1.0,0.0,"[[1, 2, 3]]","[[1, 2, 3]]"
00004-00000013.soc,soc,3,617,matriz,aleatoria,b=0.01,0,1.064829821734028,1.034495094826715,2,2,0.0038438999326899648,0.9999999999999999,0.0,"[[3], [1, 2]]","[[3], [1, 2]]"
00004-00000013.soc,soc,3,617,matriz,aleatoria,b=0.05,0,1.064829821734028,0.9131561874302943,2,2,0.003962200018577278,0.9999999999999999,0.0,"[[3], [1, 2]]","[[3], [1, 2]]"
00004-00000013.soc,soc,3,617,matriz,aleatoria,b=0.1,0,1.064829821734028,0.78856125437377,2,2,0.004669300047680736,0.9999999999999999,0.0,"[[3], [1, 2]]","[[3], [1, 2]]"
00004-00000013.soc,soc,3,617,matriz,cerca_empate,b=0.01,0,1.064829821734028,1.064829821734028,2,2,0.0052822999423369765,0.9999999999999999,0.0,"[[3], [1, 2]]","[[3], [1, 2]]"
00004-00000013.soc,soc,3,617,matriz,cerca_empate,b=0.05,0,1.064829821734028,1.064829821734028,2,2,0.0041120999958366156,0.9999999999999999,0.0,"[[3], [1, 2]]","[[3], [1, 2]]"
00004-00000013.soc,soc,3,617,matriz,cerca_empate,b=0.1,0,1.064829821734028,1.064829821734028,2,2,0.003688400029204786,0.9999999999999999,0.0,"[[3], [1, 2]]","[[3], [1, 2]]"
00004-00000013.soc,soc,3,617,matriz,todos,b=0.01,0,1.064829821734028,1.0088586481738862,2,2,0.0038497999776154757,0.9999999999999999,0.0,"[[3], [1, 2]]","[[3], [1, 2]]"
00004-00000013.soc,soc,3,617,matriz,todos,b=0.05,0,1.064829821734028,0.7849739543989793,2,2,0.004373299889266491,0.9999999999999999,0.0,"[[3], [1, 2]]","[[3], [1, 2]]"
00004-00000013.soc,soc,3,617,matriz,todos,b=0.1,0,1.064829821734028,0.6650979225658027,2,2,0.003831899957731366,0.9999999999999999,0.0,"[[3], [1, 2]]","[[3], [1, 2]]"
00004-00000013.soc,soc,3,617,matriz,aleatoria,b=0.01,1,1.064829821734028,1.11034846961339,2,2,0.003772500087507069,0.9999999999999999,0.0,"[[3], [1, 2]]","[[3], [1, 2]]"
00004-00000013.soc,soc,3,617,matriz,aleatoria,b=0.05,1,1.064829821734028,1.2100080569731735,2,1,0.004445899976417422,0.0,0.37277147487844386,"[[3], [1, 2]]","[[1, 2, 3]]"
00004-00000013.soc,soc,3,617,matriz,aleatoria,b=0.1,1,1.064829821734028,0.982414817493309,2,1,0.004425299935974181,0.0,0.37277147487844386,"[[3], [1, 2]]","[[1, 2, 3]]"
00004-00000013.soc,soc,3,617,matriz,cerca_empate,b=0.01,1,1.064829821734028,1.064829821734028,2,2,0.003726599970832467,0.9999999999999999,0.0,"[[3], [1, 2]]","[[3], [1, 2]]"
00004-00000013.soc,soc,3,617,matriz,cerca_empate,b=0.05,1,1.064829821734028,1.064829821734028,2,2,0.003638199996203184,0.9999999999999999,0.0,"[[3], [1, 2]]","[[3], [1, 2]]"
00004-00000013.soc,soc,3,617,matriz,cerca_empate,b=0.1,1,1.064829821734028,1.064829821734028,2,2,0.00397670001257211,0.9999999999999999,0.0,"[[3], [1, 2]]","[[3], [1, 2]]"
00004-00000013.soc,soc,3,617,matriz,todos,b=0.01,1,1.064829821734028,1.0866726723960278,2,2,0.004579799948260188,0.9999999999999999,0.0,"[[3], [1, 2]]","[[3], [1, 2]]"
00004-00000013.soc,soc,3,617,matriz,todos,b=0.05,1,1.064829821734028,1.174044075216102,2,2,0.00452050007879734,0.9999999999999999,0.0,"[[3], [1, 2]]","[[3], [1, 2]]"
00004-00000013.soc,soc,3,617,matriz,todos,b=0.1,1,1.064829821734028,0.8999800029290363,2,2,0.004184499965049326,0.49999999999999994,0.5510534846029174,"[[3], [1, 2]]","[[1, 3], [2]]"
00004-00000013.soc,soc,3,617,matriz,aleatoria,b=0.01,2,1.064829821734028,1.0589803630040544,2,2,0.00381649995688349,0.9999999999999999,0.0,"[[3], [1, 2]]","[[3], [1, 2]]"
00004-00000013.soc,soc,3,617,matriz,aleatoria,b=0.05,2,1.064829821734028,1.0355825279677444,2,2,0.0038091999012976885,0.9999999999999999,0.0,"[[3], [1, 2]]","[[3], [1, 2]]"
00004-00000013.soc,soc,3,617,matriz,aleatoria,b=0.1,2,1.064829821734028,1.0063352340850455,2,2,0.003971300087869167,0.9999999999999999,0.0,"[[3], [1, 2]]","[[3], [1, 2]]"
00004-00000013.soc,soc,3,617,matriz,cerca_empate,b=0.01,2,1.064829821734028,1.064829821734028,2,2,0.0040065000066533685,0.9999999999999999,0.0,"[[3], [1, 2]]","[[3], [1, 2]]"
00004-00000013.soc,soc,3,617,matriz,cerca_empate,b=0.05,2,1.064829821734028,1.064829821734028,2,2,0.0038379000034183264,0.9999999999999999,0.0,"[[3], [1, 2]]","[[3], [1, 2]]"
00004-00000013.soc,soc,3,617,matriz,cerca_empate,b=0.1,2,1.064829821734028,1.064829821734028,2,2,0.003643499920144677,0.9999999999999999,0.0,"[[3], [1, 2]]","[[3], [1, 2]]"
00004-00000013.soc,soc,3,617,matriz,todos,b=0.01,2,1.064829821734028,1.0613590794748657,2,2,0.003706099931150675,0.9999999999999999,0.0,"[[3], [1, 2]]","[[3], [1, 2]]"
00004-00000013.soc,soc,3,617,matriz,todos,b=0.05,2,1.064829821734028,1.0474761105546322,2,2,0.003782199928537011,0.9999999999999999,0.0,"[[3], [1, 2]]","[[3], [1, 2]]"
00004-00000013.soc,soc,3,617,matriz,todos,b=0.1,2,1.064829821734028,1.030122399539731,2,2,0.004199699964374304,0.9999999999999999,0.0,"[[3], [1, 2]]","[[3], [1, 2]]"
00004-00000013.soc,soc,3,617,matriz,aleatoria,b=0.01,3,1.064829821734028,1.0498828651777505,2,2,0.003653799998573959,0.9999999999999999,0.0,"[[3], [1, 2]]","[[3], [1, 2]]"
00004-00000013.soc,soc,3,617,matriz,aleatoria,b=0.05,3,1.064829821734028,0.9900950390690557,2,2,0.0036625999491661787,0.9999999999999999,0.0,"[[3], [1, 2]]","[[3], [1, 2]]"
00004-00000013.soc,soc,3,617,matriz,aleatoria,b=0.1,3,1.064829821734028,0.9153602562876686,2,2,0.004393300041556358,0.9999999999999999,0.0,"[[3], [1, 2]]","[[3], [1, 2]]"
00004-00000013.soc,soc,3,617,matriz,cerca_empate,b=0.01,3,1.064829821734028,1.064829821734028,2,2,0.003719200030900538,0.9999999999999999,0.0,"[[3], [1, 2]]","[[3], [1, 2]]"
00004-00000013.soc,soc,3,617,matriz,cerca_empate,b=0.05,3,1.064829821734028,1.064829821734028,2,2,0.003624500008299947,0.9999999999999999,0.0,"[[3], [1, 2]]","[[3], [1, 2]]"
00004-00000013.soc,soc,3,617,matriz,cerca_empate,b=0.1,3,1.064829821734028,1.064829821734028,2,2,0.0037167000118643045,0.9999999999999999,0.0,"[[3], [1, 2]]","[[3], [1, 2]]"
00004-00000013.soc,soc,3,617,matriz,todos,b=0.01,3,1.064829821734028,1.0330495621606586,2,2,0.0038104000268504024,0.9999999999999999,0.0,"[[3], [1, 2]]","[[3], [1, 2]]"
00004-00000013.soc,soc,3,617,matriz,todos,b=0.05,3,1.064829821734028,0.9059285238671819,2,2,0.003957799985073507,0.9999999999999999,0.0,"[[3], [1, 2]]","[[3], [1, 2]]"
00004-00000013.soc,soc,3,617,matriz,todos,b=0.1,3,1.064829821734028,0.9503355470613883,2,2,0.004205900011584163,0.9999999999999999,0.0,"[[3], [1, 2]]","[[3], [1, 2]]"
00004-00000013.soc,soc,3,617,matriz,aleatoria,b=0.01,4,1.064829821734028,1.064829821734028,2,2,0.004023200017400086,0.9999999999999999,0.0,"[[3], [1, 2]]","[[3], [1, 2]]"
00004-00000013.soc,soc,3,617,matriz,aleatoria,b=0.05,4,1.064829821734028,1.064829821734028,2,2,0.0040194999892264605,0.9999999999999999,0.0,"[[3], [1, 2]]","[[3], [1, 2]]"
00004-00000013.soc,soc,3,617,matriz,aleatoria,b=0.1,4,1.064829821734028,1.064829821734028,2,2,0.003667999990284443,0.9999999999999999,0.0,"[[3], [1, 2]]","[[3], [1, 2]]"
00004-00000013.soc,soc,3,617,matriz,cerca_empate,b=0.01,4,1.064829821734028,1.064829821734028,2,2,0.003758499980904162,0.9999999999999999,0.0,"[[3], [1, 2]]","[[3], [1, 2]]"
00004-00000013.soc,soc,3,617,matriz,cerca_empate,b=0.05,4,1.064829821734028,1.064829821734028,2,2,0.003683699993416667,0.9999999999999999,0.0,"[[3], [1, 2]]","[[3], [1, 2]]"
00004-00000013.soc,soc,3,617,matriz,cerca_empate,b=0.1,4,1.064829821734028,1.064829821734028,2,2,0.0036422000266611576,0.9999999999999999,0.0,"[[3], [1, 2]]","[[3], [1, 2]]"
00004-00000013.soc,soc,3,617,matriz,todos,b=0.01,4,1.064829821734028,1.1696741792978176,2,2,0.003678299952298403,0.9999999999999999,0.0,"[[3], [1, 2]]","[[3], [1, 2]]"
00004-00000013.soc,soc,3,617,matriz,todos,b=0.05,4,1.064829821734028,1.3478878333987447,2,1,0.004325199988670647,0.0,0.37277147487844386,"[[3], [1, 2]]","[[1, 2, 3]]"
00004-00000013.soc,soc,3,617,matriz,todos,b=0.1,4,1.064829821734028,1.2581743701116215,2,1,0.00426549999974668,0.0,0.37277147487844386,"[[3], [1, 2]]","[[1, 2, 3]]"
00004-00000014.soc,soc,3,379,matriz,aleatoria,b=0.01,0,0.9894459103163465,1.0197806371421017,2,2,0.003734000027179718,0.9999999999999999,0.0,"[[2], [1, 3]]","[[2], [1, 3]]"
00004-00000014.soc,soc,3,379,matriz,aleatoria,b=0.05,0,0.9894459103163465,0.7911789232166484,2,3,0.003646800061687827,0.816496580927726,0.150395778364116,"[[2], [1, 3]]","[[2], [3], [1]]"
00004-00000014.soc,soc,3,379,matriz,aleatoria,b=0.1,0,0.9894459103163465,0.4425161578692496,2,3,0.0036357999779284,0.816496580927726,0.150395778364116,"[[2], [1, 3]]","[[2], [3], [1]]"
00004-00000014.soc,soc,3,379,matriz,cerca_empate,b=0.01,0,0.9894459103163465,0.9894459103163465,2,2,0.004813299980014563,0.9999999999999999,0.0,"[[2], [1, 3]]","[[2], [1, 3]]"
00004-00000014.soc,soc,3,379,matriz,cerca_empate,b=0.05,0,0.9894459103163465,0.9894459103163465,2,2,0.005507500027306378,0.9999999999999999,0.0,"[[2], [1, 3]]","[[2], [1, 3]]"
00004-00000014.soc,soc,3,379,matriz,cerca_empate,b=0.1,0,0.9894459103163465,0.9894459103163465,2,2,0.003297499963082373,0.9999999999999999,0.0,"[[2], [1, 3]]","[[2], [1, 3]]"
00004-00000014.soc,soc,3,379,matriz,todos,b=0.01,0,0.9894459103163465,1.0582210727716888,2,2,0.0031793999951332808,0.9999999999999999,0.0,"[[2], [1, 3]]","[[2], [1, 3]]"
00004-00000014.soc,soc,3,379,matriz,todos,b=0.05,0,0.9894459103163465,1.026212734218214,2,2,0.003727799979969859,0.49999999999999994,0.3166226912928757,"[[2], [1, 3]]","[[2, 3], [1]]"
00004-00000014.soc,soc,3,379,matriz,todos,b=0.1,0,0.9894459103163465,0.7463568668168665,2,2,0.0034789000637829304,0.49999999999999994,0.3166226912928757,"[[2], [1, 3]]","[[2, 3], [1]]"
00004-00000014.soc,soc,3,379,matriz,aleatoria,b=0.01,1,0.9894459103163465,0.9439272624369844,2,2,0.0032488000579178333,0.9999999999999999,0.0,"[[2], [1, 3]]","[[2], [1, 3]]"
00004-00000014.soc,soc,3,379,matriz,aleatoria,b=0.05,1,0.9894459103163465,0.7618526708031207,2,2,0.0031394000397995114,0.9999999999999999,0.0,"[[2], [1, 3]]","[[2], [1, 3]]"
00004-00000014.soc,soc,3,379,matriz,aleatoria,b=0.1,1,0.9894459103163465,0.5725593668105214,2,2,0.0033677000319585204,0.9999999999999999,0.0,"[[2], [1, 3]]","[[2], [1, 3]]"
00004-00000014.soc,soc,3,379,matriz,cerca_empate,b=0.01,1,0.9894459103163465,0.9894459103163465,2,2,0.0041117999935522676,0.9999999999999999,0.0,"[[2], [1, 3]]","[[2], [1, 3]]"
00004-00000014.soc,soc,3,379,matriz,cerca_empate,b=0.05,1,0.9894459103163465,0.9894459103163465,2,2,0.003340299939736724,0.9999999999999999,0.0,"[[2], [1, 3]]","[[2], [1, 3]]"
00004-00000014.soc,soc,3,379,matriz,cerca_empate,b=0.1,1,0.9894459103163465,0.9894459103163465,2,2,0.0032918000360950828,0.9999999999999999,0.0,"[[2], [1, 3]]","[[2], [1, 3]]"
00004-00000014.soc,soc,3,379,matriz,todos,b=0.01,1,0.9894459103163465,0.9685601490475548,2,2,0.003416599938645959,0.9999999999999999,0.0,"[[2], [1, 3]]","[[2], [1, 3]]"
00004-00000014.soc,soc,3,379,matriz,todos,b=0.05,1,0.9894459103163465,0.8850171039538721,2,2,0.005252299946732819,0.9999999999999999,0.0,"[[2], [1, 3]]","[[2], [1, 3]]"
00004-00000014.soc,soc,3,379,matriz,todos,b=0.1,1,0.9894459103163465,0.8557449921466806,2,2,0.004467500024475157,0.9999999999999999,0.0,"[[2], [1, 3]]","[[2], [1, 3]]"
00004-00000014.soc,soc,3,379,matriz,aleatoria,b=0.01,2,0.9894459103163465,0.9746606557093694,2,2,0.004018699983134866,0.9999999999999999,0.0,"[[2], [1, 3]]","[[2], [1, 3]]"
00004-00000014.soc,soc,3,379,matriz,aleatoria,b=0.05,2,0.9894459103163465,0.915519636932215,2,2,0.0038344000931829214,0.9999999999999999,0.0,"[[2], [1, 3]]","[[2], [1, 3]]"
00004-00000014.soc,soc,3,379,matriz,aleatoria,b=0.1,2,0.9894459103163465,0.8415933635480836,2,2,0.0037716999650001526,0.9999999999999999,0.0,"[[2], [1, 3]]","[[2], [1, 3]]"
00004-00000014.soc,soc,3,379,matriz,cerca_empate,b=0.01,2,0.9894459103163465,0.9894459103163465,2,2,0.0036442000418901443,0.9999999999999999,0.0,"[[2], [1, 3]]","[[2], [1, 3]]"
00004-00000014.soc,soc,3,379,matriz,cerca_empate,b=0.05,2,0.9894459103163465,0.9894459103163465,2,2,0.003644699929282069,0.9999999999999999,0.0,"[[2], [1, 3]]","[[2], [1, 3]]"
00004-00000014.soc,soc,3,379,matriz,cerca_empate,b=0.1,2,0.9894459103163465,0.9894459103163465,2,2,0.0037945000221952796,0.9999999999999999,0.0,"[[2], [1, 3]]","[[2], [1, 3]]"
00004-00000014.soc,soc,3,379,matriz,todos,b=0.01,2,0.9894459103163465,0.9670068486393886,2,2,0.00367600005120039,0.9999999999999999,0.0,"[[2], [1, 3]]","[[2], [1, 3]]"
00004-00000014.soc,soc,3,379,matriz,todos,b=0.05,2,0.9894459103163465,0.8772506022808022,2,2,0.003656499902717769,0.9999999999999999,0.0,"[[2], [1, 3]]","[[2], [1, 3]]"
00004-00000014.soc,soc,3,379,matriz,todos,b=0.1,2,0.9894459103163465,0.7091039381921291,2,3,0.003604199970141053,0.816496580927726,0.150395778364116,"[[2], [1, 3]]","[[2], [3], [1]]"
00004-00000014.soc,soc,3,379,matriz,aleatoria,b=0.01,3,0.9894459103163465,0.9744989537796139,2,2,0.0044472001027315855,0.9999999999999999,0.0,"[[2], [1, 3]]","[[2], [1, 3]]"
00004-00000014.soc,soc,3,379,matriz,aleatoria,b=0.05,3,0.9894459103163465,0.9147111276326835,2,2,0.00376029999461025,0.9999999999999999,0.0,"[[2], [1, 3]]","[[2], [1, 3]]"
00004-00000014.soc,soc,3,379,matriz,aleatoria,b=0.1,3,0.9894459103163465,0.8416886543784424,2,2,0.0036277000326663256,0.9999999999999999,0.0,"[[2], [1, 3]]","[[2], [1, 3]]"
00004-00000014.soc,soc,3,379,matriz,cerca_empate,b=0.01,3,0.9894459103163465,0.9894459103163465,2,2,0.003703000023961067,0.9999999999999999,0.0,"[[2], [1, 3]]","[[2], [1, 3]]"
00004-00000014.soc,soc,3,379,matriz,cerca_empate,b=0.05,3,0.9894459103163465,0.9894459103163465,2,2,0.0043876999989151955,0.9999999999999999,0.0,"[[2], [1, 3]]","[[2], [1, 3]]"
00004-00000014.soc,soc,3,379,matriz,cerca_empate,b=0.1,3,0.9894459103163465,0.9894459103163465,2,2,0.00401809997856617,0.9999999999999999,0.0,"[[2], [1, 3]]","[[2], [1, 3]]"
00004-00000014.soc,soc,3,379,matriz,todos,b=0.01,3,0.9894459103163465,0.9506522258868442,2,2,0.0037217000499367714,0.9999999999999999,0.0,"[[2], [1, 3]]","[[2], [1, 3]]"
00004-00000014.soc,soc,3,379,matriz,todos,b=0.05,3,0.9894459103163465,0.8241550923300394,2,2,0.0038080000085756183,0.9999999999999999,0.0,"[[2], [1, 3]]","[[2], [1, 3]]"
00004-00000014.soc,soc,3,379,matriz,todos,b=0.1,3,0.9894459103163465,0.6580781777156517,2,3,0.0036822999827563763,0.816496580927726,0.150395778364116,"[[2], [1, 3]]","[[2], [3], [1]]"
00004-00000014.soc,soc,3,379,matriz,aleatoria,b=0.01,4,0.9894459103163465,0.9894459103163465,2,2,0.003710299963131547,0.9999999999999999,0.0,"[[2], [1, 3]]","[[2], [1, 3]]"
00004-00000014.soc,soc,3,379,matriz,aleatoria,b=0.05,4,0.9894459103163465,0.9894459103163465,2,2,0.0036852998891845345,0.9999999999999999,0.0,"[[2], [1, 3]]","[[2], [1, 3]]"
00004-00000014.soc,soc,3,379,matriz,aleatoria,b=0.1,4,0.9894459103163465,0.9894459103163465,2,2,0.003825700026936829,0.9999999999999999,0.0,"[[2], [1, 3]]","[[2], [1, 3]]"
00004-00000014.soc,soc,3,379,matriz,cerca_empate,b=0.01,4,0.9894459103163465,0.9894459103163465,2,2,0.0036939000710844994,0.9999999999999999,0.0,"[[2], [1, 3]]","[[2], [1, 3]]"
00004-00000014.soc,soc,3,379,matriz,cerca_empate,b=0.05,4,0.9894459103163465,0.9894459103163465,2,2,0.003625700017437339,0.9999999999999999,0.0,"[[2], [1, 3]]","[[2], [1, 3]]"
00004-00000014.soc,soc,3,379,matriz,cerca_empate,b=0.1,4,0.9894459103163465,0.9894459103163465,2,2,0.00365789991337806,0.9999999999999999,0.0,"[[2], [1, 3]]","[[2], [1, 3]]"
00004-00000014.soc,soc,3,379,matriz,todos,b=0.01,4,0.9894459103163465,0.9715032176784906,2,2,0.00434410001616925,0.9999999999999999,0.0,"[[2], [1, 3]]","[[2], [1, 3]]"
00004-00000014.soc,soc,3,379,matriz,todos,b=0.05,4,0.9894459103163465,0.8997324471270671,2,2,0.004042299930006266,0.9999999999999999,0.0,"[[2], [1, 3]]","[[2], [1, 3]]"
00004-00000014.soc,soc,3,379,matriz,todos,b=0.1,4,0.9894459103163465,1.0024845563293683,2,2,0.004265900002792478,0.9999999999999999,0.0,"[[2], [1, 3]]","[[2], [1, 3]]"
00004-00000015.soc,soc,3,1022,matriz,aleatoria,b=0.01,0,0.5440313111489035,0.5136965843580059,2,2,0.004012200050055981,0.9999999999999999,0.0,"[[3], [1, 2]]","[[3], [1, 2]]"
00004-00000015.soc,soc,3,1022,matriz,aleatoria,b=0.05,0,0.5440313111489035,0.3923576769615851,2,2,0.005539300036616623,0.9999999999999999,0.0,"[[3], [1, 2]]","[[3], [1, 2]]"
00004-00000015.soc,soc,3,1022,matriz,aleatoria,b=0.1,0,0.5440313111489035,0.4553061566279597,2,2,0.004457899951376021,0.9999999999999999,0.0,"[[3], [1, 2]]","[[3], [1, 2]]"
00004-00000015.soc,soc,3,1022,matriz,cerca_empate,b=0.01,0,0.5440313111489035,0.5504333056567683,2,2,0.004024999914690852,0.9999999999999999,0.0,"[[3], [1, 2]]","[[3], [1, 2]]"
00004-00000015.soc,soc,3,1022,matriz,cerca_empate,b=0.05,0,0.5440313111489035,0.5760412836882267,2,2,0.004052300006151199,0.9999999999999999,0.0,"[[3], [1, 2]]","[[3], [1, 2]]"
00004-00000015.soc,soc,3,1022,matriz,cerca_empate,b=0.1,0,0.5440313111489035,0.60805125622755,2,2,0.004175500012934208,0.9999999999999999,0.0,"[[3], [1, 2]]","[[3], [1, 2]]"
00004-00000015.soc,soc,3,1022,matriz,todos,b=0.01,0,0.5440313111489035,0.488060137705177,2,2,0.0037814000388607383,0.9999999999999999,0.0,"[[3], [1, 2]]","[[3], [1, 2]]"
00004-00000015.soc,soc,3,1022,matriz,todos,b=0.05,0,0.5440313111489035,0.33234755755094625,2,2,0.003766000038012862,0.9999999999999999,0.0,"[[3], [1, 2]]","[[3], [1, 2]]"
00004-00000015.soc,soc,3,1022,matriz,todos,b=0.1,0,0.5440313111489035,0.3026598899832562,2,2,0.003950600046664476,0.9999999999999999,0.0,"[[3], [1, 2]]","[[3], [1, 2]]"
00004-00000015.soc,soc,3,1022,matriz,aleatoria,b=0.01,1,0.5440313111489035,0.5895499590282656,2,2,0.004066699999384582,0.9999999999999999,0.0,"[[3], [1, 2]]","[[3], [1, 2]]"
00004-00000015.soc,soc,3,1022,matriz,aleatoria,b=0.05,1,0.5440313111489035,0.7716245506621293,2,2,0.003738699946552515,0.9999999999999999,0.0,"[[3], [1, 2]]","[[3], [1, 2]]"
00004-00000015.soc,soc,3,1022,matriz,aleatoria,b=0.1,1,0.5440313111489035,0.9992177902174015,2,2,0.004216899978928268,0.9999999999999999,0.0,"[[3], [1, 2]]","[[3], [1, 2]]"
00004-00000015.soc,soc,3,1022,matriz,cerca_empate,b=0.01,1,0.5440313111489035,0.5445098558588057,2,2,0.003993100021034479,0.9999999999999999,0.0,"[[3], [1, 2]]","[[3], [1, 2]]"
00004-00000015.soc,soc,3,1022,matriz,cerca_empate,b=0.05,1,0.5440313111489035,0.5464240348148297,2,2,0.003704400034621358,0.9999999999999999,0.0,"[[3], [1, 2]]","[[3], [1, 2]]"
00004-00000015.soc,soc,3,1022,matriz,cerca_empate,b=0.1,1,0.5440313111489035,0.5488167583643406,2,2,0.003639600006863475,0.9999999999999999,0.0,"[[3], [1, 2]]","[[3], [1, 2]]"
00004-00000015.soc,soc,3,1022,matriz,todos,b=0.01,1,0.5440313111489035,0.5658741618421033,2,2,0.0036857000086456537,0.9999999999999999,0.0,"[[3], [1, 2]]","[[3], [1, 2]]"
00004-00000015.soc,soc,3,1022,matriz,todos,b=0.05,1,0.5440313111489035,0.6532455647072581,2,2,0.005389199941419065,0.9999999999999999,0.0,"[[3], [1, 2]]","[[3], [1, 2]]"
00004-00000015.soc,soc,3,1022,matriz,todos,b=0.1,1,0.5440313111489035,0.8292011302714359,2,2,0.005177900078706443,0.9999999999999999,0.0,"[[3], [1, 2]]","[[3], [1, 2]]"
00004-00000015.soc,soc,3,1022,matriz,aleatoria,b=0.01,2,0.5440313111489035,0.5381818524189299,2,2,0.004072899930179119,0.9999999999999999,0.0,"[[3], [1, 2]]","[[3], [1, 2]]"
00004-00000015.soc,soc,3,1022,matriz,aleatoria,b=0.05,2,0.5440313111489035,0.5147840172662046,2,2,0.004072400042787194,0.9999999999999999,0.0,"[[3], [1, 2]]","[[3], [1, 2]]"
00004-00000015.soc,soc,3,1022,matriz,aleatoria,b=0.1,2,0.5440313111489035,0.5392419793131813,2,2,0.0036964999744668603,0.9999999999999999,0.0,"[[3], [1, 2]]","[[3], [1, 2]]"
00004-00000015.soc,soc,3,1022,matriz,cerca_empate,b=0.01,2,0.5440313111489035,0.5310764092459794,2,2,0.0036605000495910645,0.9999999999999999,0.0,"[[3], [1, 2]]","[[3], [1, 2]]"
00004-00000015.soc,soc,3,1022,matriz,cerca_empate,b=0.05,2,0.5440313111489035,0.4792568016342833,2,2,0.0037082000635564327,0.9999999999999999,0.0,"[[3], [1, 2]]","[[3], [1, 2]]"
00004-00000015.soc,soc,3,1022,matriz,cerca_empate,b=0.1,2,0.5440313111489035,0.5209384515270274,2,2,0.003850199980661273,0.9999999999999999,0.0,"[[3], [1, 2]]","[[3], [1, 2]]"
00004-00000015.soc,soc,3,1022,matriz,todos,b=0.01,2,0.5440313111489035,0.5405605690061566,2,2,0.0036924000596627593,0.9999999999999999,0.0,"[[3], [1, 2]]","[[3], [1, 2]]"
00004-00000015.soc,soc,3,1022,matriz,todos,b=0.05,2,0.5440313111489035,0.526677600085923,2,2,0.0036967999767512083,0.9999999999999999,0.0,"[[3], [1, 2]]","[[3], [1, 2]]"
00004-00000015.soc,soc,3,1022,matriz,todos,b=0.1,2,0.5440313111489035,0.6157800484303069,2,2,0.0038693000096827745,0.9999999999999999,0.0,"[[3], [1, 2]]","[[3], [1, 2]]"
00004-00000015.soc,soc,3,1022,matriz,aleatoria,b=0.01,3,0.5440313111489035,0.529084354592626,2,2,0.004507799982093275,0.9999999999999999,0.0,"[[3], [1, 2]]","[[3], [1, 2]]"
00004-00000015.soc,soc,3,1022,matriz,aleatoria,b=0.05,3,0.5440313111489035,0.4692965284839312,2,2,0.003729299991391599,0.9999999999999999,0.0,"[[3], [1, 2]]","[[3], [1, 2]]"
00004-00000015.soc,soc,3,1022,matriz,aleatoria,b=0.1,3,0.5440313111489035,0.5408589979581191,2,2,0.003659800044260919,0.9999999999999999,0.0,"[[3], [1, 2]]","[[3], [1, 2]]"
00004-00000015.soc,soc,3,1022,matriz,cerca_empate,b=0.01,3,0.5440313111489035,0.5087443391928748,2,2,0.003750500036403537,0.9999999999999999,0.0,"[[3], [1, 2]]","[[3], [1, 2]]"
00004-00000015.soc,soc,3,1022,matriz,cerca_empate,b=0.05,3,0.5440313111489035,0.5678242922580706,2,2,0.003615099936723709,0.9999999999999999,0.0,"[[3], [1, 2]]","[[3], [1, 2]]"
00004-00000015.soc,soc,3,1022,matriz,cerca_empate,b=0.1,3,0.5440313111489035,0.7442591520230726,2,2,0.003672800026834011,0.9999999999999999,0.0,"[[3], [1, 2]]","[[3], [1, 2]]"
00004-00000015.soc,soc,3,1022,matriz,todos,b=0.01,3,0.5440313111489035,0.5122510515755341,2,2,0.0036712000146508217,0.9999999999999999,0.0,"[[3], [1, 2]]","[[3], [1, 2]]"
00004-00000015.soc,soc,3,1022,matriz,todos,b=0.05,3,0.5440313111489035,0.5853578542877825,2,2,0.004383200081065297,0.9999999999999999,0.0,"[[3], [1, 2]]","[[3], [1, 2]]"
00004-00000015.soc,soc,3,1022,matriz,todos,b=0.1,3,0.5440313111489035,0.7793262760824964,2,2,0.0037616000045090914,0.9999999999999999,0.0,"[[3], [1, 2]]","[[3], [1, 2]]"
00004-00000015.soc,soc,3,1022,matriz,aleatoria,b=0.01,4,0.5440313111489035,0.5440313111489035,2,2,0.0036636999575421214,0.9999999999999999,0.0,"[[3], [1, 2]]","[[3], [1, 2]]"
00004-00000015.soc,soc,3,1022,matriz,aleatoria,b=0.05,4,0.5440313111489035,0.5440313111489035,2,2,0.003935000044293702,0.9999999999999999,0.0,"[[3], [1, 2]]","[[3], [1, 2]]"
00004-00000015.soc,soc,3,1022,matriz,aleatoria,b=0.1,4,0.5440313111489035,0.5440313111489035,2,2,0.004028599942103028,0.9999999999999999,0.0,"[[3], [1, 2]]","[[3], [1, 2]]"
00004-00000015.soc,soc,3,1022,matriz,cerca_empate,b=0.01,4,0.5440313111489035,0.5874821436105173,2,2,0.00367569993250072,0.9999999999999999,0.0,"[[3], [1, 2]]","[[3], [1, 2]]"
00004-00000015.soc,soc,3,1022,matriz,cerca_empate,b=0.05,4,0.5440313111489035,0.7612854735733885,2,2,0.003691399935632944,0.9999999999999999,0.0,"[[3], [1, 2]]","[[3], [1, 2]]"
00004-00000015.soc,soc,3,1022,matriz,cerca_empate,b=0.1,4,0.5440313111489035,0.9568811077624559,2,3,0.0037811000365763903,0.816496580927726,0.847358121330724,"[[3], [1, 2]]","[[3], [1], [2]]"
00004-00000015.soc,soc,3,1022,matriz,todos,b=0.01,4,0.5440313111489035,0.6488756687126931,2,2,0.003832199960015714,0.9999999999999999,0.0,"[[3], [1, 2]]","[[3], [1, 2]]"
00004-00000015.soc,soc,3,1022,matriz,todos,b=0.05,4,0.5440313111489035,1.0682530992006827,2,2,0.0037693000631406903,0.9999999999999999,0.0,"[[3], [1, 2]]","[[3], [1, 2]]"
00004-00000015.soc,soc,3,1022,matriz,todos,b=0.1,4,0.5440313111489035,1.4291836410781211,2,1,0.004402299993671477,0.0,1.0645792563600787,"[[3], [1, 2]]","[[1, 2, 3]]"
